{
    "matrix_probe_in_cam_coord": [
        [
            0.47704519882210467,
            -0.48254752408611995,
            -0.7345582109534505,
            0.8909270235245327
        ],
        [
            0.6869867710397246,
            -0.31654940782934265,
            0.6540991123822941,
            0.45582592061811766
        ],
        [
            -0.5481578738805011,
            -0.8166666145994015,
            0.1804953902501689,
            -10.208817118995675
        ],
        [
            0.0,
            0.0,
            0.0,
            1.0
        ]
    ],
    "matrix_probe_in_world_coord": [
        [
            -0.8789934809356362,
            0.27211744935920995,
            0.39156424022999214,
            0.0
        ],
        [
            -0.4764116852054794,
            -0.4666315808172924,
            -0.745175733625049,
            0.0
        ],
        [
            -0.020059079548383128,
            -0.8415503915620218,
            0.5398060501601283,
            8.19051456451416
        ],
        [
            0.0,
            0.0,
            0.0,
            1.0
        ]
    ],
    "intrinsic_matrix_camera": [
        [
            1.3888888888888888,
            0.0,
            -0.5
        ],
        [
            0.0,
            -1.3888888888888888,
            -0.5
        ],
        [
            0.0,
            0.0,
            -1.0
        ]
    ],
    "extrinsic_matrix_camera": [
        [
            -0.8382559491018817,
            -0.4338736887125445,
            0.33027350187121246,
            4.31629753112793
        ],
        [
            0.5452769606312958,
            -0.6669953606556915,
            0.5077304649796783,
            5.001559257507324
        ],
        [
            3.7831391437055124e-09,
            0.6056986140868692,
            0.7956941553720538,
            16.037517547607422
        ],
        [
            0.0,
            0.0,
            0.0,
            1.0
        ]
    ]
}