{
    "matrix_probe_in_cam_coord": [
        [
            0.5845302559573622,
            -0.1110825391838532,
            -0.8037319511870161,
            0.36206918772016033
        ],
        [
            0.6295774203697027,
            0.6869604946719128,
            0.3629291260297957,
            -0.7826721158997572
        ],
        [
            0.5118170099078879,
            -0.7181545434296076,
            0.4714842522506561,
            -11.083248474241937
        ],
        [
            0.0,
            0.0,
            0.0,
            1.0
        ]
    ],
    "matrix_probe_in_world_coord": [
        [
            0.3601426012112952,
            -0.927878608403928,
            -0.09663640545442542,
            0.0
        ],
        [
            0.48205060854733967,
            0.2737798345012262,
            -0.8322690748908197,
            0.0
        ],
        [
            0.7987017701194242,
            0.2531519114817648,
            0.5458842295956416,
            13.433002471923828
        ],
        [
            0.0,
            0.0,
            0.0,
            1.0
        ]
    ],
    "intrinsic_matrix_camera": [
        [
            1.3888888888888888,
            0.0,
            -0.5
        ],
        [
            0.0,
            -1.3888888888888888,
            -0.5
        ],
        [
            0.0,
            0.0,
            -1.0
        ]
    ],
    "extrinsic_matrix_camera": [
        [
            0.3912551254546622,
            -0.4457504641630424,
            0.805124804302966,
            8.432860374450684
        ],
        [
            0.920282253879459,
            0.18950942118528452,
            -0.3422962934017281,
            -3.9786369800567627
        ],
        [
            -3.980261291831453e-09,
            0.8748672487757505,
            0.4843627741884685,
            19.48604965209961
        ],
        [
            0.0,
            0.0,
            0.0,
            1.0
        ]
    ]
}