{
    "matrix_probe_in_cam_coord": [
        [
            0.7703838252835978,
            0.15419702817556902,
            0.6186534072024774,
            -0.9187983159909288
        ],
        [
            -0.6375035773899905,
            0.17123077495376735,
            0.751178547699345,
            -0.07046049044635971
        ],
        [
            0.009896997341410042,
            -0.9730895633036845,
            0.23021457649998853,
            -10.812221535342529
        ],
        [
            0.0,
            0.0,
            0.0,
            1.0
        ]
    ],
    "matrix_probe_in_world_coord": [
        [
            -0.22555469781131385,
            0.9537458914614362,
            0.1987306036212777,
            0.0
        ],
        [
            -0.7957870526107954,
            -0.06269340351022705,
            -0.6023225913522814,
            0.0
        ],
        [
            -0.5620035989139841,
            -0.29400393139673214,
            0.7731194235892638,
            15.30362606048584
        ],
        [
            0.0,
            0.0,
            0.0,
            1.0
        ]
    ],
    "intrinsic_matrix_camera": [
        [
            1.3888888888888888,
            0.0,
            -0.5
        ],
        [
            0.0,
            -1.3888888888888888,
            -0.5
        ],
        [
            0.0,
            0.0,
            -1.0
        ]
    ],
    "extrinsic_matrix_camera": [
        [
            0.09624645623315474,
            0.45638474106738974,
            -0.8845618055192135,
            -9.443490028381348
        ],
        [
            -0.9953575335840669,
            0.0441302433939605,
            -0.08553304598477018,
            -1.8362256288528442
        ],
        [
            -4.926990044079754e-08,
            0.8886875096111351,
            0.45851336977361534,
            20.32379150390625
        ],
        [
            0.0,
            0.0,
            0.0,
            1.0
        ]
    ]
}