{
    "matrix_probe_in_cam_coord": [
        [
            -0.4629492081261557,
            -0.661258627934119,
            0.5902669376460553,
            0.07173418736958047
        ],
        [
            0.6865070362379971,
            0.15375726958929903,
            0.7106805127792415,
            -0.18047441660535135
        ],
        [
            -0.5607014534412118,
            0.734231386574512,
            0.3827768946498506,
            -8.73114516064997
        ],
        [
            0.0,
            0.0,
            0.0,
            1.0
        ]
    ],
    "matrix_probe_in_world_coord": [
        [
            0.6539697421129848,
            0.3274593279687861,
            -0.6819779797962009,
            0.0
        ],
        [
            -0.36097922250077324,
            0.9272938649378847,
            0.09909636204875322,
            0.0
        ],
        [
            0.664844024808386,
            0.18137385857612257,
            0.7246281433271794,
            10.355524063110352
        ],
        [
            0.0,
            0.0,
            0.0,
            1.0
        ]
    ],
    "intrinsic_matrix_camera": [
        [
            1.3888888888888888,
            0.0,
            -0.5
        ],
        [
            0.0,
            -1.3888888888888888,
            -0.5
        ],
        [
            0.0,
            0.0,
            -1.0
        ]
    ],
    "extrinsic_matrix_camera": [
        [
            -0.9218391338428873,
            0.014635621231624483,
            -0.3872962818140133,
            -3.3127713203430176
        ],
        [
            -0.38757271745544103,
            -0.03481075000737966,
            0.921181632669762,
            8.06449031829834
        ],
        [
            -8.583731225352836e-09,
            0.9992867507753157,
            0.037762279127613416,
            10.865577697753906
        ],
        [
            0.0,
            0.0,
            0.0,
            1.0
        ]
    ]
}