{
    "matrix_probe_in_cam_coord": [
        [
            0.6739861995271389,
            -0.4886201183705737,
            -0.5540694746784834,
            -1.2282134180180464
        ],
        [
            0.6640608491761919,
            0.7293352848633113,
            0.16460021520261653,
            -0.376275147937041
        ],
        [
            0.3236754415125726,
            -0.47887411934336077,
            0.8160354075558008,
            -13.110454020820494
        ],
        [
            0.0,
            0.0,
            0.0,
            1.0
        ]
    ],
    "matrix_probe_in_world_coord": [
        [
            -0.7819886602197823,
            -0.44809638619403325,
            0.4332474627363878,
            0.0
        ],
        [
            0.29333459256490396,
            -0.8778832100026218,
            -0.3785180133101655,
            0.0
        ],
        [
            0.5499532271861416,
            -0.16891032613591328,
            0.8179368860934246,
            16.30567169189453
        ],
        [
            0.0,
            0.0,
            0.0,
            1.0
        ]
    ],
    "intrinsic_matrix_camera": [
        [
            1.3888888888888888,
            0.0,
            -0.5
        ],
        [
            0.0,
            -1.3888888888888888,
            -0.5
        ],
        [
            0.0,
            0.0,
            -1.0
        ]
    ],
    "extrinsic_matrix_camera": [
        [
            -0.5481498499954315,
            -0.7747879336203497,
            0.31501650729175196,
            3.1652309894561768
        ],
        [
            0.8363801420107879,
            -0.5077833288614978,
            0.20645665157691107,
            3.5429275035858154
        ],
        [
            8.261476677869046e-09,
            0.37664273369686074,
            0.9263585974952441,
            28.592374801635742
        ],
        [
            0.0,
            0.0,
            0.0,
            1.0
        ]
    ]
}