{
    "matrix_probe_in_cam_coord": [
        [
            0.8903932975039763,
            -0.24760565335651893,
            -0.3819570868381513,
            0.46888118872478757
        ],
        [
            0.4193408004223581,
            0.1197790558164299,
            0.8998923662799129,
            -1.328283350090011
        ],
        [
            -0.17706797807941374,
            -0.9614283219323302,
            0.2104816213479274,
            -13.131961144457607
        ],
        [
            0.0,
            0.0,
            0.0,
            1.0
        ]
    ],
    "matrix_probe_in_world_coord": [
        [
            0.9258527603393811,
            -0.19885096771228744,
            -0.3213330963530455,
            0.0
        ],
        [
            0.37551191922588967,
            0.5792832857791521,
            0.7234788686175972,
            0.0
        ],
        [
            0.04227841874098098,
            -0.7904993152791446,
            0.6110019376826609,
            11.236480712890625
        ],
        [
            0.0,
            0.0,
            0.0,
            1.0
        ]
    ],
    "intrinsic_matrix_camera": [
        [
            1.3888888888888888,
            0.0,
            -0.5
        ],
        [
            0.0,
            -1.3888888888888888,
            -0.5
        ],
        [
            0.0,
            0.0,
            -1.0
        ]
    ],
    "extrinsic_matrix_camera": [
        [
            0.9963451694504094,
            0.07526445599201123,
            -0.04039263518343258,
            -0.8976294994354248
        ],
        [
            -0.08541840148841039,
            0.87790658483099,
            -0.4711514883745489,
            -4.980983257293701
        ],
        [
            -5.6125441209419864e-11,
            0.4728797838506258,
            0.8811269545447953,
            23.435523986816406
        ],
        [
            0.0,
            0.0,
            0.0,
            1.0
        ]
    ]
}