{
    "matrix_probe_in_cam_coord": [
        [
            0.5708163014861871,
            0.5600627448507204,
            0.6004152494631583,
            1.2223176999349394
        ],
        [
            0.8194207940743047,
            -0.43500556498402115,
            -0.37325557018156863,
            -0.7042861475817368
        ],
        [
            0.052137435651033175,
            0.7050531045695843,
            -0.7072353268471006,
            -12.044215297227252
        ],
        [
            0.0,
            0.0,
            0.0,
            1.0
        ]
    ],
    "matrix_probe_in_world_coord": [
        [
            -0.6970787071074237,
            0.5696454155565304,
            0.4354140289803148,
            0.0
        ],
        [
            0.7100089730466478,
            0.46386240474507134,
            0.5298291494976131,
            0.0
        ],
        [
            0.09984254749698188,
            0.6784804860860387,
            -0.7278019618754579,
            3.531402111053467
        ],
        [
            0.0,
            0.0,
            0.0,
            1.0
        ]
    ],
    "intrinsic_matrix_camera": [
        [
            1.3888888888888888,
            0.0,
            -0.5
        ],
        [
            0.0,
            -1.3888888888888888,
            -0.5
        ],
        [
            0.0,
            0.0,
            -1.0
        ]
    ],
    "extrinsic_matrix_camera": [
        [
            0.18256250842236155,
            -0.9815204251970827,
            0.05734618940673816,
            -0.22373077273368835
        ],
        [
            0.9831942486195367,
            0.18225170774824231,
            -0.01064821601556434,
            -1.2016677856445312
        ],
        [
            5.589549036768043e-10,
            0.058326408630976156,
            0.998297565887152,
            15.59619140625
        ],
        [
            0.0,
            0.0,
            0.0,
            1.0
        ]
    ]
}