{
    "matrix_probe_in_cam_coord": [
        [
            -0.920599079057604,
            0.388338389709475,
            0.04111728001879424,
            0.3292966344527109
        ],
        [
            -0.22584522410391214,
            -0.6153522613780191,
            0.7552056204547289,
            0.4230131570663813
        ],
        [
            0.31857694578821255,
            0.6859554573693614,
            0.6541970957727071,
            -12.152100404946616
        ],
        [
            0.0,
            0.0,
            0.0,
            1.0
        ]
    ],
    "matrix_probe_in_world_coord": [
        [
            0.9527543140212434,
            0.30304291924947685,
            0.02059626681379133,
            0.0
        ],
        [
            -0.30366482145064455,
            0.9487910691981539,
            0.0870814746267653,
            0.0
        ],
        [
            0.00684787027169667,
            -0.08922161230654187,
            0.9959882582491437,
            9.256631851196289
        ],
        [
            0.0,
            0.0,
            0.0,
            1.0
        ]
    ],
    "intrinsic_matrix_camera": [
        [
            1.3888888888888888,
            0.0,
            -0.5
        ],
        [
            0.0,
            -1.3888888888888888,
            -0.5
        ],
        [
            0.0,
            0.0,
            -1.0
        ]
    ],
    "extrinsic_matrix_camera": [
        [
            -0.7585746823119907,
            -0.38609874076269834,
            0.5248735216570948,
            6.791436672210693
        ],
        [
            0.6515861043294754,
            -0.44949506127773825,
            0.6110562482551505,
            7.401194095611572
        ],
        [
            7.793825713964163e-09,
            0.8055320926371465,
            0.5925521476896518,
            16.116634368896484
        ],
        [
            0.0,
            0.0,
            0.0,
            1.0
        ]
    ]
}