{
    "matrix_probe_in_cam_coord": [
        [
            0.6162190221128802,
            0.4497132002798516,
            0.6465540613748394,
            1.1739162721000582
        ],
        [
            0.2666124277115596,
            -0.8915881884964408,
            0.36604414422769194,
            -3.2201661949438183
        ],
        [
            0.7410748478905446,
            -0.053184016656219746,
            -0.6693127297432172,
            -13.868852244382218
        ],
        [
            0.0,
            0.0,
            0.0,
            1.0
        ]
    ],
    "matrix_probe_in_world_coord": [
        [
            0.6213252588050355,
            0.6135077296101796,
            -0.4874045429408905,
            0.0
        ],
        [
            0.42882063820911503,
            0.25437780577953906,
            0.8668360814898711,
            0.0
        ],
        [
            0.6557955344593183,
            -0.7475962798431717,
            -0.1050334201474333,
            13.244158744812012
        ],
        [
            0.0,
            0.0,
            0.0,
            1.0
        ]
    ],
    "intrinsic_matrix_camera": [
        [
            1.3888888888888888,
            0.0,
            -0.5
        ],
        [
            0.0,
            -1.3888888888888888,
            -0.5
        ],
        [
            0.0,
            0.0,
            -1.0
        ]
    ],
    "extrinsic_matrix_camera": [
        [
            0.34364158110331094,
            -0.5597547884366684,
            0.7540457814742003,
            8.251839637756348
        ],
        [
            0.9391008804898526,
            0.20482893599171964,
            -0.275925068168305,
            -4.269606590270996
        ],
        [
            -1.695148231738634e-08,
            0.8029443840034756,
            0.5960539540991898,
            24.096357345581055
        ],
        [
            0.0,
            0.0,
            0.0,
            1.0
        ]
    ]
}