{
    "matrix_probe_in_cam_coord": [
        [
            0.5873889130342238,
            -0.4692446305748869,
            -0.6593813324026628,
            0.8276687517780853
        ],
        [
            0.8067134425120472,
            0.4046323891841095,
            0.4306809158687218,
            0.2707054114817391
        ],
        [
            0.06471233665101861,
            -0.7849089796274452,
            0.6162225305726561,
            -11.401033149965029
        ],
        [
            0.0,
            0.0,
            0.0,
            1.0
        ]
    ],
    "matrix_probe_in_world_coord": [
        [
            -0.48154844770816874,
            -0.7921448034508123,
            -0.37499027037474875,
            0.0
        ],
        [
            0.7955276555201053,
            -0.21553229815284872,
            -0.5662875398202191,
            0.0
        ],
        [
            0.3677592171687038,
            -0.5710100163909785,
            0.7339623419281378,
            5.815994739532471
        ],
        [
            0.0,
            0.0,
            0.0,
            1.0
        ]
    ],
    "intrinsic_matrix_camera": [
        [
            1.3888888888888888,
            0.0,
            -0.5
        ],
        [
            0.0,
            -1.3888888888888888,
            -0.5
        ],
        [
            0.0,
            0.0,
            -1.0
        ]
    ],
    "extrinsic_matrix_camera": [
        [
            0.3361150605022104,
            -0.8705002034739249,
            0.35952199078144165,
            4.056379318237305
        ],
        [
            0.9418209310179911,
            0.31066226855541595,
            -0.1283054511406557,
            -2.3264284133911133
        ],
        [
            4.073032529645717e-09,
            0.38173073055212386,
            0.9242735792784201,
            16.25033187866211
        ],
        [
            0.0,
            0.0,
            0.0,
            1.0
        ]
    ]
}