{
    "matrix_probe_in_cam_coord": [
        [
            -0.4189740354604735,
            0.8967074010482753,
            -0.14274660947011386,
            -0.561485941270921
        ],
        [
            -0.8445489358495274,
            -0.44258670994578536,
            -0.30142013724168487,
            -1.3709647266339475
        ],
        [
            -0.33346342013089914,
            -0.005730714145085731,
            0.942745621230876,
            -16.330020397127022
        ],
        [
            0.0,
            0.0,
            0.0,
            1.0
        ]
    ],
    "matrix_probe_in_world_coord": [
        [
            0.2501280217584729,
            0.9417273196794528,
            0.22491248987227605,
            0.0
        ],
        [
            -0.8433343853574071,
            0.3260215911464239,
            -0.4271967188312645,
            0.0
        ],
        [
            -0.4756291488176868,
            -0.08282256622266526,
            0.8757381659601544,
            10.664473533630371
        ],
        [
            0.0,
            0.0,
            0.0,
            1.0
        ]
    ],
    "intrinsic_matrix_camera": [
        [
            1.3888888888888888,
            0.0,
            -0.5
        ],
        [
            0.0,
            -1.3888888888888888,
            -0.5
        ],
        [
            0.0,
            0.0,
            -1.0
        ]
    ],
    "extrinsic_matrix_camera": [
        [
            0.7075512153112793,
            -0.695834504249928,
            0.12322994930936501,
            1.4556630849838257
        ],
        [
            0.7066620675482248,
            0.6967100279414449,
            -0.12338500417108778,
            -0.6629339456558228
        ],
        [
            1.782713630753046e-09,
            0.17438314041525924,
            0.9846778764341728,
            26.983356475830078
        ],
        [
            0.0,
            0.0,
            0.0,
            1.0
        ]
    ]
}