{
    "matrix_probe_in_cam_coord": [
        [
            -0.18585290526070627,
            0.5474153487300257,
            -0.8159627035477413,
            -0.23767954746355938
        ],
        [
            0.8386309347326077,
            -0.3443564161837845,
            -0.422038877288068,
            -1.0611256636159445
        ],
        [
            -0.5120125515216082,
            -0.7627287162601419,
            -0.3950798051995166,
            -11.558626665158053
        ],
        [
            0.0,
            0.0,
            0.0,
            1.0
        ]
    ],
    "matrix_probe_in_world_coord": [
        [
            0.6961564249863877,
            -0.0055730856328173655,
            -0.7178684925992372,
            0.0
        ],
        [
            0.5625581074864686,
            -0.6169778546562144,
            0.5503332649995437,
            0.0
        ],
        [
            -0.4459760169015984,
            -0.7869607789339597,
            -0.42637791308678347,
            8.26795482635498
        ],
        [
            0.0,
            0.0,
            0.0,
            1.0
        ]
    ],
    "intrinsic_matrix_camera": [
        [
            1.3888888888888888,
            0.0,
            -0.5
        ],
        [
            0.0,
            -1.3888888888888888,
            -0.5
        ],
        [
            0.0,
            0.0,
            -1.0
        ]
    ],
    "extrinsic_matrix_camera": [
        [
            0.45332042929819716,
            0.888705853859107,
            -0.06857473075013745,
            0.2581438720226288
        ],
        [
            -0.891347624880943,
            0.45197688112227363,
            -0.0348756440812768,
            -0.13536538183689117
        ],
        [
            3.8761093860530164e-09,
            0.07693376532796072,
            0.9970362058383148,
            19.873960494995117
        ],
        [
            0.0,
            0.0,
            0.0,
            1.0
        ]
    ]
}