{
    "matrix_probe_in_cam_coord": [
        [
            0.4917707759065375,
            -0.8587943555486476,
            -0.14364455730052875,
            -0.4870455707389745
        ],
        [
            -0.7173497748565029,
            -0.4931021281173799,
            0.4921987319766635,
            0.35346113626188114
        ],
        [
            -0.49352892972712986,
            -0.13900556148548138,
            -0.8585491537463067,
            -12.362068328374379
        ],
        [
            0.0,
            0.0,
            0.0,
            1.0
        ]
    ],
    "matrix_probe_in_world_coord": [
        [
            -0.47927312230625385,
            0.7275893117401179,
            0.4908269223222743,
            0.0
        ],
        [
            -0.12481532027571406,
            0.49705321417935844,
            -0.8586962432073634,
            0.0
        ],
        [
            -0.8687453079351193,
            -0.4728127491042412,
            -0.14740995293807108,
            12.902562141418457
        ],
        [
            0.0,
            0.0,
            0.0,
            1.0
        ]
    ],
    "intrinsic_matrix_camera": [
        [
            1.3888888888888888,
            0.0,
            -0.5
        ],
        [
            0.0,
            -1.3888888888888888,
            -0.5
        ],
        [
            0.0,
            0.0,
            -1.0
        ]
    ],
    "extrinsic_matrix_camera": [
        [
            -0.9310467252757982,
            0.22661501715368432,
            -0.28600284850617763,
            -4.069148540496826
        ],
        [
            -0.36489997993040807,
            -0.5782109578607887,
            0.7297397432348719,
            9.047744750976562
        ],
        [
            3.44522466038182e-09,
            0.7837842319223732,
            0.6210332340461785,
            20.302780151367188
        ],
        [
            0.0,
            0.0,
            0.0,
            1.0
        ]
    ]
}