{
    "matrix_probe_in_cam_coord": [
        [
            0.676526065159118,
            0.7305167662057878,
            0.09304696369339564,
            -1.4964701534396692
        ],
        [
            0.02459548214592339,
            -0.14869419416791568,
            0.988577310521926,
            0.47615605346965584
        ],
        [
            0.7360078433130527,
            -0.6665097830587285,
            -0.11856291017293788,
            -13.728636553942973
        ],
        [
            0.0,
            0.0,
            0.0,
            1.0
        ]
    ],
    "matrix_probe_in_world_coord": [
        [
            -0.7444447503427782,
            -0.660033097187776,
            0.10078851275711326,
            0.0
        ],
        [
            0.23332870096206146,
            -0.39860743928358017,
            -0.8869440944361399,
            0.0
        ],
        [
            0.6255875086624059,
            -0.6367640221969982,
            0.45074588078102884,
            7.733942031860352
        ],
        [
            0.0,
            0.0,
            0.0,
            1.0
        ]
    ],
    "intrinsic_matrix_camera": [
        [
            1.3888888888888888,
            0.0,
            -0.5
        ],
        [
            0.0,
            -1.3888888888888888,
            -0.5
        ],
        [
            0.0,
            0.0,
            -1.0
        ]
    ],
    "extrinsic_matrix_camera": [
        [
            -0.976423456336943,
            0.17947034881773943,
            -0.11994843813179255,
            -3.193372964859009
        ],
        [
            -0.21586392453352996,
            -0.8118033635887315,
            0.5425661848576668,
            7.512205123901367
        ],
        [
            -3.0794884960880425e-09,
            0.555666890107068,
            0.8314050199744644,
            18.88341522216797
        ],
        [
            0.0,
            0.0,
            0.0,
            1.0
        ]
    ]
}