{
    "matrix_probe_in_cam_coord": [
        [
            0.9846093607844795,
            -0.14422023313468005,
            -0.09871641712581351,
            -0.04311034569559074
        ],
        [
            0.014566520286068219,
            -0.49515263315557684,
            0.8686838817232968,
            -0.5084689705701582
        ],
        [
            -0.1741614858180035,
            -0.8567522361999866,
            -0.4854311306704465,
            -12.50184425194073
        ],
        [
            0.0,
            0.0,
            0.0,
            1.0
        ]
    ],
    "matrix_probe_in_world_coord": [
        [
            -0.8411656078127008,
            0.37768945552570427,
            0.38702854599859554,
            0.0
        ],
        [
            -0.5386835348673479,
            -0.5222889061703532,
            -0.6610857340422611,
            0.0
        ],
        [
            -0.047544394999923474,
            -0.7645684885450574,
            0.642786556197326,
            12.330729484558105
        ],
        [
            0.0,
            0.0,
            0.0,
            1.0
        ]
    ],
    "intrinsic_matrix_camera": [
        [
            1.3888888888888888,
            0.0,
            -0.5
        ],
        [
            0.0,
            -1.3888888888888888,
            -0.5
        ],
        [
            0.0,
            0.0,
            -1.0
        ]
    ],
    "extrinsic_matrix_camera": [
        [
            -0.9208960641371732,
            0.13693867536698823,
            -0.36496333822097554,
            -4.532785892486572
        ],
        [
            -0.3898082080416773,
            -0.32350853907994603,
            0.8622017084683232,
            10.59781265258789
        ],
        [
            3.4911983184901303e-09,
            0.9362638646936524,
            0.35129756000989587,
            17.198657989501953
        ],
        [
            0.0,
            0.0,
            0.0,
            1.0
        ]
    ]
}