{
    "matrix_probe_in_cam_coord": [
        [
            0.22133760889239684,
            0.9658978657125024,
            -0.1343539203068858,
            -2.4229513550995985
        ],
        [
            -0.974816306157686,
            0.22299176482724273,
            -0.002800369317870082,
            -0.2826748973134645
        ],
        [
            0.027254947053353608,
            0.13159021936019558,
            0.9909294536090115,
            -12.040528437590364
        ],
        [
            0.0,
            0.0,
            0.0,
            1.0
        ]
    ],
    "matrix_probe_in_world_coord": [
        [
            0.3757663739468636,
            -0.5382148983527624,
            0.7544033108370823,
            0.0
        ],
        [
            0.5024436140401383,
            0.8023502967004967,
            0.3221558878786936,
            0.0
        ],
        [
            -0.7786848187303451,
            0.2579897761070204,
            0.5719189002849434,
            12.878780364990234
        ],
        [
            0.0,
            0.0,
            0.0,
            1.0
        ]
    ],
    "intrinsic_matrix_camera": [
        [
            1.3888888888888888,
            0.0,
            -0.5
        ],
        [
            0.0,
            -1.3888888888888888,
            -0.5
        ],
        [
            0.0,
            0.0,
            -1.0
        ]
    ],
    "extrinsic_matrix_camera": [
        [
            -0.5380464332054958,
            -0.4884332865541146,
            0.6869781366978066,
            6.8298516273498535
        ],
        [
            0.8429152007852534,
            -0.3117748746842068,
            0.43850928359705604,
            7.234095096588135
        ],
        [
            -8.092051874456304e-09,
            0.815002669996604,
            0.5794572010928907,
            20.086132049560547
        ],
        [
            0.0,
            0.0,
            0.0,
            1.0
        ]
    ]
}