{
    "matrix_probe_in_cam_coord": [
        [
            -0.9004893253887998,
            -0.10730365896291727,
            0.4214319632324942,
            -0.10439333638182745
        ],
        [
            -0.406019965786777,
            0.5545810571079065,
            -0.7263522826284651,
            -0.04963701473013771
        ],
        [
            -0.15577792604643567,
            -0.8251822682718327,
            -0.5429617499294256,
            -11.222131588827303
        ],
        [
            0.0,
            0.0,
            0.0,
            1.0
        ]
    ],
    "matrix_probe_in_world_coord": [
        [
            0.5452572331821202,
            -0.48800332633146365,
            -0.6815770705885036,
            0.0
        ],
        [
            -0.7337605815460212,
            -0.6709970612992826,
            -0.10657557270299603,
            0.0
        ],
        [
            -0.40532697742911683,
            0.5582254895802895,
            -0.723943605642748,
            18.1290340423584
        ],
        [
            0.0,
            0.0,
            0.0,
            1.0
        ]
    ],
    "intrinsic_matrix_camera": [
        [
            1.3888888888888888,
            0.0,
            -0.5
        ],
        [
            0.0,
            -1.3888888888888888,
            -0.5
        ],
        [
            0.0,
            0.0,
            -1.0
        ]
    ],
    "extrinsic_matrix_camera": [
        [
            -0.7258721385224556,
            0.0030423372585071137,
            0.6878229297579738,
            7.643214225769043
        ],
        [
            0.6878296580671969,
            0.003210597148603456,
            0.7258650381090912,
            8.217717170715332
        ],
        [
            3.9130619820122346e-09,
            0.9999902180771345,
            -0.004423092814434893,
            18.1290340423584
        ],
        [
            0.0,
            0.0,
            0.0,
            1.0
        ]
    ]
}