{
    "matrix_probe_in_cam_coord": [
        [
            0.464015022838768,
            0.8755876706719495,
            0.13429925371053614,
            -0.03352210329101727
        ],
        [
            -0.28981342493055967,
            0.0067902550359246975,
            0.9570590740213298,
            -1.2394377033214241
        ],
        [
            0.8370771991339605,
            -0.48301151477352644,
            0.2569078420099844,
            -11.724485946281446
        ],
        [
            0.0,
            0.0,
            0.0,
            1.0
        ]
    ],
    "matrix_probe_in_world_coord": [
        [
            0.6359762179481475,
            0.3384590029197652,
            -0.6935270388001673,
            0.0
        ],
        [
            0.16966591012077797,
            0.8153764841794241,
            0.5535112175828865,
            0.0
        ],
        [
            0.7528264933882564,
            -0.46968786698163684,
            0.46113509784333473,
            7.074368476867676
        ],
        [
            0.0,
            0.0,
            0.0,
            1.0
        ]
    ],
    "intrinsic_matrix_camera": [
        [
            1.3888888888888888,
            0.0,
            -0.5
        ],
        [
            0.0,
            -1.3888888888888888,
            -0.5
        ],
        [
            0.0,
            0.0,
            -1.0
        ]
    ],
    "extrinsic_matrix_camera": [
        [
            0.4983128855416505,
            -0.8457625685117501,
            0.19070906063310578,
            1.2044001817703247
        ],
        [
            0.866997271104791,
            0.48610808913210724,
            -0.10961139346426259,
            -0.6535729765892029
        ],
        [
            -3.3700514407046356e-09,
            0.21996500490927867,
            0.9755077634828241,
            18.78432846069336
        ],
        [
            0.0,
            0.0,
            0.0,
            1.0
        ]
    ]
}