{
    "matrix_probe_in_cam_coord": [
        [
            -0.4786702629684901,
            -0.6785546284510674,
            0.5571699880263741,
            -1.2791141441105054
        ],
        [
            -0.6526573557134823,
            0.6994751403066855,
            0.29115786804760624,
            -2.434470013718273
        ],
        [
            -0.5872930745230708,
            -0.22427247780451331,
            -0.7776816188625411,
            -12.141913334661526
        ],
        [
            0.0,
            0.0,
            0.0,
            1.0
        ]
    ],
    "matrix_probe_in_world_coord": [
        [
            -0.5792059466697772,
            0.6072316497645815,
            0.5438659714180982,
            0.0
        ],
        [
            0.3867399808719449,
            0.792000404699717,
            -0.4724061241671745,
            0.0
        ],
        [
            -0.7176020196024637,
            -0.06328572097771158,
            -0.6935721007817403,
            14.26165771484375
        ],
        [
            0.0,
            0.0,
            0.0,
            1.0
        ]
    ],
    "intrinsic_matrix_camera": [
        [
            1.3888888888888888,
            0.0,
            -0.5
        ],
        [
            0.0,
            -1.3888888888888888,
            -0.5
        ],
        [
            0.0,
            0.0,
            -1.0
        ]
    ],
    "extrinsic_matrix_camera": [
        [
            0.16823461309857526,
            0.9611173217264961,
            -0.21897627458896107,
            -0.10378837585449219
        ],
        [
            -0.9857469832343252,
            0.16403114097057286,
            -0.037372046188554234,
            -1.3153221607208252
        ],
        [
            7.226130598788073e-09,
            0.22214247380719304,
            0.9750142159634498,
            26.640995025634766
        ],
        [
            0.0,
            0.0,
            0.0,
            1.0
        ]
    ]
}