{
    "matrix_probe_in_cam_coord": [
        [
            0.842180742725241,
            -0.1784746173659465,
            0.5088009508037894,
            -1.1450499939443906
        ],
        [
            0.4134424887304127,
            0.8194784279305661,
            -0.39688841589148194,
            0.7129586172724292
        ],
        [
            -0.34611689513105787,
            0.5446117122432518,
            0.7639379410608625,
            -11.69316409828397
        ],
        [
            0.0,
            0.0,
            0.0,
            1.0
        ]
    ],
    "matrix_probe_in_world_coord": [
        [
            0.012577349348898896,
            -0.15677680707982136,
            0.9875539696873341,
            0.0
        ],
        [
            0.99331740597198,
            -0.11135830456728994,
            -0.030329177321434416,
            0.0
        ],
        [
            0.1147272473148906,
            0.9813360080857906,
            0.15432853902565383,
            8.02900505065918
        ],
        [
            0.0,
            0.0,
            0.0,
            1.0
        ]
    ],
    "intrinsic_matrix_camera": [
        [
            1.3888888888888888,
            0.0,
            -0.5
        ],
        [
            0.0,
            -1.3888888888888888,
            -0.5
        ],
        [
            0.0,
            0.0,
            -1.0
        ]
    ],
    "extrinsic_matrix_camera": [
        [
            0.5410414808185686,
            -0.5152239314218559,
            0.6646942278400325,
            8.759231567382812
        ],
        [
            0.8409959072633172,
            0.33146119120287315,
            -0.42762058263456193,
            -4.273573398590088
        ],
        [
            1.7196352402191212e-08,
            0.7903655984521207,
            0.612635471372186,
            14.629154205322266
        ],
        [
            0.0,
            0.0,
            0.0,
            1.0
        ]
    ]
}