{
    "matrix_probe_in_cam_coord": [
        [
            -0.9370976191717385,
            -0.33537971339978007,
            -0.09679101188922774,
            -0.36576333282212176
        ],
        [
            0.08712259294206562,
            -0.49322512327101264,
            0.8655279496199676,
            -0.4637491664779514
        ],
        [
            -0.3380202744536344,
            0.8026514969861926,
            0.49141923898450884,
            -9.645280430347057
        ],
        [
            0.0,
            0.0,
            0.0,
            1.0
        ]
    ],
    "matrix_probe_in_world_coord": [
        [
            0.9845896876948375,
            -0.13135136374090764,
            0.1154554724921525,
            0.0
        ],
        [
            0.1337235361001084,
            0.9909332402939177,
            -0.013012654359493904,
            0.0
        ],
        [
            -0.11269943557030539,
            0.028251239335654394,
            0.9932274184184275,
            13.298880577087402
        ],
        [
            0.0,
            0.0,
            0.0,
            1.0
        ]
    ],
    "intrinsic_matrix_camera": [
        [
            1.3888888888888888,
            0.0,
            -0.5
        ],
        [
            0.0,
            -1.3888888888888888,
            -0.5
        ],
        [
            0.0,
            0.0,
            -1.0
        ]
    ],
    "extrinsic_matrix_camera": [
        [
            -0.8897791214844464,
            0.25049573752745496,
            -0.3815036047679541,
            -3.888990640640259
        ],
        [
            -0.45639140545190693,
            -0.4883656444417743,
            0.7437781136593115,
            6.780538082122803
        ],
        [
            -6.6614934043911e-09,
            0.8359132029161563,
            0.5488616557844546,
            18.980459213256836
        ],
        [
            0.0,
            0.0,
            0.0,
            1.0
        ]
    ]
}