{
    "matrix_probe_in_cam_coord": [
        [
            -0.09645144875367166,
            -0.6082786669682619,
            0.787841469678153,
            0.44536499114095635
        ],
        [
            0.8070676357554084,
            -0.5110440922437881,
            -0.29576302523963033,
            2.1243932011253364
        ],
        [
            0.5825280674349463,
            0.6073145800110823,
            0.540212968704445,
            -11.269260046589714
        ],
        [
            0.0,
            0.0,
            0.0,
            1.0
        ]
    ],
    "matrix_probe_in_world_coord": [
        [
            -0.2460215278342225,
            0.9369609054099977,
            -0.24814848291978855,
            0.0
        ],
        [
            -0.41585887879427874,
            0.12921941181624244,
            0.900202053173525,
            0.0
        ],
        [
            0.8755197317993927,
            0.3246638343627791,
            0.3578527544770023,
            7.042366027832031
        ],
        [
            0.0,
            0.0,
            0.0,
            1.0
        ]
    ],
    "intrinsic_matrix_camera": [
        [
            1.3888888888888888,
            0.0,
            -0.5
        ],
        [
            0.0,
            -1.3888888888888888,
            -0.5
        ],
        [
            0.0,
            0.0,
            -1.0
        ]
    ],
    "extrinsic_matrix_camera": [
        [
            -0.7417058632418968,
            -0.6039912021702878,
            0.2916625449616102,
            4.900265693664551
        ],
        [
            0.6707252883502997,
            -0.6679095417018297,
            0.322528187405472,
            4.754838943481445
        ],
        [
            9.092063407276743e-09,
            0.43484649222977817,
            0.9005045964321656,
            16.2666015625
        ],
        [
            0.0,
            0.0,
            0.0,
            1.0
        ]
    ]
}