{
    "matrix_probe_in_cam_coord": [
        [
            0.8061481009553253,
            -0.4924682682112195,
            -0.32802476146041926,
            -0.3685180331265571
        ],
        [
            0.579885985975141,
            0.7678122870796608,
            0.2723904093009497,
            0.07226415771405215
        ],
        [
            0.11771780916990073,
            -0.40980397340014,
            0.9045458643925669,
            -12.089934070507987
        ],
        [
            0.0,
            0.0,
            0.0,
            1.0
        ]
    ],
    "matrix_probe_in_world_coord": [
        [
            0.4859269400015172,
            0.8423836601438363,
            -0.23294801588216188,
            0.0
        ],
        [
            -0.7813612819373874,
            0.5381275151995376,
            0.3160590521948933,
            0.0
        ],
        [
            0.3915987181668561,
            0.028434952221612582,
            0.9196966333646275,
            10.231011390686035
        ],
        [
            0.0,
            0.0,
            0.0,
            1.0
        ]
    ],
    "intrinsic_matrix_camera": [
        [
            1.3888888888888888,
            0.0,
            -0.5
        ],
        [
            0.0,
            -1.3888888888888888,
            -0.5
        ],
        [
            0.0,
            0.0,
            -1.0
        ]
    ],
    "extrinsic_matrix_camera": [
        [
            0.053294574947215866,
            0.8651219420162515,
            -0.4987220806453484,
            -6.072394371032715
        ],
        [
            -0.9985788342846025,
            0.046171915397427134,
            -0.026617023637844014,
            -0.6931289434432983
        ],
        [
            -1.7465878218068414e-08,
            0.49943185688396236,
            0.8663531729782245,
            20.6690731048584
        ],
        [
            0.0,
            0.0,
            0.0,
            1.0
        ]
    ]
}