{
    "matrix_probe_in_cam_coord": [
        [
            0.8016584770407613,
            -0.5522940099983692,
            -0.22872475316110438,
            1.054529529669972
        ],
        [
            0.5940852453079625,
            0.7785638248450402,
            0.2022401838162712,
            -2.0211309827955644
        ],
        [
            0.06638077655515152,
            -0.29800955884431357,
            0.9522520125163048,
            -10.221096040312261
        ],
        [
            0.0,
            0.0,
            0.0,
            1.0
        ]
    ],
    "matrix_probe_in_world_coord": [
        [
            0.8621026742659448,
            0.4252435604021932,
            -0.27558463919451737,
            0.0
        ],
        [
            -0.41420633665528306,
            0.904652531662564,
            0.10018436819745687,
            0.0
        ],
        [
            0.29191109896356526,
            0.027779692096557354,
            0.9560419441681959,
            6.530107021331787
        ],
        [
            0.0,
            0.0,
            0.0,
            1.0
        ]
    ],
    "intrinsic_matrix_camera": [
        [
            1.3888888888888888,
            0.0,
            -0.5
        ],
        [
            0.0,
            -1.3888888888888888,
            -0.5
        ],
        [
            0.0,
            0.0,
            -1.0
        ]
    ],
    "extrinsic_matrix_camera": [
        [
            0.5192854742790519,
            0.787507443511749,
            -0.3319256281403555,
            -2.3485898971557617
        ],
        [
            -0.8546008402773659,
            0.4785171671267593,
            -0.20168967391069154,
            -0.19314183294773102
        ],
        [
            -8.209633974245559e-09,
            0.3883984386922411,
            0.9214915370319084,
            16.7337646484375
        ],
        [
            0.0,
            0.0,
            0.0,
            1.0
        ]
    ]
}