{
    "matrix_probe_in_cam_coord": [
        [
            -0.5896944950194185,
            0.6070976444505386,
            0.5326282499515025,
            1.3478332773952038
        ],
        [
            0.6254205952201749,
            -0.07399670704662943,
            0.7767712445892273,
            -0.9646948272533074
        ],
        [
            0.5109887294434534,
            0.7911744039393985,
            -0.33605591935406,
            -10.423647047779422
        ],
        [
            0.0,
            0.0,
            0.0,
            1.0
        ]
    ],
    "matrix_probe_in_world_coord": [
        [
            -0.6313348577439467,
            -0.5850295829828523,
            0.5090743407718955,
            0.0
        ],
        [
            0.425773034927339,
            -0.8101367474054031,
            -0.4029835892839268,
            0.0
        ],
        [
            0.648177151808202,
            -0.03766745993962864,
            0.7605573892452187,
            15.546792984008789
        ],
        [
            0.0,
            0.0,
            0.0,
            1.0
        ]
    ],
    "intrinsic_matrix_camera": [
        [
            1.3888888888888888,
            0.0,
            -0.5
        ],
        [
            0.0,
            -1.3888888888888888,
            -0.5
        ],
        [
            0.0,
            0.0,
            -1.0
        ]
    ],
    "extrinsic_matrix_camera": [
        [
            0.28827198358325207,
            0.04387474942195598,
            -0.9565428740229774,
            -10.316882133483887
        ],
        [
            -0.9575485697764768,
            0.013208612301313781,
            -0.28796921550765986,
            -1.698331356048584
        ],
        [
            2.680091810164572e-08,
            0.9989497179158888,
            0.04581987642677708,
            16.98808479309082
        ],
        [
            0.0,
            0.0,
            0.0,
            1.0
        ]
    ]
}