{
    "matrix_probe_in_cam_coord": [
        [
            0.9252950105803457,
            -0.37886906031393064,
            -0.016952242682221525,
            0.18880326154405344
        ],
        [
            0.3031795315267827,
            0.7121082641588874,
            0.6332329680139981,
            -0.42023950463507376
        ],
        [
            -0.22784054744122775,
            -0.5910668788330605,
            0.7737755680352192,
            -9.064884211227312
        ],
        [
            0.0,
            0.0,
            0.0,
            1.0
        ]
    ],
    "matrix_probe_in_world_coord": [
        [
            0.965682581365949,
            -0.2507663513167833,
            -0.06762683708162875,
            0.0
        ],
        [
            0.2125613103840029,
            0.9126850951425001,
            -0.3490323859365512,
            0.0
        ],
        [
            0.14924758414873296,
            0.32267964632432844,
            0.9346673228875467,
            3.7805047035217285
        ],
        [
            0.0,
            0.0,
            0.0,
            1.0
        ]
    ],
    "intrinsic_matrix_camera": [
        [
            1.3888888888888888,
            0.0,
            -0.5
        ],
        [
            0.0,
            -1.3888888888888888,
            -0.5
        ],
        [
            0.0,
            0.0,
            -1.0
        ]
    ],
    "extrinsic_matrix_camera": [
        [
            0.9896953127780429,
            0.07137885871385144,
            -0.12412995768097249,
            -1.2820851802825928
        ],
        [
            -0.14318934270807998,
            0.49335602364894593,
            -0.8579607485567908,
            -7.542952537536621
        ],
        [
            3.2839311321694666e-09,
            0.8668938184449171,
            0.49849283599866434,
            8.66358757019043
        ],
        [
            0.0,
            0.0,
            0.0,
            1.0
        ]
    ]
}