{
    "matrix_probe_in_cam_coord": [
        [
            0.6045735997529772,
            0.7039160027968766,
            0.3728176812977011,
            -1.0247343815819532
        ],
        [
            0.05772005016760403,
            -0.5055248276594405,
            0.8608792275508462,
            -0.9895278547771689
        ],
        [
            0.7944552588348673,
            -0.49894579828510444,
            -0.3462570318177864,
            -8.524667767652074
        ],
        [
            0.0,
            0.0,
            0.0,
            1.0
        ]
    ],
    "matrix_probe_in_world_coord": [
        [
            0.2852184559779165,
            -0.8404274445512533,
            -0.4607951202157237,
            0.0
        ],
        [
            0.9583649204313406,
            0.2569295295171091,
            0.12459492826253862,
            0.0
        ],
        [
            0.013678876277073563,
            -0.47714665178241267,
            0.8787172247296792,
            11.554778099060059
        ],
        [
            0.0,
            0.0,
            0.0,
            1.0
        ]
    ],
    "intrinsic_matrix_camera": [
        [
            1.3888888888888888,
            0.0,
            -0.5
        ],
        [
            0.0,
            -1.3888888888888888,
            -0.5
        ],
        [
            0.0,
            0.0,
            -1.0
        ]
    ],
    "extrinsic_matrix_camera": [
        [
            -0.5909473470348787,
            0.044630815504296616,
            0.8054745950927691,
            6.305002689361572
        ],
        [
            0.8067101294966099,
            0.03269380075581847,
            0.5900422716718708,
            5.88892936706543
        ],
        [
            4.184088676563088e-08,
            0.9984684299964425,
            -0.05532444577614826,
            12.071167945861816
        ],
        [
            0.0,
            0.0,
            0.0,
            1.0
        ]
    ]
}