{
    "matrix_probe_in_cam_coord": [
        [
            0.4891483554844879,
            0.8368639299044203,
            -0.24574915900517477,
            0.7531826967362669
        ],
        [
            -0.6240082855362293,
            0.5326350297141412,
            0.5717635741314335,
            0.6675416137016441
        ],
        [
            0.6093829222327753,
            -0.1263277006295345,
            0.7827475749848719,
            -9.752826898235385
        ],
        [
            0.0,
            0.0,
            0.0,
            1.0
        ]
    ],
    "matrix_probe_in_world_coord": [
        [
            0.9709122434723105,
            -0.22530645848834974,
            -0.08103342050661722,
            0.0
        ],
        [
            0.20145616725607549,
            0.9516052313212209,
            -0.23208381330152628,
            0.0
        ],
        [
            0.12940180891338748,
            0.20900833353128076,
            0.9693145456271767,
            11.971929550170898
        ],
        [
            0.0,
            0.0,
            0.0,
            1.0
        ]
    ],
    "intrinsic_matrix_camera": [
        [
            1.3888888888888888,
            0.0,
            -0.5
        ],
        [
            0.0,
            -1.3888888888888888,
            -0.5
        ],
        [
            0.0,
            0.0,
            -1.0
        ]
    ],
    "extrinsic_matrix_camera": [
        [
            0.3062831738716418,
            -0.7721953547999797,
            0.5566910736022694,
            5.714097023010254
        ],
        [
            0.9519404484541634,
            0.24845089252941435,
            -0.1791131949305356,
            -2.6296963691711426
        ],
        [
            -1.6990898922213908e-08,
            0.5847961080809885,
            0.8111803202576655,
            19.492855072021484
        ],
        [
            0.0,
            0.0,
            0.0,
            1.0
        ]
    ]
}