{
    "matrix_probe_in_cam_coord": [
        [
            0.28340355867973804,
            0.8665445496817832,
            -0.4108320415260426,
            1.427119692787159
        ],
        [
            -0.9439193938060658,
            0.3277295401555811,
            0.040118904598708,
            -1.1820950285470264
        ],
        [
            0.1694066141697224,
            0.376422491259764,
            0.9108279240061447,
            -9.68652986627442
        ],
        [
            0.0,
            0.0,
            0.0,
            1.0
        ]
    ],
    "matrix_probe_in_world_coord": [
        [
            -0.625033632833855,
            -0.7744508573387594,
            -0.09776925587204881,
            0.0
        ],
        [
            0.37628265084356716,
            -0.40865794394624916,
            0.8315107043951764,
            0.0
        ],
        [
            -0.6839183609910262,
            0.48293328153781734,
            0.5468373808386396,
            11.064088821411133
        ],
        [
            0.0,
            0.0,
            0.0,
            1.0
        ]
    ],
    "intrinsic_matrix_camera": [
        [
            1.3888888888888888,
            0.0,
            -0.5
        ],
        [
            0.0,
            -1.3888888888888888,
            -0.5
        ],
        [
            0.0,
            0.0,
            -1.0
        ]
    ],
    "extrinsic_matrix_camera": [
        [
            -0.8080661822745295,
            0.3322485490151912,
            -0.4864565209158646,
            -3.16611909866333
        ],
        [
            -0.5890917119297018,
            -0.4557504731119945,
            0.6672798971900223,
            6.765590667724609
        ],
        [
            -1.192742928766903e-08,
            0.8257738237165752,
            0.5640014114029385,
            17.503448486328125
        ],
        [
            0.0,
            0.0,
            0.0,
            1.0
        ]
    ]
}