{
    "matrix_probe_in_cam_coord": [
        [
            0.7166889984555394,
            -0.6968109494910733,
            0.028484735598998244,
            -0.09607033760285613
        ],
        [
            0.17526729781291164,
            0.2195001203875866,
            0.9597401062095903,
            0.009992805612508704
        ],
        [
            -0.6750098175657567,
            -0.6828427328596123,
            0.27944149364519955,
            -10.875086231593624
        ],
        [
            0.0,
            0.0,
            0.0,
            1.0
        ]
    ],
    "matrix_probe_in_world_coord": [
        [
            0.7712423408694636,
            0.6248528243295561,
            0.12142569570550917,
            0.0
        ],
        [
            -0.6281259821205006,
            0.7779871550289909,
            -0.013918950932217662,
            0.0
        ],
        [
            -0.10316492735104574,
            -0.06553575007027725,
            0.9925029285737045,
            17.550886154174805
        ],
        [
            0.0,
            0.0,
            0.0,
            1.0
        ]
    ],
    "intrinsic_matrix_camera": [
        [
            1.3888888888888888,
            0.0,
            -0.5
        ],
        [
            0.0,
            -1.3888888888888888,
            -0.5
        ],
        [
            0.0,
            0.0,
            -1.0
        ]
    ],
    "extrinsic_matrix_camera": [
        [
            0.12079538986808054,
            0.3888659413009352,
            -0.9133409842346701,
            -9.924942970275879
        ],
        [
            -0.9926774268545732,
            0.04731975517050536,
            -0.11114120290867324,
            -1.3045098781585693
        ],
        [
            4.32747735394776e-08,
            0.9200783230066563,
            0.3917344502762771,
            21.801837921142578
        ],
        [
            0.0,
            0.0,
            0.0,
            1.0
        ]
    ]
}