{
    "matrix_probe_in_cam_coord": [
        [
            0.35689819577208776,
            -0.7774147133658562,
            0.5179286063705233,
            0.13215382316002994
        ],
        [
            -0.23548167542469656,
            0.46166363498357543,
            0.8552280799137328,
            0.23030101400555303
        ],
        [
            -0.9039756956875593,
            -0.42719205467334714,
            -0.01830000082398032,
            -12.678837326910015
        ],
        [
            0.0,
            0.0,
            0.0,
            1.0
        ]
    ],
    "matrix_probe_in_world_coord": [
        [
            0.43483978125425843,
            -0.7271922405144685,
            0.5311363384050239,
            0.0
        ],
        [
            0.8127312659546038,
            0.5709180332551154,
            0.11627763604381644,
            0.0
        ],
        [
            -0.38779150838894844,
            0.38110896688435253,
            0.8392697429204545,
            10.56251335144043
        ],
        [
            0.0,
            0.0,
            0.0,
            1.0
        ]
    ],
    "intrinsic_matrix_camera": [
        [
            1.3888888888888888,
            0.0,
            -0.5
        ],
        [
            0.0,
            -1.3888888888888888,
            -0.5
        ],
        [
            0.0,
            0.0,
            -1.0
        ]
    ],
    "extrinsic_matrix_camera": [
        [
            0.9956141841438609,
            0.01612769754771791,
            -0.09215364183451154,
            -1.3036894798278809
        ],
        [
            -0.0935542427234281,
            0.17163267374386648,
            -0.9807088400600746,
            -12.461411476135254
        ],
        [
            3.8842970705811806e-10,
            0.9850289958551173,
            0.17238873897287835,
            12.52134895324707
        ],
        [
            0.0,
            0.0,
            0.0,
            1.0
        ]
    ]
}