{
    "matrix_probe_in_cam_coord": [
        [
            -0.9714915297867803,
            -0.044041617704693226,
            0.2329475122479219,
            0.23228940585890284
        ],
        [
            0.1333898725187159,
            -0.9138492979450871,
            0.38351871213111915,
            -0.10359647348927048
        ],
        [
            0.19598813602354295,
            0.4036580193124189,
            0.8936715582263945,
            -13.755979173107669
        ],
        [
            0.0,
            0.0,
            0.0,
            1.0
        ]
    ],
    "matrix_probe_in_world_coord": [
        [
            -0.9634011739316932,
            -0.19306809565048041,
            0.1859647507161842,
            0.0
        ],
        [
            0.1274672991289096,
            -0.9402279275306502,
            -0.31579032908592974,
            0.0
        ],
        [
            0.23581828962109083,
            -0.2805283492506875,
            0.93042655784692,
            15.297245025634766
        ],
        [
            0.0,
            0.0,
            0.0,
            1.0
        ]
    ],
    "intrinsic_matrix_camera": [
        [
            1.3888888888888888,
            0.0,
            -0.5
        ],
        [
            0.0,
            -1.3888888888888888,
            -0.5
        ],
        [
            0.0,
            0.0,
            -1.0
        ]
    ],
    "extrinsic_matrix_camera": [
        [
            0.9877591375660318,
            0.1192481455871122,
            -0.10055727685674383,
            -1.600356101989746
        ],
        [
            -0.15598681404147252,
            0.7551179779488609,
            -0.6367613000360612,
            -8.644813537597656
        ],
        [
            3.357169139121434e-09,
            0.6446524018046148,
            0.7644758209698601,
            25.880142211914062
        ],
        [
            0.0,
            0.0,
            0.0,
            1.0
        ]
    ]
}