{
    "matrix_probe_in_cam_coord": [
        [
            -0.09862715900604019,
            -0.9891784339861762,
            -0.10862186355910675,
            -0.2923821213490321
        ],
        [
            0.9617037217819924,
            -0.0666943971945881,
            -0.26585298360844994,
            0.464137637721052
        ],
        [
            0.2557315682841315,
            -0.13068237493826967,
            0.957874460387911,
            -12.601018057023197
        ],
        [
            0.0,
            0.0,
            0.0,
            1.0
        ]
    ],
    "matrix_probe_in_world_coord": [
        [
            0.23280451216867665,
            0.5278009257704859,
            0.816840401712429,
            0.0
        ],
        [
            0.06324231038011839,
            -0.8463567407554349,
            0.528848444788885,
            0.0
        ],
        [
            0.9704650788625468,
            -0.07145942998412166,
            -0.2304150181187311,
            17.594335556030273
        ],
        [
            0.0,
            0.0,
            0.0,
            1.0
        ]
    ],
    "intrinsic_matrix_camera": [
        [
            1.3888888888888888,
            0.0,
            -0.5
        ],
        [
            0.0,
            -1.3888888888888888,
            -0.5
        ],
        [
            0.0,
            0.0,
            -1.0
        ]
    ],
    "extrinsic_matrix_camera": [
        [
            -0.6337768675134606,
            -0.02847185670992465,
            0.772991743539551,
            9.568392753601074
        ],
        [
            0.7735159223990319,
            -0.02332831902090185,
            0.6333473828214925,
            8.217811584472656
        ],
        [
            2.2062514482076667e-08,
            0.9993223418432856,
            0.0368083834588123,
            17.594335556030273
        ],
        [
            0.0,
            0.0,
            0.0,
            1.0
        ]
    ]
}