{
    "matrix_probe_in_cam_coord": [
        [
            0.023983128389253247,
            0.8103423320621164,
            0.5854657243774356,
            0.09493022412792906
        ],
        [
            -0.3712684456634546,
            -0.536531704138457,
            0.7578215302489935,
            -0.8346712061709489
        ],
        [
            0.9282157889237324,
            -0.23553988053494093,
            0.28798682933474323,
            -12.978907091482629
        ],
        [
            0.0,
            0.0,
            0.0,
            1.0
        ]
    ],
    "matrix_probe_in_world_coord": [
        [
            -0.7902924663106584,
            -0.23079083730317485,
            0.5676032127371345,
            0.0
        ],
        [
            -0.12482809141676447,
            -0.8462813406689735,
            -0.5179052423260194,
            0.0
        ],
        [
            0.5998797923633243,
            -0.4801494370010493,
            0.640000588172941,
            17.21478843688965
        ],
        [
            0.0,
            0.0,
            0.0,
            1.0
        ]
    ],
    "intrinsic_matrix_camera": [
        [
            1.3888888888888888,
            0.0,
            -0.5
        ],
        [
            0.0,
            -1.3888888888888888,
            -0.5
        ],
        [
            0.0,
            0.0,
            -1.0
        ]
    ],
    "extrinsic_matrix_camera": [
        [
            0.1263389551006949,
            0.84737919207521,
            -0.5157392492937001,
            -5.99844217300415
        ],
        [
            -0.9919871311786583,
            0.10792175810166027,
            -0.06568428810744842,
            -0.6682615280151367
        ],
        [
            -1.2482718423603588e-08,
            0.5199051826691203,
            0.8542239759183705,
            28.735631942749023
        ],
        [
            0.0,
            0.0,
            0.0,
            1.0
        ]
    ]
}