{
    "matrix_probe_in_cam_coord": [
        [
            0.3667181968880098,
            0.9295227629930954,
            0.03879687034915136,
            -0.5500223211994792
        ],
        [
            -0.9168608430714246,
            0.3681647089028051,
            -0.15434034327054447,
            0.37449013345779814
        ],
        [
            -0.15774650079657446,
            0.021028081134394888,
            0.987255722338565,
            -12.50296009727873
        ],
        [
            0.0,
            0.0,
            0.0,
            1.0
        ]
    ],
    "matrix_probe_in_world_coord": [
        [
            -0.9334958348562822,
            0.20551293174188143,
            -0.2938536390668484,
            0.0
        ],
        [
            -0.21773825640157424,
            -0.9759644450483422,
            0.009135299704098453,
            0.0
        ],
        [
            -0.28491328155278256,
            0.07251094323161282,
            0.9558067718459033,
            13.570429801940918
        ],
        [
            0.0,
            0.0,
            0.0,
            1.0
        ]
    ],
    "intrinsic_matrix_camera": [
        [
            1.3888888888888888,
            0.0,
            -0.5
        ],
        [
            0.0,
            -1.3888888888888888,
            -0.5
        ],
        [
            0.0,
            0.0,
            -1.0
        ]
    ],
    "extrinsic_matrix_camera": [
        [
            -0.16270156275394088,
            0.976901858365382,
            -0.13853144263916628,
            -2.187382698059082
        ],
        [
            -0.9866753272872619,
            -0.16108992976967118,
            0.02284366541028345,
            -0.19675342738628387
        ],
        [
            -1.1744516363944873e-09,
            0.1404022565668572,
            0.9900945441476457,
            25.896963119506836
        ],
        [
            0.0,
            0.0,
            0.0,
            1.0
        ]
    ]
}