{
    "matrix_probe_in_cam_coord": [
        [
            0.7428627368845849,
            -0.6414062825963213,
            -0.19171054951230998,
            0.1339742805845125
        ],
        [
            0.518640512113066,
            0.370346712790036,
            0.7706200954560625,
            -0.09117974763066705
        ],
        [
            -0.42328119890144,
            -0.6718938107852925,
            0.6077760555377096,
            -10.900451247533276
        ],
        [
            0.0,
            0.0,
            0.0,
            1.0
        ]
    ],
    "matrix_probe_in_world_coord": [
        [
            0.8543946914258076,
            -0.4730704213860332,
            -0.2149746209975491,
            0.0
        ],
        [
            0.46426506486621455,
            0.8807912992088847,
            -0.09308403076089117,
            0.0
        ],
        [
            0.2333830773817341,
            -0.020274704623395024,
            0.9721734801691854,
            17.81117820739746
        ],
        [
            0.0,
            0.0,
            0.0,
            1.0
        ]
    ],
    "intrinsic_matrix_camera": [
        [
            1.3888888888888888,
            0.0,
            -0.5
        ],
        [
            0.0,
            -1.3888888888888888,
            -0.5
        ],
        [
            0.0,
            0.0,
            -1.0
        ]
    ],
    "extrinsic_matrix_camera": [
        [
            0.9793412219623675,
            0.10225986187548926,
            -0.17445254831748017,
            -2.023494005203247
        ],
        [
            -0.2022146655543482,
            0.4952524086441019,
            -0.8448871408460178,
            -9.137402534484863
        ],
        [
            2.4250428080451183e-09,
            0.862709668649553,
            0.5056995428301064,
            23.402193069458008
        ],
        [
            0.0,
            0.0,
            0.0,
            1.0
        ]
    ]
}