{
    "matrix_probe_in_cam_coord": [
        [
            0.853868400609363,
            -0.5053625092417057,
            0.12456921246333778,
            0.4160812257185212
        ],
        [
            0.46780741557436495,
            0.6402197120627623,
            -0.6093233478375069,
            0.13747751146001308
        ],
        [
            0.2281775106675558,
            0.5785563538145623,
            0.7830757109541557,
            -14.25864855487762
        ],
        [
            0.0,
            0.0,
            0.0,
            1.0
        ]
    ],
    "matrix_probe_in_world_coord": [
        [
            -0.14009593372792858,
            -0.6893513470660402,
            0.7107516089683765,
            0.0
        ],
        [
            0.9472644041137515,
            -0.30225834184502426,
            -0.10644267698679999,
            0.0
        ],
        [
            0.2882070055566305,
            0.658357513121353,
            0.6953431576313583,
            16.228412628173828
        ],
        [
            0.0,
            0.0,
            0.0,
            1.0
        ]
    ],
    "intrinsic_matrix_camera": [
        [
            1.3888888888888888,
            0.0,
            -0.5
        ],
        [
            0.0,
            -1.3888888888888888,
            -0.5
        ],
        [
            0.0,
            0.0,
            -1.0
        ]
    ],
    "extrinsic_matrix_camera": [
        [
            0.31728660382454305,
            -0.9399517874759428,
            0.1257769782363509,
            1.7906149625778198
        ],
        [
            0.9483296953240932,
            0.3144835724638387,
            -0.04208172545053333,
            -1.0378451347351074
        ],
        [
            -3.9217342919368774e-10,
            0.13263001120094028,
            0.9911656169020586,
            30.34286117553711
        ],
        [
            0.0,
            0.0,
            0.0,
            1.0
        ]
    ]
}