{
    "matrix_probe_in_cam_coord": [
        [
            0.026980217070075016,
            0.7688073931687147,
            -0.6389109954414436,
            3.2315087892559545e-08
        ],
        [
            -0.9994387431408434,
            0.033441602650980874,
            -0.0019641591546429703,
            -1.5803909075167186
        ],
        [
            0.019856147559445855,
            0.6386053957032141,
            0.7692781564446232,
            -11.584258562316457
        ],
        [
            0.0,
            0.0,
            0.0,
            1.0
        ]
    ],
    "matrix_probe_in_world_coord": [
        [
            0.9214786166468841,
            0.3551062169171072,
            -0.15740626979051645,
            0.0
        ],
        [
            -0.370883402996304,
            0.6839541943255649,
            -0.6282134680555236,
            0.0
        ],
        [
            -0.11542382962120781,
            0.6372646504956065,
            0.7619521669923163,
            7.7027587890625
        ],
        [
            0.0,
            0.0,
            0.0,
            1.0
        ]
    ],
    "intrinsic_matrix_camera": [
        [
            1.3888888888888888,
            0.0,
            -0.5
        ],
        [
            0.0,
            -1.3888888888888888,
            -0.5
        ],
        [
            0.0,
            0.0,
            -1.0
        ]
    ],
    "extrinsic_matrix_camera": [
        [
            0.3984385745491943,
            -0.9087769384818833,
            0.12398055651876184,
            0.0
        ],
        [
            0.9171950186907943,
            0.3947816777748837,
            -0.05385837522653008,
            -0.0
        ],
        [
            -2.763966077618837e-09,
            0.1351736031063151,
            0.9908219300274176,
            19.394323348999023
        ],
        [
            0.0,
            0.0,
            0.0,
            1.0
        ]
    ]
}