{
    "matrix_probe_in_cam_coord": [
        [
            0.1917428446498544,
            -0.9154570296875643,
            -0.353798118029483,
            -1.5859325017754007
        ],
        [
            0.9802114233783924,
            0.16055624719780656,
            0.11578971009663634,
            -1.0982364324844363
        ],
        [
            -0.04919600597699052,
            -0.36899880525738693,
            0.9281269496758151,
            -13.294360135077902
        ],
        [
            0.0,
            0.0,
            0.0,
            1.0
        ]
    ],
    "matrix_probe_in_world_coord": [
        [
            0.9661784597341297,
            -0.1813635414712929,
            -0.18332062014616793,
            0.0
        ],
        [
            0.23130963214464442,
            0.9237716264121462,
            0.3051914748366469,
            0.0
        ],
        [
            0.11399578072408752,
            -0.33727325429219707,
            0.934479381215154,
            7.737751483917236
        ],
        [
            0.0,
            0.0,
            0.0,
            1.0
        ]
    ],
    "intrinsic_matrix_camera": [
        [
            1.3888888888888888,
            0.0,
            -0.5
        ],
        [
            0.0,
            -1.3888888888888888,
            -0.5
        ],
        [
            0.0,
            0.0,
            -1.0
        ]
    ],
    "extrinsic_matrix_camera": [
        [
            0.4161468256814758,
            0.8967134721949388,
            -0.15075399914870566,
            -0.35939377546310425
        ],
        [
            -0.909297431798436,
            0.41038768176548274,
            -0.06899370391507814,
            -1.9086087942123413
        ],
        [
            4.302336171125373e-10,
            0.16579173513552906,
            0.9861607883914015,
            21.03020668029785
        ],
        [
            0.0,
            0.0,
            0.0,
            1.0
        ]
    ]
}