{
    "matrix_probe_in_cam_coord": [
        [
            0.38933255367443936,
            -0.6545251192422,
            -0.6480872093555956,
            -0.5515859286182772
        ],
        [
            0.31835328958226095,
            0.7558618134671777,
            -0.5721224536358129,
            0.8099921856763315
        ],
        [
            0.8643328905355233,
            0.016425200853975676,
            0.502651834887145,
            -11.841029819055075
        ],
        [
            0.0,
            0.0,
            0.0,
            1.0
        ]
    ],
    "matrix_probe_in_world_coord": [
        [
            -0.2560183336132082,
            0.5405041382113609,
            -0.8014423806053123,
            0.0
        ],
        [
            -0.40710462407886894,
            0.6916799754123929,
            0.5965271466304902,
            0.0
        ],
        [
            0.8767670374207273,
            0.4789927851125794,
            0.04295897930090344,
            13.50154972076416
        ],
        [
            0.0,
            0.0,
            0.0,
            1.0
        ]
    ],
    "intrinsic_matrix_camera": [
        [
            1.3888888888888888,
            0.0,
            -0.5
        ],
        [
            0.0,
            -1.3888888888888888,
            -0.5
        ],
        [
            0.0,
            0.0,
            -1.0
        ]
    ],
    "extrinsic_matrix_camera": [
        [
            0.0659547487790035,
            0.7855653406354578,
            -0.6152536604570473,
            -7.885159015655518
        ],
        [
            -0.9978226150541478,
            0.05192480948388013,
            -0.04066746914383593,
            -1.0739883184432983
        ],
        [
            -2.5147267412964914e-08,
            0.6165962291097472,
            0.7872795502536818,
            22.324312210083008
        ],
        [
            0.0,
            0.0,
            0.0,
            1.0
        ]
    ]
}