{
    "matrix_probe_in_cam_coord": [
        [
            -0.9432180615420155,
            -0.22417996075080746,
            0.2451184072620602,
            1.1904294380085532
        ],
        [
            0.21909289046020541,
            -0.9745128968548581,
            -0.048196672222723905,
            -0.5543921744049687
        ],
        [
            0.24967577722060896,
            0.008243728605352931,
            0.9682944011032832,
            -12.483789289323715
        ],
        [
            0.0,
            0.0,
            0.0,
            1.0
        ]
    ],
    "matrix_probe_in_world_coord": [
        [
            -0.3381818748985979,
            -0.42410989938628896,
            -0.8400975019202359,
            0.0
        ],
        [
            0.892373792092079,
            0.13895171780186122,
            -0.42937330530333945,
            0.0
        ],
        [
            0.29883446032422684,
            -0.8948872629345351,
            0.33147360673251847,
            6.977565765380859
        ],
        [
            0.0,
            0.0,
            0.0,
            1.0
        ]
    ],
    "intrinsic_matrix_camera": [
        [
            1.3888888888888888,
            0.0,
            -0.5
        ],
        [
            0.0,
            -1.3888888888888888,
            -0.5
        ],
        [
            0.0,
            0.0,
            -1.0
        ]
    ],
    "extrinsic_matrix_camera": [
        [
            0.2081328314734233,
            0.37969722609814843,
            -0.9013937768568338,
            -11.29007625579834
        ],
        [
            -0.9781005697078679,
            0.08079687689923015,
            -0.19181016714573623,
            -1.185364842414856
        ],
        [
            1.3623775444602753e-08,
            0.9215757598682284,
            0.3881985559263424,
            12.33466911315918
        ],
        [
            0.0,
            0.0,
            0.0,
            1.0
        ]
    ]
}