{
    "matrix_probe_in_cam_coord": [
        [
            -0.6435887395418741,
            -0.7549009499858663,
            0.12616691343350786,
            0.08541044103838467
        ],
        [
            0.02092022284043965,
            0.14743160218294862,
            0.9888509831891128,
            0.3404774448701531
        ],
        [
            -0.7650855367938987,
            0.6390527978095435,
            -0.0790926229213989,
            -10.11063736972804
        ],
        [
            0.0,
            0.0,
            0.0,
            1.0
        ]
    ],
    "matrix_probe_in_world_coord": [
        [
            0.8902509784219328,
            0.45190379902917116,
            -0.05688718521595124,
            0.0
        ],
        [
            -0.4540309943315445,
            0.8705673819346081,
            -0.18965307721687782,
            0.0
        ],
        [
            -0.036180818192800016,
            0.1946673828213769,
            0.9802017947649224,
            9.819717407226562
        ],
        [
            0.0,
            0.0,
            0.0,
            1.0
        ]
    ],
    "intrinsic_matrix_camera": [
        [
            1.3888888888888888,
            0.0,
            -0.5
        ],
        [
            0.0,
            -1.3888888888888888,
            -0.5
        ],
        [
            0.0,
            0.0,
            -1.0
        ]
    ],
    "extrinsic_matrix_camera": [
        [
            -0.9212753928404521,
            0.02899620094428367,
            -0.3878284039075394,
            -3.8523783683776855
        ],
        [
            -0.388910851669982,
            -0.06868791752179851,
            0.9187112274484556,
            9.345359802246094
        ],
        [
            9.940653102865011e-09,
            0.9972167218400009,
            0.0745574254027227,
            10.234010696411133
        ],
        [
            0.0,
            0.0,
            0.0,
            1.0
        ]
    ]
}