{
    "matrix_probe_in_cam_coord": [
        [
            -0.44814868489742404,
            0.8939588405063947,
            0.0005896653052559056,
            0.6840000513057598
        ],
        [
            -0.6225948727302466,
            -0.3125849738310803,
            0.717402438374049,
            0.8338727309174188
        ],
        [
            0.6415125724993374,
            0.32113583670385604,
            0.6966587354722517,
            -14.562537908040131
        ],
        [
            0.0,
            0.0,
            0.0,
            1.0
        ]
    ],
    "matrix_probe_in_world_coord": [
        [
            -0.8388977790397705,
            -0.09829633895214228,
            0.5353394680674555,
            0.0
        ],
        [
            0.21536632617964874,
            -0.9632328130031697,
            0.16062345252758786,
            0.0
        ],
        [
            0.49986784440492044,
            0.2500407520837487,
            0.8292235889236218,
            11.516195297241211
        ],
        [
            0.0,
            0.0,
            0.0,
            1.0
        ]
    ],
    "intrinsic_matrix_camera": [
        [
            1.3888888888888888,
            0.0,
            -0.5
        ],
        [
            0.0,
            -1.3888888888888888,
            -0.5
        ],
        [
            0.0,
            0.0,
            -1.0
        ]
    ],
    "extrinsic_matrix_camera": [
        [
            0.2883937263552157,
            0.9370732542634574,
            -0.19678103247784456,
            -3.844292402267456
        ],
        [
            -0.9575119104214592,
            0.2822377897109842,
            -0.05926863808208729,
            -0.44351398944854736
        ],
        [
            -1.1899752365095443e-08,
            0.20551288573506,
            0.9786544097876676,
            25.596515655517578
        ],
        [
            0.0,
            0.0,
            0.0,
            1.0
        ]
    ]
}