{
    "matrix_probe_in_cam_coord": [
        [
            0.7149595213255319,
            -0.6523435897158376,
            0.2515566016279855,
            -0.5459443418106505
        ],
        [
            0.6909264056547348,
            0.7142921892011599,
            -0.11138837648176135,
            -2.2033769859490704
        ],
        [
            -0.10702142231812647,
            0.2534452789121724,
            0.9614114133720987,
            -12.06968961027922
        ],
        [
            0.0,
            0.0,
            0.0,
            1.0
        ]
    ],
    "matrix_probe_in_world_coord": [
        [
            0.7034327073468972,
            0.6491707194098,
            -0.2894128595891641,
            0.0
        ],
        [
            -0.7103044992976649,
            0.6566684562515507,
            -0.25348383940933744,
            0.0
        ],
        [
            0.025494009337645368,
            0.38388007974518296,
            0.9230309528194187,
            13.702140808105469
        ],
        [
            0.0,
            0.0,
            0.0,
            1.0
        ]
    ],
    "intrinsic_matrix_camera": [
        [
            1.3888888888888888,
            0.0,
            -0.5
        ],
        [
            0.0,
            -1.3888888888888888,
            -0.5
        ],
        [
            0.0,
            0.0,
            -1.0
        ]
    ],
    "extrinsic_matrix_camera": [
        [
            0.006639838865571404,
            0.98195503500227,
            -0.188997941188602,
            -0.11390437930822372
        ],
        [
            -0.9999779560269513,
            0.006520167911314077,
            -0.0012549384722165156,
            -0.5467126369476318
        ],
        [
            5.160031287997032e-09,
            0.18900210751232188,
            0.9819766816762509,
            25.97073745727539
        ],
        [
            0.0,
            0.0,
            0.0,
            1.0
        ]
    ]
}