{
    "matrix_probe_in_cam_coord": [
        [
            -0.9418660404101016,
            0.29655513011864426,
            -0.1579348496137273,
            0.27984355780557196
        ],
        [
            -0.3311913360924639,
            -0.89860319767475,
            0.28779261982546095,
            -0.13018962767023012
        ],
        [
            -0.05657438306765105,
            0.32336874915338926,
            0.9445803254628411,
            -11.206792161419513
        ],
        [
            0.0,
            0.0,
            0.0,
            1.0
        ]
    ],
    "matrix_probe_in_world_coord": [
        [
            0.8273745317738311,
            0.4728075911699604,
            0.30315732863332373,
            0.0
        ],
        [
            -0.5139694257417092,
            0.855009621464729,
            0.06923854855120944,
            0.0
        ],
        [
            -0.22646592144243494,
            -0.21309980979531665,
            0.9504218313414463,
            8.039352416992188
        ],
        [
            0.0,
            0.0,
            0.0,
            1.0
        ]
    ],
    "intrinsic_matrix_camera": [
        [
            1.3888888888888888,
            0.0,
            -0.5
        ],
        [
            0.0,
            -1.3888888888888888,
            -0.5
        ],
        [
            0.0,
            0.0,
            -1.0
        ]
    ],
    "extrinsic_matrix_camera": [
        [
            -0.6869415645644933,
            -0.6116392481106019,
            0.3924394437927765,
            4.510594367980957
        ],
        [
            0.7267126577084551,
            -0.5781658157883455,
            0.3709622657092107,
            3.878659963607788
        ],
        [
            -1.0107811755174669e-08,
            0.5400201103889509,
            0.8416521136286091,
            17.54187774658203
        ],
        [
            0.0,
            0.0,
            0.0,
            1.0
        ]
    ]
}