{
    "matrix_probe_in_cam_coord": [
        [
            -0.7122169131856778,
            0.34345178772323937,
            -0.6121992633791511,
            1.8122237340892313
        ],
        [
            0.4594087482747351,
            0.8874713567821108,
            -0.036581319002459124,
            -1.1510073833731926
        ],
        [
            0.5307453914834355,
            -0.3073035313839227,
            -0.7898568661587139,
            -8.457123325017626
        ],
        [
            0.0,
            0.0,
            0.0,
            1.0
        ]
    ],
    "matrix_probe_in_world_coord": [
        [
            0.9161539665484011,
            -0.3980643659063714,
            0.046975208069679704,
            0.0
        ],
        [
            0.0646211819621268,
            0.031021576987017584,
            -0.9974275736127692,
            0.0
        ],
        [
            0.3955831295940828,
            0.9168328213784653,
            0.05414393062711699,
            9.376199722290039
        ],
        [
            0.0,
            0.0,
            0.0,
            1.0
        ]
    ],
    "intrinsic_matrix_camera": [
        [
            1.3888888888888888,
            0.0,
            -0.5
        ],
        [
            0.0,
            -1.3888888888888888,
            -0.5
        ],
        [
            0.0,
            0.0,
            -1.0
        ]
    ],
    "extrinsic_matrix_camera": [
        [
            -0.8179744559347185,
            0.06590000902979265,
            0.571467390362893,
            6.39117431640625
        ],
        [
            0.575254543170501,
            0.09370551358762129,
            0.812589371875475,
            5.937534332275391
        ],
        [
            1.631574788120686e-09,
            0.9934165619382204,
            -0.11455799608428316,
            9.550798416137695
        ],
        [
            0.0,
            0.0,
            0.0,
            1.0
        ]
    ]
}