{
    "matrix_probe_in_cam_coord": [
        [
            -0.29075061472743313,
            -0.6622986775404985,
            -0.6905248306641306,
            0.06565175765293814
        ],
        [
            -0.8967897121789973,
            0.4402025417932682,
            -0.044608679969900714,
            -0.0621667815943141
        ],
        [
            0.33351505538060866,
            0.6062855630203083,
            -0.7219318000390456,
            -12.615811581933741
        ],
        [
            0.0,
            0.0,
            0.0,
            1.0
        ]
    ],
    "matrix_probe_in_world_coord": [
        [
            -0.11557155219355338,
            0.4873452892701324,
            0.8655274607716289,
            0.0
        ],
        [
            0.8510132197580788,
            0.4979661025672286,
            -0.16675209291337909,
            0.0
        ],
        [
            -0.5122691832626287,
            0.7173035129707753,
            -0.4722879991691764,
            13.196252822875977
        ],
        [
            0.0,
            0.0,
            0.0,
            1.0
        ]
    ],
    "intrinsic_matrix_camera": [
        [
            1.3888888888888888,
            0.0,
            -0.5
        ],
        [
            0.0,
            -1.3888888888888888,
            -0.5
        ],
        [
            0.0,
            0.0,
            -1.0
        ]
    ],
    "extrinsic_matrix_camera": [
        [
            -0.8868338440284053,
            0.27956397659270216,
            -0.36792623727790524,
            -4.566086292266846
        ],
        [
            -0.4620884472542052,
            -0.5365353655833042,
            0.7061190185744809,
            8.90524673461914
        ],
        [
            2.5548275705527085e-09,
            0.7962247072718013,
            0.60500100456936,
            20.87833023071289
        ],
        [
            0.0,
            0.0,
            0.0,
            1.0
        ]
    ]
}