{
    "matrix_probe_in_cam_coord": [
        [
            -0.7780147638209944,
            -0.6278875947855956,
            0.02121781305700411,
            0.11041887048610428
        ],
        [
            -0.19429409842719478,
            0.2725923880241773,
            0.9423073772966231,
            0.055914448549785334
        ],
        [
            -0.5974469270093585,
            0.7290065557357054,
            -0.3340757565305183,
            -12.044651207799623
        ],
        [
            0.0,
            0.0,
            0.0,
            1.0
        ]
    ],
    "matrix_probe_in_world_coord": [
        [
            -0.7830528009443202,
            0.27570693365174226,
            -0.5575069485393064,
            0.0
        ],
        [
            -0.49228414160996253,
            -0.8225754167511269,
            0.2846506765775419,
            0.0
        ],
        [
            -0.38011134533528107,
            0.49734833918800186,
            0.7798461352435743,
            17.957073211669922
        ],
        [
            0.0,
            0.0,
            0.0,
            1.0
        ]
    ],
    "intrinsic_matrix_camera": [
        [
            1.3888888888888888,
            0.0,
            -0.5
        ],
        [
            0.0,
            -1.3888888888888888,
            -0.5
        ],
        [
            0.0,
            0.0,
            -1.0
        ]
    ],
    "extrinsic_matrix_camera": [
        [
            0.4242845983376715,
            -0.2980447610833989,
            0.8550742073084537,
            10.26888656616211
        ],
        [
            0.9055288949632919,
            0.13964853877343328,
            -0.4006441139028556,
            -4.933414459228516
        ],
        [
            1.5614169346262388e-08,
            0.9442815289992622,
            0.32913886733537745,
            21.868637084960938
        ],
        [
            0.0,
            0.0,
            0.0,
            1.0
        ]
    ]
}