{
    "matrix_probe_in_cam_coord": [
        [
            -0.27111177119941926,
            0.9518921926408369,
            0.1428273822015021,
            -1.9603270152417887
        ],
        [
            -0.953303009313155,
            -0.2860516452587442,
            0.09689080802247844,
            1.0728262860911149
        ],
        [
            0.1330856113619985,
            -0.10988953468909507,
            0.9849936599868133,
            -12.408021515199758
        ],
        [
            0.0,
            0.0,
            0.0,
            1.0
        ]
    ],
    "matrix_probe_in_world_coord": [
        [
            0.9793719575500389,
            -0.18211153270064476,
            0.08755545912178703,
            0.0
        ],
        [
            0.16191191730374305,
            0.9664970466922109,
            0.1991682448842191,
            0.0
        ],
        [
            -0.12089292700415023,
            -0.18088352161724514,
            0.9760461320079666,
            4.930891036987305
        ],
        [
            0.0,
            0.0,
            0.0,
            1.0
        ]
    ],
    "intrinsic_matrix_camera": [
        [
            1.3888888888888888,
            0.0,
            -0.5
        ],
        [
            0.0,
            -1.3888888888888888,
            -0.5
        ],
        [
            0.0,
            0.0,
            -1.0
        ]
    ],
    "extrinsic_matrix_camera": [
        [
            -0.4263644952182181,
            -0.8730616116386671,
            0.23659403944353063,
            3.0364935398101807
        ],
        [
            0.9045514453127107,
            -0.41152161617409416,
            0.11151969424342717,
            3.5984466075897217
        ],
        [
            -2.496658792607693e-09,
            0.261559518474007,
            0.9651873488062539,
            16.6263484954834
        ],
        [
            0.0,
            0.0,
            0.0,
            1.0
        ]
    ]
}