{
    "matrix_probe_in_cam_coord": [
        [
            0.7499480757407974,
            -0.30130089719000047,
            -0.5888935838037093,
            0.12171521313205041
        ],
        [
            -0.5117665745380783,
            0.29980083638557786,
            -0.8051176508362425,
            1.0045627953456955
        ],
        [
            0.4191334595069177,
            0.905172485140268,
            0.07063933229266955,
            -12.104246458806546
        ],
        [
            0.0,
            0.0,
            0.0,
            1.0
        ]
    ],
    "matrix_probe_in_world_coord": [
        [
            0.6921507852656027,
            -0.2960285534880256,
            -0.6582510052981285,
            0.0
        ],
        [
            -0.6710762017215963,
            0.07175809901944713,
            -0.7379075190754129,
            0.0
        ],
        [
            0.2656765362976658,
            0.9524798531963301,
            -0.14899029269040545,
            12.987898826599121
        ],
        [
            0.0,
            0.0,
            0.0,
            1.0
        ]
    ],
    "intrinsic_matrix_camera": [
        [
            1.3888888888888888,
            0.0,
            -0.5
        ],
        [
            0.0,
            -1.3888888888888888,
            -0.5
        ],
        [
            0.0,
            0.0,
            -1.0
        ]
    ],
    "extrinsic_matrix_camera": [
        [
            0.9959106118446298,
            0.08700025867728284,
            -0.024351759799671344,
            -0.5033743977546692
        ],
        [
            -0.09034408234773884,
            0.9590498754049512,
            -0.26844232764318793,
            -4.201721668243408
        ],
        [
            2.568768425187357e-10,
            0.26954460016077775,
            0.9629879067382761,
            24.373367309570312
        ],
        [
            0.0,
            0.0,
            0.0,
            1.0
        ]
    ]
}