{
    "matrix_probe_in_cam_coord": [
        [
            -0.8731526191634083,
            -0.09181120801070233,
            0.4787224725576346,
            0.7522289754458893
        ],
        [
            0.4839444512135856,
            -0.2807981429702283,
            0.8288245719354923,
            1.2162917540411495
        ],
        [
            0.05832899611394899,
            0.9553654300779814,
            0.2896111586666717,
            -14.098649524458402
        ],
        [
            0.0,
            0.0,
            0.0,
            1.0
        ]
    ],
    "matrix_probe_in_world_coord": [
        [
            0.38049157603403083,
            0.5412310861230242,
            -0.7498633688754445,
            0.0
        ],
        [
            -0.8803302303466396,
            0.46035485551002875,
            -0.1144206823357247,
            0.0
        ],
        [
            0.2832752126554168,
            0.7036634980034363,
            0.6516232312253732,
            11.826422691345215
        ],
        [
            0.0,
            0.0,
            0.0,
            1.0
        ]
    ],
    "intrinsic_matrix_camera": [
        [
            1.3888888888888888,
            0.0,
            -0.5
        ],
        [
            0.0,
            -1.3888888888888888,
            -0.5
        ],
        [
            0.0,
            0.0,
            -1.0
        ]
    ],
    "extrinsic_matrix_camera": [
        [
            -0.7408947420420772,
            -0.5893450826642203,
            0.3220983619236641,
            5.8152899742126465
        ],
        [
            0.6716211589984373,
            -0.6501323918038521,
            0.3553208295512643,
            5.295081615447998
        ],
        [
            -5.230674675537678e-09,
            0.4795834094992303,
            0.8774962981876869,
            23.614622116088867
        ],
        [
            0.0,
            0.0,
            0.0,
            1.0
        ]
    ]
}