{
    "matrix_probe_in_cam_coord": [
        [
            0.18282787407291343,
            -0.9808122267922575,
            -0.06768562799288624,
            -0.5002994568730248
        ],
        [
            0.5860387544289936,
            0.05344461674882536,
            0.8085185534345422,
            0.036372872127081735
        ],
        [
            -0.7893874503495049,
            -0.1874861293946399,
            0.5845651413788917,
            -7.285496156613943
        ],
        [
            0.0,
            0.0,
            0.0,
            1.0
        ]
    ],
    "matrix_probe_in_world_coord": [
        [
            -0.7161172399285308,
            0.5256907634437848,
            0.45915718431386143,
            0.0
        ],
        [
            -0.41121815161245545,
            -0.8493069190139297,
            0.33102475602211606,
            0.0
        ],
        [
            0.5639820302647756,
            0.048238765997447475,
            0.8243769107595537,
            16.20972442626953
        ],
        [
            0.0,
            0.0,
            0.0,
            1.0
        ]
    ],
    "intrinsic_matrix_camera": [
        [
            1.3888888888888888,
            0.0,
            -0.5
        ],
        [
            0.0,
            -1.3888888888888888,
            -0.5
        ],
        [
            0.0,
            0.0,
            -1.0
        ]
    ],
    "extrinsic_matrix_camera": [
        [
            -0.6776084632282457,
            -0.020340011471673903,
            0.7351415200454858,
            5.017603397369385
        ],
        [
            0.7354228515360773,
            -0.018740999268358087,
            0.6773492484567828,
            5.303438663482666
        ],
        [
            -4.794628535168098e-09,
            0.9996174562700252,
            0.027657568950368736,
            16.37486457824707
        ],
        [
            0.0,
            0.0,
            0.0,
            1.0
        ]
    ]
}