{
    "matrix_probe_in_cam_coord": [
        [
            0.8538405013581085,
            -0.5148219508214291,
            -0.0769074586301708,
            -0.24452575639163102
        ],
        [
            0.24804258233994866,
            0.272508254992982,
            0.9296311786438799,
            0.804365462941806
        ],
        [
            -0.45763661958661406,
            -0.8128330762912501,
            0.3603763511944684,
            -14.799519401995779
        ],
        [
            0.0,
            0.0,
            0.0,
            1.0
        ]
    ],
    "matrix_probe_in_world_coord": [
        [
            -0.8425595276023292,
            -0.025993766063685697,
            -0.5379756189385966,
            0.0
        ],
        [
            0.3932663615327076,
            -0.7121709378945926,
            -0.5815102098030283,
            0.0
        ],
        [
            -0.3680149607466596,
            -0.7015246819208591,
            0.6102688828069739,
            15.38352108001709
        ],
        [
            0.0,
            0.0,
            0.0,
            1.0
        ]
    ],
    "intrinsic_matrix_camera": [
        [
            1.3888888888888888,
            0.0,
            -0.5
        ],
        [
            0.0,
            -1.3888888888888888,
            -0.5
        ],
        [
            0.0,
            0.0,
            -1.0
        ]
    ],
    "extrinsic_matrix_camera": [
        [
            -0.6646549504603608,
            -0.7161930655478784,
            0.212840996261688,
            3.563500165939331
        ],
        [
            0.7471504512670359,
            -0.6371156774130015,
            0.18934047841398605,
            3.497319459915161
        ],
        [
            -2.1530910973203505e-09,
            0.28487033270543466,
            0.9585660611268768,
            29.3406982421875
        ],
        [
            0.0,
            0.0,
            0.0,
            1.0
        ]
    ]
}