{
    "matrix_probe_in_cam_coord": [
        [
            -0.9574806573409187,
            -0.2030418217032638,
            -0.20495074885792122,
            -0.024697102463878153
        ],
        [
            -0.09677573755951485,
            0.8952922653313752,
            -0.4348404491967447,
            0.7695167496199282
        ],
        [
            0.2717816171815423,
            -0.3965170592512191,
            -0.8768745487724858,
            -9.994972924256146
        ],
        [
            0.0,
            0.0,
            0.0,
            1.0
        ]
    ],
    "matrix_probe_in_world_coord": [
        [
            0.7577650281229076,
            0.3919814559940257,
            0.5216729821551933,
            0.0
        ],
        [
            0.6495380564105434,
            -0.3766747595434896,
            -0.6604668339873455,
            0.0
        ],
        [
            -0.06238970610848155,
            0.839325123941645,
            -0.5400378328339963,
            18.4200496673584
        ],
        [
            0.0,
            0.0,
            0.0,
            1.0
        ]
    ],
    "intrinsic_matrix_camera": [
        [
            1.3888888888888888,
            0.0,
            -0.5
        ],
        [
            0.0,
            -1.3888888888888888,
            -0.5
        ],
        [
            0.0,
            0.0,
            -1.0
        ]
    ],
    "extrinsic_matrix_camera": [
        [
            -0.9120512544876574,
            0.050760182317211466,
            -0.4069224902590336,
            -4.128765106201172
        ],
        [
            -0.410076223631034,
            -0.11289582847633686,
            0.905037028372404,
            9.122568130493164
        ],
        [
            -7.099437212860121e-09,
            0.9923093952007934,
            0.12378232586373128,
            18.893651962280273
        ],
        [
            0.0,
            0.0,
            0.0,
            1.0
        ]
    ]
}