{
    "matrix_probe_in_cam_coord": [
        [
            -0.02079018474936621,
            0.6331496575614697,
            0.7737501401278587,
            -0.061544003877464816
        ],
        [
            -0.8393844607089208,
            0.40938284166712835,
            -0.3575463831014672,
            1.4256123859576917
        ],
        [
            -0.5431404011289176,
            -0.6569072994558218,
            0.522944838948792,
            -10.628544442292243
        ],
        [
            0.0,
            0.0,
            0.0,
            1.0
        ]
    ],
    "matrix_probe_in_world_coord": [
        [
            0.0071552062742001295,
            0.726130165969696,
            0.6875200252298076,
            0.0
        ],
        [
            0.2151963996829662,
            0.6703101938704389,
            -0.710193462062883,
            0.0
        ],
        [
            -0.9765445778799157,
            0.15303341485504493,
            -0.15146438971303128,
            9.512447357177734
        ],
        [
            0.0,
            0.0,
            0.0,
            1.0
        ]
    ],
    "intrinsic_matrix_camera": [
        [
            1.3888888888888888,
            0.0,
            -0.5
        ],
        [
            0.0,
            -1.3888888888888888,
            -0.5
        ],
        [
            0.0,
            0.0,
            -1.0
        ]
    ],
    "extrinsic_matrix_camera": [
        [
            0.9915690237306781,
            0.045438963474420016,
            -0.12135143911861876,
            -1.2935423851013184
        ],
        [
            -0.12957959398682148,
            0.3477080817336289,
            -0.9286055237394027,
            -10.373396873474121
        ],
        [
            3.636210796983136e-09,
            0.9365011428159019,
            0.35066452558607863,
            11.904413223266602
        ],
        [
            0.0,
            0.0,
            0.0,
            1.0
        ]
    ]
}