{
    "matrix_probe_in_cam_coord": [
        [
            0.9257895107532336,
            0.3573558477668793,
            -0.12333117953746775,
            1.6906325131673652
        ],
        [
            -0.05949349346482924,
            0.45989738057687707,
            0.8859768188693637,
            0.34017482867573534
        ],
        [
            0.3733286836216023,
            -0.8128906429559526,
            0.4470285187546981,
            -11.909249821982726
        ],
        [
            0.0,
            0.0,
            0.0,
            1.0
        ]
    ],
    "matrix_probe_in_world_coord": [
        [
            0.9492885919357099,
            0.2884952234038288,
            -0.12498670046805865,
            0.0
        ],
        [
            -0.2885313541727322,
            0.9572972420161752,
            0.018211207743425585,
            0.0
        ],
        [
            0.12490327009316743,
            0.01877489018342545,
            0.991991268418545,
            10.203433990478516
        ],
        [
            0.0,
            0.0,
            0.0,
            1.0
        ]
    ],
    "intrinsic_matrix_camera": [
        [
            1.3888888888888888,
            0.0,
            -0.5
        ],
        [
            0.0,
            -1.3888888888888888,
            -0.5
        ],
        [
            0.0,
            0.0,
            -1.0
        ]
    ],
    "extrinsic_matrix_camera": [
        [
            0.9973516334231795,
            -0.0345336163698709,
            0.06400897318763,
            -0.9121087789535522
        ],
        [
            0.07273045653724546,
            0.4735589401748708,
            -0.8777540719770757,
            -10.737445831298828
        ],
        [
            8.843325936017301e-10,
            0.8800848592725999,
            0.47481642819001985,
            15.558758735656738
        ],
        [
            0.0,
            0.0,
            0.0,
            1.0
        ]
    ]
}