{
    "matrix_probe_in_cam_coord": [
        [
            -0.16277747057713216,
            -0.43839432725915617,
            -0.8839196280768419,
            0.6960041748421842
        ],
        [
            0.3281742419967289,
            -0.8689173199145321,
            0.37051903870438074,
            -1.2804720224438348
        ],
        [
            -0.930486518957896,
            -0.2297675020091787,
            0.28530988952028763,
            -10.463315500854941
        ],
        [
            0.0,
            0.0,
            0.0,
            1.0
        ]
    ],
    "matrix_probe_in_world_coord": [
        [
            -0.5036619179052358,
            0.27984458747114505,
            0.817319814586141,
            0.0
        ],
        [
            -0.846669254737768,
            -0.3479147328692103,
            -0.40262452947422167,
            0.0
        ],
        [
            0.1716853096039723,
            -0.8947862010087384,
            0.4121672099409868,
            15.056879043579102
        ],
        [
            0.0,
            0.0,
            0.0,
            1.0
        ]
    ],
    "intrinsic_matrix_camera": [
        [
            1.3888888888888888,
            0.0,
            -0.5
        ],
        [
            0.0,
            -1.3888888888888888,
            -0.5
        ],
        [
            0.0,
            0.0,
            -1.0
        ]
    ],
    "extrinsic_matrix_camera": [
        [
            -0.7631424931677028,
            -0.10561812505468515,
            0.6375408589115806,
            7.066700458526611
        ],
        [
            0.6462302493088534,
            -0.12472595727160002,
            0.7528810666107231,
            7.2681450843811035
        ],
        [
            7.282908875745693e-09,
            0.9865537224310779,
            0.16343730528060002,
            18.030229568481445
        ],
        [
            0.0,
            0.0,
            0.0,
            1.0
        ]
    ]
}