{
    "matrix_probe_in_cam_coord": [
        [
            -0.7249428190956426,
            0.6831958464889963,
            -0.08775730386609745,
            -1.3979832276053528
        ],
        [
            0.5289983096189333,
            0.6338093380125857,
            0.5643106515637989,
            0.5680999222322294
        ],
        [
            0.441156091947027,
            0.3626694891884785,
            -0.820884976199342,
            -14.562202280713613
        ],
        [
            0.0,
            0.0,
            0.0,
            1.0
        ]
    ],
    "matrix_probe_in_world_coord": [
        [
            0.2096502307836665,
            0.3796573997227333,
            0.9010588435657951,
            0.0
        ],
        [
            0.7311737113286163,
            -0.672713251722972,
            0.11332204030215225,
            0.0
        ],
        [
            0.6491777758012767,
            0.6350725468732513,
            -0.4186299984635947,
            11.841065406799316
        ],
        [
            0.0,
            0.0,
            0.0,
            1.0
        ]
    ],
    "intrinsic_matrix_camera": [
        [
            1.3888888888888888,
            0.0,
            -0.5
        ],
        [
            0.0,
            -1.3888888888888888,
            -0.5
        ],
        [
            0.0,
            0.0,
            -1.0
        ]
    ],
    "extrinsic_matrix_camera": [
        [
            0.028321434514982948,
            0.860012125995561,
            -0.50948703564233,
            -7.8682332038879395
        ],
        [
            -0.9995988677199537,
            0.024366550983255776,
            -0.014435194704847663,
            -1.6214733123779297
        ],
        [
            -6.579891955440047e-10,
            0.5096914893676132,
            0.8603572430486212,
            24.0802059173584
        ],
        [
            0.0,
            0.0,
            0.0,
            1.0
        ]
    ]
}