{
    "matrix_probe_in_cam_coord": [
        [
            0.5208795778710661,
            0.2229599948414208,
            -0.8239983653243335,
            0.9866932784182704
        ],
        [
            0.8505444454273128,
            -0.21755855881104388,
            0.47879266895056616,
            0.10380402223989726
        ],
        [
            -0.07251628582328964,
            -0.9502405559585295,
            -0.3029591954406069,
            -10.255179274302762
        ],
        [
            0.0,
            0.0,
            0.0,
            1.0
        ]
    ],
    "matrix_probe_in_world_coord": [
        [
            0.5670042681297613,
            0.8055464338639157,
            0.1720497102925836,
            0.0
        ],
        [
            -0.35208338089320457,
            0.048182400785749153,
            0.9347276336737521,
            0.0
        ],
        [
            0.7446767438435582,
            -0.5905704015133587,
            0.31093913879553015,
            10.217215538024902
        ],
        [
            0.0,
            0.0,
            0.0,
            1.0
        ]
    ],
    "intrinsic_matrix_camera": [
        [
            1.3888888888888888,
            0.0,
            -0.5
        ],
        [
            0.0,
            -1.3888888888888888,
            -0.5
        ],
        [
            0.0,
            0.0,
            -1.0
        ]
    ],
    "extrinsic_matrix_camera": [
        [
            0.33317689253773236,
            0.3893849495676957,
            -0.8587039765420115,
            -9.175326347351074
        ],
        [
            -0.9428643371550862,
            0.13759568084751525,
            -0.3034374240814874,
            -2.195770263671875
        ],
        [
            -7.774154659831243e-09,
            0.9107396936898445,
            0.4129808837437008,
            14.357870101928711
        ],
        [
            0.0,
            0.0,
            0.0,
            1.0
        ]
    ]
}