{
    "matrix_probe_in_cam_coord": [
        [
            -0.8538964181431563,
            -0.5094086507317521,
            -0.10660081445253607,
            0.23003051177550377
        ],
        [
            -0.16756237563026885,
            0.07517193082577422,
            0.9829913687764841,
            -0.6969655283608986
        ],
        [
            -0.49273091779938966,
            0.8572350945776667,
            -0.14954676616025606,
            -11.693323834704923
        ],
        [
            0.0,
            0.0,
            0.0,
            1.0
        ]
    ],
    "matrix_probe_in_world_coord": [
        [
            0.9733833745098054,
            0.13296523061911106,
            0.18666829852524744,
            0.0
        ],
        [
            -0.1024760373501929,
            0.9810484958352594,
            -0.16444607197612532,
            0.0
        ],
        [
            -0.2049962633730336,
            0.14094004493323295,
            0.9685620453730944,
            16.620222091674805
        ],
        [
            0.0,
            0.0,
            0.0,
            1.0
        ]
    ],
    "intrinsic_matrix_camera": [
        [
            1.3888888888888888,
            0.0,
            -0.5
        ],
        [
            0.0,
            -1.3888888888888888,
            -0.5
        ],
        [
            0.0,
            0.0,
            -1.0
        ]
    ],
    "extrinsic_matrix_camera": [
        [
            -0.9188012083531992,
            0.030386148760972558,
            -0.3935492618366564,
            -4.369368553161621
        ],
        [
            -0.39472058412084493,
            -0.07073063145249515,
            0.9160746903204073,
            10.753458976745605
        ],
        [
            -5.981132280282424e-09,
            0.9970325269206655,
            0.07698142803425134,
            18.215288162231445
        ],
        [
            0.0,
            0.0,
            0.0,
            1.0
        ]
    ]
}