{
    "matrix_probe_in_cam_coord": [
        [
            -0.9219858943894677,
            -0.3857763203331524,
            -0.033446094197464665,
            -0.5252877399314012
        ],
        [
            0.04985796579658035,
            -0.20392421053332532,
            0.9777162674339558,
            -2.1088102592937688
        ],
        [
            -0.38400025233517726,
            0.8997730530687017,
            0.20724926822053516,
            -9.376803501432192
        ],
        [
            0.0,
            0.0,
            0.0,
            1.0
        ]
    ],
    "matrix_probe_in_world_coord": [
        [
            0.9461580993036958,
            0.2076580813106905,
            0.2483203020060591,
            0.0
        ],
        [
            0.046706726504413223,
            0.6715143930756892,
            -0.7395180197881799,
            0.0
        ],
        [
            -0.3203175499738653,
            0.7112991924349075,
            0.6256597525973593,
            14.867451667785645
        ],
        [
            0.0,
            0.0,
            0.0,
            1.0
        ]
    ],
    "intrinsic_matrix_camera": [
        [
            1.3888888888888888,
            0.0,
            -0.5
        ],
        [
            0.0,
            -1.3888888888888888,
            -0.5
        ],
        [
            0.0,
            0.0,
            -1.0
        ]
    ],
    "extrinsic_matrix_camera": [
        [
            -0.9607593361278756,
            0.24761380666653043,
            -0.12501560219122423,
            -1.1547513008117676
        ],
        [
            -0.2773833052711073,
            -0.8576481381046477,
            0.43301059243684487,
            2.1059319972991943
        ],
        [
            2.666881922807922e-09,
            0.4506962102722208,
            0.8926773919206528,
            24.188344955444336
        ],
        [
            0.0,
            0.0,
            0.0,
            1.0
        ]
    ]
}