{
    "matrix_probe_in_cam_coord": [
        [
            0.9214229695744176,
            0.10866904389152485,
            0.37305596100365956,
            1.3455438539523332
        ],
        [
            -0.2568640301203732,
            0.8907407068865321,
            0.3749691495651354,
            2.0209709593927587
        ],
        [
            -0.2915485914405728,
            -0.4413298448949296,
            0.8486621158235089,
            -12.40125476478999
        ],
        [
            0.0,
            0.0,
            0.0,
            1.0
        ]
    ],
    "matrix_probe_in_world_coord": [
        [
            -0.6970662530121551,
            -0.6680927003482999,
            -0.2602898051267299,
            0.0
        ],
        [
            0.6089267912792261,
            -0.7432721181876948,
            0.27704642424540216,
            0.0
        ],
        [
            -0.37855884849515825,
            0.03462227702064369,
            0.9249294546936678,
            7.670717716217041
        ],
        [
            0.0,
            0.0,
            0.0,
            1.0
        ]
    ],
    "intrinsic_matrix_camera": [
        [
            1.3888888888888888,
            0.0,
            -0.5
        ],
        [
            0.0,
            -1.3888888888888888,
            -0.5
        ],
        [
            0.0,
            0.0,
            -1.0
        ]
    ],
    "extrinsic_matrix_camera": [
        [
            -0.8119965152093364,
            -0.5136467640332117,
            0.2771798352804624,
            5.568019866943359
        ],
        [
            0.5836622818787369,
            -0.7145902595304466,
            0.3856152249280558,
            5.4409356117248535
        ],
        [
            -2.016562855368882e-09,
            0.4748976340038127,
            0.8800410429165114,
            17.624576568603516
        ],
        [
            0.0,
            0.0,
            0.0,
            1.0
        ]
    ]
}