{
    "matrix_probe_in_cam_coord": [
        [
            -0.5312082019240074,
            0.5883267219717109,
            0.6096634435675836,
            1.3919813395240273
        ],
        [
            0.5957995968411938,
            0.7710035541049614,
            -0.2248918850501038,
            0.10893978345634459
        ],
        [
            -0.6023625873280429,
            0.24377282000161402,
            -0.7600882354147621,
            -14.175172837285531
        ],
        [
            0.0,
            0.0,
            0.0,
            1.0
        ]
    ],
    "matrix_probe_in_world_coord": [
        [
            0.7126086818250489,
            0.43190785280326704,
            0.5528512216450623,
            0.0
        ],
        [
            0.6986922287686553,
            -0.5081149367026467,
            -0.5036351661251965,
            0.0
        ],
        [
            0.06338798029481137,
            0.7451676440818782,
            -0.6638577755570901,
            12.627806663513184
        ],
        [
            0.0,
            0.0,
            0.0,
            1.0
        ]
    ],
    "intrinsic_matrix_camera": [
        [
            1.3888888888888888,
            0.0,
            -0.5
        ],
        [
            0.0,
            -1.3888888888888888,
            -0.5
        ],
        [
            0.0,
            0.0,
            -1.0
        ]
    ],
    "extrinsic_matrix_camera": [
        [
            0.2126125342545391,
            0.6332427015060491,
            -0.7441771235849589,
            -10.913777351379395
        ],
        [
            -0.9771365873192256,
            0.13778558801229948,
            -0.1619235049591086,
            -0.9501481056213379
        ],
        [
            4.840821187444951e-09,
            0.7615896616455777,
            0.6480595553454747,
            21.7311954498291
        ],
        [
            0.0,
            0.0,
            0.0,
            1.0
        ]
    ]
}