{
    "matrix_probe_in_cam_coord": [
        [
            0.2655893322592559,
            0.2593223191247164,
            0.9285549210433712,
            -0.7389169756033938
        ],
        [
            -0.46951124222890667,
            -0.8064212843995472,
            0.3595050840920803,
            -1.9384532946062762
        ],
        [
            0.8420341442072001,
            -0.5314476896846608,
            -0.09242214625340063,
            -10.968110198099417
        ],
        [
            0.0,
            0.0,
            0.0,
            1.0
        ]
    ],
    "matrix_probe_in_world_coord": [
        [
            0.39680639999301176,
            -0.6430662234962634,
            -0.6549889412217886,
            0.0
        ],
        [
            0.7152833827881958,
            -0.2305664724491042,
            0.6597035577359364,
            0.0
        ],
        [
            -0.5752515651709792,
            -0.7302772993737586,
            0.3684843318076203,
            13.457643508911133
        ],
        [
            0.0,
            0.0,
            0.0,
            1.0
        ]
    ],
    "intrinsic_matrix_camera": [
        [
            1.3888888888888888,
            0.0,
            -0.5
        ],
        [
            0.0,
            -1.3888888888888888,
            -0.5
        ],
        [
            0.0,
            0.0,
            -1.0
        ]
    ],
    "extrinsic_matrix_camera": [
        [
            -0.6695670822179602,
            0.09680536972740185,
            0.7364160799453446,
            7.769990921020508
        ],
        [
            0.7427515886284753,
            0.08726690425300135,
            0.6638558314965483,
            7.99923849105835
        ],
        [
            5.76747541641268e-08,
            0.9914702253794808,
            -0.13033338860767085,
            13.950051307678223
        ],
        [
            0.0,
            0.0,
            0.0,
            1.0
        ]
    ]
}