{
    "matrix_probe_in_cam_coord": [
        [
            0.9550465728776559,
            -0.2843955322202813,
            0.08369722150577869,
            0.46474935586116073
        ],
        [
            0.05143391619877465,
            0.43700056292188993,
            0.8979894544316258,
            -0.26962911939099854
        ],
        [
            -0.2919599217343055,
            -0.8533168750582016,
            0.43198346593568127,
            -11.240971690988161
        ],
        [
            0.0,
            0.0,
            0.0,
            1.0
        ]
    ],
    "matrix_probe_in_world_coord": [
        [
            0.9893787772343984,
            -0.13941648914782367,
            0.04114216464725086,
            0.0
        ],
        [
            0.14536021664924448,
            0.949323279260564,
            -0.2786677571403876,
            0.0
        ],
        [
            -0.00020633431959501364,
            0.28168839878075225,
            0.9595059163019708,
            18.135744094848633
        ],
        [
            0.0,
            0.0,
            0.0,
            1.0
        ]
    ],
    "intrinsic_matrix_camera": [
        [
            1.3888888888888888,
            0.0,
            -0.5
        ],
        [
            0.0,
            -1.3888888888888888,
            -0.5
        ],
        [
            0.0,
            0.0,
            -1.0
        ]
    ],
    "extrinsic_matrix_camera": [
        [
            0.9879957219747844,
            0.02690777086464858,
            -0.1521197726353154,
            -2.1618893146514893
        ],
        [
            -0.15448123950669373,
            0.17209054543131247,
            -0.9728927951288513,
            -10.81806468963623
        ],
        [
            -1.7634959656056826e-09,
            0.9847135705575755,
            0.17418146847397697,
            20.359220504760742
        ],
        [
            0.0,
            0.0,
            0.0,
            1.0
        ]
    ]
}