{
    "matrix_probe_in_cam_coord": [
        [
            -0.9770208996479481,
            -0.12858845530587962,
            0.16998579591589985,
            -1.0513752392292168
        ],
        [
            0.18796566428796127,
            -0.1437861824706359,
            0.9715937642756394,
            1.1767226287401513
        ],
        [
            -0.10049413266404934,
            0.9812189067137713,
            0.1646523197757372,
            -10.60356508576313
        ],
        [
            0.0,
            0.0,
            0.0,
            1.0
        ]
    ],
    "matrix_probe_in_world_coord": [
        [
            0.5264850080826287,
            0.847760296644864,
            -0.06415618206258025,
            0.0
        ],
        [
            -0.8318238341398447,
            0.5292443215554251,
            0.16724101488040016,
            0.0
        ],
        [
            0.17573458743549272,
            -0.03468324572398506,
            0.9838264212984561,
            18.37632179260254
        ],
        [
            0.0,
            0.0,
            0.0,
            1.0
        ]
    ],
    "intrinsic_matrix_camera": [
        [
            1.3888888888888888,
            0.0,
            -0.5
        ],
        [
            0.0,
            -1.3888888888888888,
            -0.5
        ],
        [
            0.0,
            0.0,
            -1.0
        ]
    ],
    "extrinsic_matrix_camera": [
        [
            -0.6343046829340973,
            -0.08526885885457047,
            0.7683663129767688,
            7.580867767333984
        ],
        [
            0.773083158015924,
            -0.06996201295644491,
            0.6304345703839601,
            7.579980373382568
        ],
        [
            1.754466483742565e-08,
            0.9938986560272237,
            0.1102971511294744,
            18.37632179260254
        ],
        [
            0.0,
            0.0,
            0.0,
            1.0
        ]
    ]
}