{
    "matrix_probe_in_cam_coord": [
        [
            0.3310628987228959,
            0.9396988025521812,
            0.08581094085949105,
            2.769725835553499
        ],
        [
            -0.34128832313581536,
            0.03446145912620416,
            0.9393267207559024,
            0.014654169166298914
        ],
        [
            0.8797270244685775,
            -0.3402624991339635,
            0.3321171391283092,
            -10.37618285976349
        ],
        [
            0.0,
            0.0,
            0.0,
            1.0
        ]
    ],
    "matrix_probe_in_world_coord": [
        [
            0.9928808447841461,
            -0.11881229080013984,
            0.008442014898339083,
            0.0
        ],
        [
            0.11765469803918191,
            0.989320428047679,
            0.08603756549825572,
            0.0
        ],
        [
            -0.01857417804452454,
            -0.08443180800137308,
            0.9962561265596263,
            17.492877960205078
        ],
        [
            0.0,
            0.0,
            0.0,
            1.0
        ]
    ],
    "intrinsic_matrix_camera": [
        [
            1.3888888888888888,
            0.0,
            -0.5
        ],
        [
            0.0,
            -1.3888888888888888,
            -0.5
        ],
        [
            0.0,
            0.0,
            -1.0
        ]
    ],
    "extrinsic_matrix_camera": [
        [
            0.21778266040848038,
            -0.3350232733221232,
            0.9166952160658057,
            8.913508415222168
        ],
        [
            0.9759972914026985,
            0.07475663515233848,
            -0.2045500737601818,
            -4.826789379119873
        ],
        [
            -1.4543907633356577e-08,
            0.9392395071722812,
            0.34326250620592064,
            21.040868759155273
        ],
        [
            0.0,
            0.0,
            0.0,
            1.0
        ]
    ]
}