{
    "matrix_probe_in_cam_coord": [
        [
            -0.9617994599896055,
            -0.25068228643070073,
            -0.11000086378560617,
            -0.734343670988278
        ],
        [
            0.08967390253527474,
            -0.6681554049058364,
            0.7385979597177422,
            0.2648082285184987
        ],
        [
            -0.2586510969777578,
            0.7005189120680423,
            0.6651111665482761,
            -12.58675292781014
        ],
        [
            0.0,
            0.0,
            0.0,
            1.0
        ]
    ],
    "matrix_probe_in_world_coord": [
        [
            0.9835609398241459,
            -0.16220233361686087,
            0.07936170752628378,
            0.0
        ],
        [
            0.15476063338184518,
            0.983625361547854,
            0.09235959330304401,
            0.0
        ],
        [
            -0.09304312982425386,
            -0.07855922026788544,
            0.9925580209254312,
            14.34328842163086
        ],
        [
            0.0,
            0.0,
            0.0,
            1.0
        ]
    ],
    "intrinsic_matrix_camera": [
        [
            1.3888888888888888,
            0.0,
            -0.5
        ],
        [
            0.0,
            -1.3888888888888888,
            -0.5
        ],
        [
            0.0,
            0.0,
            -1.0
        ]
    ],
    "extrinsic_matrix_camera": [
        [
            -0.9140569853136543,
            0.2551925090083684,
            -0.3152405604381011,
            -4.706664085388184
        ],
        [
            -0.40558578328057093,
            -0.5751200045924865,
            0.7104485574045628,
            8.796697616577148
        ],
        [
            -2.681452556413399e-09,
            0.7772475562287425,
            0.6291949112448764,
            22.056987762451172
        ],
        [
            0.0,
            0.0,
            0.0,
            1.0
        ]
    ]
}