{
    "matrix_probe_in_cam_coord": [
        [
            -0.026336421520764337,
            -0.9991552623231462,
            -0.031546072234831364,
            -0.6006829581228023
        ],
        [
            0.8814388343618459,
            -0.038096730025992044,
            0.4707591958105088,
            2.9725490467852618
        ],
        [
            -0.47156332997839295,
            -0.015407820523722766,
            0.8816975813091459,
            -11.129404165511911
        ],
        [
            0.0,
            0.0,
            0.0,
            1.0
        ]
    ],
    "matrix_probe_in_world_coord": [
        [
            0.9840053217678818,
            -0.16615599427026723,
            -0.06423170790619107,
            0.0
        ],
        [
            0.1678942478123449,
            0.9855448436529329,
            0.0226469137112042,
            0.0
        ],
        [
            0.05954030806112985,
            -0.033068817898055144,
            0.9976780066729,
            15.847030639648438
        ],
        [
            0.0,
            0.0,
            0.0,
            1.0
        ]
    ],
    "intrinsic_matrix_camera": [
        [
            1.3888888888888888,
            0.0,
            -0.5
        ],
        [
            0.0,
            -1.3888888888888888,
            -0.5
        ],
        [
            0.0,
            0.0,
            -1.0
        ]
    ],
    "extrinsic_matrix_camera": [
        [
            0.1421267152062931,
            0.8434328367213956,
            -0.5180936660149098,
            -8.187846183776855
        ],
        [
            -0.9898484716483977,
            0.12110371713689436,
            -0.07439013960840604,
            -1.7824897766113281
        ],
        [
            -1.7694532298474463e-08,
            0.5234070496618541,
            0.8520827778826849,
            23.774351119995117
        ],
        [
            0.0,
            0.0,
            0.0,
            1.0
        ]
    ]
}