{
    "matrix_probe_in_cam_coord": [
        [
            0.4218513732659,
            0.5219606178494746,
            -0.7413491298220217,
            -1.3818661224359494
        ],
        [
            0.46673700413339486,
            -0.8260200505074444,
            -0.3159864635269403,
            -0.7244762433675367
        ],
        [
            -0.7773017353938285,
            -0.2127157482977546,
            -0.592076027702413,
            -12.805247212256504
        ],
        [
            0.0,
            0.0,
            0.0,
            1.0
        ]
    ],
    "matrix_probe_in_world_coord": [
        [
            0.37918254838195475,
            -0.9135683011610964,
            0.14701548937508196,
            0.0
        ],
        [
            -0.6447272947618247,
            -0.146877759419373,
            0.7501690737274126,
            0.0
        ],
        [
            -0.6637373805893909,
            -0.3792359198461731,
            -0.6446959025050191,
            7.616016864776611
        ],
        [
            0.0,
            0.0,
            0.0,
            1.0
        ]
    ],
    "intrinsic_matrix_camera": [
        [
            1.3888888888888888,
            0.0,
            -0.5
        ],
        [
            0.0,
            -1.3888888888888888,
            -0.5
        ],
        [
            0.0,
            0.0,
            -1.0
        ]
    ],
    "extrinsic_matrix_camera": [
        [
            -0.4258778012869253,
            0.885149356347234,
            -0.1874532350456815,
            -2.347621440887451
        ],
        [
            -0.9047806907593763,
            -0.4166373844405571,
            0.08823373229959922,
            -0.4222749173641205
        ],
        [
            5.798750675728751e-09,
            0.20718085540080391,
            0.9783026592805477,
            20.293521881103516
        ],
        [
            0.0,
            0.0,
            0.0,
            1.0
        ]
    ]
}