{
    "matrix_probe_in_cam_coord": [
        [
            -0.3652053629000882,
            0.5068450610977933,
            0.7808541009367808,
            1.6837784988787994
        ],
        [
            0.8089338630960199,
            0.5878906390023638,
            -0.003256026710715025,
            -1.4456698097143565
        ],
        [
            -0.46070711742446896,
            0.630470205968661,
            -0.6247049474273995,
            -13.381930947803605
        ],
        [
            0.0,
            0.0,
            0.0,
            1.0
        ]
    ],
    "matrix_probe_in_world_coord": [
        [
            -0.42621432570081247,
            0.513616279626486,
            0.7446742011578277,
            0.0
        ],
        [
            0.8415851360932798,
            -0.07678172495107399,
            0.5346391544026615,
            0.0
        ],
        [
            0.33177674311840655,
            0.854577605613548,
            -0.3995263554630131,
            5.299954414367676
        ],
        [
            0.0,
            0.0,
            0.0,
            1.0
        ]
    ],
    "intrinsic_matrix_camera": [
        [
            1.3888888888888888,
            0.0,
            -0.5
        ],
        [
            0.0,
            -1.3888888888888888,
            -0.5
        ],
        [
            0.0,
            0.0,
            -1.0
        ]
    ],
    "extrinsic_matrix_camera": [
        [
            0.9974615359548011,
            -0.04525367725414218,
            0.054978077318761656,
            -1.0092133283615112
        ],
        [
            0.0712073331244037,
            0.6339066585516073,
            -0.7701245769050918,
            -9.509231567382812
        ],
        [
            -2.3798229606872115e-10,
            0.7720844856224702,
            0.6355199029622017,
            14.92061710357666
        ],
        [
            0.0,
            0.0,
            0.0,
            1.0
        ]
    ]
}