{
    "matrix_probe_in_cam_coord": [
        [
            -0.03513621313260893,
            -0.8068279575046468,
            -0.5897407002366206,
            -1.532560797810488
        ],
        [
            0.9993273906964818,
            -0.03456371273566159,
            -0.012252182078624156,
            0.7456574655277075
        ],
        [
            -0.010498225110035057,
            -0.5897745304358324,
            0.8074997154914252,
            -12.540905559007575
        ],
        [
            0.0,
            0.0,
            0.0,
            1.0
        ]
    ],
    "matrix_probe_in_world_coord": [
        [
            0.31875042037765955,
            0.8470071144767634,
            0.4254140542281281,
            0.0
        ],
        [
            -0.817416212464262,
            0.01843979995926939,
            0.5757522986302729,
            0.0
        ],
        [
            0.4798217430563626,
            -0.5312616321580259,
            0.6982350414345764,
            17.403488159179688
        ],
        [
            0.0,
            0.0,
            0.0,
            1.0
        ]
    ],
    "intrinsic_matrix_camera": [
        [
            1.3888888888888888,
            0.0,
            -0.5
        ],
        [
            0.0,
            -1.3888888888888888,
            -0.5
        ],
        [
            0.0,
            0.0,
            -1.0
        ]
    ],
    "extrinsic_matrix_camera": [
        [
            -0.9454726851026858,
            0.2840480648383681,
            -0.15936780912811815,
            -3.6594135761260986
        ],
        [
            -0.3257013996357984,
            -0.8245579806586119,
            0.4626259123822127,
            5.917428493499756
        ],
        [
            -3.720416223382475e-09,
            0.48930648206800925,
            0.8721119002778424,
            27.975706100463867
        ],
        [
            0.0,
            0.0,
            0.0,
            1.0
        ]
    ]
}