{
    "matrix_probe_in_cam_coord": [
        [
            -0.2063490323151292,
            0.4112054033368406,
            0.8878796050868584,
            -1.1307533829655756
        ],
        [
            -0.5705894993912302,
            0.6865844166298418,
            -0.4505879071008512,
            0.7153951868828514
        ],
        [
            -0.7948884827742035,
            -0.5995931579893538,
            0.09295345526272143,
            -13.921677494832633
        ],
        [
            0.0,
            0.0,
            0.0,
            1.0
        ]
    ],
    "matrix_probe_in_world_coord": [
        [
            -0.09884157885315634,
            0.9022188668889236,
            -0.41979930743092225,
            0.0
        ],
        [
            0.20454008354477607,
            -0.3944369807382814,
            -0.8958698691492891,
            0.0
        ],
        [
            -0.9738550695628746,
            -0.17441497772764628,
            -0.1455531484748899,
            14.534367561340332
        ],
        [
            0.0,
            0.0,
            0.0,
            1.0
        ]
    ],
    "intrinsic_matrix_camera": [
        [
            1.3888888888888888,
            0.0,
            -0.5
        ],
        [
            0.0,
            -1.3888888888888888,
            -0.5
        ],
        [
            0.0,
            0.0,
            -1.0
        ]
    ],
    "extrinsic_matrix_camera": [
        [
            0.018661893908511536,
            0.8650038727299157,
            -0.5014180230885155,
            -7.5782976150512695
        ],
        [
            -0.9998258516940575,
            0.0161454211820084,
            -0.009359041569952403,
            -1.2724003791809082
        ],
        [
            -2.032035003134243e-09,
            0.5015053594300893,
            0.865154537908053,
            26.219995498657227
        ],
        [
            0.0,
            0.0,
            0.0,
            1.0
        ]
    ]
}