{
    "matrix_probe_in_cam_coord": [
        [
            0.8139065862161676,
            0.5546018179682297,
            0.17312681022960655,
            0.5868013245931302
        ],
        [
            -0.5796631610686281,
            0.7549791388534884,
            0.3065894968781069,
            -1.4258081031827987
        ],
        [
            0.0393279622389633,
            -0.34989044485721466,
            0.9359647365065369,
            -13.906948228820816
        ],
        [
            0.0,
            0.0,
            0.0,
            1.0
        ]
    ],
    "matrix_probe_in_world_coord": [
        [
            0.9220459822436066,
            0.3587641578168186,
            0.14532544751147858,
            0.0
        ],
        [
            -0.37818010012757425,
            0.9149923655490002,
            0.14060150374211036,
            0.0
        ],
        [
            -0.08252889491517837,
            -0.18460024391379778,
            0.9793424995633784,
            5.756520748138428
        ],
        [
            0.0,
            0.0,
            0.0,
            1.0
        ]
    ],
    "intrinsic_matrix_camera": [
        [
            1.3888888888888888,
            0.0,
            -0.5
        ],
        [
            0.0,
            -1.3888888888888888,
            -0.5
        ],
        [
            0.0,
            0.0,
            -1.0
        ]
    ],
    "extrinsic_matrix_camera": [
        [
            0.9745902830621284,
            -0.2190613779617886,
            0.04675353298268937,
            -0.23403139412403107
        ],
        [
            0.22399504494716174,
            0.9531241647854994,
            -0.2034220891178323,
            -1.601448893547058
        ],
        [
            1.075120993379061e-09,
            0.20872575113633374,
            0.9779742127543923,
            19.654760360717773
        ],
        [
            0.0,
            0.0,
            0.0,
            1.0
        ]
    ]
}