{
    "matrix_probe_in_cam_coord": [
        [
            -0.19527697983324432,
            0.10803056074225606,
            0.9747801285894788,
            -0.05048118687041897
        ],
        [
            0.02809375324093727,
            0.9941231415016379,
            -0.10454626038147614,
            -0.5545426682310661
        ],
        [
            -0.9803456748392602,
            0.006969754416607061,
            -0.1971643485707498,
            -11.18526041979075
        ],
        [
            0.0,
            0.0,
            0.0,
            1.0
        ]
    ],
    "matrix_probe_in_world_coord": [
        [
            -0.4793793969698002,
            -0.41237914898253786,
            -0.7746862792416739,
            0.0
        ],
        [
            -0.7537651573454228,
            -0.25863328184693235,
            0.6041083620453499,
            0.0
        ],
        [
            -0.44948134703555936,
            0.8735286274676538,
            -0.18685356743069137,
            4.2746782302856445
        ],
        [
            0.0,
            0.0,
            0.0,
            1.0
        ]
    ],
    "intrinsic_matrix_camera": [
        [
            1.3888888888888888,
            0.0,
            -0.5
        ],
        [
            0.0,
            -1.3888888888888888,
            -0.5
        ],
        [
            0.0,
            0.0,
            -1.0
        ]
    ],
    "extrinsic_matrix_camera": [
        [
            -0.7060865807641569,
            -0.3424326680999944,
            0.6198238526248411,
            6.707353591918945
        ],
        [
            0.7081255118019556,
            -0.3414466930956496,
            0.6180391697208709,
            6.759329319000244
        ],
        [
            2.902734163465369e-09,
            0.8753022469935539,
            0.48357623639715347,
            10.168996810913086
        ],
        [
            0.0,
            0.0,
            0.0,
            1.0
        ]
    ]
}