{
    "matrix_probe_in_cam_coord": [
        [
            -0.1864343049197605,
            -0.949303897020283,
            -0.2531093855454388,
            -0.44689306427849523
        ],
        [
            -0.36131227238679686,
            -0.17332325601680182,
            0.9161945703541486,
            1.0542586612138312
        ],
        [
            -0.9136168188971645,
            0.26226162514908236,
            -0.31068174745611804,
            -7.768188677616166
        ],
        [
            0.0,
            0.0,
            0.0,
            1.0
        ]
    ],
    "matrix_probe_in_world_coord": [
        [
            0.4649920138971878,
            0.7717706474961725,
            0.4337654834990635,
            0.0
        ],
        [
            -0.6642106593943747,
            0.6280539689042753,
            -0.4054286769463619,
            0.0
        ],
        [
            -0.585326086005679,
            -0.0995905608324716,
            0.8046583705115771,
            9.46841049194336
        ],
        [
            0.0,
            0.0,
            0.0,
            1.0
        ]
    ],
    "intrinsic_matrix_camera": [
        [
            1.3888888888888888,
            0.0,
            -0.5
        ],
        [
            0.0,
            -1.3888888888888888,
            -0.5
        ],
        [
            0.0,
            0.0,
            -1.0
        ]
    ],
    "extrinsic_matrix_camera": [
        [
            -0.9291254611774138,
            0.09564045808374612,
            -0.35718171869426607,
            -3.2907044887542725
        ],
        [
            -0.3697646243110046,
            -0.24032044863957303,
            0.8975077741021615,
            7.060124397277832
        ],
        [
            -1.6233605746508597e-08,
            0.9659704885467288,
            0.25865230572487496,
            10.459287643432617
        ],
        [
            0.0,
            0.0,
            0.0,
            1.0
        ]
    ]
}