{
    "matrix_probe_in_cam_coord": [
        [
            0.9700445043620723,
            -0.21866549943695907,
            -0.10582560613068653,
            0.7201222990196376
        ],
        [
            0.24292665312559572,
            0.8721779969691061,
            0.42460826982544164,
            -0.6518180803558522
        ],
        [
            -0.0005484142033394853,
            -0.4375967789631728,
            0.8991711507176585,
            -12.355392919063105
        ],
        [
            0.0,
            0.0,
            0.0,
            1.0
        ]
    ],
    "matrix_probe_in_world_coord": [
        [
            -0.809450157798233,
            0.5172475473610554,
            -0.2779305970730612,
            0.0
        ],
        [
            -0.5388266341192248,
            -0.46620112946256376,
            0.7016568714489844,
            0.0
        ],
        [
            0.2333587375783527,
            0.7177126734542192,
            0.6560733327601685,
            5.124045372009277
        ],
        [
            0.0,
            0.0,
            0.0,
            1.0
        ]
    ],
    "intrinsic_matrix_camera": [
        [
            1.3888888888888888,
            0.0,
            -0.5
        ],
        [
            0.0,
            -1.3888888888888888,
            -0.5
        ],
        [
            0.0,
            0.0,
            -1.0
        ]
    ],
    "extrinsic_matrix_camera": [
        [
            -0.8688946965059148,
            0.13648328213389344,
            -0.47580912147819715,
            -5.164135932922363
        ],
        [
            -0.4949969761361111,
            -0.2395764079238212,
            0.8352132292908347,
            10.519685745239258
        ],
        [
            2.6341256664919934e-09,
            0.9612364217320724,
            0.27572548220235493,
            9.157293319702148
        ],
        [
            0.0,
            0.0,
            0.0,
            1.0
        ]
    ]
}