{
    "matrix_probe_in_cam_coord": [
        [
            0.9036257415085569,
            0.40920101135317066,
            -0.12655058905691688,
            0.3417546882305195
        ],
        [
            -0.02923978468633682,
            0.3536995533131108,
            0.9349019526012352,
            -1.0337836048258433
        ],
        [
            0.42732371134142205,
            -0.8411011581811356,
            0.33157697059920327,
            -12.458751501625397
        ],
        [
            0.0,
            0.0,
            0.0,
            1.0
        ]
    ],
    "matrix_probe_in_world_coord": [
        [
            0.8152463272798828,
            0.5761899789223601,
            -0.05812515846096481,
            0.0
        ],
        [
            -0.5243849392061294,
            0.7770658513129788,
            0.3481222461392253,
            0.0
        ],
        [
            0.2457516254075363,
            -0.25332542492352716,
            0.9356454284059044,
            7.758533477783203
        ],
        [
            0.0,
            0.0,
            0.0,
            1.0
        ]
    ],
    "intrinsic_matrix_camera": [
        [
            1.3888888888888888,
            0.0,
            -0.5
        ],
        [
            0.0,
            -1.3888888888888888,
            -0.5
        ],
        [
            0.0,
            0.0,
            -1.0
        ]
    ],
    "extrinsic_matrix_camera": [
        [
            0.9798108621492656,
            0.12561918695192675,
            -0.15553293633134346,
            -2.142738103866577
        ],
        [
            -0.19992667259351074,
            0.6156409148789077,
            -0.7622437861424315,
            -8.791840553283691
        ],
        [
            -5.4575393871872655e-09,
            0.7779499237075601,
            0.628326281643066,
            16.390926361083984
        ],
        [
            0.0,
            0.0,
            0.0,
            1.0
        ]
    ]
}