{
    "matrix_probe_in_cam_coord": [
        [
            0.371700824383889,
            -0.3919550839605942,
            -0.8415519647114973,
            -0.9379427169178255
        ],
        [
            0.7080458990716542,
            0.7059833037816742,
            -0.01608041011061923,
            -1.8726601104457323
        ],
        [
            0.6004244348460103,
            -0.5898803157751209,
            0.5399367658354944,
            -15.029310625535429
        ],
        [
            0.0,
            0.0,
            0.0,
            1.0
        ]
    ],
    "matrix_probe_in_world_coord": [
        [
            0.6784365803863222,
            0.38057295846203804,
            -0.6284011693823982,
            0.0
        ],
        [
            0.07349084565965236,
            0.8159172028369712,
            0.5734790438358861,
            0.0
        ],
        [
            0.730973940710572,
            -0.4352508947746632,
            0.525579448418517,
            11.451906204223633
        ],
        [
            0.0,
            0.0,
            0.0,
            1.0
        ]
    ],
    "intrinsic_matrix_camera": [
        [
            1.3888888888888888,
            0.0,
            -0.5
        ],
        [
            0.0,
            -1.3888888888888888,
            -0.5
        ],
        [
            0.0,
            0.0,
            -1.0
        ]
    ],
    "extrinsic_matrix_camera": [
        [
            0.631840169055422,
            0.7591473415853889,
            -0.1564394915993163,
            -0.33692288398742676
        ],
        [
            -0.7750987038874569,
            0.6188370361450451,
            -0.12752537758109364,
            -1.4847452640533447
        ],
        [
            -5.8001600022728415e-11,
            0.20183170330513753,
            0.9794202180580851,
            26.54987907409668
        ],
        [
            0.0,
            0.0,
            0.0,
            1.0
        ]
    ]
}