{
    "matrix_probe_in_cam_coord": [
        [
            0.38662806844114284,
            -0.5263662327597555,
            -0.7572696519099215,
            1.6075966394705485
        ],
        [
            -0.9145554988676703,
            -0.11307956961683249,
            -0.3883313667812307,
            -0.20851054904348792
        ],
        [
            0.11877279227322074,
            0.8427049305335615,
            -0.5251108681698059,
            -12.904570161505852
        ],
        [
            0.0,
            0.0,
            0.0,
            1.0
        ]
    ],
    "matrix_probe_in_world_coord": [
        [
            0.4381184246251844,
            -0.517680437270502,
            -0.7348872096256461,
            0.0
        ],
        [
            -0.8942345537988152,
            -0.167658020203733,
            -0.41501247096153443,
            0.0
        ],
        [
            0.09163410280119708,
            0.8389861459695187,
            -0.5363818025203996,
            16.74640464782715
        ],
        [
            0.0,
            0.0,
            0.0,
            1.0
        ]
    ],
    "intrinsic_matrix_camera": [
        [
            1.3888888888888888,
            0.0,
            -0.5
        ],
        [
            0.0,
            -1.3888888888888888,
            -0.5
        ],
        [
            0.0,
            0.0,
            -1.0
        ]
    ],
    "extrinsic_matrix_camera": [
        [
            0.9983861632270753,
            -0.05676477880662941,
            0.0016819523638649954,
            -1.5951334238052368
        ],
        [
            0.05678969164135225,
            0.9979481853013809,
            -0.029569416243156413,
            -0.264792799949646
        ],
        [
            6.320148853559891e-11,
            0.029617213587968625,
            0.999561314106986,
            29.6514892578125
        ],
        [
            0.0,
            0.0,
            0.0,
            1.0
        ]
    ]
}