{
    "matrix_probe_in_cam_coord": [
        [
            -0.3718045162993787,
            0.8744168549155981,
            0.3116994794652366,
            0.10017274001176076
        ],
        [
            -0.9271313678181617,
            -0.3328517897062155,
            -0.17215432871988623,
            -0.05807128823598484
        ],
        [
            -0.04678491708884913,
            -0.3529941216633552,
            0.934455093412255,
            -14.529608941975017
        ],
        [
            0.0,
            0.0,
            0.0,
            1.0
        ]
    ],
    "matrix_probe_in_world_coord": [
        [
            0.8985539901136173,
            -0.43208248413776235,
            0.07684695018176295,
            0.0
        ],
        [
            0.33945189085731986,
            0.7952606315527581,
            0.50232752432621,
            0.0
        ],
        [
            -0.2781602786960931,
            -0.42528255878139326,
            0.861255829908897,
            9.628116607666016
        ],
        [
            0.0,
            0.0,
            0.0,
            1.0
        ]
    ],
    "intrinsic_matrix_camera": [
        [
            1.3888888888888888,
            0.0,
            -0.5
        ],
        [
            0.0,
            -1.3888888888888888,
            -0.5
        ],
        [
            0.0,
            0.0,
            -1.0
        ]
    ],
    "extrinsic_matrix_camera": [
        [
            -0.6879534841367843,
            -0.7024876968892547,
            0.18229382705755603,
            2.6767778396606445
        ],
        [
            0.7257547820469801,
            -0.6658982781221398,
            0.17279895696997155,
            2.3993308544158936
        ],
        [
            4.243220941822483e-09,
            0.2511782612273606,
            0.9679408458613574,
            23.706504821777344
        ],
        [
            0.0,
            0.0,
            0.0,
            1.0
        ]
    ]
}