{
    "matrix_probe_in_cam_coord": [
        [
            -0.8035006908044129,
            -0.4949329481405286,
            0.33079905792150616,
            0.6513049706621968
        ],
        [
            0.280182860488194,
            0.17587660080522052,
            0.9436975076675015,
            2.33583874419954
        ],
        [
            -0.5252468034795493,
            0.8509458256164874,
            -0.0026452410834584454,
            -10.967021965407737
        ],
        [
            0.0,
            0.0,
            0.0,
            1.0
        ]
    ],
    "matrix_probe_in_world_coord": [
        [
            0.9656142024648319,
            0.25913389737643294,
            0.02094839441835882,
            0.0
        ],
        [
            -0.14230007444778753,
            0.5942472068271537,
            -0.7915939274591994,
            0.0
        ],
        [
            -0.21757734443264298,
            0.7613933808542247,
            0.6106883155759677,
            10.6799898147583
        ],
        [
            0.0,
            0.0,
            0.0,
            1.0
        ]
    ],
    "intrinsic_matrix_camera": [
        [
            1.3888888888888888,
            0.0,
            -0.5
        ],
        [
            0.0,
            -1.3888888888888888,
            -0.5
        ],
        [
            0.0,
            0.0,
            -1.0
        ]
    ],
    "extrinsic_matrix_camera": [
        [
            -0.8971958733841466,
            0.33589308600083956,
            -0.28673227854444855,
            -3.3448431491851807
        ],
        [
            -0.44163283933880937,
            -0.6823810795596831,
            0.5825087960507577,
            8.269956588745117
        ],
        [
            -4.649645921622594e-09,
            0.6492548783303783,
            0.7605709059411924,
            17.5046329498291
        ],
        [
            0.0,
            0.0,
            0.0,
            1.0
        ]
    ]
}