{
    "matrix_probe_in_cam_coord": [
        [
            0.28383494995896125,
            -0.22238691513008238,
            0.9327281389347698,
            -0.8635941239266776
        ],
        [
            0.03904270715525409,
            0.9746072832167797,
            0.22049106675508892,
            1.0131974857615056
        ],
        [
            -0.9580779656164643,
            -0.02616683931493347,
            0.285310196664058,
            -12.072832731881226
        ],
        [
            0.0,
            0.0,
            0.0,
            1.0
        ]
    ],
    "matrix_probe_in_world_coord": [
        [
            0.6820366025030205,
            0.7294036673407022,
            -0.05288064784088037,
            0.0
        ],
        [
            -0.2961233683746797,
            0.20932984712893585,
            -0.9319291635115889,
            0.0
        ],
        [
            -0.6686830516384953,
            0.6512689960154027,
            0.3587640886160691,
            17.68498992919922
        ],
        [
            0.0,
            0.0,
            0.0,
            1.0
        ]
    ],
    "intrinsic_matrix_camera": [
        [
            1.3888888888888888,
            0.0,
            -0.5
        ],
        [
            0.0,
            -1.3888888888888888,
            -0.5
        ],
        [
            0.0,
            0.0,
            -1.0
        ]
    ],
    "extrinsic_matrix_camera": [
        [
            -0.01794727476913205,
            0.7258509714828313,
            -0.6876178171962907,
            -9.052424430847168
        ],
        [
            -0.9998389346931635,
            -0.013029119749612067,
            0.01234288095180302,
            -0.7012404203414917
        ],
        [
            3.724754582770419e-08,
            0.6877285868974623,
            0.7259678992655381,
            25.752674102783203
        ],
        [
            0.0,
            0.0,
            0.0,
            1.0
        ]
    ]
}