{
    "matrix_probe_in_cam_coord": [
        [
            0.5294163108650645,
            0.8468664481035334,
            0.050354631033608814,
            0.6282773353842699
        ],
        [
            -0.361769891595522,
            0.1716748942097562,
            0.9163243291722823,
            0.9790500357096645
        ],
        [
            0.7673597040013175,
            -0.5033338353166558,
            0.39725827228697935,
            -11.981738424664972
        ],
        [
            0.0,
            0.0,
            0.0,
            1.0
        ]
    ],
    "matrix_probe_in_world_coord": [
        [
            0.9868576471908876,
            -0.16105355616980396,
            0.013180903835677792,
            0.0
        ],
        [
            0.16023496770267615,
            0.985858172522688,
            0.04907564360808792,
            0.0
        ],
        [
            -0.020898308692043066,
            -0.04631863248505426,
            0.9987080879709178,
            6.491844177246094
        ],
        [
            0.0,
            0.0,
            0.0,
            1.0
        ]
    ],
    "intrinsic_matrix_camera": [
        [
            1.3888888888888888,
            0.0,
            -0.5
        ],
        [
            0.0,
            -1.3888888888888888,
            -0.5
        ],
        [
            0.0,
            0.0,
            -1.0
        ]
    ],
    "extrinsic_matrix_camera": [
        [
            0.3867314014061473,
            -0.37258625339690365,
            0.8435747192431122,
            10.229297637939453
        ],
        [
            0.922192400297485,
            0.1562481167859262,
            -0.35376221227600724,
            -4.971053600311279
        ],
        [
            -2.3984635051951372e-08,
            0.9147491512871219,
            0.4040222645096302,
            10.437148094177246
        ],
        [
            0.0,
            0.0,
            0.0,
            1.0
        ]
    ]
}