{
    "matrix_probe_in_cam_coord": [
        [
            0.6705216870926769,
            -0.7081689034058457,
            -0.22112772641021766,
            1.4105134927758638
        ],
        [
            0.5669389802633326,
            0.2968616802201275,
            0.768409614382105,
            0.5303237125962443
        ],
        [
            -0.4785194455780903,
            -0.64060123873268,
            0.6005407506054793,
            -10.678894028365308
        ],
        [
            0.0,
            0.0,
            0.0,
            1.0
        ]
    ],
    "matrix_probe_in_world_coord": [
        [
            0.04984746063825678,
            0.8911165681166167,
            0.45102826152690356,
            0.0
        ],
        [
            -0.9840586053839847,
            0.12101012553276139,
            -0.1303273213423522,
            0.0
        ],
        [
            -0.17071582187262208,
            -0.43734175600622544,
            0.8829429747247252,
            12.117321968078613
        ],
        [
            0.0,
            0.0,
            0.0,
            1.0
        ]
    ],
    "intrinsic_matrix_camera": [
        [
            1.3888888888888888,
            0.0,
            -0.5
        ],
        [
            0.0,
            -1.3888888888888888,
            -0.5
        ],
        [
            0.0,
            0.0,
            -1.0
        ]
    ],
    "extrinsic_matrix_camera": [
        [
            -0.6973720934636729,
            0.6393732827013816,
            -0.32384250589716274,
            -2.813701868057251
        ],
        [
            -0.7167092599221073,
            -0.622122679802579,
            0.3151050745658714,
            4.7058281898498535
        ],
        [
            -1.6816805182258524e-09,
            0.4518464082439046,
            0.8920957478640301,
            21.404293060302734
        ],
        [
            0.0,
            0.0,
            0.0,
            1.0
        ]
    ]
}