{
    "matrix_probe_in_cam_coord": [
        [
            -0.26304367182508676,
            0.6314638753270057,
            -0.7294253908863988,
            -2.0932490119409874
        ],
        [
            0.6894475917712447,
            -0.4058402753672642,
            -0.5999630731058823,
            1.4440279956392121
        ],
        [
            -0.6748852086937506,
            -0.6607170688326609,
            -0.3286075319276321,
            -13.586267200104858
        ],
        [
            0.0,
            0.0,
            0.0,
            1.0
        ]
    ],
    "matrix_probe_in_world_coord": [
        [
            -0.7107975221793242,
            0.1694434930055352,
            0.6826827851512121,
            0.0
        ],
        [
            -0.41680985254952596,
            0.6803365722345542,
            -0.6028363752277888,
            0.0
        ],
        [
            -0.5666007671027063,
            -0.7130435128084542,
            -0.4129558324571823,
            4.109615802764893
        ],
        [
            0.0,
            0.0,
            0.0,
            1.0
        ]
    ],
    "intrinsic_matrix_camera": [
        [
            1.3888888888888888,
            0.0,
            -0.5
        ],
        [
            0.0,
            -1.3888888888888888,
            -0.5
        ],
        [
            0.0,
            0.0,
            -1.0
        ]
    ],
    "extrinsic_matrix_camera": [
        [
            -0.2039979225098958,
            -0.9684090954998644,
            0.1434178209455876,
            2.9199042320251465
        ],
        [
            0.978971321138493,
            -0.2017969666232153,
            0.029885391916827347,
            2.746662139892578
        ],
        [
            -4.128302711369851e-09,
            0.14649849151033256,
            0.9892108935839702,
            17.337751388549805
        ],
        [
            0.0,
            0.0,
            0.0,
            1.0
        ]
    ]
}