{
    "matrix_probe_in_cam_coord": [
        [
            0.324245727735495,
            0.9295352504181146,
            -0.17558167978297942,
            -0.011909132162078485
        ],
        [
            -0.8711800268795846,
            0.36575549557564035,
            0.3275183631833548,
            0.035371326180392515
        ],
        [
            0.36865982804119757,
            0.04676682249577358,
            0.9283872012809544,
            -11.468769841847132
        ],
        [
            0.0,
            0.0,
            0.0,
            1.0
        ]
    ],
    "matrix_probe_in_world_coord": [
        [
            0.832961859468845,
            0.29967955760449677,
            0.46515234431761926,
            0.0
        ],
        [
            -0.0731975782891007,
            0.8929307658278652,
            -0.44420351413588893,
            0.0
        ],
        [
            -0.5484675516407647,
            0.3359565599776778,
            0.7657130889603168,
            4.869792461395264
        ],
        [
            0.0,
            0.0,
            0.0,
            1.0
        ]
    ],
    "intrinsic_matrix_camera": [
        [
            1.3888888888888888,
            0.0,
            -0.5
        ],
        [
            0.0,
            -1.3888888888888888,
            -0.5
        ],
        [
            0.0,
            0.0,
            -1.0
        ]
    ],
    "extrinsic_matrix_camera": [
        [
            0.46697480695219407,
            -0.463704355574409,
            0.7529361196630714,
            8.657214164733887
        ],
        [
            0.8842706201564997,
            0.24487779512144564,
            -0.39761832928638785,
            -4.558323860168457
        ],
        [
            1.4295927731559584e-08,
            0.8514770320318577,
            0.5243918991767688,
            10.853804588317871
        ],
        [
            0.0,
            0.0,
            0.0,
            1.0
        ]
    ]
}