{
    "matrix_probe_in_cam_coord": [
        [
            -0.09279661157684597,
            0.7101200114153124,
            -0.6979386493577872,
            0.6596667077841659
        ],
        [
            0.9436164546592136,
            0.28643062326852226,
            0.16596832393677236,
            1.4764497109568637
        ],
        [
            0.3177684304273027,
            -0.6431850957862144,
            -0.6966607188454408,
            -12.75027263503295
        ],
        [
            0.0,
            0.0,
            0.0,
            1.0
        ]
    ],
    "matrix_probe_in_world_coord": [
        [
            -0.0746306046346927,
            0.819842018998908,
            0.5677053256185414,
            0.0
        ],
        [
            0.07990172358790434,
            -0.5625463641076005,
            0.8228956816006515,
            0.0
        ],
        [
            0.9940050238401927,
            0.10677383627608812,
            -0.023523615099401943,
            13.006390571594238
        ],
        [
            0.0,
            0.0,
            0.0,
            1.0
        ]
    ],
    "intrinsic_matrix_camera": [
        [
            1.3888888888888888,
            0.0,
            -0.5
        ],
        [
            0.0,
            -1.3888888888888888,
            -0.5
        ],
        [
            0.0,
            0.0,
            -1.0
        ]
    ],
    "extrinsic_matrix_camera": [
        [
            0.19288820292486072,
            0.2586262953120077,
            -0.9465234178537815,
            -12.577522277832031
        ],
        [
            -0.9812207402885538,
            0.05084069249446569,
            -0.1860674147030205,
            -1.800195336341858
        ],
        [
            -2.011701043636057e-08,
            0.96463861801188,
            0.26357605475484724,
            14.942816734313965
        ],
        [
            0.0,
            0.0,
            0.0,
            1.0
        ]
    ]
}