{
    "matrix_probe_in_cam_coord": [
        [
            -0.19100982461503088,
            -0.5769049535492461,
            0.794163661640897,
            0.017369314521391885
        ],
        [
            0.5861049281744772,
            0.5819707166702088,
            0.5637296321003131,
            1.0829792466814538
        ],
        [
            -0.7873984125397551,
            0.5731411340225944,
            0.22696471184122072,
            -9.78781274530768
        ],
        [
            0.0,
            0.0,
            0.0,
            1.0
        ]
    ],
    "matrix_probe_in_world_coord": [
        [
            -0.4234695239578568,
            0.752588910487099,
            -0.5042653012956051,
            0.0
        ],
        [
            -0.7763787172500813,
            -0.01466559088032094,
            0.6300960306534625,
            0.0
        ],
        [
            0.4668079366077921,
            0.6583273139221647,
            0.5905044437292605,
            16.360994338989258
        ],
        [
            0.0,
            0.0,
            0.0,
            1.0
        ]
    ],
    "intrinsic_matrix_camera": [
        [
            1.3888888888888888,
            0.0,
            -0.5
        ],
        [
            0.0,
            -1.3888888888888888,
            -0.5
        ],
        [
            0.0,
            0.0,
            -1.0
        ]
    ],
    "extrinsic_matrix_camera": [
        [
            -0.7537546090606049,
            -0.09448216010949605,
            0.6503284637327036,
            6.48070764541626
        ],
        [
            0.6571559855315132,
            -0.10837053319692001,
            0.7459234801336667,
            7.40690803527832
        ],
        [
            -1.9311574636779502e-08,
            0.9896105036607377,
            0.14377430592543586,
            16.696502685546875
        ],
        [
            0.0,
            0.0,
            0.0,
            1.0
        ]
    ]
}