{
    "matrix_probe_in_cam_coord": [
        [
            -0.3459950813975232,
            -0.7001469594650358,
            0.6245651597716498,
            -1.6275513384159703
        ],
        [
            -0.8790288436840384,
            0.009171945789381117,
            -0.47668036185890716,
            1.3045198842199728
        ],
        [
            0.3280178282048453,
            -0.7139398508013837,
            -0.6186228203174166,
            -9.48585648836079
        ],
        [
            0.0,
            0.0,
            0.0,
            1.0
        ]
    ],
    "matrix_probe_in_world_coord": [
        [
            -0.5602094151616523,
            -0.39913567563132085,
            0.7258485541781899,
            0.0
        ],
        [
            -0.4604035043102967,
            0.878473339005926,
            0.12772316107338705,
            0.0
        ],
        [
            -0.6886174731903325,
            -0.2626315005746812,
            -0.6758924992355316,
            10.599267959594727
        ],
        [
            0.0,
            0.0,
            0.0,
            1.0
        ]
    ],
    "intrinsic_matrix_camera": [
        [
            1.3888888888888888,
            0.0,
            -0.5
        ],
        [
            0.0,
            -1.3888888888888888,
            -0.5
        ],
        [
            0.0,
            0.0,
            -1.0
        ]
    ],
    "extrinsic_matrix_camera": [
        [
            0.9266230501161293,
            0.14278163219053602,
            -0.347826290700528,
            -1.9775651693344116
        ],
        [
            -0.37599165282421065,
            0.35188214722651273,
            -0.8572101442877221,
            -9.20235538482666
        ],
        [
            -1.4981508254529127e-09,
            0.925090460426582,
            0.3797468104247022,
            12.9946928024292
        ],
        [
            0.0,
            0.0,
            0.0,
            1.0
        ]
    ]
}