{
    "matrix_probe_in_cam_coord": [
        [
            -0.2695185738579011,
            -0.9613691088239251,
            -0.0559390288143732,
            -0.19809086795195302
        ],
        [
            -0.03951707203787839,
            -0.046998479649160305,
            0.9981129915636913,
            -0.8980127660655626
        ],
        [
            -0.9621840465124936,
            0.27122053666667567,
            -0.025323529119854662,
            -10.43065615537074
        ],
        [
            0.0,
            0.0,
            0.0,
            1.0
        ]
    ],
    "matrix_probe_in_world_coord": [
        [
            0.6905331003109255,
            0.7178943155619381,
            0.0882711111227107,
            0.0
        ],
        [
            -0.7170924816897393,
            0.6954442103519812,
            -0.046213883108438034,
            0.0
        ],
        [
            -0.09456431715521706,
            -0.03138633415621893,
            0.995023863004904,
            12.439924240112305
        ],
        [
            0.0,
            0.0,
            0.0,
            1.0
        ]
    ],
    "intrinsic_matrix_camera": [
        [
            1.3888888888888888,
            0.0,
            -0.5
        ],
        [
            0.0,
            -1.3888888888888888,
            -0.5
        ],
        [
            0.0,
            0.0,
            -1.0
        ]
    ],
    "extrinsic_matrix_camera": [
        [
            -0.8812107150075875,
            0.02707675514162783,
            -0.471947587224277,
            -5.072967529296875
        ],
        [
            -0.47272367801477394,
            -0.05047410243173737,
            0.8797639963239544,
            9.03754711151123
        ],
        [
            2.3450914217833225e-08,
            0.998358259501423,
            0.05727814317249323,
            13.933911323547363
        ],
        [
            0.0,
            0.0,
            0.0,
            1.0
        ]
    ]
}