{
    "matrix_probe_in_cam_coord": [
        [
            -0.3546632089685161,
            0.8760805636065953,
            -0.32664484424969076,
            0.3567666498752889
        ],
        [
            -0.92800033606448,
            -0.2871802109986844,
            0.23736659974597052,
            0.792682291776794
        ],
        [
            0.11414632919357241,
            0.387311725205294,
            0.9148553126315285,
            -11.812839968656224
        ],
        [
            0.0,
            0.0,
            0.0,
            1.0
        ]
    ],
    "matrix_probe_in_world_coord": [
        [
            -0.16100590989828453,
            -0.9683806170978453,
            0.19056777641306985,
            0.0
        ],
        [
            0.9444068973021753,
            -0.09508432074455805,
            0.314729382607701,
            0.0
        ],
        [
            -0.28665782617243174,
            0.23064681306652016,
            0.9298544715794799,
            11.961602210998535
        ],
        [
            0.0,
            0.0,
            0.0,
            1.0
        ]
    ],
    "intrinsic_matrix_camera": [
        [
            1.3888888888888888,
            0.0,
            -0.5
        ],
        [
            0.0,
            -1.3888888888888888,
            -0.5
        ],
        [
            0.0,
            0.0,
            -1.0
        ]
    ],
    "extrinsic_matrix_camera": [
        [
            -0.8535245457908188,
            0.47274771354749157,
            -0.21910145838901965,
            -2.658440113067627
        ],
        [
            -0.5210526362399258,
            -0.774397339394204,
            0.3589051560044822,
            5.039434432983398
        ],
        [
            5.44767803326342e-09,
            0.42049775275831974,
            0.9072935797883741,
            22.34599494934082
        ],
        [
            0.0,
            0.0,
            0.0,
            1.0
        ]
    ]
}