{
    "matrix_probe_in_cam_coord": [
        [
            0.34360797153399536,
            0.8549921501495015,
            -0.38848678881144066,
            -0.22210244004760568
        ],
        [
            -0.8516656568966706,
            0.4580146761364986,
            0.2547315553800522,
            0.8103416943585353
        ],
        [
            0.3957261310060981,
            0.24333306315893447,
            0.8855449449986342,
            -10.409949370719334
        ],
        [
            0.0,
            0.0,
            0.0,
            1.0
        ]
    ],
    "matrix_probe_in_world_coord": [
        [
            0.9667848939942165,
            0.25451072395967617,
            -0.02347892957766627,
            0.0
        ],
        [
            -0.23726888322947395,
            0.8595305854205553,
            -0.4526705753388833,
            0.0
        ],
        [
            -0.09502865775980283,
            0.4432058935936196,
            0.8913686611544358,
            15.767110824584961
        ],
        [
            0.0,
            0.0,
            0.0,
            1.0
        ]
    ],
    "intrinsic_matrix_camera": [
        [
            1.3888888888888888,
            0.0,
            -0.5
        ],
        [
            0.0,
            -1.3888888888888888,
            -0.5
        ],
        [
            0.0,
            0.0,
            -1.0
        ]
    ],
    "extrinsic_matrix_camera": [
        [
            0.5589209214058087,
            -0.7127886692636833,
            0.4237212722818968,
            5.112657070159912
        ],
        [
            0.8292209618761949,
            0.48044190227672345,
            -0.2856014266803331,
            -3.17824649810791
        ],
        [
            6.773056065308856e-09,
            0.5109871735239848,
            0.8595883366437501,
            24.301307678222656
        ],
        [
            0.0,
            0.0,
            0.0,
            1.0
        ]
    ]
}