{
    "matrix_probe_in_cam_coord": [
        [
            -0.9535924921858997,
            -0.3005609730100732,
            0.01801278295884351,
            -0.928003978907584
        ],
        [
            0.21575573702544132,
            -0.6403520072821085,
            0.7371558645974287,
            0.588598420832982
        ],
        [
            -0.2100257621990526,
            0.7068326593140787,
            0.6754826207532616,
            -9.840228637136457
        ],
        [
            0.0,
            0.0,
            0.0,
            1.0
        ]
    ],
    "matrix_probe_in_world_coord": [
        [
            0.999860508247733,
            0.002482430449955781,
            -0.01651670625900012,
            0.0
        ],
        [
            -0.002607201707486168,
            0.9999681975106982,
            -0.00753700646554091,
            0.0
        ],
        [
            0.016497470892274442,
            0.007579017500062697,
            0.999835182391524,
            9.42775821685791
        ],
        [
            0.0,
            0.0,
            0.0,
            1.0
        ]
    ],
    "intrinsic_matrix_camera": [
        [
            1.3888888888888888,
            0.0,
            -0.5
        ],
        [
            0.0,
            -1.3888888888888888,
            -0.5
        ],
        [
            0.0,
            0.0,
            -1.0
        ]
    ],
    "extrinsic_matrix_camera": [
        [
            -0.9545031074547233,
            0.2019606246753996,
            -0.21939855045099899,
            -3.163588285446167
        ],
        [
            -0.2982009689106947,
            -0.6464501097378027,
            0.7022666429218363,
            7.014232158660889
        ],
        [
            -7.122173250830517e-09,
            0.7357405532527792,
            0.6772634925191927,
            15.659130096435547
        ],
        [
            0.0,
            0.0,
            0.0,
            1.0
        ]
    ]
}