{
    "matrix_probe_in_cam_coord": [
        [
            -0.37979103646795936,
            0.5380850696523886,
            0.752478057112483,
            -1.769176537165252
        ],
        [
            0.02072721714489697,
            0.8181717731737141,
            -0.574600149713876,
            -1.2467041971040445
        ],
        [
            -0.9248400678430954,
            -0.2026312103279369,
            -0.32188731182358515,
            -9.903851043405554
        ],
        [
            0.0,
            0.0,
            0.0,
            1.0
        ]
    ],
    "matrix_probe_in_world_coord": [
        [
            -0.511978831255257,
            -0.4374716068467211,
            -0.7392538600166039,
            0.0
        ],
        [
            -0.8547303327570543,
            0.3451256616772663,
            0.3877168243922926,
            0.0
        ],
        [
            0.08552037541729936,
            0.8303655043742946,
            -0.5506172849935854,
            15.143729209899902
        ],
        [
            0.0,
            0.0,
            0.0,
            1.0
        ]
    ],
    "intrinsic_matrix_camera": [
        [
            1.3888888888888888,
            0.0,
            -0.5
        ],
        [
            0.0,
            -1.3888888888888888,
            -0.5
        ],
        [
            0.0,
            0.0,
            -1.0
        ]
    ],
    "extrinsic_matrix_camera": [
        [
            -0.5972242773671694,
            0.056236561946147255,
            0.8001003759677526,
            6.9375901222229
        ],
        [
            0.8020742874093783,
            0.04187374803245496,
            0.5957545020412791,
            7.371479034423828
        ],
        [
            -1.6585205651179658e-08,
            0.9975389908801517,
            -0.07011391925864724,
            15.692967414855957
        ],
        [
            0.0,
            0.0,
            0.0,
            1.0
        ]
    ]
}