{
    "matrix_probe_in_cam_coord": [
        [
            0.964547119932073,
            0.20942231486974208,
            -0.16059622494113104,
            1.161543319783272
        ],
        [
            0.05997308613829235,
            0.4186683129553013,
            0.9061567594330524,
            -1.7251213341266496
        ],
        [
            0.2570059967584273,
            -0.8836623437500102,
            0.39126561293889195,
            -14.106531013272814
        ],
        [
            0.0,
            0.0,
            0.0,
            1.0
        ]
    ],
    "matrix_probe_in_world_coord": [
        [
            -0.06346242694382083,
            0.9844562418052348,
            -0.16376333025776366,
            0.0
        ],
        [
            -0.9900413731427699,
            -0.0414421074777069,
            0.13453858626202803,
            0.0
        ],
        [
            0.12566065347585603,
            0.17067061756060814,
            0.9772824261540272,
            9.050931930541992
        ],
        [
            0.0,
            0.0,
            0.0,
            1.0
        ]
    ],
    "intrinsic_matrix_camera": [
        [
            1.3888888888888888,
            0.0,
            -0.5
        ],
        [
            0.0,
            -1.3888888888888888,
            -0.5
        ],
        [
            0.0,
            0.0,
            -1.0
        ]
    ],
    "extrinsic_matrix_camera": [
        [
            0.17125437653744136,
            0.2599593476769271,
            -0.9503120940365637,
            -13.156064987182617
        ],
        [
            -0.9852268462221133,
            0.04518671557093506,
            -0.16518541769520478,
            -1.1078569889068604
        ],
        [
            -1.113293625744609e-08,
            0.9645617130548453,
            0.2638573510605719,
            14.437029838562012
        ],
        [
            0.0,
            0.0,
            0.0,
            1.0
        ]
    ]
}