{
    "matrix_probe_in_cam_coord": [
        [
            -0.4210844119286058,
            0.442470688048656,
            -0.7917749732395493,
            -0.18896313896072028
        ],
        [
            0.42839273905941266,
            -0.6724188273225817,
            -0.6035996866991382,
            -0.32777539038193915
        ],
        [
            -0.7994795676888274,
            -0.5933570686187808,
            0.09359385646618545,
            -11.56044045674371
        ],
        [
            0.0,
            0.0,
            0.0,
            1.0
        ]
    ],
    "matrix_probe_in_world_coord": [
        [
            -0.43008315379741996,
            -0.30691240785534996,
            0.849018995502513,
            0.0
        ],
        [
            -0.8865852526292208,
            0.32096766621691103,
            -0.33308609557237645,
            0.0
        ],
        [
            -0.17027938994501235,
            -0.8959824390844392,
            -0.4101468008070445,
            5.4258246421813965
        ],
        [
            0.0,
            0.0,
            0.0,
            1.0
        ]
    ],
    "intrinsic_matrix_camera": [
        [
            1.3888888888888888,
            0.0,
            -0.5
        ],
        [
            0.0,
            -1.3888888888888888,
            -0.5
        ],
        [
            0.0,
            0.0,
            -1.0
        ]
    ],
    "extrinsic_matrix_camera": [
        [
            -0.6269304248211112,
            -0.4903384185846768,
            0.6054143025181181,
            6.719668388366699
        ],
        [
            0.7790752482486022,
            -0.39458072357822865,
            0.48718354872353853,
            5.649939060211182
        ],
        [
            2.7106369367324704e-09,
            0.7770934871946618,
            0.6293851858438044,
            12.956506729125977
        ],
        [
            0.0,
            0.0,
            0.0,
            1.0
        ]
    ]
}