{
    "matrix_probe_in_cam_coord": [
        [
            0.9369930050585645,
            0.005602750309018762,
            0.349303188734794,
            2.1349268383825524
        ],
        [
            -0.25136447436059456,
            -0.6835654432801346,
            0.6852402394654408,
            0.3015341061549055
        ],
        [
            0.24261081901008102,
            -0.729867723592575,
            -0.6390877064668427,
            -10.435172777912133
        ],
        [
            0.0,
            0.0,
            0.0,
            1.0
        ]
    ],
    "matrix_probe_in_world_coord": [
        [
            -0.6700083159816094,
            -0.25062328494228314,
            -0.6987680770901221,
            0.0
        ],
        [
            0.7222375938306143,
            -0.43771047046917166,
            -0.5355206831667856,
            0.0
        ],
        [
            -0.1716441510021603,
            -0.8634798857451143,
            0.4742792134812067,
            14.171430587768555
        ],
        [
            0.0,
            0.0,
            0.0,
            1.0
        ]
    ],
    "intrinsic_matrix_camera": [
        [
            1.3888888888888888,
            0.0,
            -0.5
        ],
        [
            0.0,
            -1.3888888888888888,
            -0.5
        ],
        [
            0.0,
            0.0,
            -1.0
        ]
    ],
    "extrinsic_matrix_camera": [
        [
            -0.8732792026066545,
            -0.13909029944420143,
            0.4669446679160266,
            6.778975963592529
        ],
        [
            0.487220108672339,
            -0.24930144253398231,
            0.8369380840037034,
            7.768587112426758
        ],
        [
            1.0574685481935518e-08,
            0.9583854544759108,
            0.2854773557552367,
            16.8614501953125
        ],
        [
            0.0,
            0.0,
            0.0,
            1.0
        ]
    ]
}