{
    "matrix_probe_in_cam_coord": [
        [
            0.8919115898444052,
            0.37512427704370593,
            0.25253810142959077,
            -0.30030312152198674
        ],
        [
            0.11444424930288832,
            0.3530281329605087,
            -0.9285869109242901,
            -1.0916166935203124
        ],
        [
            -0.4374885480818026,
            0.8571189614696749,
            0.2719390670470539,
            -8.958160742368186
        ],
        [
            0.0,
            0.0,
            0.0,
            1.0
        ]
    ],
    "matrix_probe_in_world_coord": [
        [
            -0.030322658882413558,
            0.872458234317543,
            0.4877470304674504,
            0.0
        ],
        [
            0.9986889365636921,
            0.006310461071024321,
            0.05079946915424472,
            0.0
        ],
        [
            0.041242506514308275,
            0.48864793814420854,
            -0.8715057361852708,
            3.8544774055480957
        ],
        [
            0.0,
            0.0,
            0.0,
            1.0
        ]
    ],
    "intrinsic_matrix_camera": [
        [
            1.3888888888888888,
            0.0,
            -0.5
        ],
        [
            0.0,
            -1.3888888888888888,
            -0.5
        ],
        [
            0.0,
            0.0,
            -1.0
        ]
    ],
    "extrinsic_matrix_camera": [
        [
            0.42340984255924413,
            -0.1483834607197865,
            0.8937037841526552,
            7.971115589141846
        ],
        [
            0.9059382458114654,
            0.06935025378362139,
            -0.41769179675472695,
            -3.3939902782440186
        ],
        [
            -2.9921637381403195e-08,
            0.9864952563925318,
            0.16378983214788467,
            6.3986077308654785
        ],
        [
            0.0,
            0.0,
            0.0,
            1.0
        ]
    ]
}