{
    "matrix_probe_in_cam_coord": [
        [
            0.9163124079246882,
            -0.36849553064969787,
            0.1567884401812124,
            -0.2125604370875563
        ],
        [
            0.04417118395605911,
            0.4821288139590363,
            0.8749861217518674,
            -0.6348858670296158
        ],
        [
            -0.39802069995313066,
            -0.79483510908971,
            0.458057498319992,
            -10.61326537469559
        ],
        [
            0.0,
            0.0,
            0.0,
            1.0
        ]
    ],
    "matrix_probe_in_world_coord": [
        [
            0.950748218904445,
            -0.24369274416941075,
            0.1915507000488599,
            0.0
        ],
        [
            0.1935941501021586,
            0.9494707578570406,
            0.24703559464295938,
            0.0
        ],
        [
            -0.24207257030950255,
            -0.1977855566353615,
            0.9498851216279746,
            5.191546440124512
        ],
        [
            0.0,
            0.0,
            0.0,
            1.0
        ]
    ],
    "intrinsic_matrix_camera": [
        [
            1.3888888888888888,
            0.0,
            -0.5
        ],
        [
            0.0,
            -1.3888888888888888,
            -0.5
        ],
        [
            0.0,
            0.0,
            -1.0
        ]
    ],
    "extrinsic_matrix_camera": [
        [
            0.9910150123489083,
            0.09210858491091004,
            -0.0969806882054512,
            -0.7601527571678162
        ],
        [
            -0.1337506833593506,
            0.6824712100826906,
            -0.718570666051137,
            -7.221519947052002
        ],
        [
            4.2576607662722625e-10,
            0.72508555081037,
            0.688658800862969,
            12.960811614990234
        ],
        [
            0.0,
            0.0,
            0.0,
            1.0
        ]
    ]
}