{
    "matrix_probe_in_cam_coord": [
        [
            0.16934489830303523,
            0.9805490347237711,
            -0.09922648800101408,
            -1.3344912646337583
        ],
        [
            -0.9669091171770979,
            0.14580396022093925,
            -0.20935129401008237,
            -1.2965000824881514
        ],
        [
            -0.19081159435039524,
            0.13139556950739065,
            0.9727929583294118,
            -9.057925427296881
        ],
        [
            0.0,
            0.0,
            0.0,
            1.0
        ]
    ],
    "matrix_probe_in_world_coord": [
        [
            -0.42816458017558656,
            0.0005315153945029777,
            -0.9037006195496655,
            0.0
        ],
        [
            -0.17694452901760058,
            -0.9806930060857919,
            0.0832578012269879,
            0.0
        ],
        [
            -0.8862086243846893,
            0.19555292200782512,
            0.41999205797300293,
            6.408517360687256
        ],
        [
            0.0,
            0.0,
            0.0,
            1.0
        ]
    ],
    "intrinsic_matrix_camera": [
        [
            1.3888888888888888,
            0.0,
            -0.5
        ],
        [
            0.0,
            -1.3888888888888888,
            -0.5
        ],
        [
            0.0,
            0.0,
            -1.0
        ]
    ],
    "extrinsic_matrix_camera": [
        [
            0.01768472830247808,
            0.6032646273739516,
            -0.7973449941802073,
            -6.416558742523193
        ],
        [
            -0.9998436129639812,
            0.010670225870135374,
            -0.014103045593525721,
            -1.4481929540634155
        ],
        [
            -1.7360491578270798e-08,
            0.797469708289442,
            0.603358984652381,
            12.907617568969727
        ],
        [
            0.0,
            0.0,
            0.0,
            1.0
        ]
    ]
}