{
    "matrix_probe_in_cam_coord": [
        [
            -0.9101170066276602,
            -0.40577835426700787,
            -0.08385082859140851,
            -0.12401240050717581
        ],
        [
            -0.2735045448736739,
            0.4363024088208417,
            0.8572254499200168,
            -0.29998051073753196
        ],
        [
            -0.3112592138082849,
            0.8031090431974285,
            -0.5080684664038486,
            -13.01900335670954
        ],
        [
            0.0,
            0.0,
            0.0,
            1.0
        ]
    ],
    "matrix_probe_in_world_coord": [
        [
            -0.3675524625508088,
            0.04291092688182258,
            -0.9290122925058522,
            0.0
        ],
        [
            -0.8326434008318604,
            -0.460147269182678,
            0.3081711500365951,
            0.0
        ],
        [
            -0.4142585597473998,
            0.8868050197297411,
            0.20485776201585124,
            7.319183349609375
        ],
        [
            0.0,
            0.0,
            0.0,
            1.0
        ]
    ],
    "intrinsic_matrix_camera": [
        [
            1.3888888888888888,
            0.0,
            -0.5
        ],
        [
            0.0,
            -1.3888888888888888,
            -0.5
        ],
        [
            0.0,
            0.0,
            -1.0
        ]
    ],
    "extrinsic_matrix_camera": [
        [
            0.39500187220340904,
            -0.6771235706741243,
            0.6208680946814115,
            7.928945064544678
        ],
        [
            0.9186803148842375,
            0.2911405451723407,
            -0.2669525463466321,
            -3.2741918563842773
        ],
        [
            -1.418287738125352e-08,
            0.6758260523198826,
            0.7370611555398395,
            17.117719650268555
        ],
        [
            0.0,
            0.0,
            0.0,
            1.0
        ]
    ]
}