{
    "matrix_probe_in_cam_coord": [
        [
            0.8558526551784967,
            -0.31491800937103703,
            0.4102960882066758,
            -0.7057215750254185
        ],
        [
            -0.14509591739837807,
            0.6152339874504142,
            0.7748769679376115,
            1.4966624871052097
        ],
        [
            -0.4964508106330776,
            -0.7227127977693815,
            0.4808563242405295,
            -8.47283719464008
        ],
        [
            0.0,
            0.0,
            0.0,
            1.0
        ]
    ],
    "matrix_probe_in_world_coord": [
        [
            0.9211047051243314,
            -0.1301021926326979,
            0.3669326118921327,
            0.0
        ],
        [
            0.23379429669957638,
            0.9384861885082727,
            -0.2541336278613381,
            0.0
        ],
        [
            -0.3112978461675708,
            0.31987043228685424,
            0.8948611945548048,
            4.652956008911133
        ],
        [
            0.0,
            0.0,
            0.0,
            1.0
        ]
    ],
    "intrinsic_matrix_camera": [
        [
            1.3888888888888888,
            0.0,
            -0.5
        ],
        [
            0.0,
            -1.3888888888888888,
            -0.5
        ],
        [
            0.0,
            0.0,
            -1.0
        ]
    ],
    "extrinsic_matrix_camera": [
        [
            0.9798524463915624,
            0.07063580678097017,
            -0.18681479090498052,
            -0.9970662593841553
        ],
        [
            -0.19972276610459344,
            0.3465437069527732,
            -0.9165251092419456,
            -8.425175666809082
        ],
        [
            -3.7250246995873175e-10,
            0.9353705372588084,
            0.3536692777556006,
            6.249604225158691
        ],
        [
            0.0,
            0.0,
            0.0,
            1.0
        ]
    ]
}