{
    "matrix_probe_in_cam_coord": [
        [
            -0.7209504613612967,
            0.6929246299647497,
            -0.009267656184160183,
            1.1090109133749375
        ],
        [
            -0.4374140253864333,
            -0.4446514105285295,
            0.7816355247237845,
            -0.3731853060501811
        ],
        [
            0.5374936303419511,
            0.5675742949634028,
            0.6236665912477808,
            -8.30323618830734
        ],
        [
            0.0,
            0.0,
            0.0,
            1.0
        ]
    ],
    "matrix_probe_in_world_coord": [
        [
            0.9959108859396182,
            -0.08159728284431655,
            0.03877358249361958,
            0.0
        ],
        [
            0.08034320423446027,
            0.9962250577590853,
            0.03287253909035641,
            0.0
        ],
        [
            -0.04130952432919949,
            -0.02962292567137501,
            0.9987071670286359,
            7.210536479949951
        ],
        [
            0.0,
            0.0,
            0.0,
            1.0
        ]
    ],
    "intrinsic_matrix_camera": [
        [
            1.3888888888888888,
            0.0,
            -0.5
        ],
        [
            0.0,
            -1.3888888888888888,
            -0.5
        ],
        [
            0.0,
            0.0,
            -1.0
        ]
    ],
    "extrinsic_matrix_camera": [
        [
            -0.7749025199455117,
            -0.36903623313517525,
            0.5131650253237221,
            4.982586860656738
        ],
        [
            0.6320807579590568,
            -0.4524217771721888,
            0.6291171996999151,
            4.35388708114624
        ],
        [
            -8.838236847107553e-09,
            0.8118662415532246,
            0.5838434771633927,
            12.361303329467773
        ],
        [
            0.0,
            0.0,
            0.0,
            1.0
        ]
    ]
}