{
    "matrix_probe_in_cam_coord": [
        [
            -0.5527835690336147,
            -0.17120895739216663,
            0.8155475576047948,
            0.5065659790979572
        ],
        [
            0.7846615729764996,
            0.22260168641022068,
            0.5785799038174172,
            -0.810571877789906
        ],
        [
            -0.28060032377120364,
            0.9597582935906381,
            0.011290535128260918,
            -13.414794497613258
        ],
        [
            0.0,
            0.0,
            0.0,
            1.0
        ]
    ],
    "matrix_probe_in_world_coord": [
        [
            0.8794933961736662,
            -0.06476880309928622,
            -0.4714831579515824,
            0.0
        ],
        [
            -0.39772581080898517,
            0.44402456350019787,
            -0.8029049547890424,
            0.0
        ],
        [
            0.261353296331319,
            0.8936706267711527,
            0.3647564466095276,
            7.077215671539307
        ],
        [
            0.0,
            0.0,
            0.0,
            1.0
        ]
    ],
    "intrinsic_matrix_camera": [
        [
            1.3888888888888888,
            0.0,
            -0.5
        ],
        [
            0.0,
            -1.3888888888888888,
            -0.5
        ],
        [
            0.0,
            0.0,
            -1.0
        ]
    ],
    "extrinsic_matrix_camera": [
        [
            -0.8595974371474155,
            0.40289634668824137,
            -0.31427182481868093,
            -3.4538726806640625
        ],
        [
            -0.5109718642445934,
            -0.6777842151963975,
            0.5286930220657432,
            6.801756381988525
        ],
        [
            4.9667842698127316e-09,
            0.6150472270125863,
            0.7884902716864223,
            18.15319061279297
        ],
        [
            0.0,
            0.0,
            0.0,
            1.0
        ]
    ]
}