{
    "matrix_probe_in_cam_coord": [
        [
            -0.025270940395333234,
            0.9994396124085596,
            -0.02195087060149741,
            -0.2676854673812724
        ],
        [
            -0.9320342485510164,
            -0.0156151798434292,
            0.36203359745526403,
            -0.35079942837927547
        ],
        [
            0.3614879515274034,
            0.029607892648507255,
            0.9319065584024165,
            -10.386972536711188
        ],
        [
            0.0,
            0.0,
            0.0,
            1.0
        ]
    ],
    "matrix_probe_in_world_coord": [
        [
            0.8171580538753819,
            0.5319653336688901,
            0.2219585518990995,
            0.0
        ],
        [
            -0.5088664521774267,
            0.8466454701865248,
            -0.15571249680419824,
            0.0
        ],
        [
            -0.27075385285339454,
            0.01429446001726125,
            0.9625424767654972,
            9.7623872756958
        ],
        [
            0.0,
            0.0,
            0.0,
            1.0
        ]
    ],
    "intrinsic_matrix_camera": [
        [
            1.3888888888888888,
            0.0,
            -0.5
        ],
        [
            0.0,
            -1.3888888888888888,
            -0.5
        ],
        [
            0.0,
            0.0,
            -1.0
        ]
    ],
    "extrinsic_matrix_camera": [
        [
            0.5061446909721413,
            -0.6895695740168698,
            0.517987793669801,
            5.273911952972412
        ],
        [
            0.8624485792212284,
            0.40468728470065685,
            -0.30399120020305526,
            -2.784719228744507
        ],
        [
            8.70058196391465e-09,
            0.6006013687894844,
            0.799548620040206,
            18.27796745300293
        ],
        [
            0.0,
            0.0,
            0.0,
            1.0
        ]
    ]
}