{
    "matrix_probe_in_cam_coord": [
        [
            -0.8823833742784605,
            0.36358481675055143,
            -0.2986731689077992,
            0.3808603606611672
        ],
        [
            -0.47028818528677424,
            -0.7018723775330185,
            0.534980549586451,
            -1.19951732866348
        ],
        [
            -0.015119642080138647,
            0.6125204051169368,
            0.7903101604678712,
            -14.125332185615786
        ],
        [
            0.0,
            0.0,
            0.0,
            1.0
        ]
    ],
    "matrix_probe_in_world_coord": [
        [
            0.1881913154623558,
            0.8760690455779426,
            -0.44394487964690077,
            0.0
        ],
        [
            -0.976547887330948,
            0.11877825259487372,
            -0.1795715747549454,
            0.0
        ],
        [
            -0.10458610105559274,
            0.4673272451833527,
            0.8778764112193289,
            9.273468971252441
        ],
        [
            0.0,
            0.0,
            0.0,
            1.0
        ]
    ],
    "intrinsic_matrix_camera": [
        [
            1.3888888888888888,
            0.0,
            -0.5
        ],
        [
            0.0,
            -1.3888888888888888,
            -0.5
        ],
        [
            0.0,
            0.0,
            -1.0
        ]
    ],
    "extrinsic_matrix_camera": [
        [
            0.28506293947424227,
            -0.9408946918379845,
            0.18291063230279636,
            1.3464847803115845
        ],
        [
            0.9585088004490645,
            0.2798244594780181,
            -0.05439808213099575,
            -0.7977946996688843
        ],
        [
            -2.0936918813921385e-09,
            0.19082832795195614,
            0.9816234253781135,
            23.368127822875977
        ],
        [
            0.0,
            0.0,
            0.0,
            1.0
        ]
    ]
}