{
    "matrix_probe_in_cam_coord": [
        [
            0.9299591974617138,
            -0.34816969267316283,
            -0.1181260181341958,
            -0.2214142533480341
        ],
        [
            0.15471404003205214,
            0.07912502538432382,
            0.9847856600168846,
            1.6244647025956436
        ],
        [
            -0.3335257964135991,
            -0.934086235559547,
            0.12744978487572653,
            -9.603667848699722
        ],
        [
            0.0,
            0.0,
            0.0,
            1.0
        ]
    ],
    "matrix_probe_in_world_coord": [
        [
            0.9903820317073835,
            -0.11836531321917804,
            -0.07164554346001883,
            0.0
        ],
        [
            0.13062461354286695,
            0.9706075674352564,
            0.20213401587607904,
            0.0
        ],
        [
            0.045614050553883415,
            -0.20954856874705727,
            0.9767337179232259,
            9.24349308013916
        ],
        [
            0.0,
            0.0,
            0.0,
            1.0
        ]
    ],
    "intrinsic_matrix_camera": [
        [
            1.3888888888888888,
            0.0,
            -0.5
        ],
        [
            0.0,
            -1.3888888888888888,
            -0.5
        ],
        [
            0.0,
            0.0,
            -1.0
        ]
    ],
    "extrinsic_matrix_camera": [
        [
            0.9706892968797763,
            0.07330484308396733,
            -0.22888575513447865,
            -2.102299451828003
        ],
        [
            -0.24033786410602384,
            0.2960674903367618,
            -0.9244359102948382,
            -9.412140846252441
        ],
        [
            1.7511520709121993e-09,
            0.9523499572878273,
            0.30500747343937923,
            10.625624656677246
        ],
        [
            0.0,
            0.0,
            0.0,
            1.0
        ]
    ]
}