{
    "matrix_probe_in_cam_coord": [
        [
            0.8853394342607875,
            -0.11118839819733801,
            0.4514545672037216,
            1.130863715129355
        ],
        [
            0.20939603268780743,
            0.9622900082630361,
            -0.17364112845674712,
            2.306961418201533
        ],
        [
            -0.4151233402705708,
            0.24826413374355163,
            0.8752357009738395,
            -11.067479303024529
        ],
        [
            0.0,
            0.0,
            0.0,
            1.0
        ]
    ],
    "matrix_probe_in_world_coord": [
        [
            -0.9782232705757729,
            0.09920215222125683,
            0.1823133727917652,
            0.0
        ],
        [
            0.1777309371349382,
            -0.05329469277378347,
            0.9826349218846666,
            0.0
        ],
        [
            0.10719583429021487,
            0.9936390736664993,
            0.03450281718941474,
            15.308647155761719
        ],
        [
            0.0,
            0.0,
            0.0,
            1.0
        ]
    ],
    "intrinsic_matrix_camera": [
        [
            1.3888888888888888,
            0.0,
            -0.5
        ],
        [
            0.0,
            -1.3888888888888888,
            -0.5
        ],
        [
            0.0,
            0.0,
            -1.0
        ]
    ],
    "extrinsic_matrix_camera": [
        [
            -0.7947835605463444,
            -0.14103193184507193,
            0.5902788206308287,
            7.757045745849609
        ],
        [
            0.6068929822343266,
            -0.184694633924779,
            0.7730257436296134,
            8.29521656036377
        ],
        [
            1.669990346799124e-08,
            0.9726242267183348,
            0.2323835484722635,
            15.636740684509277
        ],
        [
            0.0,
            0.0,
            0.0,
            1.0
        ]
    ]
}