{
    "matrix_probe_in_cam_coord": [
        [
            0.6172640805969518,
            0.5042755195713035,
            0.603896725579707,
            -0.18148517790137197
        ],
        [
            -0.767215600486125,
            0.5558210705058875,
            0.32006743032118057,
            -2.1935002549466063
        ],
        [
            -0.17425635476364743,
            -0.6608851170534721,
            0.7299764276205802,
            -14.623319748373426
        ],
        [
            0.0,
            0.0,
            0.0,
            1.0
        ]
    ],
    "matrix_probe_in_world_coord": [
        [
            0.7930425947016799,
            -0.4474124986448106,
            0.4134071831079308,
            0.0
        ],
        [
            0.2447326960532061,
            0.8554729963366551,
            0.456368118979968,
            0.0
        ],
        [
            -0.5578434820550975,
            -0.2607451027252335,
            0.7879229917532876,
            10.262453079223633
        ],
        [
            0.0,
            0.0,
            0.0,
            1.0
        ]
    ],
    "intrinsic_matrix_camera": [
        [
            1.3888888888888888,
            0.0,
            -0.5
        ],
        [
            0.0,
            -1.3888888888888888,
            -0.5
        ],
        [
            0.0,
            0.0,
            -1.0
        ]
    ],
    "extrinsic_matrix_camera": [
        [
            0.5135527820859563,
            -0.7247977696859235,
            0.45927304849085704,
            5.219454765319824
        ],
        [
            0.8580580050391546,
            0.43379574537409893,
            -0.2748776296528251,
            -2.912367582321167
        ],
        [
            -1.4914051427617308e-09,
            0.5352470871977173,
            0.8446955402074519,
            23.78877067565918
        ],
        [
            0.0,
            0.0,
            0.0,
            1.0
        ]
    ]
}