{
    "matrix_probe_in_cam_coord": [
        [
            0.9858305869529451,
            -0.12213399322011188,
            -0.11498409250031355,
            1.153094925563784
        ],
        [
            0.16607887488890893,
            0.8070000872147415,
            0.5667174486029466,
            0.5516156851048475
        ],
        [
            0.023576707650669576,
            -0.5777838237052928,
            0.8158492458296727,
            -9.366387034374442
        ],
        [
            0.0,
            0.0,
            0.0,
            1.0
        ]
    ],
    "matrix_probe_in_world_coord": [
        [
            0.9748712777617555,
            -0.1963883664624166,
            -0.10515512975307176,
            0.0
        ],
        [
            0.18180265350208313,
            0.9741734082646973,
            -0.13391775763334948,
            0.0
        ],
        [
            0.12873922080998976,
            0.11143509388054822,
            0.9853976014163368,
            12.535109519958496
        ],
        [
            0.0,
            0.0,
            0.0,
            1.0
        ]
    ],
    "intrinsic_matrix_camera": [
        [
            1.3888888888888888,
            0.0,
            -0.5
        ],
        [
            0.0,
            -1.3888888888888888,
            -0.5
        ],
        [
            0.0,
            0.0,
            -1.0
        ]
    ],
    "extrinsic_matrix_camera": [
        [
            0.9971347865438789,
            -0.056173150732118066,
            0.05066354311455002,
            -0.6442707180976868
        ],
        [
            0.07564534000249536,
            0.7404580756487376,
            -0.6678320303358288,
            -6.750847816467285
        ],
        [
            -3.3635560046736284e-10,
            0.6697510099607131,
            0.7425857422928377,
            19.121009826660156
        ],
        [
            0.0,
            0.0,
            0.0,
            1.0
        ]
    ]
}