{
    "matrix_probe_in_cam_coord": [
        [
            -0.33346135392091864,
            0.0649805410012057,
            -0.9405216928558418,
            -0.7173036302180992
        ],
        [
            -0.5222556090976601,
            0.8178295095315878,
            0.24166913767660614,
            -1.4820916870205831
        ],
        [
            0.7848901860816325,
            0.5717800474225322,
            -0.23877808350480398,
            -12.078812485546297
        ],
        [
            0.0,
            0.0,
            0.0,
            1.0
        ]
    ],
    "matrix_probe_in_world_coord": [
        [
            -0.8099488097434822,
            -0.5711848517775926,
            0.13315701519231402,
            0.0
        ],
        [
            0.2476439291804633,
            -0.12725702455119925,
            0.9604572525846411,
            0.0
        ],
        [
            -0.5316534679047793,
            0.8108967349805924,
            0.2445221365493045,
            11.406819343566895
        ],
        [
            0.0,
            0.0,
            0.0,
            1.0
        ]
    ],
    "intrinsic_matrix_camera": [
        [
            1.3888888888888888,
            0.0,
            -0.5
        ],
        [
            0.0,
            -1.3888888888888888,
            -0.5
        ],
        [
            0.0,
            0.0,
            -1.0
        ]
    ],
    "extrinsic_matrix_camera": [
        [
            0.10773366467919045,
            -0.01195157717351678,
            -0.9941079505254231,
            -11.948079109191895
        ],
        [
            -0.9941797913329316,
            -0.0012951050392646956,
            -0.10772587993674458,
            -2.016248941421509
        ],
        [
            1.995135045597965e-08,
            0.9999277386421493,
            -0.012021542912490777,
            12.743597984313965
        ],
        [
            0.0,
            0.0,
            0.0,
            1.0
        ]
    ]
}