{
    "matrix_probe_in_cam_coord": [
        [
            0.7034194182967691,
            0.6062469201536484,
            0.3710334132760163,
            -1.0651375188027434
        ],
        [
            0.6522438677945321,
            -0.7580065824229085,
            0.0019894541893113915,
            -0.7386447226640445
        ],
        [
            0.2824518700371164,
            0.24060484784758254,
            -0.9286173853125826,
            -13.70182690219233
        ],
        [
            0.0,
            0.0,
            0.0,
            1.0
        ]
    ],
    "matrix_probe_in_world_coord": [
        [
            -0.6832609251768191,
            0.2907501607588561,
            -0.6697901553062845,
            0.0
        ],
        [
            0.3908302603095834,
            0.9204623530580961,
            0.0008742019769246137,
            0.0
        ],
        [
            0.6167707967736966,
            -0.2611769526996065,
            -0.7425499199553435,
            6.131666660308838
        ],
        [
            0.0,
            0.0,
            0.0,
            1.0
        ]
    ],
    "intrinsic_matrix_camera": [
        [
            1.3888888888888888,
            0.0,
            -0.5
        ],
        [
            0.0,
            -1.3888888888888888,
            -0.5
        ],
        [
            0.0,
            0.0,
            -1.0
        ]
    ],
    "extrinsic_matrix_camera": [
        [
            -0.5528671405405193,
            -0.6673758010763642,
            0.49894635488019246,
            5.754643440246582
        ],
        [
            0.8332694191619837,
            -0.4427981426702642,
            0.3310466431444589,
            5.096419811248779
        ],
        [
            5.708731551194479e-10,
            0.5987815503048216,
            0.8009123891004274,
            17.547916412353516
        ],
        [
            0.0,
            0.0,
            0.0,
            1.0
        ]
    ]
}