{
    "matrix_probe_in_cam_coord": [
        [
            -0.0004567844580112297,
            0.9996906786177254,
            -0.024866411739345066,
            -1.020261727252794
        ],
        [
            -0.3171612177661762,
            0.023437772261257258,
            0.9480819757681848,
            -0.6824282431393929
        ],
        [
            0.9483715270362323,
            0.0083197305401772,
            0.3170524070097935,
            -12.099553601542617
        ],
        [
            0.0,
            0.0,
            0.0,
            1.0
        ]
    ],
    "matrix_probe_in_world_coord": [
        [
            0.7787239472220947,
            -0.6260122113472323,
            0.04120346183257499,
            0.0
        ],
        [
            0.6265035043599161,
            0.7794175951609544,
            0.0012535462731787547,
            0.0
        ],
        [
            -0.03289943840835049,
            0.024837946727992978,
            0.9991499904192325,
            12.035419464111328
        ],
        [
            0.0,
            0.0,
            0.0,
            1.0
        ]
    ],
    "intrinsic_matrix_camera": [
        [
            1.3888888888888888,
            0.0,
            -0.5
        ],
        [
            0.0,
            -1.3888888888888888,
            -0.5
        ],
        [
            0.0,
            0.0,
            -1.0
        ]
    ],
    "extrinsic_matrix_camera": [
        [
            -0.6271988636278849,
            -0.2225891075442489,
            0.7463750228045849,
            8.238996505737305
        ],
        [
            0.7788591563716059,
            -0.1792463376583765,
            0.601040069356586,
            7.944633960723877
        ],
        [
            1.6720993136887822e-08,
            0.958292669093693,
            0.2857886638082162,
            16.147300720214844
        ],
        [
            0.0,
            0.0,
            0.0,
            1.0
        ]
    ]
}