{
    "matrix_probe_in_cam_coord": [
        [
            -0.7551770846799961,
            0.39666638225648754,
            -0.5218844239501428,
            -1.422984519837613
        ],
        [
            0.46535435641641926,
            0.8851242471950399,
            -0.0006244931336848216,
            0.08633069032794172
        ],
        [
            0.4616848424396042,
            -0.24333279313517123,
            -0.8530159776033235,
            -10.474414472011567
        ],
        [
            0.0,
            0.0,
            0.0,
            1.0
        ]
    ],
    "matrix_probe_in_world_coord": [
        [
            -0.6957175419487287,
            0.6660732485587054,
            -0.2689303429873095,
            0.0
        ],
        [
            0.29425795034896585,
            0.6058077987769843,
            0.7391949469506744,
            0.0
        ],
        [
            0.6552780787430971,
            0.43513599999935404,
            -0.6174684615616555,
            6.312852382659912
        ],
        [
            0.0,
            0.0,
            0.0,
            1.0
        ]
    ],
    "intrinsic_matrix_camera": [
        [
            1.3888888888888888,
            0.0,
            -0.5
        ],
        [
            0.0,
            -1.3888888888888888,
            -0.5
        ],
        [
            0.0,
            0.0,
            -1.0
        ]
    ],
    "extrinsic_matrix_camera": [
        [
            0.9299493680458278,
            0.26597033887875016,
            -0.2538778283109576,
            -1.3588794469833374
        ],
        [
            -0.36768760228101954,
            0.6726877687735948,
            -0.6421035686485765,
            -7.306946277618408
        ],
        [
            6.118867107885498e-09,
            0.690471537848683,
            0.7233595616433605,
            13.830011367797852
        ],
        [
            0.0,
            0.0,
            0.0,
            1.0
        ]
    ]
}