{
    "matrix_probe_in_cam_coord": [
        [
            0.6681142782766698,
            -0.6500954325804011,
            0.36193817110239346,
            1.432213370979232
        ],
        [
            -0.24616543034779034,
            -0.6521705188869164,
            -0.7169910705137527,
            -1.506285433674448
        ],
        [
            0.7021580249947523,
            0.38993530595839987,
            -0.5957554574677407,
            -11.400088290257209
        ],
        [
            0.0,
            0.0,
            0.0,
            1.0
        ]
    ],
    "matrix_probe_in_world_coord": [
        [
            -0.4778091569020885,
            -0.87472359018392,
            0.08097561581284121,
            0.0
        ],
        [
            -0.8343607729897778,
            0.42304871270764716,
            -0.3533721652483441,
            0.0
        ],
        [
            0.27484633902676553,
            -0.2364073337529022,
            -0.9319715996056039,
            3.9847538471221924
        ],
        [
            0.0,
            0.0,
            0.0,
            1.0
        ]
    ],
    "intrinsic_matrix_camera": [
        [
            1.3888888888888888,
            0.0,
            -0.5
        ],
        [
            0.0,
            -1.3888888888888888,
            -0.5
        ],
        [
            0.0,
            0.0,
            -1.0
        ]
    ],
    "extrinsic_matrix_camera": [
        [
            0.27873085702246403,
            0.6300302409586319,
            -0.7248248097444867,
            -7.713263511657715
        ],
        [
            -0.9603692567671682,
            0.18285556731852837,
            -0.21036808730674061,
            -0.7473284006118774
        ],
        [
            -4.943499789412805e-09,
            0.754735541085901,
            0.6560291632403035,
            12.600391387939453
        ],
        [
            0.0,
            0.0,
            0.0,
            1.0
        ]
    ]
}