{
    "matrix_probe_in_cam_coord": [
        [
            0.8369043211872723,
            0.11054890067807413,
            -0.5360691165670154,
            1.1299330770811358
        ],
        [
            0.2712314981013541,
            0.7669258705466483,
            0.5815996763444433,
            -0.009927375912619496
        ],
        [
            0.4754204787509327,
            -0.6321421119061245,
            0.6118592311464287,
            -12.016872629460588
        ],
        [
            0.0,
            0.0,
            0.0,
            1.0
        ]
    ],
    "matrix_probe_in_world_coord": [
        [
            0.8093629467780292,
            0.15254933909039156,
            -0.5671510552982073,
            0.0
        ],
        [
            -0.49040712801579944,
            0.7068939889341537,
            -0.5097075016124999,
            0.0
        ],
        [
            0.3231601293075628,
            0.6906732856798835,
            0.6469450852074493,
            15.473546981811523
        ],
        [
            0.0,
            0.0,
            0.0,
            1.0
        ]
    ],
    "intrinsic_matrix_camera": [
        [
            1.3888888888888888,
            0.0,
            -0.5
        ],
        [
            0.0,
            -1.3888888888888888,
            -0.5
        ],
        [
            0.0,
            0.0,
            -1.0
        ]
    ],
    "extrinsic_matrix_camera": [
        [
            0.9982556744767669,
            0.006663889045699022,
            -0.058661750380654056,
            -1.8328267335891724
        ],
        [
            -0.05903904110785974,
            0.11267570986804595,
            -0.9918762906889128,
            -11.851422309875488
        ],
        [
            8.180318848007677e-10,
            0.9936094690513566,
            0.11287259637078198,
            16.839786529541016
        ],
        [
            0.0,
            0.0,
            0.0,
            1.0
        ]
    ]
}