{
    "matrix_probe_in_cam_coord": [
        [
            0.9697185117315255,
            -0.1816765696744861,
            0.1632165188836799,
            0.8048531680178259
        ],
        [
            0.238808074617678,
            0.5653840016874855,
            -0.7895008765880145,
            -0.1061758308969214
        ],
        [
            0.051153802425554326,
            0.8045710376760754,
            0.591649164480311,
            -12.225542748883447
        ],
        [
            0.0,
            0.0,
            0.0,
            1.0
        ]
    ],
    "matrix_probe_in_world_coord": [
        [
            0.17238642642882465,
            -0.25078550428805324,
            0.9525699716147293,
            0.0
        ],
        [
            0.9747242173564287,
            -0.09608708575441187,
            -0.20169276647941997,
            0.0
        ],
        [
            0.14211129470241612,
            0.9632621153093331,
            0.2278825950523469,
            9.442452430725098
        ],
        [
            0.0,
            0.0,
            0.0,
            1.0
        ]
    ],
    "intrinsic_matrix_camera": [
        [
            1.3888888888888888,
            0.0,
            -0.5
        ],
        [
            0.0,
            -1.3888888888888888,
            -0.5
        ],
        [
            0.0,
            0.0,
            -1.0
        ]
    ],
    "extrinsic_matrix_camera": [
        [
            0.3682033137824976,
            -0.8526776689951526,
            0.37063069559411893,
            4.144278049468994
        ],
        [
            0.9297452983046419,
            0.3376825285127575,
            -0.1467793930279148,
            -2.5069124698638916
        ],
        [
            2.7090153465299394e-10,
            0.3986368055438728,
            0.917108879722455,
            20.696931838989258
        ],
        [
            0.0,
            0.0,
            0.0,
            1.0
        ]
    ]
}