{
    "matrix_probe_in_cam_coord": [
        [
            0.32432657397135545,
            0.9459309909061229,
            0.005180140863263198,
            -1.1505461593590172
        ],
        [
            -0.6989129047436016,
            0.23593533937090444,
            0.675170546764888,
            -0.09068375538060813
        ],
        [
            0.6374425660393759,
            -0.2225962175763473,
            0.7376434768381263,
            -14.128862505454004
        ],
        [
            0.0,
            0.0,
            0.0,
            1.0
        ]
    ],
    "matrix_probe_in_world_coord": [
        [
            0.9756513650759827,
            0.21824718441084034,
            0.021738912624877784,
            0.0
        ],
        [
            -0.21813893331816767,
            0.9758907110264537,
            -0.007261260434288203,
            0.0
        ],
        [
            -0.02279955254349117,
            0.0023423554433978206,
            0.9997373123850052,
            11.337288856506348
        ],
        [
            0.0,
            0.0,
            0.0,
            1.0
        ]
    ],
    "intrinsic_matrix_camera": [
        [
            1.3888888888888888,
            0.0,
            -0.5
        ],
        [
            0.0,
            -1.3888888888888888,
            -0.5
        ],
        [
            0.0,
            0.0,
            -1.0
        ]
    ],
    "extrinsic_matrix_camera": [
        [
            0.5229890506673983,
            -0.6157256325385864,
            0.589376279058609,
            8.873103141784668
        ],
        [
            0.8523394000525926,
            0.37780463244039036,
            -0.3616368438427814,
            -4.094600677490234
        ],
        [
            -1.4054468143996465e-08,
            0.6914807337457345,
            0.7223949022926869,
            21.606613159179688
        ],
        [
            0.0,
            0.0,
            0.0,
            1.0
        ]
    ]
}