{
    "matrix_probe_in_cam_coord": [
        [
            -0.7253533337031529,
            0.17824480730686781,
            0.6648994886100159,
            -0.7475440622321222
        ],
        [
            -0.6878686044852714,
            -0.2247865918523006,
            -0.6901505423361723,
            0.8078888502973918
        ],
        [
            0.026444739537541576,
            -0.9579664799937236,
            0.2856587106307574,
            -14.882264376532941
        ],
        [
            0.0,
            0.0,
            0.0,
            1.0
        ]
    ],
    "matrix_probe_in_world_coord": [
        [
            -0.6924994154432856,
            0.17561990744720504,
            -0.6997158049658038,
            0.0
        ],
        [
            0.6795977632040786,
            -0.16662766914434501,
            -0.7144103163613581,
            0.0
        ],
        [
            -0.2420566872836212,
            -0.9702540224001949,
            -0.003961332796091698,
            12.163729667663574
        ],
        [
            0.0,
            0.0,
            0.0,
            1.0
        ]
    ],
    "intrinsic_matrix_camera": [
        [
            1.3888888888888888,
            0.0,
            -0.5
        ],
        [
            0.0,
            -1.3888888888888888,
            -0.5
        ],
        [
            0.0,
            0.0,
            -1.0
        ]
    ],
    "extrinsic_matrix_camera": [
        [
            0.06836941524734022,
            0.919780848329706,
            -0.3864308658798139,
            -6.442937850952148
        ],
        [
            -0.9976600739022967,
            0.06303236815609647,
            -0.02648202231510227,
            -1.1908304691314697
        ],
        [
            -4.34545540809527e-09,
            0.3873372065920343,
            0.9219381152710193,
            25.571331024169922
        ],
        [
            0.0,
            0.0,
            0.0,
            1.0
        ]
    ]
}