{
    "matrix_probe_in_cam_coord": [
        [
            0.2848242843184888,
            0.7260179838703961,
            -0.6259177375336359,
            2.1566614419765426
        ],
        [
            0.6464428247343947,
            -0.6276190563603904,
            -0.4338271481162856,
            0.9603334131963788
        ],
        [
            -0.7078042112137204,
            -0.28105552332245287,
            -0.6480902648536426,
            -10.437668013280806
        ],
        [
            0.0,
            0.0,
            0.0,
            1.0
        ]
    ],
    "matrix_probe_in_world_coord": [
        [
            0.25152331518720544,
            -0.48724671229404426,
            0.8362575340622544,
            0.0
        ],
        [
            -0.8226161212355354,
            -0.5628650146645665,
            -0.08053379632216684,
            0.0
        ],
        [
            0.509939936659839,
            -0.6676628015887226,
            -0.5423906750434203,
            12.135452270507812
        ],
        [
            0.0,
            0.0,
            0.0,
            1.0
        ]
    ],
    "intrinsic_matrix_camera": [
        [
            1.3888888888888888,
            0.0,
            -0.5
        ],
        [
            0.0,
            -1.3888888888888888,
            -0.5
        ],
        [
            0.0,
            0.0,
            -1.0
        ]
    ],
    "extrinsic_matrix_camera": [
        [
            -0.8055383511852956,
            0.10560954304788196,
            -0.5830562487332535,
            -4.449894428253174
        ],
        [
            -0.5925436395487471,
            -0.14357173253607478,
            0.7926406454673611,
            9.689112663269043
        ],
        [
            2.057236846947413e-08,
            0.9839887103182676,
            0.17823079971259792,
            13.050808906555176
        ],
        [
            0.0,
            0.0,
            0.0,
            1.0
        ]
    ]
}