{
    "matrix_probe_in_cam_coord": [
        [
            0.062298995473322696,
            0.9588530295270005,
            -0.27698321777665275,
            -0.25501233160334785
        ],
        [
            -0.507948573102718,
            -0.2084313848733958,
            -0.8357898090325532,
            0.7472722217930823
        ],
        [
            -0.8591315861065337,
            0.19276209577261846,
            0.47406296226073197,
            -9.81108430328569
        ],
        [
            0.0,
            0.0,
            0.0,
            1.0
        ]
    ],
    "matrix_probe_in_world_coord": [
        [
            -0.5725422848506978,
            0.6771744288568364,
            0.4622013900458976,
            0.0
        ],
        [
            0.3893257949479547,
            0.7206877388227818,
            -0.5736153837709107,
            0.0
        ],
        [
            -0.7215405445614861,
            -0.14847213884403831,
            -0.6762656774825934,
            18.3383731842041
        ],
        [
            0.0,
            0.0,
            0.0,
            1.0
        ]
    ],
    "intrinsic_matrix_camera": [
        [
            1.3888888888888888,
            0.0,
            -0.5
        ],
        [
            0.0,
            -1.3888888888888888,
            -0.5
        ],
        [
            0.0,
            0.0,
            -1.0
        ]
    ],
    "extrinsic_matrix_camera": [
        [
            0.48561991513963965,
            -0.23662557889764063,
            0.8415352835330941,
            8.557036399841309
        ],
        [
            0.8741700624133543,
            0.13145046658002058,
            -0.46749061682147885,
            -4.461894989013672
        ],
        [
            3.217062240017465e-08,
            0.9626677049985892,
            0.2706859614992023,
            20.274721145629883
        ],
        [
            0.0,
            0.0,
            0.0,
            1.0
        ]
    ]
}