{
    "matrix_probe_in_cam_coord": [
        [
            0.765865617476324,
            -0.4622480234977723,
            0.446963780120953,
            -0.6804042631226016
        ],
        [
            0.1450442365680376,
            0.8014010856009182,
            0.5802744776707528,
            0.7995129235406377
        ],
        [
            -0.6264279890027293,
            -0.37958275088585475,
            0.680811948943262,
            -12.868298483659945
        ],
        [
            0.0,
            0.0,
            0.0,
            1.0
        ]
    ],
    "matrix_probe_in_world_coord": [
        [
            0.5576771920829917,
            0.8282077970892933,
            -0.055389477980298134,
            0.0
        ],
        [
            -0.7551283744101729,
            0.4784985089028508,
            -0.44812979719987167,
            0.0
        ],
        [
            -0.3446408095264975,
            0.29173793345783555,
            0.8922509123507086,
            13.954480171203613
        ],
        [
            0.0,
            0.0,
            0.0,
            1.0
        ]
    ],
    "intrinsic_matrix_camera": [
        [
            1.3888888888888888,
            0.0,
            -0.5
        ],
        [
            0.0,
            -1.3888888888888888,
            -0.5
        ],
        [
            0.0,
            0.0,
            -1.0
        ]
    ],
    "extrinsic_matrix_camera": [
        [
            0.019511279360132906,
            0.7124733898641158,
            -0.701427814328222,
            -9.582538604736328
        ],
        [
            -0.9998096368698048,
            0.013903921917122435,
            -0.013688351894652348,
            -0.8675369024276733
        ],
        [
            1.1084881587926356e-08,
            0.7015613655916768,
            0.712609044504167,
            22.56363868713379
        ],
        [
            0.0,
            0.0,
            0.0,
            1.0
        ]
    ]
}