{
    "matrix_probe_in_cam_coord": [
        [
            0.6864353342043149,
            0.3973333587864478,
            0.6090424730273667,
            -1.7446599675275527
        ],
        [
            -0.5259758892698096,
            0.849626489815501,
            0.03852520876806976,
            -0.38459325127379285
        ],
        [
            -0.5021512679090272,
            -0.3467867209096541,
            0.7922014102096044,
            -16.446595253085107
        ],
        [
            0.0,
            0.0,
            0.0,
            1.0
        ]
    ],
    "matrix_probe_in_world_coord": [
        [
            -0.776375094470874,
            0.4719313257803298,
            -0.4177589453651009,
            0.0
        ],
        [
            -0.27586950230786267,
            -0.8504073898372942,
            -0.44799920647980196,
            0.0
        ],
        [
            -0.566690153771665,
            -0.2325684739111049,
            0.7904265775901681,
            14.807422637939453
        ],
        [
            0.0,
            0.0,
            0.0,
            1.0
        ]
    ],
    "intrinsic_matrix_camera": [
        [
            1.3888888888888888,
            0.0,
            -0.5
        ],
        [
            0.0,
            -1.3888888888888888,
            -0.5
        ],
        [
            0.0,
            0.0,
            -1.0
        ]
    ],
    "extrinsic_matrix_camera": [
        [
            -0.5998501798666468,
            0.7932256858930484,
            -0.10475100454627614,
            -2.4642627239227295
        ],
        [
            -0.8001123431831002,
            -0.5946872016993887,
            0.07853260737425583,
            -0.3330426514148712
        ],
        [
            -4.1941137411093824e-10,
            0.1309203703571487,
            0.9913928871166802,
            31.162811279296875
        ],
        [
            0.0,
            0.0,
            0.0,
            1.0
        ]
    ]
}