{
    "matrix_probe_in_cam_coord": [
        [
            -0.8332650244279413,
            0.4859578382636636,
            0.263655795489515,
            -0.539452065798075
        ],
        [
            -0.401548904939098,
            -0.8597482832596407,
            0.315580998119836,
            0.07597393213156245
        ],
        [
            0.38003667718697026,
            0.15709191214765778,
            0.9115340120535704,
            -13.399580831536944
        ],
        [
            0.0,
            0.0,
            0.0,
            1.0
        ]
    ],
    "matrix_probe_in_world_coord": [
        [
            0.5849237456706471,
            -0.7830703308588229,
            -0.21134111923445825,
            0.0
        ],
        [
            0.7645631861616894,
            0.6193057624619576,
            -0.17861552829387256,
            0.0
        ],
        [
            0.2707532938246659,
            -0.05710717564428155,
            0.9609533934447743,
            17.37090301513672
        ],
        [
            0.0,
            0.0,
            0.0,
            1.0
        ]
    ],
    "intrinsic_matrix_camera": [
        [
            1.3888888888888888,
            0.0,
            -0.5
        ],
        [
            0.0,
            -1.3888888888888888,
            -0.5
        ],
        [
            0.0,
            0.0,
            -1.0
        ]
    ],
    "extrinsic_matrix_camera": [
        [
            -0.923656975328706,
            0.3716726417287346,
            -0.09336615723596006,
            -1.7775734663009644
        ],
        [
            -0.3832202916425829,
            -0.895824242948127,
            0.2250358500768018,
            2.876716375350952
        ],
        [
            1.7588366730997755e-09,
            0.2436357386279748,
            0.9698668088264497,
            30.348201751708984
        ],
        [
            0.0,
            0.0,
            0.0,
            1.0
        ]
    ]
}