{
    "matrix_probe_in_cam_coord": [
        [
            0.888823800285767,
            0.2822221899957574,
            0.3610303138512959,
            0.4172673082591519
        ],
        [
            -0.02568304716653332,
            0.8172885477585786,
            -0.5756559830236412,
            -1.583333249859133
        ],
        [
            -0.45752883311744197,
            0.5023843799091208,
            0.7336738387659191,
            -9.013311406256209
        ],
        [
            0.0,
            0.0,
            0.0,
            1.0
        ]
    ],
    "matrix_probe_in_world_coord": [
        [
            -0.9650822092288353,
            0.017819391218687197,
            0.26134038862484665,
            0.0
        ],
        [
            0.24072271148359786,
            0.4537360610139195,
            0.8580070880310705,
            0.0
        ],
        [
            -0.10329039454845264,
            0.8909579430209756,
            -0.4421821323412525,
            4.987491607666016
        ],
        [
            0.0,
            0.0,
            0.0,
            1.0
        ]
    ],
    "intrinsic_matrix_camera": [
        [
            1.3888888888888888,
            0.0,
            -0.5
        ],
        [
            0.0,
            -1.3888888888888888,
            -0.5
        ],
        [
            0.0,
            0.0,
            -1.0
        ]
    ],
    "extrinsic_matrix_camera": [
        [
            -0.7584072066535803,
            -0.11109232204734738,
            0.6422437270055988,
            5.929305076599121
        ],
        [
            0.6517810283338367,
            -0.12926612008310268,
            0.7473096823290513,
            6.259096622467041
        ],
        [
            -1.3160674669707543e-08,
            0.9853673255090152,
            0.17044422495118597,
            8.08392333984375
        ],
        [
            0.0,
            0.0,
            0.0,
            1.0
        ]
    ]
}