{
    "matrix_probe_in_cam_coord": [
        [
            0.39790752714314925,
            0.8812668790468485,
            -0.2550260530570374,
            -0.14470725688807548
        ],
        [
            0.25685793191345097,
            0.15984869929530254,
            0.9531381831333503,
            -0.3169898499408923
        ],
        [
            0.8807346948178938,
            -0.4447663220485863,
            -0.16275538736215225,
            -10.545993014807014
        ],
        [
            0.0,
            0.0,
            0.0,
            1.0
        ]
    ],
    "matrix_probe_in_world_coord": [
        [
            0.8717134971295416,
            -0.08212882124885162,
            -0.48308429455164265,
            0.0
        ],
        [
            0.05584803539805665,
            0.9960821177368132,
            -0.06856684087167929,
            0.0
        ],
        [
            0.48682294097994344,
            0.03279133186101099,
            0.872884959596864,
            17.198022842407227
        ],
        [
            0.0,
            0.0,
            0.0,
            1.0
        ]
    ],
    "intrinsic_matrix_camera": [
        [
            1.3888888888888888,
            0.0,
            -0.5
        ],
        [
            0.0,
            -1.3888888888888888,
            -0.5
        ],
        [
            0.0,
            0.0,
            -1.0
        ]
    ],
    "extrinsic_matrix_camera": [
        [
            0.39768303297169943,
            -0.2496677459667584,
            0.8829010261123883,
            9.289473533630371
        ],
        [
            0.9175228636314354,
            0.10821376765368815,
            -0.38267685480541397,
            -3.8686325550079346
        ],
        [
            2.1271987342766255e-08,
            0.962265970048859,
            0.2721106445656395,
            20.37272834777832
        ],
        [
            0.0,
            0.0,
            0.0,
            1.0
        ]
    ]
}