{
    "matrix_probe_in_cam_coord": [
        [
            -0.5572551931686678,
            -0.418671740426696,
            0.7170638907758722,
            0.7539207467048936
        ],
        [
            -0.21634181950396913,
            -0.7605432639537096,
            -0.612184744001637,
            0.787680330218322
        ],
        [
            0.8016625641878649,
            -0.4962740346045911,
            0.3332404773688486,
            -12.412736373083126
        ],
        [
            0.0,
            0.0,
            0.0,
            1.0
        ]
    ],
    "matrix_probe_in_world_coord": [
        [
            0.8305007413771237,
            0.5445840641505771,
            -0.11703296819823068,
            0.0
        ],
        [
            0.1362528103929754,
            0.005108355427358071,
            0.9906609290594051,
            0.0
        ],
        [
            0.5400960009406327,
            -0.8386907068628267,
            -0.06995861626610585,
            18.246694564819336
        ],
        [
            0.0,
            0.0,
            0.0,
            1.0
        ]
    ],
    "intrinsic_matrix_camera": [
        [
            1.3888888888888888,
            0.0,
            -0.5
        ],
        [
            0.0,
            -1.3888888888888888,
            -0.5
        ],
        [
            0.0,
            0.0,
            -1.0
        ]
    ],
    "extrinsic_matrix_camera": [
        [
            -0.7747229245346688,
            -0.5222059854589931,
            0.3565183010046638,
            5.420778751373291
        ],
        [
            0.6323008699981759,
            -0.6398298134717602,
            0.4368219541097299,
            5.449432373046875
        ],
        [
            -9.849116779117463e-10,
            0.5638428136843592,
            0.8258821232212896,
            28.05402374267578
        ],
        [
            0.0,
            0.0,
            0.0,
            1.0
        ]
    ]
}