{
    "matrix_probe_in_cam_coord": [
        [
            0.2504801610531306,
            0.9646066552619186,
            0.0824238408666564,
            -0.1840899453837633
        ],
        [
            -0.9642596224974391,
            0.2409779379372837,
            0.11014996072895483,
            -0.48088514339058364
        ],
        [
            0.08638905798707112,
            -0.10706836158225559,
            0.9904914419661571,
            -13.040642886763587
        ],
        [
            0.0,
            0.0,
            0.0,
            1.0
        ]
    ],
    "matrix_probe_in_world_coord": [
        [
            0.5454779627610815,
            -0.8322734351191171,
            0.09886719039724379,
            0.0
        ],
        [
            0.8093430787582148,
            0.5537161217741463,
            0.19586280237342915,
            0.0
        ],
        [
            -0.21775576458085857,
            -0.02682136615505456,
            0.9756346864013098,
            13.75690746307373
        ],
        [
            0.0,
            0.0,
            0.0,
            1.0
        ]
    ],
    "intrinsic_matrix_camera": [
        [
            1.3888888888888888,
            0.0,
            -0.5
        ],
        [
            0.0,
            -1.3888888888888888,
            -0.5
        ],
        [
            0.0,
            0.0,
            -1.0
        ]
    ],
    "extrinsic_matrix_camera": [
        [
            -0.6580360729820341,
            -0.715651693508019,
            0.23416058642198487,
            2.58832049369812
        ],
        [
            0.7529864053582795,
            -0.6254092023768516,
            0.20463333777262993,
            2.5064175128936768
        ],
        [
            -9.142911691873021e-09,
            0.31097585623558466,
            0.9504178117220581,
            26.30051040649414
        ],
        [
            0.0,
            0.0,
            0.0,
            1.0
        ]
    ]
}