{
    "matrix_probe_in_cam_coord": [
        [
            0.6657984561981206,
            0.6877085849192864,
            -0.28942929698375836,
            2.237418283918841
        ],
        [
            0.5693626412212852,
            -0.7189824113518307,
            -0.3986106809259252,
            -0.6038514518204088
        ],
        [
            -0.4822225611745286,
            0.10060414700707022,
            -0.8702529558118481,
            -12.650598379548175
        ],
        [
            0.0,
            0.0,
            0.0,
            1.0
        ]
    ],
    "matrix_probe_in_world_coord": [
        [
            0.9459807510898087,
            -0.19440455121733038,
            0.25947502583784504,
            0.0
        ],
        [
            -0.29491839754884736,
            -0.8484283209026813,
            0.4395367141405568,
            0.0
        ],
        [
            0.13469802283174773,
            -0.4923172297982733,
            -0.8599303389746014,
            3.9505205154418945
        ],
        [
            0.0,
            0.0,
            0.0,
            1.0
        ]
    ],
    "intrinsic_matrix_camera": [
        [
            1.3888888888888888,
            0.0,
            -0.5
        ],
        [
            0.0,
            -1.3888888888888888,
            -0.5
        ],
        [
            0.0,
            0.0,
            -1.0
        ]
    ],
    "extrinsic_matrix_camera": [
        [
            0.42103917053610374,
            0.5749500352644994,
            -0.7015400728565835,
            -9.469758033752441
        ],
        [
            -0.9070424559381272,
            0.26688549333312267,
            -0.3256472271862087,
            -1.929039716720581
        ],
        [
            -1.6317213023377952e-08,
            0.7734368690447117,
            0.6338733387691212,
            12.43643856048584
        ],
        [
            0.0,
            0.0,
            0.0,
            1.0
        ]
    ]
}