{
    "matrix_probe_in_cam_coord": [
        [
            -0.7682456571433355,
            0.6401498155828927,
            -0.002612257566394361,
            -1.6856218211859837
        ],
        [
            0.18672192099135831,
            0.22798500614344896,
            0.9555928846507119,
            0.19290989443355544
        ],
        [
            0.6123181644388004,
            0.7336423178790603,
            -0.29467849415140296,
            -10.039356550573677
        ],
        [
            0.0,
            0.0,
            0.0,
            1.0
        ]
    ],
    "matrix_probe_in_world_coord": [
        [
            0.6281490965789548,
            -0.7564563777951192,
            0.18221542459443665,
            0.0
        ],
        [
            0.6332986854375954,
            0.36098374678639683,
            -0.6845608151063486,
            0.0
        ],
        [
            0.4520635878834488,
            0.5454030464245159,
            0.7058144440720954,
            3.74284291267395
        ],
        [
            0.0,
            0.0,
            0.0,
            1.0
        ]
    ],
    "intrinsic_matrix_camera": [
        [
            1.3888888888888888,
            0.0,
            -0.5
        ],
        [
            0.0,
            -1.3888888888888888,
            -0.5
        ],
        [
            0.0,
            0.0,
            -1.0
        ]
    ],
    "extrinsic_matrix_camera": [
        [
            -0.9672942198489506,
            0.11895225725938932,
            -0.22403627549954003,
            -3.9026193618774414
        ],
        [
            -0.2536570366593636,
            -0.4536118151913264,
            0.854338591468289,
            8.236946105957031
        ],
        [
            2.3209097989568925e-09,
            0.8832251590685842,
            0.4689491639701195,
            8.280407905578613
        ],
        [
            0.0,
            0.0,
            0.0,
            1.0
        ]
    ]
}