{
    "matrix_probe_in_cam_coord": [
        [
            0.9938129347848227,
            -0.11094829863118001,
            -0.005130856188171865,
            -2.969055497636012
        ],
        [
            0.08481920187503844,
            0.7283175352134832,
            0.6799700514683261,
            -0.218842711414851
        ],
        [
            -0.0717046277980626,
            -0.6761982275423405,
            0.7332219332650505,
            -10.656543417052548
        ],
        [
            0.0,
            0.0,
            0.0,
            1.0
        ]
    ],
    "matrix_probe_in_world_coord": [
        [
            -0.08190487154461423,
            0.9069534111856433,
            -0.41319136239275994,
            0.0
        ],
        [
            -0.9953172502764069,
            -0.053081441629888634,
            0.08078323994929068,
            0.0
        ],
        [
            0.05133384185381207,
            0.41787303154572875,
            0.9070540040082011,
            7.054730415344238
        ],
        [
            0.0,
            0.0,
            0.0,
            1.0
        ]
    ],
    "intrinsic_matrix_camera": [
        [
            1.3888888888888888,
            0.0,
            -0.5
        ],
        [
            0.0,
            -1.3888888888888888,
            -0.5
        ],
        [
            0.0,
            0.0,
            -1.0
        ]
    ],
    "extrinsic_matrix_camera": [
        [
            -0.1799030332130872,
            0.3726452152016241,
            -0.9103683003202968,
            -10.153970718383789
        ],
        [
            -0.9836843490880243,
            -0.0681519756882643,
            0.16649447308861712,
            -1.161272406578064
        ],
        [
            -2.9516806591634104e-08,
            0.925467909652799,
            0.37882601310215963,
            11.294238090515137
        ],
        [
            0.0,
            0.0,
            0.0,
            1.0
        ]
    ]
}