{
    "matrix_probe_in_cam_coord": [
        [
            -0.5169306039166698,
            0.8170663259730218,
            0.25531425674116837,
            1.6393024652171835
        ],
        [
            -0.8043658748301058,
            -0.5656704309941116,
            0.18169343110782712,
            -0.9189360497053112
        ],
        [
            0.2928793098584226,
            -0.11144318040994725,
            0.949632627597099,
            -12.566550984057207
        ],
        [
            0.0,
            0.0,
            0.0,
            1.0
        ]
    ],
    "matrix_probe_in_world_coord": [
        [
            -0.6112919667295728,
            -0.7809671043106451,
            -0.12811133203794664,
            0.0
        ],
        [
            0.784894142432452,
            -0.5775445079844905,
            -0.22446275074537098,
            0.0
        ],
        [
            0.10130802824612088,
            -0.23776611045647095,
            0.9660248237655619,
            4.120249271392822
        ],
        [
            0.0,
            0.0,
            0.0,
            1.0
        ]
    ],
    "intrinsic_matrix_camera": [
        [
            1.3888888888888888,
            0.0,
            -0.5
        ],
        [
            0.0,
            -1.3888888888888888,
            -0.5
        ],
        [
            0.0,
            0.0,
            -1.0
        ]
    ],
    "extrinsic_matrix_camera": [
        [
            -0.35481504661335095,
            0.9101954086009059,
            -0.21366001230598938,
            -1.266908884048462
        ],
        [
            -0.9349365126556806,
            -0.3454256201156634,
            0.08108549975762547,
            2.234184741973877
        ],
        [
            7.338783928936053e-09,
            0.22852890217550026,
            0.973537128655328,
            16.56425666809082
        ],
        [
            0.0,
            0.0,
            0.0,
            1.0
        ]
    ]
}