{
    "matrix_probe_in_cam_coord": [
        [
            0.28570293466045293,
            -0.7170124767157554,
            -0.6358198969522295,
            -0.7622785547503891
        ],
        [
            0.8977507151789004,
            -0.031877774427560845,
            0.43934890564711554,
            -1.2779171560238716
        ],
        [
            -0.3352871702319933,
            -0.6963310388970783,
            0.6345908900593659,
            -12.303080581572337
        ],
        [
            0.0,
            0.0,
            0.0,
            1.0
        ]
    ],
    "matrix_probe_in_world_coord": [
        [
            0.7643944270799901,
            0.5737194831795447,
            -0.2941889094939672,
            0.0
        ],
        [
            -0.2902356273085483,
            0.7136267708083588,
            0.6375736134960791,
            0.0
        ],
        [
            0.5757294855136976,
            -0.40197361431545514,
            0.7120061607207501,
            16.42469024658203
        ],
        [
            0.0,
            0.0,
            0.0,
            1.0
        ]
    ],
    "intrinsic_matrix_camera": [
        [
            1.3888888888888888,
            0.0,
            -0.5
        ],
        [
            0.0,
            -1.3888888888888888,
            -0.5
        ],
        [
            0.0,
            0.0,
            -1.0
        ]
    ],
    "extrinsic_matrix_camera": [
        [
            -0.005923134400856625,
            0.53869516788064,
            -0.8424799300760335,
            -9.681205749511719
        ],
        [
            -0.9999824580855751,
            -0.003190805852964154,
            0.004990218345881974,
            -0.7049477100372314
        ],
        [
            1.6617704489246517e-08,
            0.8424947090991479,
            0.538704617708018,
            24.12905502319336
        ],
        [
            0.0,
            0.0,
            0.0,
            1.0
        ]
    ]
}