{
    "matrix_probe_in_cam_coord": [
        [
            0.9134604688129627,
            0.3402872766115406,
            0.22314690518199734,
            -0.3969320389888301
        ],
        [
            -0.4027255230467587,
            0.6773787892786105,
            0.6156054978004656,
            0.29703779280628684
        ],
        [
            0.05832773785016188,
            -0.6521982407303358,
            0.7558011178779362,
            -11.372814652009934
        ],
        [
            0.0,
            0.0,
            0.0,
            1.0
        ]
    ],
    "matrix_probe_in_world_coord": [
        [
            0.7331986409883061,
            -0.6785722055533209,
            0.04426640603666619,
            0.0
        ],
        [
            0.6539991897109829,
            0.7214863542920572,
            0.22746977915260316,
            0.0
        ],
        [
            -0.18629227764531492,
            -0.1378303392612017,
            0.9727784870508102,
            13.40442180633545
        ],
        [
            0.0,
            0.0,
            0.0,
            1.0
        ]
    ],
    "intrinsic_matrix_camera": [
        [
            1.3888888888888888,
            0.0,
            -0.5
        ],
        [
            0.0,
            -1.3888888888888888,
            -0.5
        ],
        [
            0.0,
            0.0,
            -1.0
        ]
    ],
    "extrinsic_matrix_camera": [
        [
            0.44871639802879076,
            -0.7276775823009733,
            0.5187860159609912,
            6.294314861297607
        ],
        [
            0.8936742102914611,
            0.36536903403268056,
            -0.26048392432155815,
            -2.716235876083374
        ],
        [
            -3.324274901602426e-08,
            0.5805090913901658,
            0.8142537656120252,
            22.492345809936523
        ],
        [
            0.0,
            0.0,
            0.0,
            1.0
        ]
    ]
}