{
    "matrix_probe_in_cam_coord": [
        [
            -0.9364735837346384,
            0.30837973101432203,
            -0.16709030033708594,
            -1.8441235528524276
        ],
        [
            -0.33021400478335194,
            -0.6146207004763083,
            0.7163798612404964,
            -0.8900820000319551
        ],
        [
            0.11821987147744505,
            0.7260463732059727,
            0.6774073559847943,
            -11.16778814106654
        ],
        [
            0.0,
            0.0,
            0.0,
            1.0
        ]
    ],
    "matrix_probe_in_world_coord": [
        [
            0.9683585918542612,
            0.154492411590479,
            -0.19599421507531836,
            0.0
        ],
        [
            -0.24186581380435793,
            0.7745180672168059,
            -0.5844849798476424,
            0.0
        ],
        [
            0.06150256657073578,
            0.6133953523753675,
            0.7873776577916793,
            5.596920490264893
        ],
        [
            0.0,
            0.0,
            0.0,
            1.0
        ]
    ],
    "intrinsic_matrix_camera": [
        [
            1.3888888888888888,
            0.0,
            -0.5
        ],
        [
            0.0,
            -1.3888888888888888,
            -0.5
        ],
        [
            0.0,
            0.0,
            -1.0
        ]
    ],
    "extrinsic_matrix_camera": [
        [
            -0.8264511802626958,
            -0.5551261115121736,
            0.09387996037371553,
            -0.9697543382644653
        ],
        [
            0.5630083894955711,
            -0.8148806267682362,
            0.13780826345110564,
            1.8519599437713623
        ],
        [
            -4.473546984010306e-09,
            0.16674700727503244,
            0.9859997137752221,
            16.75677490234375
        ],
        [
            0.0,
            0.0,
            0.0,
            1.0
        ]
    ]
}