{
    "matrix_probe_in_cam_coord": [
        [
            -0.2409494187121707,
            0.5774791496569652,
            -0.780039235765571,
            -0.5255589383882033
        ],
        [
            -0.9502828907157838,
            -0.30371754384815997,
            0.06868828991680904,
            0.22325263522164462
        ],
        [
            -0.19724554553936477,
            0.7578083433628253,
            0.6219491213070156,
            -11.515850446392331
        ],
        [
            0.0,
            0.0,
            0.0,
            1.0
        ]
    ],
    "matrix_probe_in_world_coord": [
        [
            0.8403475274947101,
            0.03561503795125787,
            0.5408766976911265,
            0.0
        ],
        [
            0.3342887937589046,
            0.7514342960178093,
            -0.5688563097438896,
            0.0
        ],
        [
            -0.42669313962231015,
            0.6588460122365087,
            0.6195602446568904,
            17.8549747467041
        ],
        [
            0.0,
            0.0,
            0.0,
            1.0
        ]
    ],
    "intrinsic_matrix_camera": [
        [
            1.3888888888888888,
            0.0,
            -0.5
        ],
        [
            0.0,
            -1.3888888888888888,
            -0.5
        ],
        [
            0.0,
            0.0,
            -1.0
        ]
    ],
    "extrinsic_matrix_camera": [
        [
            -0.6038193523453589,
            -0.7722328940638948,
            0.19763235326973275,
            2.130964994430542
        ],
        [
            0.7971211888622902,
            -0.5849664671415985,
            0.1497065215234319,
            2.2735273838043213
        ],
        [
            -8.91202656422544e-10,
            0.24793263126417675,
            0.9687772759279717,
            28.955917358398438
        ],
        [
            0.0,
            0.0,
            0.0,
            1.0
        ]
    ]
}