{
    "matrix_probe_in_cam_coord": [
        [
            0.7276756163172,
            -0.3168013079211181,
            -0.6083790995069212,
            -1.6144187446321367
        ],
        [
            0.6565639540631146,
            0.5784096397547098,
            0.4841136879533935,
            -0.035465732870246125
        ],
        [
            0.1985244862539418,
            -0.7517175133906993,
            0.6288949104733735,
            -13.708796123528337
        ],
        [
            0.0,
            0.0,
            0.0,
            1.0
        ]
    ],
    "matrix_probe_in_world_coord": [
        [
            0.9498697633494013,
            0.25369156171789264,
            -0.18272390152273146,
            0.0
        ],
        [
            -0.06052404128017927,
            0.7225960749760116,
            0.688615823849828,
            0.0
        ],
        [
            0.30673159782074516,
            -0.6430361606802519,
            0.7017266012885173,
            9.221922874450684
        ],
        [
            0.0,
            0.0,
            0.0,
            1.0
        ]
    ],
    "intrinsic_matrix_camera": [
        [
            1.3888888888888888,
            0.0,
            -0.5
        ],
        [
            0.0,
            -1.3888888888888888,
            -0.5
        ],
        [
            0.0,
            0.0,
            -1.0
        ]
    ],
    "extrinsic_matrix_camera": [
        [
            0.7219926495723598,
            0.6819287506483315,
            -0.11704611485516789,
            -0.4147777557373047
        ],
        [
            -0.6919007255116035,
            0.7115869776232528,
            -0.12213664197742072,
            -2.766126871109009
        ],
        [
            3.4402879773955586e-09,
            0.16916604953775385,
            0.9855875646962019,
            22.7391414642334
        ],
        [
            0.0,
            0.0,
            0.0,
            1.0
        ]
    ]
}