{
    "matrix_probe_in_cam_coord": [
        [
            0.9844474417758557,
            0.0831717306285353,
            -0.15474397437453838,
            0.5295779070768348
        ],
        [
            0.14577783058821647,
            0.10482519031135316,
            0.9837481911470953,
            -1.0709952096681015
        ],
        [
            0.09804110612374117,
            -0.9910066310073022,
            0.09107029597838336,
            -9.057977388563184
        ],
        [
            0.0,
            0.0,
            0.0,
            1.0
        ]
    ],
    "matrix_probe_in_world_coord": [
        [
            0.9670178007676812,
            0.23735169149415627,
            -0.09241616494586068,
            0.0
        ],
        [
            -0.18573548830816383,
            0.9053859948309536,
            0.38180954512281723,
            0.0
        ],
        [
            0.1742954428014846,
            -0.35205166511298813,
            0.9196090058877235,
            13.707853317260742
        ],
        [
            0.0,
            0.0,
            0.0,
            1.0
        ]
    ],
    "intrinsic_matrix_camera": [
        [
            1.3888888888888888,
            0.0,
            -0.5
        ],
        [
            0.0,
            -1.3888888888888888,
            -0.5
        ],
        [
            0.0,
            0.0,
            -1.0
        ]
    ],
    "extrinsic_matrix_camera": [
        [
            0.9860199957268121,
            0.07493595826945514,
            -0.14882597281770388,
            -1.7899806499481201
        ],
        [
            -0.16662703270147206,
            0.44343559204184796,
            -0.8806817289370765,
            -7.414035797119141
        ],
        [
            4.07932213218891e-09,
            0.8931682248427416,
            0.44972271693929994,
            18.73801040649414
        ],
        [
            0.0,
            0.0,
            0.0,
            1.0
        ]
    ]
}