{
    "matrix_probe_in_cam_coord": [
        [
            -0.8869005028811761,
            0.32652149837541533,
            0.32678924261332576,
            -0.026147422856586285
        ],
        [
            -0.230326678131723,
            -0.9257513353432407,
            0.29989012396378206,
            1.4663312821128223
        ],
        [
            0.40044615034973563,
            0.19070442105226745,
            0.8962559369182425,
            -11.070378451218296
        ],
        [
            0.0,
            0.0,
            0.0,
            1.0
        ]
    ],
    "matrix_probe_in_world_coord": [
        [
            0.008304567015785778,
            0.562022011288451,
            0.8270805843410692,
            0.0
        ],
        [
            -0.9952932714302586,
            0.08450770542512193,
            -0.04743154614214506,
            0.0
        ],
        [
            -0.09655225534566214,
            -0.8227938420716729,
            0.5600785261341493,
            9.718481063842773
        ],
        [
            0.0,
            0.0,
            0.0,
            1.0
        ]
    ],
    "intrinsic_matrix_camera": [
        [
            1.3888888888888888,
            0.0,
            -0.5
        ],
        [
            0.0,
            -1.3888888888888888,
            -0.5
        ],
        [
            0.0,
            0.0,
            -1.0
        ]
    ],
    "extrinsic_matrix_camera": [
        [
            0.4464279823203636,
            -0.27417209181056507,
            0.8517814981986801,
            9.843243598937988
        ],
        [
            0.8948195665056554,
            0.13678521957892514,
            -0.4249561708027972,
            -4.881600856781006
        ],
        [
            3.0124383548384506e-09,
            0.9519030768817612,
            0.306399301929746,
            11.714632034301758
        ],
        [
            0.0,
            0.0,
            0.0,
            1.0
        ]
    ]
}