{
    "matrix_probe_in_cam_coord": [
        [
            0.07525847248043062,
            -0.997000347485874,
            -0.01806846515227089,
            -1.2137600280212533
        ],
        [
            -0.22696383853511184,
            -0.034770969573993164,
            0.9732822795429352,
            -0.38950502010915145
        ],
        [
            -0.9709910289582082,
            -0.06914684944327538,
            -0.2288998359430365,
            -10.895909138621967
        ],
        [
            0.0,
            0.0,
            0.0,
            1.0
        ]
    ],
    "matrix_probe_in_world_coord": [
        [
            0.19327396486667242,
            0.9681432396425157,
            0.15919749382201495,
            0.0
        ],
        [
            -0.8618313307117982,
            0.2450696263942696,
            -0.4440581444163637,
            0.0
        ],
        [
            -0.46892636085876777,
            -0.05137650974392238,
            0.8817417549023554,
            9.171601295471191
        ],
        [
            0.0,
            0.0,
            0.0,
            1.0
        ]
    ],
    "intrinsic_matrix_camera": [
        [
            1.3888888888888888,
            0.0,
            -0.5
        ],
        [
            0.0,
            -1.3888888888888888,
            -0.5
        ],
        [
            0.0,
            0.0,
            -1.0
        ]
    ],
    "extrinsic_matrix_camera": [
        [
            -0.9535700973430377,
            0.07741461960069564,
            -0.29105162106621063,
            -4.298523902893066
        ],
        [
            -0.3011711630504977,
            -0.2451106845818562,
            0.9215295344429414,
            9.579880714416504
        ],
        [
            -3.72849143682216e-09,
            0.9663993630874831,
            0.25704527037879266,
            12.348760604858398
        ],
        [
            0.0,
            0.0,
            0.0,
            1.0
        ]
    ]
}