{
    "matrix_probe_in_cam_coord": [
        [
            -0.7965577032561246,
            0.5131832575581453,
            -0.31959156676191897,
            1.7683909910972764
        ],
        [
            -0.5872942060800787,
            -0.5314012281735793,
            0.6104901720751791,
            -0.8335080478665651
        ],
        [
            0.1434619841215709,
            0.6739849247999705,
            0.7246812956426294,
            -11.804294488618794
        ],
        [
            0.0,
            0.0,
            0.0,
            1.0
        ]
    ],
    "matrix_probe_in_world_coord": [
        [
            0.9286392494824567,
            -0.29084922626726667,
            0.2302951842752956,
            0.0
        ],
        [
            0.3591132594344507,
            0.8605287313926466,
            -0.3612865474192577,
            0.0
        ],
        [
            -0.09309570999259263,
            0.4182069225006862,
            0.9035685689273839,
            7.125770568847656
        ],
        [
            0.0,
            0.0,
            0.0,
            1.0
        ]
    ],
    "intrinsic_matrix_camera": [
        [
            1.3888888888888888,
            0.0,
            -0.5
        ],
        [
            0.0,
            -1.3888888888888888,
            -0.5
        ],
        [
            0.0,
            0.0,
            -1.0
        ]
    ],
    "extrinsic_matrix_camera": [
        [
            -0.9625740998756055,
            -0.25023386803152853,
            0.10408704789092568,
            2.7223095893859863
        ],
        [
            0.27101863819425465,
            -0.8887530478355194,
            0.3696848897566778,
            3.143819570541382
        ],
        [
            1.1366391936905644e-09,
            0.3840586299682054,
            0.9233087071759616,
            18.344894409179688
        ],
        [
            0.0,
            0.0,
            0.0,
            1.0
        ]
    ]
}