{
    "matrix_probe_in_cam_coord": [
        [
            0.9421782486389206,
            -0.03128563192736221,
            0.33364855316125996,
            2.539075269329273
        ],
        [
            -0.13816303225057147,
            0.8708089970958147,
            0.4718078709562919,
            -0.8484484654150553
        ],
        [
            -0.30530496935199725,
            -0.49062500936243264,
            0.8161347780097896,
            -11.62094839133243
        ],
        [
            0.0,
            0.0,
            0.0,
            1.0
        ]
    ],
    "matrix_probe_in_world_coord": [
        [
            -0.8726457857713489,
            -0.42470178339115194,
            -0.2410761866296216,
            0.0
        ],
        [
            0.36326180156670046,
            -0.8944415118126287,
            0.26079732642198306,
            0.0
        ],
        [
            -0.3263896384660827,
            0.14000991797267193,
            0.934808550865505,
            8.875743865966797
        ],
        [
            0.0,
            0.0,
            0.0,
            1.0
        ]
    ],
    "intrinsic_matrix_camera": [
        [
            1.3888888888888888,
            0.0,
            -0.5
        ],
        [
            0.0,
            -1.3888888888888888,
            -0.5
        ],
        [
            0.0,
            0.0,
            -1.0
        ]
    ],
    "extrinsic_matrix_camera": [
        [
            -0.8893355353167213,
            -0.3630083885687842,
            0.2780417512741842,
            5.181204795837402
        ],
        [
            0.4572551865456757,
            -0.7060308365374312,
            0.5407755100180983,
            4.524288177490234
        ],
        [
            3.775312294116505e-09,
            0.6080669105344819,
            0.7938857803947935,
            18.61736297607422
        ],
        [
            0.0,
            0.0,
            0.0,
            1.0
        ]
    ]
}