{
    "matrix_probe_in_cam_coord": [
        [
            -0.24776649843606527,
            0.964493347785926,
            0.09145678941132947,
            0.5045465028985207
        ],
        [
            -0.7863017716252914,
            -0.25534008997009366,
            0.5626108445390939,
            -0.11946155126041935
        ],
        [
            0.5659870017868427,
            0.06748348339231922,
            0.8216475480871218,
            -11.280098594748301
        ],
        [
            0.0,
            0.0,
            0.0,
            1.0
        ]
    ],
    "matrix_probe_in_world_coord": [
        [
            0.7448476957926635,
            0.6647072406345016,
            0.05801891347161541,
            0.0
        ],
        [
            -0.6672122725634978,
            0.7412915535668554,
            0.07290141254523681,
            0.0
        ],
        [
            0.0054491662676670535,
            -0.09301138026341146,
            0.9956501341979935,
            6.62924337387085
        ],
        [
            0.0,
            0.0,
            0.0,
            1.0
        ]
    ],
    "intrinsic_matrix_camera": [
        [
            1.3888888888888888,
            0.0,
            -0.5
        ],
        [
            0.0,
            -1.3888888888888888,
            -0.5
        ],
        [
            0.0,
            0.0,
            -1.0
        ]
    ],
    "extrinsic_matrix_camera": [
        [
            0.4618636299136433,
            -0.7227593995126677,
            0.5141019721602722,
            5.479747295379639
        ],
        [
            0.886950949806692,
            0.3763638652651523,
            -0.2677092705897228,
            -3.4223339557647705
        ],
        [
            -1.3727275463819249e-08,
            0.5796284079811501,
            0.8148809168591675,
            15.890423774719238
        ],
        [
            0.0,
            0.0,
            0.0,
            1.0
        ]
    ]
}