{
    "matrix_probe_in_cam_coord": [
        [
            0.4543942581307924,
            0.8222232195131283,
            -0.3427460218167864,
            -0.7397485962040032
        ],
        [
            -0.20293004866821407,
            0.4701899666338576,
            0.8589183841462285,
            -0.22431206709392537
        ],
        [
            0.8673783796736482,
            -0.32073411507090727,
            0.3805054190210684,
            -12.417980883800627
        ],
        [
            0.0,
            0.0,
            0.0,
            1.0
        ]
    ],
    "matrix_probe_in_world_coord": [
        [
            0.9378206110896111,
            -0.07325599500643334,
            -0.3393023144794711,
            0.0
        ],
        [
            0.002482984435587153,
            0.9788683067028383,
            -0.2044765828182063,
            0.0
        ],
        [
            0.3471114175647369,
            0.19091987148627446,
            0.9181847670637231,
            9.731114387512207
        ],
        [
            0.0,
            0.0,
            0.0,
            1.0
        ]
    ],
    "intrinsic_matrix_camera": [
        [
            1.3888888888888888,
            0.0,
            -0.5
        ],
        [
            0.0,
            -1.3888888888888888,
            -0.5
        ],
        [
            0.0,
            0.0,
            -1.0
        ]
    ],
    "extrinsic_matrix_camera": [
        [
            0.4822020392540698,
            -0.5161892117880567,
            0.7078346494576551,
            9.030797958374023
        ],
        [
            0.8760600398027617,
            0.2841214882052359,
            -0.3896072209300355,
            -4.126338958740234
        ],
        [
            1.0271669851035217e-08,
            0.8079750476182211,
            0.5892167024332671,
            17.22923469543457
        ],
        [
            0.0,
            0.0,
            0.0,
            1.0
        ]
    ]
}