{
    "matrix_probe_in_cam_coord": [
        [
            -0.9526265919791875,
            0.3010910680358872,
            0.042973771106652014,
            -0.7690830638628102
        ],
        [
            -0.08092319715379177,
            -0.3871243576322342,
            0.9184694703092958,
            0.5222314074771499
        ],
        [
            0.293179147308479,
            0.871480866385969,
            0.3931502093432413,
            -10.58187312508225
        ],
        [
            0.0,
            0.0,
            0.0,
            1.0
        ]
    ],
    "matrix_probe_in_world_coord": [
        [
            0.762760557242972,
            -0.6442036577991677,
            -0.05655068162775592,
            0.0
        ],
        [
            0.6460875617465353,
            0.7628867273521339,
            0.023972980339710074,
            0.0
        ],
        [
            0.02769828281334239,
            -0.054822335850673476,
            0.9981118758040445,
            4.67989444732666
        ],
        [
            0.0,
            0.0,
            0.0,
            1.0
        ]
    ],
    "intrinsic_matrix_camera": [
        [
            1.3888888888888888,
            0.0,
            -0.5
        ],
        [
            0.0,
            -1.3888888888888888,
            -0.5
        ],
        [
            0.0,
            0.0,
            -1.0
        ]
    ],
    "extrinsic_matrix_camera": [
        [
            -0.9230201535500917,
            0.13572182965465465,
            -0.36001858437524925,
            -4.590428352355957
        ],
        [
            -0.3847516031680252,
            -0.325597054855831,
            0.8636855687857957,
            9.013542175292969
        ],
        [
            -5.124017366790781e-09,
            0.9357169138283236,
            0.3527518351130127,
            7.924008846282959
        ],
        [
            0.0,
            0.0,
            0.0,
            1.0
        ]
    ]
}