{
    "matrix_probe_in_cam_coord": [
        [
            -0.46864015211221416,
            0.8816675944079791,
            0.05512404918987815,
            1.234402295101604
        ],
        [
            0.5227874323611685,
            0.22649922334289446,
            0.8218220016465138,
            -0.0695099820259415
        ],
        [
            0.7120882728942092,
            0.4139569479981135,
            -0.5670713683573079,
            -9.112322413211071
        ],
        [
            0.0,
            0.0,
            0.0,
            1.0
        ]
    ],
    "matrix_probe_in_world_coord": [
        [
            0.8244515545041216,
            -0.3888742424272802,
            -0.41116475755145454,
            0.0
        ],
        [
            0.22943073112061016,
            0.8938111102067364,
            -0.3853092769301872,
            0.0
        ],
        [
            0.5173404815913788,
            0.22333500139389328,
            0.8261236609970628,
            5.755805015563965
        ],
        [
            0.0,
            0.0,
            0.0,
            1.0
        ]
    ],
    "intrinsic_matrix_camera": [
        [
            1.3888888888888888,
            0.0,
            -0.5
        ],
        [
            0.0,
            -1.3888888888888888,
            -0.5
        ],
        [
            0.0,
            0.0,
            -1.0
        ]
    ],
    "extrinsic_matrix_camera": [
        [
            -0.7518939860804589,
            0.005028953340108345,
            0.6592648506665144,
            6.935923099517822
        ],
        [
            0.6592840311247031,
            0.005735383884628096,
            0.7518721112500831,
            6.037878036499023
        ],
        [
            -7.235009044865209e-09,
            0.9999709070768003,
            -0.007627909281119347,
            5.755805015563965
        ],
        [
            0.0,
            0.0,
            0.0,
            1.0
        ]
    ]
}