{
    "matrix_probe_in_cam_coord": [
        [
            0.3280942561155783,
            -0.6757714995889611,
            0.6600659356816199,
            0.19046487415730426
        ],
        [
            0.0827871951137915,
            0.7166259768681472,
            0.6925268872780067,
            0.3566988320124147
        ],
        [
            -0.9410103290767622,
            -0.17256908651627298,
            0.291066093782465,
            -13.041719369376699
        ],
        [
            0.0,
            0.0,
            0.0,
            1.0
        ]
    ],
    "matrix_probe_in_world_coord": [
        [
            0.25080011456916496,
            0.5986760628886326,
            0.7607143184246368,
            0.0
        ],
        [
            -0.28768085341374944,
            0.7964219676901523,
            -0.5319321159318007,
            0.0
        ],
        [
            -0.9243046192198925,
            -0.08543430870974433,
            0.37197036143227535,
            8.2727689743042
        ],
        [
            0.0,
            0.0,
            0.0,
            1.0
        ]
    ],
    "intrinsic_matrix_camera": [
        [
            1.3888888888888888,
            0.0,
            -0.5
        ],
        [
            0.0,
            -1.3888888888888888,
            -0.5
        ],
        [
            0.0,
            0.0,
            -1.0
        ]
    ],
    "extrinsic_matrix_camera": [
        [
            0.17983946461436912,
            0.9766049754609654,
            -0.11790033448682034,
            -1.9202300310134888
        ],
        [
            -0.9836959728326718,
            0.1785430871636873,
            -0.021554560047536638,
            -0.1574351042509079
        ],
        [
            -8.893881685604174e-10,
            0.11985444476925744,
            0.9927914746154163,
            21.177724838256836
        ],
        [
            0.0,
            0.0,
            0.0,
            1.0
        ]
    ]
}