{
    "matrix_probe_in_cam_coord": [
        [
            0.8157828325508479,
            -0.573173696435453,
            0.0772676117777378,
            0.39503558618878826
        ],
        [
            0.33523684767105133,
            0.5774835060772279,
            0.7443984525590639,
            -1.384682421588126
        ],
        [
            -0.4712903840297318,
            -0.5813645275756615,
            0.6632500735000612,
            -10.672799584574573
        ],
        [
            0.0,
            0.0,
            0.0,
            1.0
        ]
    ],
    "matrix_probe_in_world_coord": [
        [
            0.760659212165994,
            0.5776371271240114,
            0.2961974211821039,
            0.0
        ],
        [
            -0.6086532699232949,
            0.7932740252408468,
            0.01604736395380063,
            0.0
        ],
        [
            -0.22569616735489914,
            -0.19248810416777382,
            0.9549919213245766,
            9.327248573303223
        ],
        [
            0.0,
            0.0,
            0.0,
            1.0
        ]
    ],
    "intrinsic_matrix_camera": [
        [
            1.3888888888888888,
            0.0,
            -0.5
        ],
        [
            0.0,
            -1.3888888888888888,
            -0.5
        ],
        [
            0.0,
            0.0,
            -1.0
        ]
    ],
    "extrinsic_matrix_camera": [
        [
            0.31233278670411146,
            0.809065811830368,
            -0.4978561463685185,
            -4.3166022300720215
        ],
        [
            -0.9499727524248492,
            0.26600529473717777,
            -0.163685530277246,
            -1.0033769607543945
        ],
        [
            4.512828978001457e-09,
            0.5240741314919626,
            0.851672651140651,
            19.142656326293945
        ],
        [
            0.0,
            0.0,
            0.0,
            1.0
        ]
    ]
}