{
    "matrix_probe_in_cam_coord": [
        [
            -0.7161739036350759,
            0.6973935971155708,
            -0.027149778163045306,
            1.9438560590969696
        ],
        [
            -0.32713135257717113,
            -0.3010694619675946,
            0.895735595603733,
            0.07732075598444266
        ],
        [
            0.6165062999784579,
            0.6503840017810621,
            0.4437574025457198,
            -12.222105183243496
        ],
        [
            0.0,
            0.0,
            0.0,
            1.0
        ]
    ],
    "matrix_probe_in_world_coord": [
        [
            0.8114250808558416,
            -0.5657663078538373,
            -0.14662135947919697,
            0.0
        ],
        [
            0.30604347899279427,
            0.6250299719417728,
            -0.7181050919889469,
            0.0
        ],
        [
            0.49792241074697374,
            0.5378159713804562,
            0.6803140846726741,
            7.017390727996826
        ],
        [
            0.0,
            0.0,
            0.0,
            1.0
        ]
    ],
    "intrinsic_matrix_camera": [
        [
            1.3888888888888888,
            0.0,
            -0.5
        ],
        [
            0.0,
            -1.3888888888888888,
            -0.5
        ],
        [
            0.0,
            0.0,
            -1.0
        ]
    ],
    "extrinsic_matrix_camera": [
        [
            -0.9717025308410933,
            -0.22644159707179198,
            0.0672190052930701,
            2.7279162406921387
        ],
        [
            0.23620794135044143,
            -0.9315261468752584,
            0.27652277687510735,
            2.9925625324249268
        ],
        [
            1.7751150875839287e-09,
            0.28457554498464926,
            0.9586536179437749,
            18.7121524810791
        ],
        [
            0.0,
            0.0,
            0.0,
            1.0
        ]
    ]
}