{
    "matrix_probe_in_cam_coord": [
        [
            -0.47704117197782825,
            -0.8786363282227598,
            0.020734583797277814,
            0.3776996803323971
        ],
        [
            0.028457419325834666,
            0.008137768341397764,
            0.9995618800313141,
            0.10019480521037671
        ],
        [
            -0.8784201133417502,
            0.4774222234601654,
            0.02112167188028233,
            -9.268720488905581
        ],
        [
            0.0,
            0.0,
            0.0,
            1.0
        ]
    ],
    "matrix_probe_in_world_coord": [
        [
            -0.2512053996600426,
            0.967899824958892,
            -0.008110242054604871,
            0.0
        ],
        [
            -0.9677480780572232,
            -0.2509842497898892,
            0.021692481968575296,
            0.0
        ],
        [
            0.018960606482618537,
            0.013297939763456956,
            0.9997317941327356,
            10.769404411315918
        ],
        [
            0.0,
            0.0,
            0.0,
            1.0
        ]
    ],
    "intrinsic_matrix_camera": [
        [
            1.3888888888888888,
            0.0,
            -0.5
        ],
        [
            0.0,
            -1.3888888888888888,
            -0.5
        ],
        [
            0.0,
            0.0,
            -1.0
        ]
    ],
    "extrinsic_matrix_camera": [
        [
            -0.730764792521845,
            -0.0073788016374546775,
            0.6825894602884666,
            6.603479862213135
        ],
        [
            0.6826293415979895,
            -0.007899086482120126,
            0.730722099311526,
            6.51582145690918
        ],
        [
            -2.0244321927248068e-08,
            0.999941577152957,
            0.010809360797776465,
            10.769404411315918
        ],
        [
            0.0,
            0.0,
            0.0,
            1.0
        ]
    ]
}