{
    "matrix_probe_in_cam_coord": [
        [
            0.7574793149121867,
            -0.4401275578790774,
            -0.4821958318728643,
            -0.13729938583627602
        ],
        [
            0.6349210327510715,
            0.32467995279897505,
            0.7010408051039313,
            -0.8803669806575254
        ],
        [
            -0.15198805759163153,
            -0.8371801843365947,
            0.5253845918026795,
            -11.314400845556126
        ],
        [
            0.0,
            0.0,
            0.0,
            1.0
        ]
    ],
    "matrix_probe_in_world_coord": [
        [
            0.744025470177601,
            0.6139183636509373,
            0.26368606807936484,
            0.0
        ],
        [
            -0.6427403749038917,
            0.5498312602351132,
            0.533451399601381,
            0.0
        ],
        [
            0.18251276721206305,
            -0.5663831106595808,
            0.80367858112816,
            17.157278060913086
        ],
        [
            0.0,
            0.0,
            0.0,
            1.0
        ]
    ],
    "intrinsic_matrix_camera": [
        [
            1.3888888888888888,
            0.0,
            -0.5
        ],
        [
            0.0,
            -1.3888888888888888,
            -0.5
        ],
        [
            0.0,
            0.0,
            -1.0
        ]
    ],
    "extrinsic_matrix_camera": [
        [
            0.1662331903457263,
            0.8565790987119222,
            -0.4885066776179755,
            -4.750232696533203
        ],
        [
            -0.9860864700559894,
            0.14440100365611877,
            -0.0823518288541551,
            -0.9400247931480408
        ],
        [
            -7.964189326457658e-10,
            0.4953994325723201,
            0.8686652992994617,
            27.421838760375977
        ],
        [
            0.0,
            0.0,
            0.0,
            1.0
        ]
    ]
}