{
    "matrix_probe_in_cam_coord": [
        [
            0.8989171046526218,
            0.16354435015014618,
            -0.40644960880398684,
            -1.134429111121285
        ],
        [
            0.3897969402919696,
            0.12498832445850211,
            0.9123794518116216,
            -0.7528704196111926
        ],
        [
            0.20001596011810227,
            -0.9785863090617112,
            0.04860505544705357,
            -13.401993111806496
        ],
        [
            0.0,
            0.0,
            0.0,
            1.0
        ]
    ],
    "matrix_probe_in_world_coord": [
        [
            0.9349963571417872,
            0.3382453521050165,
            -0.10663908247420818,
            0.0
        ],
        [
            -0.060605829832201245,
            0.44864289109935435,
            0.8916537947299743,
            0.0
        ],
        [
            0.3494406180196255,
            -0.827230099818283,
            0.43997910908666543,
            9.411018371582031
        ],
        [
            0.0,
            0.0,
            0.0,
            1.0
        ]
    ],
    "intrinsic_matrix_camera": [
        [
            1.3888888888888888,
            0.0,
            -0.5
        ],
        [
            0.0,
            -1.3888888888888888,
            -0.5
        ],
        [
            0.0,
            0.0,
            -1.0
        ]
    ],
    "extrinsic_matrix_camera": [
        [
            0.9391457478788242,
            0.30944013140397597,
            -0.14917127510956615,
            -0.700829803943634
        ],
        [
            -0.3435189430600935,
            0.8459777566477646,
            -0.40781904199790814,
            -5.218374252319336
        ],
        [
            2.728601020504445e-09,
            0.4342446779569157,
            0.9007949598360853,
            21.810396194458008
        ],
        [
            0.0,
            0.0,
            0.0,
            1.0
        ]
    ]
}