{
    "matrix_probe_in_cam_coord": [
        [
            0.6195121198423041,
            0.38207871827605083,
            0.6857263203414494,
            -0.5364216008375726
        ],
        [
            0.5617881640618348,
            -0.8259252096493491,
            -0.04734560999407971,
            -3.0837373677639146
        ],
        [
            0.5482689049075526,
            0.41456410976615987,
            -0.7263179791284693,
            -11.509475843871114
        ],
        [
            0.0,
            0.0,
            0.0,
            1.0
        ]
    ],
    "matrix_probe_in_world_coord": [
        [
            0.18701406265821782,
            -0.9785505284831525,
            0.08639793732150657,
            0.0
        ],
        [
            -0.6700585410368225,
            -0.19138113759641662,
            -0.717213226144015,
            0.0
        ],
        [
            0.7183643170089066,
            0.07623728338315983,
            -0.69147710350429,
            12.121429443359375
        ],
        [
            0.0,
            0.0,
            0.0,
            1.0
        ]
    ],
    "intrinsic_matrix_camera": [
        [
            1.3888888888888888,
            0.0,
            -0.5
        ],
        [
            0.0,
            -1.3888888888888888,
            -0.5
        ],
        [
            0.0,
            0.0,
            -1.0
        ]
    ],
    "extrinsic_matrix_camera": [
        [
            -0.19878051364891325,
            0.9091812742597174,
            -0.3658903086021149,
            -1.5141595602035522
        ],
        [
            -0.9800440333951707,
            -0.18440755370316664,
            0.07421284756522646,
            -0.2402302771806717
        ],
        [
            -5.417217961617645e-09,
            0.37334068178098456,
            0.9276943113587093,
            23.949989318847656
        ],
        [
            0.0,
            0.0,
            0.0,
            1.0
        ]
    ]
}