{
    "matrix_probe_in_cam_coord": [
        [
            -0.02904010692260952,
            0.9592318320613527,
            0.28112446451731044,
            -0.7214118526333511
        ],
        [
            -0.5888781975129989,
            -0.24367360661602022,
            0.7706138085530149,
            -1.7445738273823892
        ],
        [
            0.8076999075670152,
            -0.14316936054534188,
            0.571947019851728,
            -13.197135100187394
        ],
        [
            0.0,
            0.0,
            0.0,
            1.0
        ]
    ],
    "matrix_probe_in_world_coord": [
        [
            0.8079578582755711,
            0.5849082556938657,
            0.07131922371921406,
            0.0
        ],
        [
            -0.5777742254993178,
            0.762650252260384,
            0.29076027423951156,
            0.0
        ],
        [
            0.1156764608700294,
            -0.276128457693755,
            0.9541341788513042,
            14.949545860290527
        ],
        [
            0.0,
            0.0,
            0.0,
            1.0
        ]
    ],
    "intrinsic_matrix_camera": [
        [
            1.3888888888888888,
            0.0,
            -0.5
        ],
        [
            0.0,
            -1.3888888888888888,
            -0.5
        ],
        [
            0.0,
            0.0,
            -1.0
        ]
    ],
    "extrinsic_matrix_camera": [
        [
            0.557649013681606,
            -0.5633558928388828,
            0.6096373639661835,
            7.464945316314697
        ],
        [
            0.8300768503818978,
            0.3784647892342308,
            -0.4095568651237058,
            -4.145890235900879
        ],
        [
            -3.042714470124403e-09,
            0.7344348448389374,
            0.6786792016014677,
            25.187442779541016
        ],
        [
            0.0,
            0.0,
            0.0,
            1.0
        ]
    ]
}