{
    "matrix_probe_in_cam_coord": [
        [
            0.99257241645789,
            0.03126505533261671,
            0.11756910479370364,
            -0.11910558940052726
        ],
        [
            -0.11272512451385176,
            -0.127066467612425,
            0.9854679898971032,
            -0.32379410336370285
        ],
        [
            0.04574980207914648,
            -0.9914013360509197,
            -0.12259831355353122,
            -10.063829397245017
        ],
        [
            0.0,
            0.0,
            0.0,
            1.0
        ]
    ],
    "matrix_probe_in_world_coord": [
        [
            -0.95245457445254,
            0.29692365940332666,
            0.06831269348348218,
            0.0
        ],
        [
            -0.29169511439656276,
            -0.8238863516123621,
            -0.48592719605312007,
            0.0
        ],
        [
            -0.08800138545277042,
            -0.48275005967209206,
            0.8713255052189077,
            10.537789344787598
        ],
        [
            0.0,
            0.0,
            0.0,
            1.0
        ]
    ],
    "intrinsic_matrix_camera": [
        [
            1.3888888888888888,
            0.0,
            -0.5
        ],
        [
            0.0,
            -1.3888888888888888,
            -0.5
        ],
        [
            0.0,
            0.0,
            -1.0
        ]
    ],
    "extrinsic_matrix_camera": [
        [
            -0.9280653416710217,
            0.13695649267963889,
            -0.346320141923542,
            -3.5514988899230957
        ],
        [
            -0.3724174023713852,
            -0.3412960006268978,
            0.8630308907374258,
            8.530529022216797
        ],
        [
            4.494537957943864e-09,
            0.9299247061289302,
            0.3677499706744018,
            14.53986644744873
        ],
        [
            0.0,
            0.0,
            0.0,
            1.0
        ]
    ]
}