{
    "matrix_probe_in_cam_coord": [
        [
            0.1839048557770683,
            -0.9531797633067441,
            0.24005695749991107,
            -1.92327386175532
        ],
        [
            0.4600049885459188,
            0.2992869342986977,
            0.8359561839420504,
            0.456620999000636
        ],
        [
            -0.8686624284119144,
            -0.043309003458696455,
            0.4935077665902835,
            -9.545558339546625
        ],
        [
            0.0,
            0.0,
            0.0,
            1.0
        ]
    ],
    "matrix_probe_in_world_coord": [
        [
            0.12602534133894233,
            0.9334411471212,
            -0.3358649106433437,
            0.0
        ],
        [
            -0.945719987301477,
            0.21528000857088106,
            0.2434506593300075,
            0.0
        ],
        [
            0.29955186355437197,
            0.28695320658737994,
            0.9099046863657332,
            15.201081275939941
        ],
        [
            0.0,
            0.0,
            0.0,
            1.0
        ]
    ],
    "intrinsic_matrix_camera": [
        [
            1.3888888888888888,
            0.0,
            -0.5
        ],
        [
            0.0,
            -1.3888888888888888,
            -0.5
        ],
        [
            0.0,
            0.0,
            -1.0
        ]
    ],
    "extrinsic_matrix_camera": [
        [
            -0.9471872480305885,
            0.056570675947831994,
            -0.3156518268457296,
            -4.860604763031006
        ],
        [
            -0.3206810209043265,
            -0.1670913339935969,
            0.9323326492920858,
            8.359175682067871
        ],
        [
            3.3535174641027878e-09,
            0.9843171464152427,
            0.17640792293135352,
            16.43553352355957
        ],
        [
            0.0,
            0.0,
            0.0,
            1.0
        ]
    ]
}