{
    "matrix_probe_in_cam_coord": [
        [
            -0.29427987080703694,
            -0.9394204077926488,
            0.17575168579699818,
            -1.2467403032638755
        ],
        [
            0.5943813520347143,
            -0.03589313411637144,
            0.8033819087312639,
            -0.6968049861223387
        ],
        [
            -0.7484050814840706,
            0.3408826489365472,
            0.5689365989834227,
            -12.864430669871336
        ],
        [
            0.0,
            0.0,
            0.0,
            1.0
        ]
    ],
    "matrix_probe_in_world_coord": [
        [
            0.9663904609087655,
            -0.2551077540030261,
            0.031772801451486594,
            0.0
        ],
        [
            0.2566408075172878,
            0.9501368027787452,
            -0.17713145379141018,
            0.0
        ],
        [
            0.014999099353578106,
            0.17933234469251652,
            0.9836742027549904,
            9.240259170532227
        ],
        [
            0.0,
            0.0,
            0.0,
            1.0
        ]
    ],
    "intrinsic_matrix_camera": [
        [
            1.3888888888888888,
            0.0,
            -0.5
        ],
        [
            0.0,
            -1.3888888888888888,
            -0.5
        ],
        [
            0.0,
            0.0,
            -1.0
        ]
    ],
    "extrinsic_matrix_camera": [
        [
            -0.03915170627120279,
            0.6090867794527945,
            -0.7921366289926737,
            -9.814784049987793
        ],
        [
            -0.9992332780167271,
            -0.02386508297491827,
            0.03103729882813271,
            -0.8631365299224854
        ],
        [
            2.0077591307905416e-09,
            0.7927444436326397,
            0.6095541379480389,
            17.634214401245117
        ],
        [
            0.0,
            0.0,
            0.0,
            1.0
        ]
    ]
}