{
    "matrix_probe_in_cam_coord": [
        [
            0.23772442182692746,
            0.42358744656765546,
            0.8741056997739726,
            -0.735765452148776
        ],
        [
            0.9643475072829992,
            0.004805396025799618,
            -0.2645955278648913,
            1.3033056668461924
        ],
        [
            -0.11627976807733288,
            0.9058424715585645,
            -0.40734313822200663,
            -11.782279113373656
        ],
        [
            0.0,
            0.0,
            0.0,
            1.0
        ]
    ],
    "matrix_probe_in_world_coord": [
        [
            0.9150458698755685,
            -0.4007956800793748,
            -0.045319740217431806,
            0.0
        ],
        [
            -0.23028130098448774,
            -0.42686506075611214,
            -0.8745037120118887,
            0.0
        ],
        [
            0.3311518963263774,
            0.8106472986048816,
            -0.48289686147670496,
            14.836409568786621
        ],
        [
            0.0,
            0.0,
            0.0,
            1.0
        ]
    ],
    "intrinsic_matrix_camera": [
        [
            1.3888888888888888,
            0.0,
            -0.5
        ],
        [
            0.0,
            -1.3888888888888888,
            -0.5
        ],
        [
            0.0,
            0.0,
            -1.0
        ]
    ],
    "extrinsic_matrix_camera": [
        [
            0.008142488404785219,
            0.8924876222814286,
            -0.4509983857587744,
            -6.470982074737549
        ],
        [
            -0.9999668493918077,
            0.007267317054805683,
            -0.003672358948573935,
            -0.7884813547134399
        ],
        [
            1.335433788229398e-08,
            0.4510133370281496,
            0.8925172098187983,
            24.764488220214844
        ],
        [
            0.0,
            0.0,
            0.0,
            1.0
        ]
    ]
}