{
    "matrix_probe_in_cam_coord": [
        [
            0.9347340829620752,
            -0.2577597318834104,
            -0.2446060399263284,
            -0.6389221763042571
        ],
        [
            0.28509888079529466,
            0.9548760912516332,
            0.08324829442861276,
            -0.774933151500182
        ],
        [
            0.21211040124972314,
            -0.1475519263696516,
            0.9660422385725618,
            -10.404304339383847
        ],
        [
            0.0,
            0.0,
            0.0,
            1.0
        ]
    ],
    "matrix_probe_in_world_coord": [
        [
            -0.6481124052975314,
            -0.47804313097170004,
            0.5928111630445422,
            0.0
        ],
        [
            0.6781690308710905,
            -0.7164436475006571,
            0.1636925945891271,
            0.0
        ],
        [
            0.34646367149647106,
            0.5081173731400339,
            0.7885300624874471,
            12.668352127075195
        ],
        [
            0.0,
            0.0,
            0.0,
            1.0
        ]
    ],
    "intrinsic_matrix_camera": [
        [
            1.3888888888888888,
            0.0,
            -0.5
        ],
        [
            0.0,
            -1.3888888888888888,
            -0.5
        ],
        [
            0.0,
            0.0,
            -1.0
        ]
    ],
    "extrinsic_matrix_camera": [
        [
            -0.627597676570608,
            -0.5918975594901217,
            0.5057454255184249,
            4.402262210845947
        ],
        [
            0.7785378323261977,
            -0.4771425487259737,
            0.4076933060918555,
            4.369436740875244
        ],
        [
            -1.1557865086864312e-08,
            0.649609318948643,
            0.760268197898005,
            21.081817626953125
        ],
        [
            0.0,
            0.0,
            0.0,
            1.0
        ]
    ]
}