{
    "matrix_probe_in_cam_coord": [
        [
            0.5290597847135345,
            -0.8026174181560516,
            0.27550140520763655,
            0.40547998886819414
        ],
        [
            0.3668697044689231,
            -0.07641161267193591,
            -0.9271288396936854,
            -2.137127052033848
        ],
        [
            0.7651812622782614,
            0.591579703439349,
            0.25402970365069216,
            -11.936457744602004
        ],
        [
            0.0,
            0.0,
            0.0,
            1.0
        ]
    ],
    "matrix_probe_in_world_coord": [
        [
            0.899963952807467,
            0.18187495408451085,
            0.39621507382218113,
            0.0
        ],
        [
            0.14882100826031516,
            -0.9823960026994848,
            0.11291767523491227,
            0.0
        ],
        [
            0.4097770017308714,
            -0.04265671057208926,
            -0.9111878038558388,
            4.317677974700928
        ],
        [
            0.0,
            0.0,
            0.0,
            1.0
        ]
    ],
    "intrinsic_matrix_camera": [
        [
            1.3888888888888888,
            0.0,
            -0.5
        ],
        [
            0.0,
            -1.3888888888888888,
            -0.5
        ],
        [
            0.0,
            0.0,
            -1.0
        ]
    ],
    "extrinsic_matrix_camera": [
        [
            0.43931653865015796,
            -0.05107027080897925,
            0.8968794825994971,
            10.418286323547363
        ],
        [
            0.8983323320845371,
            0.024975148946507524,
            -0.4386060454059616,
            -5.54628324508667
        ],
        [
            3.085234886538827e-08,
            0.9983827269011605,
            0.05685007146347102,
            7.129937171936035
        ],
        [
            0.0,
            0.0,
            0.0,
            1.0
        ]
    ]
}