{
    "matrix_probe_in_cam_coord": [
        [
            -0.01068186704092491,
            -0.9781835578594925,
            0.2074676477185413,
            -0.5531089063508141
        ],
        [
            -0.47027890548203977,
            0.18801580527925035,
            0.8622573908200553,
            -0.475275571085394
        ],
        [
            -0.8824531991981979,
            -0.0883571394882144,
            -0.46202745278427515,
            -13.931701254294742
        ],
        [
            0.0,
            0.0,
            0.0,
            1.0
        ]
    ],
    "matrix_probe_in_world_coord": [
        [
            0.14983496086581297,
            -0.9297296909383034,
            0.33638101356959366,
            0.0
        ],
        [
            0.7472914594063602,
            0.32926169202342304,
            0.5771847302763515,
            0.0
        ],
        [
            -0.6473831625866188,
            0.16489220707371036,
            0.74411397033365,
            8.950116157531738
        ],
        [
            0.0,
            0.0,
            0.0,
            1.0
        ]
    ],
    "intrinsic_matrix_camera": [
        [
            1.3888888888888888,
            0.0,
            -0.5
        ],
        [
            0.0,
            -1.3888888888888888,
            -0.5
        ],
        [
            0.0,
            0.0,
            -1.0
        ]
    ],
    "extrinsic_matrix_camera": [
        [
            0.9776339574220476,
            0.044778917149210964,
            -0.2054913474437554,
            -2.30082368850708
        ],
        [
            -0.2103136830910105,
            0.20815279211695734,
            -0.9552175510524337,
            -13.325201988220215
        ],
        [
            -9.851755645953957e-09,
            0.9770707567586182,
            0.2129148568962276,
            12.380760192871094
        ],
        [
            0.0,
            0.0,
            0.0,
            1.0
        ]
    ]
}