{
    "matrix_probe_in_cam_coord": [
        [
            0.4782643141275909,
            0.014152533409036905,
            0.87810190275968,
            0.28669664800861944
        ],
        [
            -0.47956131599082424,
            0.8418439242624085,
            0.24762825240189476,
            0.14605202172224274
        ],
        [
            -0.7357201846063579,
            -0.5395354603550855,
            0.4094109145860823,
            -11.918908187087327
        ],
        [
            0.0,
            0.0,
            0.0,
            1.0
        ]
    ],
    "matrix_probe_in_world_coord": [
        [
            -0.739839413511312,
            -0.48192592371404835,
            -0.46945185724161204,
            0.0
        ],
        [
            -0.14742386707800104,
            -0.5646898450139798,
            0.8120292989503858,
            0.0
        ],
        [
            -0.6564326664868267,
            0.6699796884909636,
            0.3467324204318738,
            10.521236419677734
        ],
        [
            0.0,
            0.0,
            0.0,
            1.0
        ]
    ],
    "intrinsic_matrix_camera": [
        [
            1.3888888888888888,
            0.0,
            -0.5
        ],
        [
            0.0,
            -1.3888888888888888,
            -0.5
        ],
        [
            0.0,
            0.0,
            -1.0
        ]
    ],
    "extrinsic_matrix_camera": [
        [
            -0.7728858315015165,
            -0.16715759105342032,
            0.6121322007682877,
            7.541944980621338
        ],
        [
            0.6345451059335417,
            -0.2036005352150977,
            0.7455865681434426,
            8.734392166137695
        ],
        [
            -1.0953825679458396e-08,
            0.9646787868577518,
            0.2634290002764628,
            13.520129203796387
        ],
        [
            0.0,
            0.0,
            0.0,
            1.0
        ]
    ]
}