{
    "matrix_probe_in_cam_coord": [
        [
            -0.4134406532637905,
            -0.4685005640309916,
            0.7807522319734045,
            -0.9952533428258344
        ],
        [
            0.8062796609265702,
            0.21003264819852693,
            0.5529913155437877,
            0.8181239711834518
        ],
        [
            -0.4230602021047891,
            0.8581337356108057,
            0.29090644063289195,
            -12.862797788963837
        ],
        [
            0.0,
            0.0,
            0.0,
            1.0
        ]
    ],
    "matrix_probe_in_world_coord": [
        [
            0.6131167838769594,
            0.23375580039324428,
            -0.7546164821357187,
            0.0
        ],
        [
            -0.5574922623627092,
            0.8048162457940592,
            -0.20364966955942912,
            0.0
        ],
        [
            0.5597233126591049,
            0.5455538802799135,
            0.6237633982348177,
            14.972906112670898
        ],
        [
            0.0,
            0.0,
            0.0,
            1.0
        ]
    ],
    "intrinsic_matrix_camera": [
        [
            1.3888888888888888,
            0.0,
            -0.5
        ],
        [
            0.0,
            -1.3888888888888888,
            -0.5
        ],
        [
            0.0,
            0.0,
            -1.0
        ]
    ],
    "extrinsic_matrix_camera": [
        [
            -0.9521706306942164,
            0.12614358121380725,
            -0.27831436714969254,
            -4.630753517150879
        ],
        [
            -0.30556683400424556,
            -0.39307348352939525,
            0.8672497601629466,
            11.172724723815918
        ],
        [
            -7.258039226636565e-09,
            0.9108133911315873,
            0.4128183214628174,
            19.53774642944336
        ],
        [
            0.0,
            0.0,
            0.0,
            1.0
        ]
    ]
}