{
    "matrix_probe_in_cam_coord": [
        [
            -0.9464336352594043,
            0.2893892510717885,
            -0.14323838666285624,
            -0.16712098284979
        ],
        [
            -0.27710602539353196,
            -0.9556453388950964,
            -0.09977092231043691,
            -0.7197505219736213
        ],
        [
            -0.16575772905137112,
            -0.054734336683524426,
            0.984646397265306,
            -11.939056239297592
        ],
        [
            0.0,
            0.0,
            0.0,
            1.0
        ]
    ],
    "matrix_probe_in_world_coord": [
        [
            -0.976732742188973,
            -0.09320336049097067,
            -0.19314834694917632,
            0.0
        ],
        [
            0.11285397507665589,
            -0.9892170210963943,
            -0.09334701646315913,
            0.0
        ],
        [
            -0.18236537677258463,
            -0.11297264609792024,
            0.976719023357397,
            4.872387409210205
        ],
        [
            0.0,
            0.0,
            0.0,
            1.0
        ]
    ],
    "intrinsic_matrix_camera": [
        [
            1.3888888888888888,
            0.0,
            -0.5
        ],
        [
            0.0,
            -1.3888888888888888,
            -0.5
        ],
        [
            0.0,
            0.0,
            -1.0
        ]
    ],
    "extrinsic_matrix_camera": [
        [
            0.9251069267805383,
            0.37899847380012286,
            -0.02318039861274462,
            0.15063704550266266
        ],
        [
            -0.37970669472985086,
            0.923381436810566,
            -0.05647608459327822,
            -0.07312383502721786
        ],
        [
            -9.018130183074872e-11,
            0.06104816959445099,
            0.9981348210483229,
            16.833114624023438
        ],
        [
            0.0,
            0.0,
            0.0,
            1.0
        ]
    ]
}