{
    "matrix_probe_in_cam_coord": [
        [
            0.26406258791184317,
            -0.449362380842401,
            0.8534309581617887,
            1.0195749046762939
        ],
        [
            0.6184612778273904,
            0.7578729853253764,
            0.2076877125448517,
            -0.6232243914080993
        ],
        [
            -0.7401193130120381,
            0.47297144607010944,
            0.478039134076843,
            -12.716879892384394
        ],
        [
            0.0,
            0.0,
            0.0,
            1.0
        ]
    ],
    "matrix_probe_in_world_coord": [
        [
            0.8152225524269754,
            0.2874025927875158,
            0.5028040768266113,
            0.0
        ],
        [
            0.18197837823628032,
            0.6970885727475566,
            -0.6935065908837982,
            0.0
        ],
        [
            -0.5498145686219499,
            0.6568616836167169,
            0.5159812678065662,
            17.84136199951172
        ],
        [
            0.0,
            0.0,
            0.0,
            1.0
        ]
    ],
    "intrinsic_matrix_camera": [
        [
            1.3888888888888888,
            0.0,
            -0.5
        ],
        [
            0.0,
            -1.3888888888888888,
            -0.5
        ],
        [
            0.0,
            0.0,
            -1.0
        ]
    ],
    "extrinsic_matrix_camera": [
        [
            0.515230428616477,
            0.826424471048167,
            -0.2270687100426634,
            -2.897873640060425
        ],
        [
            -0.8570516935562765,
            0.4968183805099285,
            -0.13650601217459446,
            -0.5524728298187256
        ],
        [
            -1.1840928432276493e-10,
            0.2649416736571461,
            0.9642644396428558,
            30.2689151763916
        ],
        [
            0.0,
            0.0,
            0.0,
            1.0
        ]
    ]
}