{
    "matrix_probe_in_cam_coord": [
        [
            -0.8811051201065975,
            0.47282799097178774,
            -0.009351912933809178,
            1.9116465231564095
        ],
        [
            -0.3738226363968363,
            -0.6842258435768623,
            0.6261722059456569,
            -0.6706962274492874
        ],
        [
            0.2896729256234644,
            0.5552194934754315,
            0.7796287002321225,
            -13.806422781391236
        ],
        [
            0.0,
            0.0,
            0.0,
            1.0
        ]
    ],
    "matrix_probe_in_world_coord": [
        [
            0.9999797287426668,
            -0.00035112356921721867,
            0.006357579412152273,
            0.0
        ],
        [
            0.00040155920750387526,
            0.9999684477669221,
            -0.007933613351790856,
            0.0
        ],
        [
            -0.006354593137687978,
            0.007936005472023406,
            0.9999483181460943,
            17.22339630126953
        ],
        [
            0.0,
            0.0,
            0.0,
            1.0
        ]
    ],
    "intrinsic_matrix_camera": [
        [
            1.3888888888888888,
            0.0,
            -0.5
        ],
        [
            0.0,
            -1.3888888888888888,
            -0.5
        ],
        [
            0.0,
            0.0,
            -1.0
        ]
    ],
    "extrinsic_matrix_camera": [
        [
            -0.8813127355789182,
            -0.36959387119664744,
            0.2944286543125173,
            5.501879692077637
        ],
        [
            0.4725334507803694,
            -0.6893221748187968,
            0.5491330232254112,
            6.2159199714660645
        ],
        [
            4.638778467010467e-10,
            0.6230853149264233,
            0.7821538789285902,
            28.440044403076172
        ],
        [
            0.0,
            0.0,
            0.0,
            1.0
        ]
    ]
}