{
    "matrix_probe_in_cam_coord": [
        [
            -0.4148098590947058,
            -0.8900459669078049,
            -0.1890792362714119,
            -0.541748256454884
        ],
        [
            0.9086244432752982,
            -0.4162167447604514,
            -0.03413564798956596,
            0.2964139541239259
        ],
        [
            -0.048315648401781715,
            -0.18596181912468854,
            0.9813683304179689,
            -13.620975664035578
        ],
        [
            0.0,
            0.0,
            0.0,
            1.0
        ]
    ],
    "matrix_probe_in_world_coord": [
        [
            -0.2563869294857603,
            -0.912757291321576,
            -0.31802495110944234,
            0.0
        ],
        [
            0.8014095272730571,
            -0.016795395481678153,
            -0.5978801587998962,
            0.0
        ],
        [
            0.5403781194541826,
            -0.4081568838448194,
            0.7357985092301069,
            14.188206672668457
        ],
        [
            0.0,
            0.0,
            0.0,
            1.0
        ]
    ],
    "intrinsic_matrix_camera": [
        [
            1.3888888888888888,
            0.0,
            -0.5
        ],
        [
            0.0,
            -1.3888888888888888,
            -0.5
        ],
        [
            0.0,
            0.0,
            -1.0
        ]
    ],
    "extrinsic_matrix_camera": [
        [
            0.9788796868712005,
            0.1578014252661422,
            -0.12997410824819966,
            -1.2868423461914062
        ],
        [
            -0.20443717526648758,
            0.755579837029089,
            -0.622337971880356,
            -8.811568260192871
        ],
        [
            -3.431784636313113e-09,
            0.6357655385903435,
            0.7718822319116633,
            24.513545989990234
        ],
        [
            0.0,
            0.0,
            0.0,
            1.0
        ]
    ]
}