{
    "matrix_probe_in_cam_coord": [
        [
            0.5636024106763364,
            -0.7648772684822172,
            0.31195366136496167,
            -1.3344208162333238
        ],
        [
            0.7680834402801388,
            0.624217579883377,
            0.14282941479949582,
            -3.3222752318767705
        ],
        [
            -0.30397393218374685,
            0.15910743893269885,
            0.9393000965767164,
            -11.349418809024256
        ],
        [
            0.0,
            0.0,
            0.0,
            1.0
        ]
    ],
    "matrix_probe_in_world_coord": [
        [
            0.5773944919734083,
            0.12734501333370718,
            -0.8064730920606141,
            0.0
        ],
        [
            -0.5773688209331237,
            0.7620880447685406,
            -0.2930308117505008,
            0.0
        ],
        [
            0.5772874892573581,
            0.634826794960563,
            0.513550479648335,
            5.583563804626465
        ],
        [
            0.0,
            0.0,
            0.0,
            1.0
        ]
    ],
    "intrinsic_matrix_camera": [
        [
            1.3888888888888888,
            0.0,
            -0.5
        ],
        [
            0.0,
            -1.3888888888888888,
            -0.5
        ],
        [
            0.0,
            0.0,
            -1.0
        ]
    ],
    "extrinsic_matrix_camera": [
        [
            -0.023564612226696355,
            0.4077900640365639,
            -0.9127715884730748,
            -9.036081314086914
        ],
        [
            -0.9997223159710925,
            -0.00961209468987319,
            0.021515078086486686,
            -1.1218006610870361
        ],
        [
            -1.1867989043775087e-08,
            0.9130251208530507,
            0.40790333253268707,
            13.246350288391113
        ],
        [
            0.0,
            0.0,
            0.0,
            1.0
        ]
    ]
}