{
    "matrix_probe_in_cam_coord": [
        [
            0.9625714580927964,
            0.14702771515718435,
            0.22768188123073255,
            0.5213622110303706
        ],
        [
            0.16970500266781,
            0.32803808716441696,
            -0.9292960913718666,
            0.3680271467090215
        ],
        [
            -0.21132060981983303,
            0.9331526479334278,
            0.29080876107883286,
            -9.607977811046778
        ],
        [
            0.0,
            0.0,
            0.0,
            1.0
        ]
    ],
    "matrix_probe_in_world_coord": [
        [
            0.48532675332653624,
            0.00274455803150211,
            -0.8743285480337096,
            0.0
        ],
        [
            -0.8639880102847538,
            -0.15186725953492053,
            -0.4800635932515035,
            0.0
        ],
        [
            -0.13409944291351578,
            0.9883970876538258,
            -0.07133397877393288,
            8.687711715698242
        ],
        [
            0.0,
            0.0,
            0.0,
            1.0
        ]
    ],
    "intrinsic_matrix_camera": [
        [
            1.3888888888888888,
            0.0,
            -0.5
        ],
        [
            0.0,
            -1.3888888888888888,
            -0.5
        ],
        [
            0.0,
            0.0,
            -1.0
        ]
    ],
    "extrinsic_matrix_camera": [
        [
            0.2684964380674052,
            0.8957727997973711,
            -0.35426085570987814,
            -3.873383045196533
        ],
        [
            -0.9632806770329798,
            0.24967988790748843,
            -0.09874356095152828,
            -0.5383967757225037
        ],
        [
            1.4688140452837133e-08,
            0.3677649313320713,
            0.9299187896167691,
            17.487003326416016
        ],
        [
            0.0,
            0.0,
            0.0,
            1.0
        ]
    ]
}