{
    "matrix_probe_in_cam_coord": [
        [
            -0.7319440989773635,
            0.5647230750820366,
            -0.3812422909936727,
            -0.14330259822708133
        ],
        [
            -0.2960457768205182,
            0.24037314089315157,
            0.9244336921401648,
            -0.7580265546905087
        ],
        [
            0.6136894442622844,
            0.7894989560519062,
            -0.008755820578263311,
            -12.716656147477057
        ],
        [
            0.0,
            0.0,
            0.0,
            1.0
        ]
    ],
    "matrix_probe_in_world_coord": [
        [
            0.1405051586994362,
            0.32987048746094594,
            -0.9335115220933934,
            0.0
        ],
        [
            -0.8835064487678409,
            0.46731412288138857,
            0.03215377957934228,
            0.0
        ],
        [
            0.4468497010902936,
            0.8202456778660137,
            0.3571027479278743,
            10.209707260131836
        ],
        [
            0.0,
            0.0,
            0.0,
            1.0
        ]
    ],
    "intrinsic_matrix_camera": [
        [
            1.3888888888888888,
            0.0,
            -0.5
        ],
        [
            0.0,
            -1.3888888888888888,
            -0.5
        ],
        [
            0.0,
            0.0,
            -1.0
        ]
    ],
    "extrinsic_matrix_camera": [
        [
            0.4393376256237012,
            -0.825273456719703,
            0.3548325976361826,
            3.9496631622314453
        ],
        [
            0.8983220194959758,
            0.40361215362493275,
            -0.17353610210822198,
            -1.772118330001831
        ],
        [
            -1.005575316538812e-08,
            0.39499487475175693,
            0.9186833235233148,
            22.19170379638672
        ],
        [
            0.0,
            0.0,
            0.0,
            1.0
        ]
    ]
}