{
    "matrix_probe_in_cam_coord": [
        [
            -0.7738764721097658,
            -0.5992530216883319,
            0.20496590426787079,
            1.5073813422677638
        ],
        [
            0.38051341178749426,
            -0.6986358830993727,
            -0.6059021755166422,
            0.20610892150522053
        ],
        [
            0.5062852450593276,
            -0.390901162499375,
            0.7686816843088262,
            -11.06863525648733
        ],
        [
            0.0,
            0.0,
            0.0,
            1.0
        ]
    ],
    "matrix_probe_in_world_coord": [
        [
            0.7356347468069829,
            0.6672487737113958,
            -0.11670729741907626,
            0.0
        ],
        [
            -0.36861567949610535,
            0.538879267289895,
            0.7574507351073934,
            0.0
        ],
        [
            0.5682992170677792,
            -0.5141869399992035,
            0.6423766734669035,
            14.016403198242188
        ],
        [
            0.0,
            0.0,
            0.0,
            1.0
        ]
    ],
    "intrinsic_matrix_camera": [
        [
            1.3888888888888888,
            0.0,
            -0.5
        ],
        [
            0.0,
            -1.3888888888888888,
            -0.5
        ],
        [
            0.0,
            0.0,
            -1.0
        ]
    ],
    "extrinsic_matrix_camera": [
        [
            -0.9930622832348974,
            -0.11553184352699392,
            0.021901934790036076,
            1.763160228729248
        ],
        [
            0.11758954722377664,
            -0.9756846508786972,
            0.18496529518648205,
            2.0711584091186523
        ],
        [
            5.777545119354093e-11,
            0.18625749695238966,
            0.9825009642891098,
            24.85295867919922
        ],
        [
            0.0,
            0.0,
            0.0,
            1.0
        ]
    ]
}