{
    "matrix_probe_in_cam_coord": [
        [
            -0.5282419857704801,
            -0.48323887305520746,
            -0.6981694608313898,
            -0.3308448459120768
        ],
        [
            -0.535750391440169,
            0.8276018339399427,
            -0.16747155737900637,
            1.195292544512423
        ],
        [
            0.6587350928415507,
            0.28557905390202754,
            -0.69606945158616,
            -10.793419878259726
        ],
        [
            0.0,
            0.0,
            0.0,
            1.0
        ]
    ],
    "matrix_probe_in_world_coord": [
        [
            0.8729486067170718,
            0.4850213280785505,
            0.05210605856944742,
            0.0
        ],
        [
            0.1623931715735595,
            -0.18821963588228896,
            -0.9686081903920796,
            0.0
        ],
        [
            -0.4599882475205253,
            0.8540068383668001,
            -0.24307022064773443,
            10.231378555297852
        ],
        [
            0.0,
            0.0,
            0.0,
            1.0
        ]
    ],
    "intrinsic_matrix_camera": [
        [
            1.3888888888888888,
            0.0,
            -0.5
        ],
        [
            0.0,
            -1.3888888888888888,
            -0.5
        ],
        [
            0.0,
            0.0,
            -1.0
        ]
    ],
    "extrinsic_matrix_camera": [
        [
            -0.7318881242936981,
            -0.07500429991553327,
            0.6772843778738975,
            7.1577253341674805
        ],
        [
            0.6814248113459414,
            -0.08055879894241288,
            0.7274410673003716,
            8.173314094543457
        ],
        [
            8.04130782038768e-09,
            0.9939238577009489,
            0.1100698191733924,
            10.231378555297852
        ],
        [
            0.0,
            0.0,
            0.0,
            1.0
        ]
    ]
}