{
    "matrix_probe_in_cam_coord": [
        [
            0.9069008689262676,
            0.29462303619966873,
            -0.3012110231735709,
            0.7731648380114473
        ],
        [
            0.02177346519261674,
            -0.7466965205197634,
            -0.6648084103387862,
            -1.0779854891602039
        ],
        [
            -0.4207810952909918,
            0.5963569172770339,
            -0.6835946877072308,
            -10.507529574547082
        ],
        [
            0.0,
            0.0,
            0.0,
            1.0
        ]
    ],
    "matrix_probe_in_world_coord": [
        [
            -0.5027981620711496,
            -0.6875089445221817,
            0.5239517720361959,
            0.0
        ],
        [
            -0.8595709161000405,
            0.46167491269349487,
            -0.21907559239767235,
            0.0
        ],
        [
            -0.09127895931051724,
            -0.5605245098935905,
            -0.8230919908465512,
            10.089950561523438
        ],
        [
            0.0,
            0.0,
            0.0,
            1.0
        ]
    ],
    "intrinsic_matrix_camera": [
        [
            1.3888888888888888,
            0.0,
            -0.5
        ],
        [
            0.0,
            -1.3888888888888888,
            -0.5
        ],
        [
            0.0,
            0.0,
            -1.0
        ]
    ],
    "extrinsic_matrix_camera": [
        [
            -0.8163641120750388,
            0.15408533375858677,
            -0.5566034013877732,
            -5.051240921020508
        ],
        [
            -0.5775375628614412,
            -0.2178035920158636,
            0.7867731304442559,
            8.478784561157227
        ],
        [
            -1.9753713269475327e-08,
            0.9637527199575068,
            0.26679710413441043,
            13.93224048614502
        ],
        [
            0.0,
            0.0,
            0.0,
            1.0
        ]
    ]
}