{
    "matrix_probe_in_cam_coord": [
        [
            -0.6466309683418896,
            0.3957950994012392,
            -0.6520848334926933,
            -2.665682630044625
        ],
        [
            -0.5009559117578667,
            0.42432258779603865,
            0.754316588682045,
            -0.868715775681606
        ],
        [
            0.5752491332075823,
            0.8144302184816304,
            -0.07610423094604582,
            -12.35236794261661
        ],
        [
            0.0,
            0.0,
            0.0,
            1.0
        ]
    ],
    "matrix_probe_in_world_coord": [
        [
            0.1748856362082009,
            0.788281852228924,
            -0.589937908338318,
            0.0
        ],
        [
            -0.9219915641158594,
            -0.07911816271518353,
            -0.37904072608067474,
            0.0
        ],
        [
            -0.34546572904883655,
            0.6102065533695215,
            0.7129525876786235,
            16.347881317138672
        ],
        [
            0.0,
            0.0,
            0.0,
            1.0
        ]
    ],
    "intrinsic_matrix_camera": [
        [
            1.3888888888888888,
            0.0,
            -0.5
        ],
        [
            0.0,
            -1.3888888888888888,
            -0.5
        ],
        [
            0.0,
            0.0,
            -1.0
        ]
    ],
    "extrinsic_matrix_camera": [
        [
            0.5836011884985632,
            -0.19812414844158324,
            0.7875001425951376,
            11.11107349395752
        ],
        [
            0.8120404255842583,
            0.14238879362100718,
            -0.5659644676727427,
            -4.702663898468018
        ],
        [
            3.2925363371416673e-08,
            0.9697794869223889,
            0.24398308700511848,
            20.204113006591797
        ],
        [
            0.0,
            0.0,
            0.0,
            1.0
        ]
    ]
}