{
    "matrix_probe_in_cam_coord": [
        [
            0.7096161810799497,
            -0.4380560894968662,
            -0.5518620642916322,
            -0.6426041238474695
        ],
        [
            0.14411484665152266,
            -0.67644328014539,
            0.7222571562267514,
            -0.04967684912771908
        ],
        [
            -0.6896925304250555,
            -0.5920568817274732,
            -0.41688471101135965,
            -12.921811972294652
        ],
        [
            0.0,
            0.0,
            0.0,
            1.0
        ]
    ],
    "matrix_probe_in_world_coord": [
        [
            0.4904937417689031,
            -0.3993694206295006,
            0.7745449987906434,
            0.0
        ],
        [
            -0.6657886914628289,
            0.40172844665855667,
            0.6287604261286786,
            0.0
        ],
        [
            -0.562264446329087,
            -0.8240863553119663,
            -0.06885035499461863,
            17.918777465820312
        ],
        [
            0.0,
            0.0,
            0.0,
            1.0
        ]
    ],
    "intrinsic_matrix_camera": [
        [
            1.3888888888888888,
            0.0,
            -0.5
        ],
        [
            0.0,
            -1.3888888888888888,
            -0.5
        ],
        [
            0.0,
            0.0,
            -1.0
        ]
    ],
    "extrinsic_matrix_camera": [
        [
            0.09556650062388793,
            0.9002588594551229,
            -0.42473642406917,
            -5.382230758666992
        ],
        [
            -0.9954230477332261,
            0.08643017396570962,
            -0.04077721262853501,
            -1.1622848510742188
        ],
        [
            -3.910852180643675e-09,
            0.4266893612463505,
            0.9043982469018731,
            29.62643814086914
        ],
        [
            0.0,
            0.0,
            0.0,
            1.0
        ]
    ]
}