{
    "matrix_probe_in_cam_coord": [
        [
            0.23918947610331398,
            -0.08080847796821186,
            0.9676044565884776,
            0.609474976805966
        ],
        [
            0.43648340268476504,
            -0.8812168060209751,
            -0.18149154241154222,
            0.5034082560300912
        ],
        [
            0.8673353640329393,
            0.4657541526112809,
            -0.17550622673625066,
            -15.780084066734007
        ],
        [
            0.0,
            0.0,
            0.0,
            1.0
        ]
    ],
    "matrix_probe_in_world_coord": [
        [
            -0.2553499420065223,
            0.7087522416850108,
            -0.6576219788174189,
            0.0
        ],
        [
            0.07084976705581299,
            0.6920586229473357,
            0.7183558817970204,
            0.0
        ],
        [
            0.9642493026315356,
            0.13683976874691645,
            -0.2269320604583841,
            11.18502140045166
        ],
        [
            0.0,
            0.0,
            0.0,
            1.0
        ]
    ],
    "intrinsic_matrix_camera": [
        [
            1.3888888888888888,
            0.0,
            -0.5
        ],
        [
            0.0,
            -1.3888888888888888,
            -0.5
        ],
        [
            0.0,
            0.0,
            -1.0
        ]
    ],
    "extrinsic_matrix_camera": [
        [
            -0.7546681662129437,
            -0.6166675709809317,
            0.22404701695240276,
            4.305867671966553
        ],
        [
            0.6561066673223134,
            -0.7093044588767257,
            0.2577037557211816,
            4.023776054382324
        ],
        [
            -9.508758137378014e-10,
            0.3414795623724393,
            0.9398892001092083,
            25.844648361206055
        ],
        [
            0.0,
            0.0,
            0.0,
            1.0
        ]
    ]
}