{
    "matrix_probe_in_cam_coord": [
        [
            0.8148586689536083,
            -0.4691242208578839,
            0.340481739650804,
            -0.7821278640759936
        ],
        [
            0.5028805611935779,
            0.8642623433701675,
            -0.012717822374100778,
            -1.3402741037002621
        ],
        [
            -0.2882993076730961,
            0.18158487612351018,
            0.9401651141998534,
            -11.192094935624644
        ],
        [
            0.0,
            0.0,
            0.0,
            1.0
        ]
    ],
    "matrix_probe_in_world_coord": [
        [
            0.5678098548523974,
            0.8138546980207947,
            -0.12342001151345129,
            0.0
        ],
        [
            -0.7933909368228846,
            0.5011321136851091,
            -0.3455393262724238,
            0.0
        ],
        [
            -0.21936907279697593,
            0.2941209532538885,
            0.9302526940338411,
            4.608338356018066
        ],
        [
            0.0,
            0.0,
            0.0,
            1.0
        ]
    ],
    "intrinsic_matrix_camera": [
        [
            1.3888888888888888,
            0.0,
            -0.5
        ],
        [
            0.0,
            -1.3888888888888888,
            -0.5
        ],
        [
            0.0,
            0.0,
            -1.0
        ]
    ],
    "extrinsic_matrix_camera": [
        [
            0.03886357121541024,
            0.990494140717527,
            -0.1319506727403557,
            -0.11887452751398087
        ],
        [
            -0.9992445260457444,
            0.03852324313094588,
            -0.0051319495602835455,
            -0.7873425483703613
        ],
        [
            1.8773498614657497e-09,
            0.13205043333106387,
            0.9912429989952404,
            15.87940788269043
        ],
        [
            0.0,
            0.0,
            0.0,
            1.0
        ]
    ]
}