{
    "matrix_probe_in_cam_coord": [
        [
            0.6037348808900114,
            0.7907921866316094,
            0.10075669287506805,
            0.6975288210195045
        ],
        [
            -0.4664241364353933,
            0.24790689116205644,
            0.8491117112988495,
            0.06475378406808119
        ],
        [
            0.6464926283780971,
            -0.5596337113476648,
            0.5185146001570422,
            -12.571229237072325
        ],
        [
            0.0,
            0.0,
            0.0,
            1.0
        ]
    ],
    "matrix_probe_in_world_coord": [
        [
            0.5623146498161791,
            0.8226467279955568,
            0.08399163958580581,
            0.0
        ],
        [
            -0.7705109390650862,
            0.5581166502163626,
            -0.307926448250723,
            0.0
        ],
        [
            -0.30019181764856046,
            0.10843507582636962,
            0.9476954716296699,
            9.037579536437988
        ],
        [
            0.0,
            0.0,
            0.0,
            1.0
        ]
    ],
    "intrinsic_matrix_camera": [
        [
            1.3888888888888888,
            0.0,
            -0.5
        ],
        [
            0.0,
            -1.3888888888888888,
            -0.5
        ],
        [
            0.0,
            0.0,
            -1.0
        ]
    ],
    "extrinsic_matrix_camera": [
        [
            0.9984942928202458,
            0.01298095274003418,
            -0.053297674164626975,
            -1.367336392402649
        ],
        [
            -0.05485569437531299,
            0.23628190960002826,
            -0.9701348937082753,
            -12.17282485961914
        ],
        [
            1.0221729470264595e-09,
            0.9715978355583783,
            0.2366382174085051,
            11.949498176574707
        ],
        [
            0.0,
            0.0,
            0.0,
            1.0
        ]
    ]
}