{
    "matrix_probe_in_cam_coord": [
        [
            -0.8649463410005285,
            0.4714214696919895,
            -0.17213258001680495,
            0.23523511315630252
        ],
        [
            0.4231001007305989,
            0.5004994211877064,
            -0.75530565611051,
            -0.049647891719081905
        ],
        [
            -0.26991504580433173,
            -0.7261281755339172,
            -0.6323636143424367,
            -14.871182107949192
        ],
        [
            0.0,
            0.0,
            0.0,
            1.0
        ]
    ],
    "matrix_probe_in_world_coord": [
        [
            0.9883155701025503,
            -0.03908678630294511,
            -0.14732466538016817,
            0.0
        ],
        [
            0.050828982796370124,
            -0.8267160836038634,
            0.5603185983157938,
            0.0
        ],
        [
            -0.1436967236952775,
            -0.5612599578156252,
            -0.8150696358913423,
            7.0618181228637695
        ],
        [
            0.0,
            0.0,
            0.0,
            1.0
        ]
    ],
    "intrinsic_matrix_camera": [
        [
            1.3888888888888888,
            0.0,
            -0.5
        ],
        [
            0.0,
            -1.3888888888888888,
            -0.5
        ],
        [
            0.0,
            0.0,
            -1.0
        ]
    ],
    "extrinsic_matrix_camera": [
        [
            -0.8479069116065228,
            0.5098686563895258,
            -0.14521646766612922,
            -1.9347691535949707
        ],
        [
            -0.5301451397965357,
            -0.815476980120955,
            0.23225724023788558,
            3.5381617546081543
        ],
        [
            5.006226764152738e-10,
            0.273918323819979,
            0.9617529578200698,
            21.37782096862793
        ],
        [
            0.0,
            0.0,
            0.0,
            1.0
        ]
    ]
}