{
    "matrix_probe_in_cam_coord": [
        [
            -0.14548673951420035,
            -0.650120002380477,
            0.7457731499124489,
            1.1917058570117973
        ],
        [
            0.670862167254674,
            -0.6188562274838548,
            -0.4086085195524106,
            -1.967007398847527
        ],
        [
            0.727170929817666,
            0.44086387038320574,
            0.526176288537265,
            -12.548196586534438
        ],
        [
            0.0,
            0.0,
            0.0,
            1.0
        ]
    ],
    "matrix_probe_in_world_coord": [
        [
            0.14090984051863625,
            -0.9290568331482645,
            0.3420494373998155,
            0.0
        ],
        [
            0.48397482496071426,
            -0.23675748746388317,
            -0.8424454053136233,
            0.0
        ],
        [
            0.8636624257481962,
            0.28425216430188704,
            0.4162786584013581,
            7.161259651184082
        ],
        [
            0.0,
            0.0,
            0.0,
            1.0
        ]
    ],
    "intrinsic_matrix_camera": [
        [
            1.3888888888888888,
            0.0,
            -0.5
        ],
        [
            0.0,
            -1.3888888888888888,
            -0.5
        ],
        [
            0.0,
            0.0,
            -1.0
        ]
    ],
    "extrinsic_matrix_camera": [
        [
            0.838589203670867,
            0.5297193736484014,
            -0.12714374805001794,
            -1.5528144836425781
        ],
        [
            -0.5447643045268854,
            0.8154296153592315,
            -0.19572019545370037,
            -0.2027805894613266
        ],
        [
            -1.7783196877593164e-09,
            0.2333922183292346,
            0.9723826779737281,
            19.821992874145508
        ],
        [
            0.0,
            0.0,
            0.0,
            1.0
        ]
    ]
}