{
    "matrix_probe_in_cam_coord": [
        [
            0.29963998056533026,
            -0.23452339767171318,
            -0.9247781669088672,
            -1.582733078108705
        ],
        [
            0.05116093633639561,
            0.9718711053015201,
            -0.22988935006473246,
            1.502785375264315
        ],
        [
            0.9526796106981572,
            0.021571523463059537,
            0.30320987572223124,
            -7.412184233456005
        ],
        [
            0.0,
            0.0,
            0.0,
            1.0
        ]
    ],
    "matrix_probe_in_world_coord": [
        [
            0.050948284448194416,
            -0.10669578461760679,
            -0.9929855396009649,
            0.0
        ],
        [
            -0.8805540042952908,
            0.46431280298984934,
            -0.09506979803932648,
            0.0
        ],
        [
            0.4711994459157553,
            0.8792210362158898,
            -0.07029545962679626,
            17.10287857055664
        ],
        [
            0.0,
            0.0,
            0.0,
            1.0
        ]
    ],
    "intrinsic_matrix_camera": [
        [
            1.3888888888888888,
            0.0,
            -0.5
        ],
        [
            0.0,
            -1.3888888888888888,
            -0.5
        ],
        [
            0.0,
            0.0,
            -1.0
        ]
    ],
    "extrinsic_matrix_camera": [
        [
            0.9585801479668564,
            0.1271888121323196,
            -0.2548472208838245,
            -0.5629355311393738
        ],
        [
            -0.2848229273142162,
            0.4280577637749281,
            -0.8576960131352881,
            -7.451478481292725
        ],
        [
            -5.60551859696496e-09,
            0.894756702651831,
            0.4465539643308775,
            19.068191528320312
        ],
        [
            0.0,
            0.0,
            0.0,
            1.0
        ]
    ]
}