{
    "matrix_probe_in_cam_coord": [
        [
            0.8709177894116497,
            0.47584194590743956,
            0.1227869968740427,
            0.5571253370793466
        ],
        [
            -0.11835068613573639,
            -0.03941274113766372,
            0.9921893725127353,
            -0.9253273429208306
        ],
        [
            0.4769646938480093,
            -0.8786473003151131,
            0.02199096340404182,
            -10.5434889508839
        ],
        [
            0.0,
            0.0,
            0.0,
            1.0
        ]
    ],
    "matrix_probe_in_world_coord": [
        [
            -0.4022221945215584,
            -0.9150426146795504,
            -0.030237717418371935,
            0.0
        ],
        [
            0.9015243172097989,
            -0.40160502139338095,
            0.16114376274317227,
            0.0
        ],
        [
            -0.15959702915050575,
            0.037555560334439485,
            0.9864676214525738,
            17.222755432128906
        ],
        [
            0.0,
            0.0,
            0.0,
            1.0
        ]
    ],
    "intrinsic_matrix_camera": [
        [
            1.3888888888888888,
            0.0,
            -0.5
        ],
        [
            0.0,
            -1.3888888888888888,
            -0.5
        ],
        [
            0.0,
            0.0,
            -1.0
        ]
    ],
    "extrinsic_matrix_camera": [
        [
            -0.7894309213764951,
            0.053666068531392296,
            0.6114889806554507,
            6.936697959899902
        ],
        [
            0.6138394092713972,
            0.06901746207842144,
            0.7864081443840698,
            8.0133638381958
        ],
        [
            1.5836400370314412e-08,
            0.9961709406606065,
            -0.08742686648486374,
            17.222755432128906
        ],
        [
            0.0,
            0.0,
            0.0,
            1.0
        ]
    ]
}