{
    "matrix_probe_in_cam_coord": [
        [
            0.9860747446012761,
            -0.12802114697043301,
            0.10614699236390328,
            0.8307649047729645
        ],
        [
            0.077961825647117,
            0.9196499322460231,
            0.38492331166305566,
            -1.6213627454602237
        ],
        [
            -0.14689639819034464,
            -0.3712877429275846,
            0.9168243344013308,
            -14.029223029289579
        ],
        [
            0.0,
            0.0,
            0.0,
            1.0
        ]
    ],
    "matrix_probe_in_world_coord": [
        [
            0.9991719148144151,
            -0.0024875973344749645,
            0.040611531682470864,
            0.0
        ],
        [
            0.021098953024903444,
            0.8851200622615856,
            -0.46488418940989984,
            0.0
        ],
        [
            -0.03478963678091135,
            0.4653560864988748,
            0.8844395931498679,
            8.445756912231445
        ],
        [
            0.0,
            0.0,
            0.0,
            1.0
        ]
    ],
    "intrinsic_matrix_camera": [
        [
            1.3888888888888888,
            0.0,
            -0.5
        ],
        [
            0.0,
            -1.3888888888888888,
            -0.5
        ],
        [
            0.0,
            0.0,
            -1.0
        ]
    ],
    "extrinsic_matrix_camera": [
        [
            0.9898874477207384,
            0.091241873161078,
            -0.10861750055575768,
            -2.198246717453003
        ],
        [
            -0.14185499936527535,
            0.6367007564580731,
            -0.7579507278714065,
            -9.483288764953613
        ],
        [
            5.936464853732156e-10,
            0.7656938469830974,
            0.6432052026314968,
            18.710893630981445
        ],
        [
            0.0,
            0.0,
            0.0,
            1.0
        ]
    ]
}