{
    "matrix_probe_in_cam_coord": [
        [
            -0.4154629589626819,
            -0.3272701613848206,
            -0.8486959238721051,
            0.24976874154621118
        ],
        [
            -0.4731207054007991,
            0.8746378591178439,
            -0.10566652033073476,
            -1.0107680787328992
        ],
        [
            0.7768830850591505,
            0.3576350889732559,
            -0.5182179225809045,
            -13.772144265059023
        ],
        [
            0.0,
            0.0,
            0.0,
            1.0
        ]
    ],
    "matrix_probe_in_world_coord": [
        [
            -0.7015804073133627,
            0.6563132805606761,
            -0.27755685874014985,
            0.0
        ],
        [
            0.20673084080942475,
            0.5602149989916102,
            0.8021355959955014,
            0.0
        ],
        [
            0.6819437598015282,
            0.5053830553792971,
            -0.5287160635002895,
            7.456482410430908
        ],
        [
            0.0,
            0.0,
            0.0,
            1.0
        ]
    ],
    "intrinsic_matrix_camera": [
        [
            1.3888888888888888,
            0.0,
            -0.5
        ],
        [
            0.0,
            -1.3888888888888888,
            -0.5
        ],
        [
            0.0,
            0.0,
            -1.0
        ]
    ],
    "extrinsic_matrix_camera": [
        [
            0.3122502933800706,
            0.9352971272806772,
            -0.16649035402861176,
            -1.4255510568618774
        ],
        [
            -0.9499998706758122,
            0.30741772886960683,
            -0.054722807791569385,
            -0.20564210414886475
        ],
        [
            1.5899851206743187e-09,
            0.17525302758345013,
            0.9845234259898717,
            21.1926212310791
        ],
        [
            0.0,
            0.0,
            0.0,
            1.0
        ]
    ]
}