{
    "matrix_probe_in_cam_coord": [
        [
            -0.6096935467480801,
            0.7926053871119434,
            -0.007104883874683292,
            0.7805831072282958
        ],
        [
            -0.7898140681027325,
            -0.6067417148710907,
            0.0897676403961937,
            -1.2739630770249533
        ],
        [
            0.06683948594026556,
            0.06034228829282268,
            0.9959373932947929,
            -12.491301114414803
        ],
        [
            0.0,
            0.0,
            0.0,
            1.0
        ]
    ],
    "matrix_probe_in_world_coord": [
        [
            0.9980826589687536,
            -0.05272656063528564,
            0.03241782949914983,
            0.0
        ],
        [
            0.052148927756695086,
            0.9984695456773093,
            0.01841346487693581,
            0.0
        ],
        [
            -0.03333909416420007,
            -0.016687604936619825,
            0.999304772650361,
            6.051701068878174
        ],
        [
            0.0,
            0.0,
            0.0,
            1.0
        ]
    ],
    "intrinsic_matrix_camera": [
        [
            1.3888888888888888,
            0.0,
            -0.5
        ],
        [
            0.0,
            -1.3888888888888888,
            -0.5
        ],
        [
            0.0,
            0.0,
            -1.0
        ]
    ],
    "extrinsic_matrix_camera": [
        [
            -0.6505462372118866,
            -0.7533982493028909,
            0.09581581913647977,
            0.7448680996894836
        ],
        [
            0.7594666505182802,
            -0.6453481478759997,
            0.0820742029115181,
            -0.3897629678249359
        ],
        [
            6.304810216101414e-10,
            0.12616198310250062,
            0.9920096541967945,
            18.603918075561523
        ],
        [
            0.0,
            0.0,
            0.0,
            1.0
        ]
    ]
}