{
    "matrix_probe_in_cam_coord": [
        [
            -0.9178945919038896,
            -0.3960154997900383,
            0.025322758136461402,
            0.5590795951004253
        ],
        [
            0.3097838560177467,
            -0.754981668726042,
            -0.5779590317993278,
            -1.8677258456364618
        ],
        [
            0.247998953030789,
            -0.5226608879700935,
            0.8156727992779614,
            -14.988893325259276
        ],
        [
            0.0,
            0.0,
            0.0,
            1.0
        ]
    ],
    "matrix_probe_in_world_coord": [
        [
            -0.5302012975273207,
            0.1411516033270729,
            0.8360399565681906,
            0.0
        ],
        [
            -0.760356994729732,
            -0.5154520855792464,
            -0.39517893167219253,
            0.0
        ],
        [
            0.37515839943404666,
            -0.845213211178222,
            0.3806189734943365,
            3.7049169540405273
        ],
        [
            0.0,
            0.0,
            0.0,
            1.0
        ]
    ],
    "intrinsic_matrix_camera": [
        [
            1.3888888888888888,
            0.0,
            -0.5
        ],
        [
            0.0,
            -1.3888888888888888,
            -0.5
        ],
        [
            0.0,
            0.0,
            -1.0
        ]
    ],
    "extrinsic_matrix_camera": [
        [
            0.4519415184956109,
            -0.7540115192805597,
            0.47667126266652976,
            5.483816623687744
        ],
        [
            0.8920475681598384,
            0.3820077866782495,
            -0.2414977992804568,
            -3.405024528503418
        ],
        [
            -1.1485998620969401e-08,
            0.5343563227935153,
            0.8452593213272438,
            17.37244987487793
        ],
        [
            0.0,
            0.0,
            0.0,
            1.0
        ]
    ]
}