{
    "matrix_probe_in_cam_coord": [
        [
            -0.7363755804827403,
            -0.655207542601048,
            -0.16868337377288586,
            0.6580209505447737
        ],
        [
            0.45934482092795087,
            -0.6672107553690232,
            0.5863720179259633,
            -0.2648604086159918
        ],
        [
            -0.4967427301484905,
            0.3543062009598381,
            0.7922838986159133,
            -13.04940040989322
        ],
        [
            0.0,
            0.0,
            0.0,
            1.0
        ]
    ],
    "matrix_probe_in_world_coord": [
        [
            0.3642146023411632,
            -0.9272512801882123,
            0.08690677091452456,
            0.0
        ],
        [
            0.9035838071417663,
            0.3744298903383864,
            0.20817915527827266,
            0.0
        ],
        [
            -0.22557488094346767,
            0.002705662673948078,
            0.9742220755437824,
            4.817955017089844
        ],
        [
            0.0,
            0.0,
            0.0,
            1.0
        ]
    ],
    "intrinsic_matrix_camera": [
        [
            1.3888888888888888,
            0.0,
            -0.5
        ],
        [
            0.0,
            -1.3888888888888888,
            -0.5
        ],
        [
            0.0,
            0.0,
            -1.0
        ]
    ],
    "extrinsic_matrix_camera": [
        [
            0.32468356612496074,
            0.8369318169955966,
            -0.44059699906924854,
            -5.741505146026611
        ],
        [
            -0.9458227010853452,
            0.2873033234901585,
            -0.1512488625515282,
            -1.2752405405044556
        ],
        [
            -3.201382349213628e-09,
            0.46583466381534816,
            0.8848717794053789,
            16.48838233947754
        ],
        [
            0.0,
            0.0,
            0.0,
            1.0
        ]
    ]
}