{
    "matrix_probe_in_cam_coord": [
        [
            0.3194929229840537,
            -0.923364491149251,
            0.2128903207000983,
            -0.036983826710227
        ],
        [
            0.20936028387241698,
            -0.15032901602077128,
            -0.9662139817240734,
            -0.9284154656870989
        ],
        [
            0.9241712740071325,
            0.3532693072245474,
            0.1452867952469241,
            -13.250114987715493
        ],
        [
            0.0,
            0.0,
            0.0,
            1.0
        ]
    ],
    "matrix_probe_in_world_coord": [
        [
            -0.5847944957148168,
            0.6529260136012566,
            -0.4813553973359239,
            0.0
        ],
        [
            0.44784315557813165,
            0.754639623643838,
            0.4795368040395943,
            0.0
        ],
        [
            0.6763519097211709,
            0.06485876339754386,
            -0.7337175444454542,
            7.070620059967041
        ],
        [
            0.0,
            0.0,
            0.0,
            1.0
        ]
    ],
    "intrinsic_matrix_camera": [
        [
            1.3888888888888888,
            0.0,
            -0.5
        ],
        [
            0.0,
            -1.3888888888888888,
            -0.5
        ],
        [
            0.0,
            0.0,
            -1.0
        ]
    ],
    "extrinsic_matrix_camera": [
        [
            -0.8922023039975134,
            0.24450584829539376,
            -0.37972613669706573,
            -4.837409019470215
        ],
        [
            -0.45163596927340577,
            -0.4830188267048397,
            0.7501451621567333,
            9.474364280700684
        ],
        [
            6.201239522574772e-09,
            0.8407792238144506,
            0.5413781458481401,
            15.024535179138184
        ],
        [
            0.0,
            0.0,
            0.0,
            1.0
        ]
    ]
}