{
    "matrix_probe_in_cam_coord": [
        [
            -0.16871234876305202,
            -0.040000678043594945,
            0.9848533338172272,
            -0.8313756460717187
        ],
        [
            0.5484111007274987,
            -0.8340483963734384,
            0.06007110042065998,
            0.9365904813035435
        ],
        [
            0.8190124589856418,
            0.5502392372986028,
            0.1626510798099539,
            -11.56869610859805
        ],
        [
            0.0,
            0.0,
            0.0,
            1.0
        ]
    ],
    "matrix_probe_in_world_coord": [
        [
            -0.2691934119896767,
            -0.1589578931169855,
            0.949877515870949,
            0.0
        ],
        [
            -0.6100647110000759,
            -0.7350287020034862,
            -0.29589500777043204,
            0.0
        ],
        [
            0.7452220845719416,
            -0.659139738937715,
            0.10089028307706711,
            18.327054977416992
        ],
        [
            0.0,
            0.0,
            0.0,
            1.0
        ]
    ],
    "intrinsic_matrix_camera": [
        [
            1.3888888888888888,
            0.0,
            -0.5
        ],
        [
            0.0,
            -1.3888888888888888,
            -0.5
        ],
        [
            0.0,
            0.0,
            -1.0
        ]
    ],
    "extrinsic_matrix_camera": [
        [
            0.9872647145369094,
            0.04201010811048338,
            -0.15343902452407648,
            -0.9936478734016418
        ],
        [
            -0.15908608811066619,
            0.2607085117941533,
            -0.952219874003753,
            -11.392379760742188
        ],
        [
            -1.1702994138640387e-10,
            0.964503096259739,
            0.2640715382342002,
            20.478673934936523
        ],
        [
            0.0,
            0.0,
            0.0,
            1.0
        ]
    ]
}