{
    "matrix_probe_in_cam_coord": [
        [
            0.048169969111454186,
            0.674684709511606,
            -0.7365325497403645,
            -0.09288485468319461
        ],
        [
            0.6618740631660114,
            -0.5738168374781012,
            -0.4823452721181646,
            0.25467738133424844
        ],
        [
            -0.7480657581950383,
            -0.46425723449168915,
            -0.4741970493773789,
            -15.859191203840133
        ],
        [
            0.0,
            0.0,
            0.0,
            1.0
        ]
    ],
    "matrix_probe_in_world_coord": [
        [
            0.40820005302437484,
            -0.7140662469833045,
            0.56875487833519,
            0.0
        ],
        [
            -0.8619879931143707,
            -0.0963512674609314,
            0.4976877866547787,
            0.0
        ],
        [
            -0.3005817965838219,
            -0.6934160570522225,
            -0.6548471236743668,
            3.6755664348602295
        ],
        [
            0.0,
            0.0,
            0.0,
            1.0
        ]
    ],
    "intrinsic_matrix_camera": [
        [
            1.3888888888888888,
            0.0,
            -0.5
        ],
        [
            0.0,
            -1.3888888888888888,
            -0.5
        ],
        [
            0.0,
            0.0,
            -1.0
        ]
    ],
    "extrinsic_matrix_camera": [
        [
            -0.8810130751899827,
            0.40558403671451954,
            -0.2435519462181423,
            -4.047662734985352
        ],
        [
            -0.47309191638019943,
            -0.7552968667053716,
            0.4535533946524472,
            7.341403961181641
        ],
        [
            -5.189844906666989e-09,
            0.5148089279600766,
            0.8573049443999471,
            17.1406192779541
        ],
        [
            0.0,
            0.0,
            0.0,
            1.0
        ]
    ]
}