{
    "matrix_probe_in_cam_coord": [
        [
            0.4064122465989671,
            0.8783753061516832,
            0.2515669043362374,
            -0.3817541485445622
        ],
        [
            -0.8720424226347092,
            0.2907168640980269,
            0.39373305430760724,
            0.7249193925234461
        ],
        [
            0.27271065058000243,
            -0.37939494787351424,
            0.8841314238213037,
            -12.965331932348182
        ],
        [
            0.0,
            0.0,
            0.0,
            1.0
        ]
    ],
    "matrix_probe_in_world_coord": [
        [
            0.9753807360787417,
            0.21934054899223843,
            0.022850454137192694,
            0.0
        ],
        [
            -0.2161597260869855,
            0.9303951181029543,
            0.296040363849576,
            0.0
        ],
        [
            0.04367370495494846,
            -0.2936914159078767,
            0.9549020681292585,
            13.45246696472168
        ],
        [
            0.0,
            0.0,
            0.0,
            1.0
        ]
    ],
    "intrinsic_matrix_camera": [
        [
            1.3888888888888888,
            0.0,
            -0.5
        ],
        [
            0.0,
            -1.3888888888888888,
            -0.5
        ],
        [
            0.0,
            0.0,
            -1.0
        ]
    ],
    "extrinsic_matrix_camera": [
        [
            0.5948184161216218,
            -0.7778104044090154,
            0.20298282349905647,
            3.422663927078247
        ],
        [
            0.8038600946946957,
            0.5755428789767828,
            -0.15019767846591695,
            -2.0577080249786377
        ],
        [
            -1.5906130291860855e-09,
            0.25251013692958957,
            0.9675942490257989,
            25.814598083496094
        ],
        [
            0.0,
            0.0,
            0.0,
            1.0
        ]
    ]
}