{
    "matrix_probe_in_cam_coord": [
        [
            -0.5390073615790897,
            0.2047474447124908,
            -0.8170370542681978,
            0.21774251913421175
        ],
        [
            -0.7170196649780812,
            -0.6205349234894262,
            0.3175204068476422,
            0.09894904939017835
        ],
        [
            -0.44198853401221716,
            0.7569774716685284,
            0.48128083609058636,
            -10.02652752999814
        ],
        [
            0.0,
            0.0,
            0.0,
            1.0
        ]
    ],
    "matrix_probe_in_world_coord": [
        [
            -0.5282969592877286,
            -0.848649266113426,
            -0.026395945379611107,
            0.0
        ],
        [
            0.47315018088427685,
            -0.32007228690750605,
            0.8207817234094428,
            0.0
        ],
        [
            -0.7050044178134744,
            0.4211272423851757,
            0.5706317696943813,
            12.106826782226562
        ],
        [
            0.0,
            0.0,
            0.0,
            1.0
        ]
    ],
    "intrinsic_matrix_camera": [
        [
            1.3888888888888888,
            0.0,
            -0.5
        ],
        [
            0.0,
            -1.3888888888888888,
            -0.5
        ],
        [
            0.0,
            0.0,
            -1.0
        ]
    ],
    "extrinsic_matrix_camera": [
        [
            0.13256364691966144,
            0.8970345648584164,
            -0.4216110398988988,
            -4.3449201583862305
        ],
        [
            -0.991174494988324,
            0.11997299463534754,
            -0.05638795122069564,
            -0.3614257276058197
        ],
        [
            -2.2585204485754067e-09,
            0.42536510200943656,
            0.9050218395113465,
            21.13896369934082
        ],
        [
            0.0,
            0.0,
            0.0,
            1.0
        ]
    ]
}