{
    "matrix_probe_in_cam_coord": [
        [
            0.38708157465057125,
            -0.023109545617264145,
            0.9217558263810421,
            -1.4391821885007485
        ],
        [
            -0.4578617448703472,
            -0.8725405242204226,
            0.1703985216409792,
            -1.990366216641636
        ],
        [
            0.8003314795447667,
            -0.4879948590861525,
            -0.3483253369411575,
            -10.892060326288574
        ],
        [
            0.0,
            0.0,
            0.0,
            1.0
        ]
    ],
    "matrix_probe_in_world_coord": [
        [
            0.6071721816859813,
            0.215257506390848,
            -0.7648569459245824,
            0.0
        ],
        [
            0.7675671669174353,
            0.08991894123767634,
            0.634629993206307,
            0.0
        ],
        [
            0.20538399659425158,
            -0.9724087566188867,
            -0.11062831461196147,
            16.5203800201416
        ],
        [
            0.0,
            0.0,
            0.0,
            1.0
        ]
    ],
    "intrinsic_matrix_camera": [
        [
            1.3888888888888888,
            0.0,
            -0.5
        ],
        [
            0.0,
            -1.3888888888888888,
            -0.5
        ],
        [
            0.0,
            0.0,
            -1.0
        ]
    ],
    "extrinsic_matrix_camera": [
        [
            -0.4749606852463589,
            -0.5961523048645135,
            0.6473135074096917,
            5.180461406707764
        ],
        [
            0.880007015580165,
            -0.32175754984349403,
            0.34937047907400864,
            4.431439399719238
        ],
        [
            -8.226848649128048e-09,
            0.7355776699461718,
            0.6774403969919128,
            25.363170623779297
        ],
        [
            0.0,
            0.0,
            0.0,
            1.0
        ]
    ]
}