{
    "matrix_probe_in_cam_coord": [
        [
            0.8024536482646244,
            0.2632298885935844,
            -0.5355167300260594,
            -0.7901480025814548
        ],
        [
            0.005156842399229318,
            0.894349493031813,
            0.44733923513392904,
            0.14965260385593038
        ],
        [
            0.5966921730367039,
            -0.3617305766240231,
            0.7163165784567517,
            -11.95568077580867
        ],
        [
            0.0,
            0.0,
            0.0,
            1.0
        ]
    ],
    "matrix_probe_in_world_coord": [
        [
            0.6601326746422457,
            0.6854691542961558,
            -0.3071756669695499,
            0.0
        ],
        [
            -0.4642970474240413,
            0.693823134925574,
            0.5504886095055611,
            0.0
        ],
        [
            0.590468545837111,
            -0.22077476293852416,
            0.7762766262270466,
            4.358473777770996
        ],
        [
            0.0,
            0.0,
            0.0,
            1.0
        ]
    ],
    "intrinsic_matrix_camera": [
        [
            1.3888888888888888,
            0.0,
            -0.5
        ],
        [
            0.0,
            -1.3888888888888888,
            -0.5
        ],
        [
            0.0,
            0.0,
            -1.0
        ]
    ],
    "extrinsic_matrix_camera": [
        [
            0.8746595509441775,
            0.4790414628855114,
            -0.07409417506551555,
            -0.26642560958862305
        ],
        [
            -0.48473773315281543,
            0.864381215800595,
            -0.1336953395932536,
            -2.110790252685547
        ],
        [
            2.067145009857475e-09,
            0.15285414815305037,
            0.9882487588620618,
            16.150785446166992
        ],
        [
            0.0,
            0.0,
            0.0,
            1.0
        ]
    ]
}