{
    "matrix_probe_in_cam_coord": [
        [
            0.8521967788288606,
            -0.513807799792052,
            -0.09880382091075707,
            1.9925685401837454
        ],
        [
            0.4886311168123651,
            0.7140180996498868,
            0.5014157806203006,
            1.2982058178334555
        ],
        [
            -0.18708362257668448,
            -0.4755835344555309,
            0.8595464035864324,
            -10.953762505001263
        ],
        [
            0.0,
            0.0,
            0.0,
            1.0
        ]
    ],
    "matrix_probe_in_world_coord": [
        [
            0.7988549248814231,
            0.5863465148925049,
            -0.13427052344468476,
            0.0
        ],
        [
            -0.5854766086531948,
            0.8091403115809676,
            0.050090886342811614,
            0.0
        ],
        [
            0.138014309811156,
            0.03859689946185266,
            0.9896778918614288,
            15.987343788146973
        ],
        [
            0.0,
            0.0,
            0.0,
            1.0
        ]
    ],
    "intrinsic_matrix_camera": [
        [
            1.3888888888888888,
            0.0,
            -0.5
        ],
        [
            0.0,
            -1.3888888888888888,
            -0.5
        ],
        [
            0.0,
            0.0,
            -1.0
        ]
    ],
    "extrinsic_matrix_camera": [
        [
            0.3927786217548866,
            0.7416820390884349,
            -0.5437211667628481,
            -7.701286792755127
        ],
        [
            -0.9196330541538466,
            0.31677509934897674,
            -0.23222528316295402,
            -1.12254798412323
        ],
        [
            5.0752538258796266e-09,
            0.5912370838555943,
            0.8064978057465083,
            24.05398178100586
        ],
        [
            0.0,
            0.0,
            0.0,
            1.0
        ]
    ]
}