{
    "matrix_probe_in_cam_coord": [
        [
            0.5761090576695838,
            0.7352942573445522,
            -0.3569883874682585,
            -1.5002027262291233
        ],
        [
            0.1493735538923704,
            -0.5241067022024555,
            -0.8384507773888872,
            0.8534480603833217
        ],
        [
            -0.8036080481606858,
            0.42971446312940154,
            -0.41177613470037683,
            -9.102520343589413
        ],
        [
            0.0,
            0.0,
            0.0,
            1.0
        ]
    ],
    "matrix_probe_in_world_coord": [
        [
            -0.2355387763338093,
            -0.8804316001128268,
            0.41153576073767756,
            0.0
        ],
        [
            -0.9713432684857435,
            0.22713731184354474,
            -0.07000640210667078,
            0.0
        ],
        [
            -0.0318392777965262,
            -0.41623171322144054,
            -0.9087009526231058,
            16.17778778076172
        ],
        [
            0.0,
            0.0,
            0.0,
            1.0
        ]
    ],
    "intrinsic_matrix_camera": [
        [
            1.3888888888888888,
            0.0,
            -0.5
        ],
        [
            0.0,
            -1.3888888888888888,
            -0.5
        ],
        [
            0.0,
            0.0,
            -1.0
        ]
    ],
    "extrinsic_matrix_camera": [
        [
            -0.9299858096372212,
            0.08120435983569066,
            -0.3585139408964146,
            -4.727851390838623
        ],
        [
            -0.3675954214532632,
            -0.20544026125206036,
            0.907010421761119,
            7.879945755004883
        ],
        [
            2.9831463132386457e-09,
            0.9752949046315997,
            0.22090687857022276,
            17.356233596801758
        ],
        [
            0.0,
            0.0,
            0.0,
            1.0
        ]
    ]
}