{
    "matrix_probe_in_cam_coord": [
        [
            0.9971707197617237,
            -0.06086846648020285,
            0.04410879094052228,
            -0.3561355414923371
        ],
        [
            -0.04439224942524387,
            -0.0033118284025105485,
            0.9990086886426963,
            0.2346730028763524
        ],
        [
            -0.060662046131442125,
            -0.9981403015513306,
            -0.0060045464579799885,
            -10.761972565734187
        ],
        [
            0.0,
            0.0,
            0.0,
            1.0
        ]
    ],
    "matrix_probe_in_world_coord": [
        [
            0.9741224662464149,
            0.2105461498249404,
            0.08219330597984646,
            0.0
        ],
        [
            -0.2198499562455076,
            0.9670487455356624,
            0.12838504779276572,
            0.0
        ],
        [
            -0.05245395593138158,
            -0.1431329541083956,
            0.9883124708083741,
            14.370856285095215
        ],
        [
            0.0,
            0.0,
            0.0,
            1.0
        ]
    ],
    "intrinsic_matrix_camera": [
        [
            1.3888888888888888,
            0.0,
            -0.5
        ],
        [
            0.0,
            -1.3888888888888888,
            -0.5
        ],
        [
            0.0,
            0.0,
            -1.0
        ]
    ],
    "extrinsic_matrix_camera": [
        [
            0.9621762268900228,
            0.03817104661076027,
            -0.2697403929861427,
            -2.5692312717437744
        ],
        [
            -0.2724278040282958,
            0.13481471282848306,
            -0.9526846722800227,
            -10.381424903869629
        ],
        [
            2.587711375127169e-09,
            0.9901353263092945,
            0.1401143661242029,
            15.646405220031738
        ],
        [
            0.0,
            0.0,
            0.0,
            1.0
        ]
    ]
}