{
    "matrix_probe_in_cam_coord": [
        [
            0.9863676005544069,
            0.1645391592595918,
            0.002412808879443911,
            -0.4076045310628583
        ],
        [
            -0.16403830705715125,
            0.9843168065992828,
            -0.06489882945026078,
            -1.6030211040289313
        ],
        [
            -0.013053367165826155,
            0.063618309599807,
            0.9978889318402613,
            -13.021007631526764
        ],
        [
            0.0,
            0.0,
            0.0,
            1.0
        ]
    ],
    "matrix_probe_in_world_coord": [
        [
            0.9089961315343844,
            -0.39198549779622727,
            0.14168063513751042,
            0.0
        ],
        [
            0.414499052420169,
            0.8858436883400149,
            -0.20849819033013367,
            0.0
        ],
        [
            -0.04377862947039815,
            0.24825053745279704,
            0.9677061032442088,
            17.381206512451172
        ],
        [
            0.0,
            0.0,
            0.0,
            1.0
        ]
    ],
    "intrinsic_matrix_camera": [
        [
            1.3888888888888888,
            0.0,
            -0.5
        ],
        [
            0.0,
            -1.3888888888888888,
            -0.5
        ],
        [
            0.0,
            0.0,
            -1.0
        ]
    ],
    "extrinsic_matrix_camera": [
        [
            0.8324492172199698,
            -0.5441430073386063,
            0.10457862264515125,
            0.8287563920021057
        ],
        [
            0.5541013451976629,
            0.8174883961120992,
            -0.15711276673844204,
            -0.5094611644744873
        ],
        [
            2.8905476759153082e-09,
            0.18873555517327686,
            0.9820279477761491,
            30.470746994018555
        ],
        [
            0.0,
            0.0,
            0.0,
            1.0
        ]
    ]
}