{
    "matrix_probe_in_cam_coord": [
        [
            -0.6506228355007838,
            -0.7590542098422988,
            -0.02294847370967666,
            0.6786414767886892
        ],
        [
            -0.702110360414995,
            0.6127786253505391,
            -0.36268912047569035,
            -0.17278663501998182
        ],
        [
            0.2893630379347822,
            -0.21986146282190394,
            -0.9316275916067359,
            -8.988965897235868
        ],
        [
            0.0,
            0.0,
            0.0,
            1.0
        ]
    ],
    "matrix_probe_in_world_coord": [
        [
            -0.45871502423361993,
            0.14358398655997584,
            0.8769060185367042,
            0.0
        ],
        [
            0.5813403763951313,
            0.7948478094194726,
            0.17395495576106335,
            0.0
        ],
        [
            -0.6720296818706128,
            0.5895766266267779,
            -0.44807980095098277,
            10.482499122619629
        ],
        [
            0.0,
            0.0,
            0.0,
            1.0
        ]
    ],
    "intrinsic_matrix_camera": [
        [
            1.3888888888888888,
            0.0,
            -0.5
        ],
        [
            0.0,
            -1.3888888888888888,
            -0.5
        ],
        [
            0.0,
            0.0,
            -1.0
        ]
    ],
    "extrinsic_matrix_camera": [
        [
            0.16933878557715196,
            0.09200949629609556,
            -0.9812536003962452,
            -8.919477462768555
        ],
        [
            -0.9855579007340235,
            0.01580907691700953,
            -0.1685992211956419,
            -0.8439605832099915
        ],
        [
            -1.577436823744559e-08,
            0.9956326258607494,
            0.09335777590339703,
            11.493721008300781
        ],
        [
            0.0,
            0.0,
            0.0,
            1.0
        ]
    ]
}