{
    "matrix_probe_in_cam_coord": [
        [
            -0.9076326623739781,
            0.19848057509831454,
            0.3698762110498143,
            0.556022695871193
        ],
        [
            -0.1837567528615783,
            -0.9801048138231626,
            0.07502006197300237,
            -0.0780009260404082
        ],
        [
            0.37740748001290764,
            0.0001234070767593172,
            0.9260472875620341,
            -9.302857501662624
        ],
        [
            0.0,
            0.0,
            0.0,
            1.0
        ]
    ],
    "matrix_probe_in_world_coord": [
        [
            -0.9499452796489604,
            0.17473923955576373,
            0.25897907991212826,
            0.0
        ],
        [
            -0.2926003515935756,
            -0.20708990598258115,
            -0.9335410034312593,
            0.0
        ],
        [
            -0.1094942917232448,
            -0.9625902394059477,
            0.24785284158231038,
            14.91091251373291
        ],
        [
            0.0,
            0.0,
            0.0,
            1.0
        ]
    ],
    "intrinsic_matrix_camera": [
        [
            1.3888888888888888,
            0.0,
            -0.5
        ],
        [
            0.0,
            -1.3888888888888888,
            -0.5
        ],
        [
            0.0,
            0.0,
            -1.0
        ]
    ],
    "extrinsic_matrix_camera": [
        [
            0.992673908855714,
            0.022724716756793065,
            -0.11866801559578459,
            -1.6541283130645752
        ],
        [
            -0.12082429671683524,
            0.18670280031095354,
            -0.9749582317612024,
            -8.988153457641602
        ],
        [
            1.1525997451726325e-09,
            0.9821535784205909,
            0.18808069649921083,
            16.73720932006836
        ],
        [
            0.0,
            0.0,
            0.0,
            1.0
        ]
    ]
}