{
    "matrix_probe_in_cam_coord": [
        [
            0.9037973345582121,
            -0.42795438786299267,
            0.002328079526758285,
            1.6034198764689644
        ],
        [
            -0.13130034745568717,
            -0.28246272269799894,
            -0.9502499823962375,
            -1.053809419961786
        ],
        [
            0.4073212452149867,
            0.8585277236029393,
            -0.31147961570810356,
            -10.6121256482339
        ],
        [
            0.0,
            0.0,
            0.0,
            1.0
        ]
    ],
    "matrix_probe_in_world_coord": [
        [
            0.655981054827705,
            0.7276160209171582,
            0.20065837089893213,
            0.0
        ],
        [
            0.7492387576611289,
            -0.6598819798792206,
            -0.056542520717496034,
            0.0
        ],
        [
            0.09126959913103584,
            0.1874318509095023,
            -0.978028200789271,
            4.083955764770508
        ],
        [
            0.0,
            0.0,
            0.0,
            1.0
        ]
    ],
    "intrinsic_matrix_camera": [
        [
            1.3888888888888888,
            0.0,
            -0.5
        ],
        [
            0.0,
            -1.3888888888888888,
            -0.5
        ],
        [
            0.0,
            0.0,
            -1.0
        ]
    ],
    "extrinsic_matrix_camera": [
        [
            0.28195460868821776,
            -0.4823305561845383,
            0.8293725539286841,
            7.841029644012451
        ],
        [
            0.9594277453979919,
            0.14174628080429655,
            -0.24373426767419387,
            -3.9755306243896484
        ],
        [
            9.967973232805737e-09,
            0.8644450395767586,
            0.5027273351938767,
            10.32992172241211
        ],
        [
            0.0,
            0.0,
            0.0,
            1.0
        ]
    ]
}