{
    "matrix_probe_in_cam_coord": [
        [
            -0.24023698732634918,
            0.23050588358067406,
            0.9429492179089245,
            -0.6034777549915108
        ],
        [
            -0.9488548873079461,
            0.14922491744908956,
            -0.27821992531833034,
            0.19064113658908077
        ],
        [
            -0.20484284891639368,
            -0.9615606905687258,
            0.1828672895867663,
            -12.342183508533886
        ],
        [
            0.0,
            0.0,
            0.0,
            1.0
        ]
    ],
    "matrix_probe_in_world_coord": [
        [
            0.27498810641386384,
            -0.8352090610259921,
            -0.47624296919849435,
            0.0
        ],
        [
            -0.06459495990602153,
            -0.5102695896571012,
            0.8575852360120905,
            0.0
        ],
        [
            -0.9592752641894072,
            -0.2050628446385499,
            -0.19426836403050537,
            5.145731449127197
        ],
        [
            0.0,
            0.0,
            0.0,
            1.0
        ]
    ],
    "intrinsic_matrix_camera": [
        [
            1.3888888888888888,
            0.0,
            -0.5
        ],
        [
            0.0,
            -1.3888888888888888,
            -0.5
        ],
        [
            0.0,
            0.0,
            -1.0
        ]
    ],
    "extrinsic_matrix_camera": [
        [
            -0.7076558521621696,
            -0.25305752858290254,
            0.6596855933913874,
            7.763149261474609
        ],
        [
            0.7065572835238721,
            -0.25345099430845897,
            0.6607112823188508,
            8.629329681396484
        ],
        [
            5.365564178146645e-09,
            0.9336618663689584,
            0.358155719329502,
            9.388160705566406
        ],
        [
            0.0,
            0.0,
            0.0,
            1.0
        ]
    ]
}