{
    "matrix_probe_in_cam_coord": [
        [
            0.08861796694217797,
            0.6139146844605159,
            -0.7843823150344352,
            1.4013322418796432
        ],
        [
            -0.7846076993271064,
            0.528151203091976,
            0.32472613819821067,
            -1.193885226407962
        ],
        [
            0.6136266080375429,
            0.5866558334119277,
            0.528485874013768,
            -13.04973789534523
        ],
        [
            0.0,
            0.0,
            0.0,
            1.0
        ]
    ],
    "matrix_probe_in_world_coord": [
        [
            -0.7274330065086458,
            0.6146756158032232,
            -0.30498378379632096,
            0.0
        ],
        [
            -0.5879917697934455,
            -0.3292781933521081,
            0.7388109027606073,
            0.0
        ],
        [
            0.3537045372863691,
            0.7167633910292157,
            0.6009520293528723,
            12.283535957336426
        ],
        [
            0.0,
            0.0,
            0.0,
            1.0
        ]
    ],
    "intrinsic_matrix_camera": [
        [
            1.3888888888888888,
            0.0,
            -0.5
        ],
        [
            0.0,
            -1.3888888888888888,
            -0.5
        ],
        [
            0.0,
            0.0,
            -1.0
        ]
    ],
    "extrinsic_matrix_camera": [
        [
            0.5521186389800967,
            0.7963549973238647,
            -0.24694883423104716,
            -3.045562744140625
        ],
        [
            -0.8337655596693628,
            0.5273454070622263,
            -0.16352924252135792,
            -0.33604130148887634
        ],
        [
            4.020644216708393e-09,
            0.296184975796684,
            0.9551305984588274,
            25.101350784301758
        ],
        [
            0.0,
            0.0,
            0.0,
            1.0
        ]
    ]
}