{
    "matrix_probe_in_cam_coord": [
        [
            0.1522723681968015,
            0.8798424844328214,
            0.4502114264107672,
            0.8223605147626339
        ],
        [
            -0.6417326431495554,
            -0.2584211969826246,
            0.7220787350880461,
            -1.7860933608054603
        ],
        [
            0.7516597239443011,
            -0.3988680076631209,
            0.5252732354335496,
            -8.87583947450201
        ],
        [
            0.0,
            0.0,
            0.0,
            1.0
        ]
    ],
    "matrix_probe_in_world_coord": [
        [
            0.14236554590295986,
            0.8811717203990669,
            0.4508530253959719,
            0.0
        ],
        [
            -0.9898083525335255,
            0.1282976568544076,
            0.061799162620027964,
            0.0
        ],
        [
            -0.003387712298912152,
            -0.4550561618246888,
            0.8904562948234812,
            6.4071879386901855
        ],
        [
            0.0,
            0.0,
            0.0,
            1.0
        ]
    ],
    "intrinsic_matrix_camera": [
        [
            1.3888888888888888,
            0.0,
            -0.5
        ],
        [
            0.0,
            -1.3888888888888888,
            -0.5
        ],
        [
            0.0,
            0.0,
            -1.0
        ]
    ],
    "extrinsic_matrix_camera": [
        [
            0.9999498381772632,
            0.006477313490040826,
            -0.0076397342373154,
            -0.8785592317581177
        ],
        [
            -0.01001604359340922,
            0.6466613574026345,
            -0.7627114577039716,
            -5.606470108032227
        ],
        [
            -3.0189688088211747e-10,
            0.762749718618194,
            0.6466937967445382,
            13.509480476379395
        ],
        [
            0.0,
            0.0,
            0.0,
            1.0
        ]
    ]
}