{
    "matrix_probe_in_cam_coord": [
        [
            0.6702855795872565,
            -0.39141357401282584,
            0.6304860473284732,
            -0.4819904408472615
        ],
        [
            0.41579324659335576,
            -0.5056333343339976,
            -0.7559437196628073,
            0.3742426553791809
        ],
        [
            0.6146813954275274,
            0.7688500148200493,
            -0.17617161186319918,
            -11.339467581413631
        ],
        [
            0.0,
            0.0,
            0.0,
            1.0
        ]
    ],
    "matrix_probe_in_world_coord": [
        [
            0.6116367674418919,
            0.5566679376078992,
            0.562157693136544,
            0.0
        ],
        [
            0.40123787864647414,
            -0.8306683018399433,
            0.3860030272648413,
            0.0
        ],
        [
            0.6818420854219179,
            -0.010534683560149504,
            -0.7314235373501302,
            16.153783798217773
        ],
        [
            0.0,
            0.0,
            0.0,
            1.0
        ]
    ],
    "intrinsic_matrix_camera": [
        [
            1.3888888888888888,
            0.0,
            -0.5
        ],
        [
            0.0,
            -1.3888888888888888,
            -0.5
        ],
        [
            0.0,
            0.0,
            -1.0
        ]
    ],
    "extrinsic_matrix_camera": [
        [
            0.5465165000851604,
            -0.4521150057256842,
            0.7049196668644812,
            8.426030158996582
        ],
        [
            0.8374483358002849,
            0.2950490191718504,
            -0.46002865253271147,
            -4.923257827758789
        ],
        [
            5.704929816518615e-10,
            0.8417470510096209,
            0.5398721164466697,
            21.960628509521484
        ],
        [
            0.0,
            0.0,
            0.0,
            1.0
        ]
    ]
}