{
    "matrix_probe_in_cam_coord": [
        [
            0.9091265094639647,
            0.40095734878675887,
            -0.1127927047453047,
            0.5164515231365794
        ],
        [
            -0.05657717279105145,
            0.38716328240409165,
            0.9202736637962974,
            -1.5473262802284502
        ],
        [
            0.41265968219446825,
            -0.8302636913727969,
            0.3746654367287934,
            -10.340229318777263
        ],
        [
            0.0,
            0.0,
            0.0,
            1.0
        ]
    ],
    "matrix_probe_in_world_coord": [
        [
            0.8643196556517905,
            0.4906231727093721,
            -0.11063650055275447,
            0.0
        ],
        [
            -0.4908481507931148,
            0.8708239941349764,
            0.02708623454424722,
            0.0
        ],
        [
            0.10963405363731495,
            0.030894556792353565,
            0.993491771804706,
            4.127026557922363
        ],
        [
            0.0,
            0.0,
            0.0,
            1.0
        ]
    ],
    "intrinsic_matrix_camera": [
        [
            1.3888888888888888,
            0.0,
            -0.5
        ],
        [
            0.0,
            -1.3888888888888888,
            -0.5
        ],
        [
            0.0,
            0.0,
            -1.0
        ]
    ],
    "extrinsic_matrix_camera": [
        [
            0.9949738683276066,
            0.039234657751872196,
            -0.0921284048287596,
            -1.405775785446167
        ],
        [
            -0.10013491571474138,
            0.3898486249096094,
            -0.9154185099236787,
            -8.810699462890625
        ],
        [
            1.0234036014921063e-12,
            0.9200427660099176,
            0.3918179535355927,
            9.602120399475098
        ],
        [
            0.0,
            0.0,
            0.0,
            1.0
        ]
    ]
}