{
    "matrix_probe_in_cam_coord": [
        [
            -0.4985943184076911,
            -0.422632932473822,
            -0.7568256800876594,
            -1.4057780570931768
        ],
        [
            0.6894143452856691,
            -0.7225930142014597,
            -0.05066750774985641,
            -1.04426513900572
        ],
        [
            -0.5254631920181495,
            -0.5470290122249709,
            0.6516499778395382,
            -11.861689327927873
        ],
        [
            0.0,
            0.0,
            0.0,
            1.0
        ]
    ],
    "matrix_probe_in_world_coord": [
        [
            0.8025655126163639,
            0.010050796210011294,
            -0.596479320223575,
            0.0
        ],
        [
            0.5369318265036976,
            0.42357428532100455,
            0.7295814132104816,
            0.0
        ],
        [
            0.25998617587524997,
            -0.9058056117679694,
            0.33454952106290414,
            16.617136001586914
        ],
        [
            0.0,
            0.0,
            0.0,
            1.0
        ]
    ],
    "intrinsic_matrix_camera": [
        [
            1.3888888888888888,
            0.0,
            -0.5
        ],
        [
            0.0,
            -1.3888888888888888,
            -0.5
        ],
        [
            0.0,
            0.0,
            -1.0
        ]
    ],
    "extrinsic_matrix_camera": [
        [
            0.047028464970022894,
            0.576259662880808,
            -0.8159124489913488,
            -9.010220527648926
        ],
        [
            -0.9988935496250653,
            0.027130612155758155,
            -0.038413622603066015,
            -1.8315415382385254
        ],
        [
            -1.7004634329049842e-08,
            0.8168162160612086,
            0.5768979712041363,
            24.313093185424805
        ],
        [
            0.0,
            0.0,
            0.0,
            1.0
        ]
    ]
}