{
    "matrix_probe_in_cam_coord": [
        [
            0.45242962558787075,
            0.5133500700538598,
            0.7292318831936218,
            -1.3155096182652846
        ],
        [
            0.8580268159893831,
            -0.027668354656236144,
            -0.5128590890232305,
            1.367338073945832
        ],
        [
            -0.24309960290699775,
            0.8577331564806818,
            -0.45298610943399353,
            -12.772097635850686
        ],
        [
            0.0,
            0.0,
            0.0,
            1.0
        ]
    ],
    "matrix_probe_in_world_coord": [
        [
            -0.20123982310074318,
            -0.6557009186242061,
            -0.7277079351730018,
            0.0
        ],
        [
            -0.9085641561373355,
            0.40259024279046385,
            -0.11150009234241234,
            0.0
        ],
        [
            0.3660788272774496,
            0.6387310871761978,
            -0.6767635410495157,
            3.773134469985962
        ],
        [
            0.0,
            0.0,
            0.0,
            1.0
        ]
    ],
    "intrinsic_matrix_camera": [
        [
            1.3888888888888888,
            0.0,
            -0.5
        ],
        [
            0.0,
            -1.3888888888888888,
            -0.5
        ],
        [
            0.0,
            0.0,
            -1.0
        ]
    ],
    "extrinsic_matrix_camera": [
        [
            -0.9583187983101052,
            0.21868462960731885,
            -0.18385351119569499,
            -3.907888412475586
        ],
        [
            -0.2857010339594097,
            -0.7335275838465299,
            0.6166945783212271,
            8.503621101379395
        ],
        [
            3.5919401197080607e-09,
            0.6435171454668333,
            0.7654316974689631,
            12.669397354125977
        ],
        [
            0.0,
            0.0,
            0.0,
            1.0
        ]
    ]
}