{
    "matrix_probe_in_cam_coord": [
        [
            -0.8058579018416882,
            -0.5244232041289221,
            -0.2749060657942403,
            -0.03436837198752376
        ],
        [
            0.1385011118785097,
            -0.6183542029036396,
            0.7735990704233175,
            1.3783313146836234
        ],
        [
            -0.5756826244101247,
            0.5853361279833659,
            0.5709388174136628,
            -10.069333477274263
        ],
        [
            0.0,
            0.0,
            0.0,
            1.0
        ]
    ],
    "matrix_probe_in_world_coord": [
        [
            0.21461386330124133,
            0.9201072324022492,
            0.32763328670937775,
            0.0
        ],
        [
            -0.9690840773611308,
            0.2424091333830763,
            -0.04597676649778465,
            0.0
        ],
        [
            -0.12172485647575032,
            -0.30763694988336354,
            0.9436856290006852,
            5.788435935974121
        ],
        [
            0.0,
            0.0,
            0.0,
            1.0
        ]
    ],
    "intrinsic_matrix_camera": [
        [
            1.3888888888888888,
            0.0,
            -0.5
        ],
        [
            0.0,
            -1.3888888888888888,
            -0.5
        ],
        [
            0.0,
            0.0,
            -1.0
        ]
    ],
    "extrinsic_matrix_camera": [
        [
            -0.7455422384171709,
            -0.2857711095480915,
            0.6020810939429729,
            6.430819511413574
        ],
        [
            0.6664583788474072,
            -0.31968151249168664,
            0.6735257677588241,
            7.245487689971924
        ],
        [
            -1.1207330448333793e-08,
            0.9034038983304645,
            0.4287906207944847,
            8.860881805419922
        ],
        [
            0.0,
            0.0,
            0.0,
            1.0
        ]
    ]
}