{
    "matrix_probe_in_cam_coord": [
        [
            -0.7622042505807308,
            -0.3780005415806045,
            -0.5255095346056398,
            -0.9447660659909609
        ],
        [
            0.10827532141789642,
            -0.874810757135477,
            0.4722103281080418,
            -0.09472078451891974
        ],
        [
            -0.6382171536150666,
            0.30302100548447614,
            0.7077126076781868,
            -9.100407237918064
        ],
        [
            0.0,
            0.0,
            0.0,
            1.0
        ]
    ],
    "matrix_probe_in_world_coord": [
        [
            0.047731044871501545,
            0.47593143040234337,
            0.8781862108406472,
            0.0
        ],
        [
            -0.9926379231506361,
            -0.07538022027851642,
            0.09480388132325433,
            0.0
        ],
        [
            0.11131801686459414,
            -0.8762460247818197,
            0.46882960996015627,
            8.230633735656738
        ],
        [
            0.0,
            0.0,
            0.0,
            1.0
        ]
    ],
    "intrinsic_matrix_camera": [
        [
            1.3888888888888888,
            0.0,
            -0.5
        ],
        [
            0.0,
            -1.3888888888888888,
            -0.5
        ],
        [
            0.0,
            0.0,
            -1.0
        ]
    ],
    "extrinsic_matrix_camera": [
        [
            -0.6777783706889945,
            0.0035067580112492012,
            0.735257902286281,
            6.051136493682861
        ],
        [
            0.7352662648497965,
            0.0032326092997294925,
            0.6777706618104269,
            6.862949848175049
        ],
        [
            -2.383453682428927e-08,
            0.9999886263780031,
            -0.004769393528908066,
            8.281949996948242
        ],
        [
            0.0,
            0.0,
            0.0,
            1.0
        ]
    ]
}