{
    "matrix_probe_in_cam_coord": [
        [
            -0.20758515077306092,
            0.5431626822892803,
            -0.813561740586933,
            -1.0702669958341353
        ],
        [
            0.6502916500138048,
            0.6979256979055252,
            0.30003414826550817,
            0.4816341471241259
        ],
        [
            0.730772998338642,
            -0.4667697727696173,
            -0.49809316811993226,
            -12.731458172403174
        ],
        [
            0.0,
            0.0,
            0.0,
            1.0
        ]
    ],
    "matrix_probe_in_world_coord": [
        [
            0.13702301039527093,
            -0.4116551936314008,
            -0.900979853369936,
            0.0
        ],
        [
            -0.3119372650269264,
            0.8453508424974261,
            -0.43367856273559685,
            0.0
        ],
        [
            0.9401701108361926,
            0.34047313351450487,
            -0.012578077956333164,
            17.85978889465332
        ],
        [
            0.0,
            0.0,
            0.0,
            1.0
        ]
    ],
    "intrinsic_matrix_camera": [
        [
            1.3888888888888888,
            0.0,
            -0.5
        ],
        [
            0.0,
            -1.3888888888888888,
            -0.5
        ],
        [
            0.0,
            0.0,
            -1.0
        ]
    ],
    "extrinsic_matrix_camera": [
        [
            0.48096305631797903,
            -0.46852454170206115,
            0.7410528269159642,
            10.17509937286377
        ],
        [
            0.8767408616331671,
            0.2570234997585017,
            -0.40652722186173845,
            -4.361128807067871
        ],
        [
            -1.076768916317286e-08,
            0.8452358690890756,
            0.5343934183775423,
            24.256301879882812
        ],
        [
            0.0,
            0.0,
            0.0,
            1.0
        ]
    ]
}