{
    "matrix_probe_in_cam_coord": [
        [
            -0.4063730808740201,
            0.8311776674582962,
            -0.3794793858163346,
            -0.09204967278395343
        ],
        [
            0.783430862760118,
            0.10323064558636119,
            -0.6128454267486704,
            0.7070268007567124
        ],
        [
            -0.47020953033290813,
            -0.5463397467971814,
            -0.6931203926113391,
            -13.535171207075472
        ],
        [
            0.0,
            0.0,
            0.0,
            1.0
        ]
    ],
    "matrix_probe_in_world_coord": [
        [
            -0.16517620975590144,
            0.878119791964047,
            -0.44902388654913794,
            0.0
        ],
        [
            0.9735442696615206,
            0.072284251179956,
            -0.21676379319565658,
            0.0
        ],
        [
            -0.15788722158518975,
            -0.4729488534634286,
            -0.8668281301779133,
            17.521888732910156
        ],
        [
            0.0,
            0.0,
            0.0,
            1.0
        ]
    ],
    "intrinsic_matrix_camera": [
        [
            1.3888888888888888,
            0.0,
            -0.5
        ],
        [
            0.0,
            -1.3888888888888888,
            -0.5
        ],
        [
            0.0,
            0.0,
            -1.0
        ]
    ],
    "extrinsic_matrix_camera": [
        [
            0.9673920343637709,
            0.2364269678826508,
            -0.09085670425093101,
            -1.3078731298446655
        ],
        [
            -0.25328373783076785,
            0.9030092763757805,
            -0.3470181478392222,
            -5.3587164878845215
        ],
        [
            -1.7343592400549028e-09,
            0.35871511765899333,
            0.9334470870718355,
            29.902633666992188
        ],
        [
            0.0,
            0.0,
            0.0,
            1.0
        ]
    ]
}