{
    "matrix_probe_in_cam_coord": [
        [
            -0.6932452800878625,
            -0.7202635637792392,
            0.02512728254170087,
            1.0180276562405588
        ],
        [
            0.6331834166092426,
            -0.5920385262757635,
            0.49856709110837616,
            -0.3417118198339941
        ],
        [
            -0.3442233904994645,
            0.3615394613278772,
            0.8664868581437349,
            -12.20966910150017
        ],
        [
            0.0,
            0.0,
            0.0,
            1.0
        ]
    ],
    "matrix_probe_in_world_coord": [
        [
            0.9853228349492664,
            0.17025149894521113,
            -0.012382973570551126,
            0.0
        ],
        [
            -0.17052105986699853,
            0.9850216998861063,
            -0.025589429366839448,
            0.0
        ],
        [
            0.007840858969251978,
            0.027325406866023673,
            0.9995958398624066,
            4.654536724090576
        ],
        [
            0.0,
            0.0,
            0.0,
            1.0
        ]
    ],
    "intrinsic_matrix_camera": [
        [
            1.3888888888888888,
            0.0,
            -0.5
        ],
        [
            0.0,
            -1.3888888888888888,
            -0.5
        ],
        [
            0.0,
            0.0,
            -1.0
        ]
    ],
    "extrinsic_matrix_camera": [
        [
            -0.8060075065360202,
            0.5169208894521776,
            -0.28834821562748936,
            -2.5234603881835938
        ],
        [
            -0.5919053128732563,
            -0.7038999502031819,
            0.3926486478983096,
            5.156155109405518
        ],
        [
            -6.307576994088e-09,
            0.48715259842469055,
            0.8733168645160084,
            15.483912467956543
        ],
        [
            0.0,
            0.0,
            0.0,
            1.0
        ]
    ]
}