{
    "matrix_probe_in_cam_coord": [
        [
            0.9963471539735561,
            -0.08529876613897587,
            0.00405823409407227,
            -0.10377735298409199
        ],
        [
            0.08423831294534359,
            0.9895342939384988,
            0.11715710713293571,
            -0.2300679848074878
        ],
        [
            -0.01400911849176618,
            -0.11638729146605363,
            0.9931051016807229,
            -14.60368143336624
        ],
        [
            0.0,
            0.0,
            0.0,
            1.0
        ]
    ],
    "matrix_probe_in_world_coord": [
        [
            0.9968666526727231,
            0.07903529195833543,
            0.003209270032398762,
            0.0
        ],
        [
            -0.07901709610173402,
            0.996858373353811,
            -0.005448118761840252,
            0.0
        ],
        [
            -0.0036297813611158914,
            0.0051774607149126855,
            0.9999800090940898,
            13.407400131225586
        ],
        [
            0.0,
            0.0,
            0.0,
            1.0
        ]
    ],
    "intrinsic_matrix_camera": [
        [
            1.3888888888888888,
            0.0,
            -0.5
        ],
        [
            0.0,
            -1.3888888888888888,
            -0.5
        ],
        [
            0.0,
            0.0,
            -1.0
        ]
    ],
    "extrinsic_matrix_camera": [
        [
            0.9864966633651968,
            0.16255848566984096,
            -0.01997678417719568,
            -0.15195907652378082
        ],
        [
            -0.1637813578199123,
            0.9791309939304407,
            -0.12032524072468777,
            -1.5489215850830078
        ],
        [
            -3.7311281684197333e-10,
            0.121972273330935,
            0.9925335080179835,
            27.930105209350586
        ],
        [
            0.0,
            0.0,
            0.0,
            1.0
        ]
    ]
}