{
    "matrix_probe_in_cam_coord": [
        [
            -0.21038791356928432,
            0.029375312836983074,
            0.9771765535560565,
            -0.4385986508009323
        ],
        [
            0.9399130466563023,
            0.2809970375516053,
            0.19391784242943855,
            -0.9592234501433001
        ],
        [
            -0.2688873194281021,
            0.9592589618465652,
            -0.08672862023472293,
            -14.851865383527356
        ],
        [
            0.0,
            0.0,
            0.0,
            1.0
        ]
    ],
    "matrix_probe_in_world_coord": [
        [
            -0.911646660628047,
            0.07892049289864725,
            0.4033260739976584,
            0.0
        ],
        [
            0.402971228743741,
            -0.021082012629792573,
            0.9149698014405921,
            0.0
        ],
        [
            0.08071279310301227,
            0.9966579676820485,
            -0.012583341583160842,
            9.108427047729492
        ],
        [
            0.0,
            0.0,
            0.0,
            1.0
        ]
    ],
    "intrinsic_matrix_camera": [
        [
            1.3888888888888888,
            0.0,
            -0.5
        ],
        [
            0.0,
            -1.3888888888888888,
            -0.5
        ],
        [
            0.0,
            0.0,
            -1.0
        ]
    ],
    "extrinsic_matrix_camera": [
        [
            0.5882385359584141,
            -0.7564800434931579,
            0.2858555030257273,
            3.7778546810150146
        ],
        [
            0.8086874704195074,
            0.5502629020122178,
            -0.20793103148782513,
            -2.2056493759155273
        ],
        [
            -2.9076118766324697e-09,
            0.35348080919009245,
            0.9354417766672161,
            23.34054946899414
        ],
        [
            0.0,
            0.0,
            0.0,
            1.0
        ]
    ]
}