{
    "matrix_probe_in_cam_coord": [
        [
            0.0584589295283597,
            0.832727898537269,
            -0.5505876865278609,
            -2.1796099318105875
        ],
        [
            -0.6954252101226907,
            -0.36172268746710945,
            -0.6209190563168306,
            0.7276760655968864
        ],
        [
            -0.716216678585615,
            0.4191908209506452,
            0.5579540527198583,
            -13.857137598290592
        ],
        [
            0.0,
            0.0,
            0.0,
            1.0
        ]
    ],
    "matrix_probe_in_world_coord": [
        [
            0.46937426225613593,
            0.24172269546167574,
            0.8492690624473793,
            0.0
        ],
        [
            0.17566288035605265,
            0.9170137309193157,
            -0.35808989062866964,
            0.0
        ],
        [
            -0.865349845089559,
            0.3172632279420031,
            0.38796093849677343,
            9.082566261291504
        ],
        [
            0.0,
            0.0,
            0.0,
            1.0
        ]
    ],
    "intrinsic_matrix_camera": [
        [
            1.3888888888888888,
            0.0,
            -0.5
        ],
        [
            0.0,
            -1.3888888888888888,
            -0.5
        ],
        [
            0.0,
            0.0,
            -1.0
        ]
    ],
    "extrinsic_matrix_camera": [
        [
            -0.23886873919236537,
            -0.9411786227937533,
            0.2390073752684292,
            3.4761905670166016
        ],
        [
            0.9710518654719994,
            -0.2315202297089899,
            0.058793348253410614,
            3.099693536758423
        ],
        [
            -1.1428902783562521e-10,
            0.24613245058616423,
            0.9692362027743544,
            22.334300994873047
        ],
        [
            0.0,
            0.0,
            0.0,
            1.0
        ]
    ]
}