{
    "matrix_probe_in_cam_coord": [
        [
            0.5353944196262136,
            0.8403723234713864,
            -0.08442258806986183,
            -0.33017588426188554
        ],
        [
            -0.8288150200750126,
            0.5419914534234263,
            0.13896376115382938,
            -1.7075938861664264
        ],
        [
            0.162537620048918,
            -0.004429713226123167,
            0.9866924037964252,
            -11.753304290586556
        ],
        [
            0.0,
            0.0,
            0.0,
            1.0
        ]
    ],
    "matrix_probe_in_world_coord": [
        [
            0.9285524810786885,
            0.37006029454346323,
            -0.02908037628740585,
            0.0
        ],
        [
            -0.37101932184698927,
            0.9227935101444135,
            -0.1039076534791948,
            0.0
        ],
        [
            -0.011616914341255323,
            0.10727309093037954,
            0.9941617228919198,
            6.919247627258301
        ],
        [
            0.0,
            0.0,
            0.0,
            1.0
        ]
    ],
    "intrinsic_matrix_camera": [
        [
            1.3888888888888888,
            0.0,
            -0.5
        ],
        [
            0.0,
            -1.3888888888888888,
            -0.5
        ],
        [
            0.0,
            0.0,
            -1.0
        ]
    ],
    "extrinsic_matrix_camera": [
        [
            0.8105852868778292,
            -0.5730698448166897,
            0.12059206300152071,
            0.706420361995697
        ],
        [
            0.5856206047409769,
            0.7932131841175681,
            -0.1669172005662732,
            -0.41398486495018005
        ],
        [
            -4.6992196691395256e-11,
            0.20592182376776924,
            0.9785684454835828,
            18.77229118347168
        ],
        [
            0.0,
            0.0,
            0.0,
            1.0
        ]
    ]
}