{
    "matrix_probe_in_cam_coord": [
        [
            -0.4930421215455808,
            0.6756648202359161,
            -0.5480752841329368,
            -1.6304584955646209
        ],
        [
            -0.7403911126096211,
            -0.6566792079778297,
            -0.14350407024993053,
            -0.30488729523123936
        ],
        [
            -0.4568702953251828,
            0.3350365181665676,
            0.8240267378819108,
            -13.909188175363251
        ],
        [
            0.0,
            0.0,
            0.0,
            1.0
        ]
    ],
    "matrix_probe_in_world_coord": [
        [
            0.3880686175879424,
            -0.7930233324922622,
            0.46959210189935047,
            0.0
        ],
        [
            0.6332626047319475,
            0.5996328815642644,
            0.48930448679226896,
            0.0
        ],
        [
            -0.6696127399411486,
            0.10749140184127937,
            0.7348907245561779,
            9.045825004577637
        ],
        [
            0.0,
            0.0,
            0.0,
            1.0
        ]
    ],
    "intrinsic_matrix_camera": [
        [
            1.3888888888888888,
            0.0,
            -0.5
        ],
        [
            0.0,
            -1.3888888888888888,
            -0.5
        ],
        [
            0.0,
            0.0,
            -1.0
        ]
    ],
    "extrinsic_matrix_camera": [
        [
            -0.9845239665871613,
            0.1660510003643669,
            -0.05603235220366292,
            -2.33396315574646
        ],
        [
            -0.17524999062905053,
            -0.9328456356808829,
            0.3147800196576136,
            3.8081839084625244
        ],
        [
            1.9487407683041527e-09,
            0.31972814275431394,
            0.9475093217118643,
            22.322391510009766
        ],
        [
            0.0,
            0.0,
            0.0,
            1.0
        ]
    ]
}