{
    "matrix_probe_in_cam_coord": [
        [
            -0.9983265041050241,
            -0.009088068543351679,
            -0.05711040370714361,
            -1.7843102660829944
        ],
        [
            -0.04982625556697858,
            -0.3660776385524573,
            0.9292494319654065,
            -1.0159731135126693
        ],
        [
            -0.02935192425746091,
            0.9305399344262492,
            0.36501218470124597,
            -13.46687038646192
        ],
        [
            0.0,
            0.0,
            0.0,
            1.0
        ]
    ],
    "matrix_probe_in_world_coord": [
        [
            0.012595443231188561,
            -0.9588388289939641,
            -0.2836713852740416,
            0.0
        ],
        [
            0.9985579669261078,
            -0.0027444248687742982,
            0.05361394240809242,
            0.0
        ],
        [
            -0.0521856445606309,
            -0.28393761312236093,
            0.9574215844423857,
            5.231692790985107
        ],
        [
            0.0,
            0.0,
            0.0,
            1.0
        ]
    ],
    "intrinsic_matrix_camera": [
        [
            1.3888888888888888,
            0.0,
            -0.5
        ],
        [
            0.0,
            -1.3888888888888888,
            -0.5
        ],
        [
            0.0,
            0.0,
            -1.0
        ]
    ],
    "extrinsic_matrix_camera": [
        [
            0.012340215524443676,
            0.08678039686635403,
            -0.9961510336292024,
            -13.304851531982422
        ],
        [
            -0.9999238566414993,
            0.0010709936447886675,
            -0.012293652500501628,
            -1.9486433267593384
        ],
        [
            2.33833359327953e-08,
            0.9962268896653668,
            0.08678700540788663,
            7.412581920623779
        ],
        [
            0.0,
            0.0,
            0.0,
            1.0
        ]
    ]
}