{
    "matrix_probe_in_cam_coord": [
        [
            -0.7053760928155405,
            0.7087944431372789,
            -0.007416539759003163,
            -0.21316009608808142
        ],
        [
            -0.36098951241832405,
            -0.35020468276013555,
            0.8643166387944026,
            -1.34605586727948
        ],
        [
            0.6100255237350836,
            0.6123455866996904,
            0.5028933712439941,
            -12.257434209699571
        ],
        [
            0.0,
            0.0,
            0.0,
            1.0
        ]
    ],
    "matrix_probe_in_world_coord": [
        [
            0.9982160492014466,
            -0.05884835454982062,
            -0.010079200535464874,
            0.0
        ],
        [
            0.05861101422165306,
            0.9980292226210877,
            -0.022414722979701596,
            0.0
        ],
        [
            0.01137840624009755,
            0.021783984050815573,
            0.9996979493378534,
            16.954763412475586
        ],
        [
            0.0,
            0.0,
            0.0,
            1.0
        ]
    ],
    "intrinsic_matrix_camera": [
        [
            1.3888888888888888,
            0.0,
            -0.5
        ],
        [
            0.0,
            -1.3888888888888888,
            -0.5
        ],
        [
            0.0,
            0.0,
            -1.0
        ]
    ],
    "extrinsic_matrix_camera": [
        [
            -0.7457543704726567,
            -0.34844817628184765,
            0.5678329748850326,
            6.332179546356201
        ],
        [
            0.6662209985589853,
            -0.39004588676490404,
            0.6356207889117914,
            7.4080681800842285
        ],
        [
            1.1520242984355582e-08,
            0.8523192328368722,
            0.5230219166883598,
            24.512939453125
        ],
        [
            0.0,
            0.0,
            0.0,
            1.0
        ]
    ]
}