{
    "matrix_probe_in_cam_coord": [
        [
            0.5567913594363495,
            -0.6044499151881194,
            -0.5697575643079232,
            1.1279191937515247
        ],
        [
            0.3882445086617392,
            -0.4170084794624693,
            0.8218090590583707,
            2.152802255197445
        ],
        [
            -0.7343361516029473,
            -0.6787814288012562,
            0.0024876421564481604,
            -10.239422840123892
        ],
        [
            0.0,
            0.0,
            0.0,
            1.0
        ]
    ],
    "matrix_probe_in_world_coord": [
        [
            0.5440203395438279,
            -0.6114901257862324,
            -0.5745621778611572,
            0.0
        ],
        [
            0.8359681926596997,
            0.45384265135926954,
            0.3085190896337918,
            0.0
        ],
        [
            0.07210444524364251,
            -0.6481563652955407,
            0.75808592857471,
            16.0980167388916
        ],
        [
            0.0,
            0.0,
            0.0,
            1.0
        ]
    ],
    "intrinsic_matrix_camera": [
        [
            1.3888888888888888,
            0.0,
            -0.5
        ],
        [
            0.0,
            -1.3888888888888888,
            -0.5
        ],
        [
            0.0,
            0.0,
            -1.0
        ]
    ],
    "extrinsic_matrix_camera": [
        [
            0.9998821260871216,
            -0.005970925769989002,
            0.014145033649547377,
            -0.9700950384140015
        ],
        [
            0.015353629261433478,
            0.3888476090109542,
            -0.9211741437073483,
            -10.286721229553223
        ],
        [
            -8.069623113823308e-11,
            0.9212827389091327,
            0.38889344940238657,
            18.096721649169922
        ],
        [
            0.0,
            0.0,
            0.0,
            1.0
        ]
    ]
}