{
    "matrix_probe_in_cam_coord": [
        [
            0.42974216125896725,
            -0.9018971767943924,
            -0.04362519142395234,
            1.2506259905571933
        ],
        [
            0.6529518483862251,
            0.27702572278987103,
            0.7049188837034812,
            0.007038739348155687
        ],
        [
            -0.6236790508951571,
            -0.33141851397146505,
            0.7079450614782631,
            -11.645639583751002
        ],
        [
            0.0,
            0.0,
            0.0,
            1.0
        ]
    ],
    "matrix_probe_in_world_coord": [
        [
            0.9796119393901066,
            0.19743514889985034,
            0.037145796306557795,
            0.0
        ],
        [
            -0.1992553976595379,
            0.978448155465969,
            0.05418942303422804,
            0.0
        ],
        [
            -0.02564633907390628,
            -0.0604861062074344,
            0.9978395142747001,
            4.648157596588135
        ],
        [
            0.0,
            0.0,
            0.0,
            1.0
        ]
    ],
    "intrinsic_matrix_camera": [
        [
            1.3888888888888888,
            0.0,
            -0.5
        ],
        [
            0.0,
            -1.3888888888888888,
            -0.5
        ],
        [
            0.0,
            0.0,
            -1.0
        ]
    ],
    "extrinsic_matrix_camera": [
        [
            0.24129385616136848,
            0.720518814620787,
            -0.6500999252086043,
            -7.877669334411621
        ],
        [
            -0.9704520982401846,
            0.17915027487147228,
            -0.16164128196317654,
            -0.6700044870376587
        ],
        [
            -4.578847342881545e-09,
            0.6698938847242389,
            0.7424568561263799,
            13.289827346801758
        ],
        [
            0.0,
            0.0,
            0.0,
            1.0
        ]
    ]
}