{
    "matrix_probe_in_cam_coord": [
        [
            -0.8054376137456012,
            -0.328613728301164,
            -0.4932375370303853,
            -0.9104624146206267
        ],
        [
            0.5908521066975464,
            -0.510520027547512,
            -0.6247104044947216,
            0.07492124054422433
        ],
        [
            -0.046519225862680695,
            -0.79459569533499,
            0.6053541464136846,
            -12.104136413413574
        ],
        [
            0.0,
            0.0,
            0.0,
            1.0
        ]
    ],
    "matrix_probe_in_world_coord": [
        [
            0.3970178650453893,
            -0.26269158646819923,
            0.8794145468626396,
            0.0
        ],
        [
            -0.7256882417547987,
            -0.6764721618021906,
            0.12554676453616567,
            0.0
        ],
        [
            0.5619193808845089,
            -0.6880251047058467,
            -0.459203728949231,
            13.10765552520752
        ],
        [
            0.0,
            0.0,
            0.0,
            1.0
        ]
    ],
    "intrinsic_matrix_camera": [
        [
            1.3888888888888888,
            0.0,
            -0.5
        ],
        [
            0.0,
            -1.3888888888888888,
            -0.5
        ],
        [
            0.0,
            0.0,
            -1.0
        ]
    ],
    "extrinsic_matrix_camera": [
        [
            -0.6672093253370895,
            -0.18069125937022665,
            0.7226218824325951,
            8.152782440185547
        ],
        [
            0.74487026802204,
            -0.16185220982447343,
            0.6472805774868491,
            8.52507495880127
        ],
        [
            5.827249958297909e-09,
            0.9701311926549605,
            0.24258085051764475,
            15.971203804016113
        ],
        [
            0.0,
            0.0,
            0.0,
            1.0
        ]
    ]
}