{
    "matrix_probe_in_cam_coord": [
        [
            -0.3892361685364677,
            0.0013834407779859522,
            -0.9211369557208442,
            -0.7909196673546751
        ],
        [
            0.802839746969046,
            -0.48975425524858957,
            -0.3399839851413259,
            -0.8099068039977277
        ],
        [
            -0.45160109143992183,
            -0.871859424194929,
            0.1895193885932473,
            -11.643133775707353
        ],
        [
            0.0,
            0.0,
            0.0,
            1.0
        ]
    ],
    "matrix_probe_in_world_coord": [
        [
            -0.654296512919724,
            -0.704422423547156,
            -0.27510929170975035,
            0.0
        ],
        [
            -0.06663674187318343,
            0.4160752763850726,
            -0.9068852788603485,
            0.0
        ],
        [
            0.7532965005982811,
            -0.5750394887179806,
            -0.31917701765845746,
            4.046784400939941
        ],
        [
            0.0,
            0.0,
            0.0,
            1.0
        ]
    ],
    "intrinsic_matrix_camera": [
        [
            1.3888888888888888,
            0.0,
            -0.5
        ],
        [
            0.0,
            -1.3888888888888888,
            -0.5
        ],
        [
            0.0,
            0.0,
            -1.0
        ]
    ],
    "extrinsic_matrix_camera": [
        [
            0.5071146765260189,
            -0.08676861410556796,
            0.8574998031825488,
            10.314797401428223
        ],
        [
            0.8618785905520047,
            0.051053209075313515,
            -0.5045382691047352,
            -5.151381492614746
        ],
        [
            -3.036047885008479e-08,
            0.994919482897642,
            0.10067384243530053,
            6.024735450744629
        ],
        [
            0.0,
            0.0,
            0.0,
            1.0
        ]
    ]
}