{
    "matrix_probe_in_cam_coord": [
        [
            0.12911313921940876,
            -0.3543016888048037,
            -0.926174989184535,
            0.660122290131151
        ],
        [
            0.9900118150108316,
            0.09938970362570695,
            0.09999146439648063,
            -0.09437501220037703
        ],
        [
            0.05662511297885482,
            -0.9298343939235945,
            0.36359537463624825,
            -10.365125416410258
        ],
        [
            0.0,
            0.0,
            0.0,
            1.0
        ]
    ],
    "matrix_probe_in_world_coord": [
        [
            -0.09465816607345158,
            -0.3345618476344988,
            0.9376077013884864,
            0.0
        ],
        [
            0.08799613036921167,
            -0.9409619947271952,
            -0.32687490805973823,
            0.0
        ],
        [
            0.9916130861559136,
            0.05156447019419522,
            0.1185098847267029,
            17.53892707824707
        ],
        [
            0.0,
            0.0,
            0.0,
            1.0
        ]
    ],
    "intrinsic_matrix_camera": [
        [
            1.3888888888888888,
            0.0,
            -0.5
        ],
        [
            0.0,
            -1.3888888888888888,
            -0.5
        ],
        [
            0.0,
            0.0,
            -1.0
        ]
    ],
    "extrinsic_matrix_camera": [
        [
            -0.7620745880407555,
            -0.0332119385895835,
            0.6466369069250801,
            7.2024006843566895
        ],
        [
            0.6474892449010353,
            -0.039089425769595135,
            0.7610714122409871,
            7.457489490509033
        ],
        [
            8.367493272216467e-09,
            0.9986836255432073,
            0.05129343107918288,
            18.164840698242188
        ],
        [
            0.0,
            0.0,
            0.0,
            1.0
        ]
    ]
}