{
    "matrix_probe_in_cam_coord": [
        [
            -0.3961146375730627,
            -0.797056052401913,
            0.4558451965633069,
            1.3604476742120244
        ],
        [
            0.5292254425422804,
            -0.60388336495815,
            -0.596024590510114,
            -0.566627709981006
        ],
        [
            0.7503423384471174,
            0.0051508112274418994,
            0.6610293823102048,
            -10.722598245340054
        ],
        [
            0.0,
            0.0,
            0.0,
            1.0
        ]
    ],
    "matrix_probe_in_world_coord": [
        [
            -0.11380857636254038,
            -0.7683836936538864,
            -0.6297889386716332,
            0.0
        ],
        [
            0.381065771675325,
            0.5516633999914783,
            -0.7419274700180141,
            0.0
        ],
        [
            0.9175164770203426,
            -0.3244287170345015,
            0.23002069898060598,
            17.305030822753906
        ],
        [
            0.0,
            0.0,
            0.0,
            1.0
        ]
    ],
    "intrinsic_matrix_camera": [
        [
            1.3888888888888888,
            0.0,
            -0.5
        ],
        [
            0.0,
            -1.3888888888888888,
            -0.5
        ],
        [
            0.0,
            0.0,
            -1.0
        ]
    ],
    "extrinsic_matrix_camera": [
        [
            0.3704398540301544,
            0.7791534305916684,
            -0.5056621857953707,
            -5.4844865798950195
        ],
        [
            -0.9288564552965748,
            0.31073636784717373,
            -0.20166456096951718,
            -0.7226356267929077
        ],
        [
            -3.5364458101482207e-09,
            0.5443921760040091,
            0.8388308284187104,
            26.60794448852539
        ],
        [
            0.0,
            0.0,
            0.0,
            1.0
        ]
    ]
}