{
    "matrix_probe_in_cam_coord": [
        [
            0.4999312814232046,
            0.8492358588937228,
            0.16990341321937355,
            -1.2347196190092586
        ],
        [
            0.11396083461500217,
            0.12996781803272292,
            -0.9849473561818746,
            0.37427666719501307
        ],
        [
            -0.85853458988465,
            0.5117683286848197,
            -0.03180464945163977,
            -15.09343137169386
        ],
        [
            0.0,
            0.0,
            0.0,
            1.0
        ]
    ],
    "matrix_probe_in_world_coord": [
        [
            -0.6218656241420264,
            -0.44793950431828206,
            0.64236543025099,
            0.0
        ],
        [
            0.16961284946021668,
            0.7237508032713463,
            0.6688918119263133,
            0.0
        ],
        [
            -0.7645355628147285,
            0.5249142551266562,
            -0.37409944928640787,
            14.601075172424316
        ],
        [
            0.0,
            0.0,
            0.0,
            1.0
        ]
    ],
    "intrinsic_matrix_camera": [
        [
            1.3888888888888888,
            0.0,
            -0.5
        ],
        [
            0.0,
            -1.3888888888888888,
            -0.5
        ],
        [
            0.0,
            0.0,
            -1.0
        ]
    ],
    "extrinsic_matrix_camera": [
        [
            -0.5821562888987546,
            -0.7617821777608564,
            0.28422168978027834,
            3.8561980724334717
        ],
        [
            0.813076906138423,
            -0.5454296871420039,
            0.20350037122459014,
            4.279582500457764
        ],
        [
            -8.63078211318192e-09,
            0.3495631130856096,
            0.9369128187669851,
            28.61147117614746
        ],
        [
            0.0,
            0.0,
            0.0,
            1.0
        ]
    ]
}