{
    "matrix_probe_in_cam_coord": [
        [
            0.17110704220603887,
            -0.9819453000047726,
            0.08065858854478836,
            0.6603267160452496
        ],
        [
            0.6896449743705162,
            0.1778339329906077,
            0.7019721515862162,
            -0.7565497998072779
        ],
        [
            -0.7036420890147139,
            -0.06448658833919405,
            0.7076222795329302,
            -10.561366882474074
        ],
        [
            0.0,
            0.0,
            0.0,
            1.0
        ]
    ],
    "matrix_probe_in_world_coord": [
        [
            0.22783427604016782,
            -0.9719663121228058,
            0.058077799197671795,
            0.0
        ],
        [
            0.9103192417788619,
            0.1914566481852315,
            -0.3669648892099006,
            0.0
        ],
        [
            0.34555812927553997,
            0.13647651799510765,
            0.9284200231185885,
            10.621978759765625
        ],
        [
            0.0,
            0.0,
            0.0,
            1.0
        ]
    ],
    "intrinsic_matrix_camera": [
        [
            1.3888888888888888,
            0.0,
            -0.5
        ],
        [
            0.0,
            -1.3888888888888888,
            -0.5
        ],
        [
            0.0,
            0.0,
            -1.0
        ]
    ],
    "extrinsic_matrix_camera": [
        [
            0.9980862743474206,
            0.02504516910345337,
            -0.05653784983411839,
            -1.2372320890426636
        ],
        [
            -0.061836792925295606,
            0.40424544607427854,
            -0.9125578504231511,
            -9.291193962097168
        ],
        [
            2.645742034983359e-09,
            0.9143075843679672,
            0.405020544129817,
            15.591268539428711
        ],
        [
            0.0,
            0.0,
            0.0,
            1.0
        ]
    ]
}