{
    "matrix_probe_in_cam_coord": [
        [
            0.8042128582868256,
            0.5938968226113222,
            0.022983530153333587,
            0.21723853085080566
        ],
        [
            -0.3006641854236348,
            0.3731717813778446,
            0.8776923545222595,
            -0.06146855464543499
        ],
        [
            0.5126818956913495,
            -0.7127618014985522,
            0.478673049329981,
            -11.245395965175462
        ],
        [
            0.0,
            0.0,
            0.0,
            1.0
        ]
    ],
    "matrix_probe_in_world_coord": [
        [
            -0.1532341999309497,
            -0.985992557973731,
            -0.06586315807748744,
            0.0
        ],
        [
            0.9879133583719365,
            -0.1512739869863743,
            -0.033813861233635674,
            0.0
        ],
        [
            0.023376833014825876,
            -0.07024853366202469,
            0.997255567643787,
            17.55574607849121
        ],
        [
            0.0,
            0.0,
            0.0,
            1.0
        ]
    ],
    "intrinsic_matrix_camera": [
        [
            1.3888888888888888,
            0.0,
            -0.5
        ],
        [
            0.0,
            -1.3888888888888888,
            -0.5
        ],
        [
            0.0,
            0.0,
            -1.0
        ]
    ],
    "extrinsic_matrix_camera": [
        [
            -0.7103245290924407,
            -0.37968015367237534,
            0.5926905130647222,
            6.796010971069336
        ],
        [
            0.7038743235618143,
            -0.3831595158454986,
            0.5981218287668835,
            6.549655914306641
        ],
        [
            2.217108663332988e-08,
            0.8420402403236822,
            0.5394147139962304,
            23.673437118530273
        ],
        [
            0.0,
            0.0,
            0.0,
            1.0
        ]
    ]
}