{
    "matrix_probe_in_cam_coord": [
        [
            -0.07048222245310239,
            0.42389292810830165,
            -0.9029656924921579,
            1.1754318319755106
        ],
        [
            -0.601860622256774,
            0.7038100813621445,
            0.3773793327007996,
            -0.8894637255670705
        ],
        [
            0.7954847878462296,
            0.57005802763647,
            0.2055183627622056,
            -10.728188736152822
        ],
        [
            0.0,
            0.0,
            0.0,
            1.0
        ]
    ],
    "matrix_probe_in_world_coord": [
        [
            0.9066919081722593,
            0.3409944860516131,
            -0.2482590262958109,
            0.0
        ],
        [
            -0.364179997566417,
            0.3359410205960813,
            -0.8686291268737126,
            0.0
        ],
        [
            -0.2127973520217589,
            0.8779899721313793,
            0.42877837609803515,
            16.06184196472168
        ],
        [
            0.0,
            0.0,
            0.0,
            1.0
        ]
    ],
    "intrinsic_matrix_camera": [
        [
            1.3888888888888888,
            0.0,
            -0.5
        ],
        [
            0.0,
            -1.3888888888888888,
            -0.5
        ],
        [
            0.0,
            0.0,
            -1.0
        ]
    ],
    "extrinsic_matrix_camera": [
        [
            0.3048088739896042,
            -0.39939462475617254,
            0.8646244757425421,
            8.562325477600098
        ],
        [
            0.9524135395599904,
            0.12782159672332397,
            -0.2767130085014262,
            -3.9744338989257812
        ],
        [
            7.140100025337042e-09,
            0.9078246378717512,
            0.41935000521405014,
            21.36818504333496
        ],
        [
            0.0,
            0.0,
            0.0,
            1.0
        ]
    ]
}