{
    "matrix_probe_in_cam_coord": [
        [
            0.34428010993278296,
            -0.9303769957626434,
            0.12597559946413744,
            -1.0957877565409981
        ],
        [
            0.7611486768770274,
            0.198032858881528,
            -0.6176047915063154,
            1.3047258072101826
        ],
        [
            0.5496579823790623,
            0.3085152063657265,
            0.7763339937475955,
            -12.508714863217254
        ],
        [
            0.0,
            0.0,
            0.0,
            1.0
        ]
    ],
    "matrix_probe_in_world_coord": [
        [
            0.2026163560748338,
            -0.14000012601116135,
            -0.9691989357029933,
            0.0
        ],
        [
            -0.32949507801872985,
            0.9222726289798183,
            -0.20210440716640865,
            0.0
        ],
        [
            0.9221602929059498,
            0.36029593746184996,
            0.14073816694876826,
            7.780928611755371
        ],
        [
            0.0,
            0.0,
            0.0,
            1.0
        ]
    ],
    "intrinsic_matrix_camera": [
        [
            1.3888888888888888,
            0.0,
            -0.5
        ],
        [
            0.0,
            -1.3888888888888888,
            -0.5
        ],
        [
            0.0,
            0.0,
            -1.0
        ]
    ],
    "extrinsic_matrix_camera": [
        [
            0.07791426106309088,
            0.7250784527552301,
            -0.6842445507806942,
            -9.419671058654785
        ],
        [
            -0.9969600633540904,
            0.05666619296412442,
            -0.05347499090192526,
            -1.8352938890457153
        ],
        [
            -2.991507853297967e-08,
            0.686330955097491,
            0.7272893647475981,
            15.98291015625
        ],
        [
            0.0,
            0.0,
            0.0,
            1.0
        ]
    ]
}