{
    "matrix_probe_in_cam_coord": [
        [
            -0.6397982084233176,
            0.4589286372580243,
            0.616476080965682,
            0.6959025357970734
        ],
        [
            0.3934109674141478,
            0.8846431816132869,
            -0.2502683598527506,
            1.4359158426144933
        ],
        [
            -0.6602166789899949,
            0.08240720314155951,
            -0.7465406818478203,
            -12.502207114214894
        ],
        [
            0.0,
            0.0,
            0.0,
            1.0
        ]
    ],
    "matrix_probe_in_world_coord": [
        [
            -0.9632392299271266,
            0.027129175227174163,
            -0.2672717601634886,
            0.0
        ],
        [
            -0.2177460320907786,
            0.5038542250470204,
            0.8358932858989764,
            0.0
        ],
        [
            0.15734310101849938,
            0.8633625702761035,
            -0.47942488547020845,
            15.349329948425293
        ],
        [
            0.0,
            0.0,
            0.0,
            1.0
        ]
    ],
    "intrinsic_matrix_camera": [
        [
            1.3888888888888888,
            0.0,
            -0.5
        ],
        [
            0.0,
            -1.3888888888888888,
            -0.5
        ],
        [
            0.0,
            0.0,
            -1.0
        ]
    ],
    "extrinsic_matrix_camera": [
        [
            0.46396244174898554,
            -0.28805957235830376,
            0.8377114869804938,
            10.56399917602539
        ],
        [
            0.8858548710970205,
            0.15086988590560463,
            -0.4387475639596311,
            -6.318418025970459
        ],
        [
            -8.151026428354292e-10,
            0.9456531924017285,
            0.32517693599088326,
            18.056880950927734
        ],
        [
            0.0,
            0.0,
            0.0,
            1.0
        ]
    ]
}