{
    "matrix_probe_in_cam_coord": [
        [
            -0.933087120438668,
            0.35585269411474585,
            -0.05212759118500536,
            0.897102243696687
        ],
        [
            -0.33614442330884886,
            -0.8113544812648062,
            0.47823721353516435,
            1.9881357184053412
        ],
        [
            0.12788804615692329,
            0.4637593835415021,
            0.8766823152244888,
            -11.920270337413797
        ],
        [
            0.0,
            0.0,
            0.0,
            1.0
        ]
    ],
    "matrix_probe_in_world_coord": [
        [
            0.9666385855598604,
            0.25613510063081696,
            -0.002157575415509887,
            0.0
        ],
        [
            -0.25524077650053106,
            0.9624882865395955,
            -0.09202415055559829,
            0.0
        ],
        [
            -0.02149397399826955,
            0.08950479595482437,
            0.9957544378926196,
            5.510796070098877
        ],
        [
            0.0,
            0.0,
            0.0,
            1.0
        ]
    ],
    "intrinsic_matrix_camera": [
        [
            1.3888888888888888,
            0.0,
            -0.5
        ],
        [
            0.0,
            -1.3888888888888888,
            -0.5
        ],
        [
            0.0,
            0.0,
            -1.0
        ]
    ],
    "extrinsic_matrix_camera": [
        [
            -0.8106991794789193,
            -0.5337783644518316,
            0.24051506820849022,
            4.655508518218994
        ],
        [
            0.5854629282817204,
            -0.7391307941667618,
            0.3330447848596419,
            4.9142560958862305
        ],
        [
            -7.177577503013111e-09,
            0.41081178994466533,
            0.9117201726639926,
            15.561997413635254
        ],
        [
            0.0,
            0.0,
            0.0,
            1.0
        ]
    ]
}