{
    "matrix_probe_in_cam_coord": [
        [
            0.08751197460301416,
            -0.28408408971771915,
            -0.9547973000958562,
            0.5516772322250538
        ],
        [
            -0.9961401669747694,
            -0.018400327967162528,
            -0.08582654408852268,
            -1.319865033539445
        ],
        [
            0.006813372187080534,
            0.9586227922910846,
            -0.2845978216000336,
            -13.848082842984251
        ],
        [
            0.0,
            0.0,
            0.0,
            1.0
        ]
    ],
    "matrix_probe_in_world_coord": [
        [
            0.9435590184551715,
            0.20701348666184533,
            0.25853780194010145,
            0.0
        ],
        [
            0.30571286673182535,
            -0.2440524431789776,
            -0.920314102952346,
            0.0
        ],
        [
            -0.12742064905862927,
            0.9474090042418206,
            -0.2935645701970858,
            18.020370483398438
        ],
        [
            0.0,
            0.0,
            0.0,
            1.0
        ]
    ],
    "intrinsic_matrix_camera": [
        [
            1.3888888888888888,
            0.0,
            -0.5
        ],
        [
            0.0,
            -1.3888888888888888,
            -0.5
        ],
        [
            0.0,
            0.0,
            -1.0
        ]
    ],
    "extrinsic_matrix_camera": [
        [
            -0.22308772032325364,
            -0.9659155602994499,
            0.131297370165489,
            0.6664111018180847
        ],
        [
            0.974798373532175,
            -0.22105484218456672,
            0.03004808988575729,
            -0.4134281873703003
        ],
        [
            1.863251317933314e-09,
            0.13469182275905242,
            0.9908875379586949,
            31.9200382232666
        ],
        [
            0.0,
            0.0,
            0.0,
            1.0
        ]
    ]
}