{
    "matrix_probe_in_cam_coord": [
        [
            -0.592750193492407,
            -0.7778413605496095,
            0.2088301365537237,
            1.6016558826765843
        ],
        [
            0.020134508922600214,
            0.2448989956180032,
            0.9693395088903265,
            -0.27229371087154997
        ],
        [
            -0.805134653126519,
            0.5787808737023241,
            -0.12950247322431385,
            -10.113013323777297
        ],
        [
            0.0,
            0.0,
            0.0,
            1.0
        ]
    ],
    "matrix_probe_in_world_coord": [
        [
            0.936178814047992,
            0.3412689855443548,
            0.08428942776660912,
            0.0
        ],
        [
            -0.2662930167960042,
            0.845029737587331,
            -0.4636946967550627,
            0.0
        ],
        [
            -0.2294716917909015,
            0.41165546528451863,
            0.8819764852693116,
            3.5654101371765137
        ],
        [
            0.0,
            0.0,
            0.0,
            1.0
        ]
    ],
    "intrinsic_matrix_camera": [
        [
            1.3888888888888888,
            0.0,
            -0.5
        ],
        [
            0.0,
            -1.3888888888888888,
            -0.5
        ],
        [
            0.0,
            0.0,
            -1.0
        ]
    ],
    "extrinsic_matrix_camera": [
        [
            -0.8027711324891087,
            0.1841310049959174,
            -0.5671457324544964,
            -4.399651527404785
        ],
        [
            -0.596287270400898,
            -0.24789233474782438,
            0.7635383955840852,
            8.609221458435059
        ],
        [
            1.2371457879617119e-08,
            0.9511283632467628,
            0.30879578466606994,
            6.94725227355957
        ],
        [
            0.0,
            0.0,
            0.0,
            1.0
        ]
    ]
}