{
    "matrix_probe_in_cam_coord": [
        [
            -0.2859515443231019,
            -0.5280897114662053,
            -0.7995955045788922,
            -0.4888216661931084
        ],
        [
            0.5332472510818792,
            -0.7809954395251316,
            0.3251053562378907,
            0.055815662050572534
        ],
        [
            -0.7961652363126969,
            -0.3334177261101854,
            0.5049292390054878,
            -10.909986861127745
        ],
        [
            0.0,
            0.0,
            0.0,
            1.0
        ]
    ],
    "matrix_probe_in_world_coord": [
        [
            0.9483310066267212,
            -0.09526957455115646,
            -0.30264171892716873,
            0.0
        ],
        [
            0.3060534526017478,
            0.5261945659682455,
            0.7933792049808461,
            0.0
        ],
        [
            0.08366352861850532,
            -0.8450106430751813,
            0.528164204645458,
            6.556153297424316
        ],
        [
            0.0,
            0.0,
            0.0,
            1.0
        ]
    ],
    "intrinsic_matrix_camera": [
        [
            1.3888888888888888,
            0.0,
            -0.5
        ],
        [
            0.0,
            -1.3888888888888888,
            -0.5
        ],
        [
            0.0,
            0.0,
            -1.0
        ]
    ],
    "extrinsic_matrix_camera": [
        [
            0.02112512421402841,
            0.48170956180509844,
            -0.8760762679084978,
            -9.574541091918945
        ],
        [
            -0.999776839663203,
            0.010178435026926983,
            -0.01851135687789812,
            -0.6912393569946289
        ],
        [
            -1.2238530782867626e-08,
            0.8762718171469072,
            0.48181708404129586,
            11.763861656188965
        ],
        [
            0.0,
            0.0,
            0.0,
            1.0
        ]
    ]
}