{
    "matrix_probe_in_cam_coord": [
        [
            0.8874750708864,
            -0.44151010635007,
            0.13212427689841802,
            -0.12964915080131376
        ],
        [
            0.45319566510843723,
            0.8881431373249732,
            -0.07625914207146268,
            1.050345604127076
        ],
        [
            -0.08367608787521778,
            0.1275562370615573,
            0.988295360054167,
            -14.783596156445446
        ],
        [
            0.0,
            0.0,
            0.0,
            1.0
        ]
    ],
    "matrix_probe_in_world_coord": [
        [
            0.9526062429410976,
            -0.3041791235367518,
            0.004050520220980403,
            0.0
        ],
        [
            0.23418096789141665,
            0.7247624074733965,
            -0.6479804989278661,
            0.0
        ],
        [
            0.19416647544590798,
            0.6182188233285852,
            0.7616461555703763,
            4.05873441696167
        ],
        [
            0.0,
            0.0,
            0.0,
            1.0
        ]
    ],
    "intrinsic_matrix_camera": [
        [
            1.3888888888888888,
            0.0,
            -0.5
        ],
        [
            0.0,
            -1.3888888888888888,
            -0.5
        ],
        [
            0.0,
            0.0,
            -1.0
        ]
    ],
    "extrinsic_matrix_camera": [
        [
            0.9802476222184191,
            0.16125352957245376,
            -0.11450719774565041,
            -1.7351118326187134
        ],
        [
            -0.19777411138755166,
            0.7992369948151882,
            -0.5675435022829979,
            -9.255450248718262
        ],
        [
            -4.318103271228183e-09,
            0.5789797279000473,
            0.8153419372758813,
            15.504291534423828
        ],
        [
            0.0,
            0.0,
            0.0,
            1.0
        ]
    ]
}