{
    "matrix_probe_in_cam_coord": [
        [
            0.8419901410356093,
            -0.1502386718270328,
            -0.5181514680925685,
            0.2069487255399229
        ],
        [
            0.3492655786918405,
            0.8838046691362362,
            0.3112922458945003,
            -0.08700543837476149
        ],
        [
            0.41117655324676367,
            -0.4430774743773795,
            0.7966280146715116,
            -12.234059359663686
        ],
        [
            0.0,
            0.0,
            0.0,
            1.0
        ]
    ],
    "matrix_probe_in_world_coord": [
        [
            0.835489511042832,
            -0.17096124275851785,
            -0.522235129431057,
            0.0
        ],
        [
            0.3034115895353175,
            0.9358895511163674,
            0.1790311577543314,
            0.0
        ],
        [
            0.45814701163825317,
            -0.3080308451854577,
            0.8337975258666045,
            4.171996593475342
        ],
        [
            0.0,
            0.0,
            0.0,
            1.0
        ]
    ],
    "intrinsic_matrix_camera": [
        [
            1.3888888888888888,
            0.0,
            -0.5
        ],
        [
            0.0,
            -1.3888888888888888,
            -0.5
        ],
        [
            0.0,
            0.0,
            -1.0
        ]
    ],
    "extrinsic_matrix_camera": [
        [
            0.9997558202868795,
            -0.021856363351572844,
            0.0032556387318949187,
            -0.16897013783454895
        ],
        [
            0.02209750670344034,
            0.9888457906557638,
            -0.14729461123839055,
            -1.7205491065979004
        ],
        [
            -1.1297523093198567e-10,
            0.14733058638117622,
            0.9890873057099553,
            16.285367965698242
        ],
        [
            0.0,
            0.0,
            0.0,
            1.0
        ]
    ]
}