{
    "matrix_probe_in_cam_coord": [
        [
            0.8483996005760384,
            -0.5286059268179288,
            -0.02817608694224636,
            2.0810684675740476
        ],
        [
            -0.2258066127674546,
            -0.409528845279119,
            0.883910345292349,
            1.6871457201240787
        ],
        [
            -0.47877916764715994,
            -0.7435468371375873,
            -0.4668068225827284,
            -11.371952200949087
        ],
        [
            0.0,
            0.0,
            0.0,
            1.0
        ]
    ],
    "matrix_probe_in_world_coord": [
        [
            -0.4632332095378753,
            0.789834633593485,
            0.4019654775692608,
            0.0
        ],
        [
            -0.8209299571904565,
            -0.2115362763163751,
            -0.5304021202724187,
            0.0
        ],
        [
            -0.3338996839898387,
            -0.5756853788124614,
            0.7463895401551648,
            16.877708435058594
        ],
        [
            0.0,
            0.0,
            0.0,
            1.0
        ]
    ],
    "intrinsic_matrix_camera": [
        [
            1.3888888888888888,
            0.0,
            -0.5
        ],
        [
            0.0,
            -1.3888888888888888,
            -0.5
        ],
        [
            0.0,
            0.0,
            -1.0
        ]
    ],
    "extrinsic_matrix_camera": [
        [
            -0.8218439527128462,
            0.13644250058399757,
            -0.5531328605531504,
            -4.810085296630859
        ],
        [
            -0.5697126621283092,
            -0.1968263013467896,
            0.7979266192506789,
            10.591669082641602
        ],
        [
            8.117051817462164e-09,
            0.9708979612361583,
            0.23949352573184804,
            17.963171005249023
        ],
        [
            0.0,
            0.0,
            0.0,
            1.0
        ]
    ]
}