{
    "matrix_probe_in_cam_coord": [
        [
            0.8400662438088878,
            0.525117599384583,
            0.13616245014466746,
            0.37007703437852524
        ],
        [
            -0.34253822263356215,
            0.3188256228937933,
            0.8837521079021116,
            -0.04198437173720926
        ],
        [
            0.42066170737050307,
            -0.7890511574054991,
            0.44770749262121573,
            -12.043622659426768
        ],
        [
            0.0,
            0.0,
            0.0,
            1.0
        ]
    ],
    "matrix_probe_in_world_coord": [
        [
            0.7591470986536962,
            0.6365843117383958,
            0.13585321731276004,
            0.0
        ],
        [
            -0.6412751909307187,
            0.7672228473382906,
            -0.011628930255886431,
            0.0
        ],
        [
            -0.11163248676996058,
            -0.07829122920659025,
            0.990660724631231,
            17.900972366333008
        ],
        [
            0.0,
            0.0,
            0.0,
            1.0
        ]
    ],
    "intrinsic_matrix_camera": [
        [
            1.3888888888888888,
            0.0,
            -0.5
        ],
        [
            0.0,
            -1.3888888888888888,
            -0.5
        ],
        [
            0.0,
            0.0,
            -1.0
        ]
    ],
    "extrinsic_matrix_camera": [
        [
            0.9905135841797204,
            0.06298305898958345,
            -0.1221309700107157,
            -1.834821343421936
        ],
        [
            -0.13741484474191157,
            0.4539944746951003,
            -0.8803443515982118,
            -10.532620429992676
        ],
        [
            5.346161150716036e-09,
            0.8887756472961184,
            0.4583425016004575,
            23.458391189575195
        ],
        [
            0.0,
            0.0,
            0.0,
            1.0
        ]
    ]
}