{
    "matrix_probe_in_cam_coord": [
        [
            0.2288553456259362,
            -0.03396989485951215,
            0.9728675536894357,
            0.9458271676529174
        ],
        [
            -0.9561953386629674,
            0.17954342769902537,
            0.23120257760089521,
            2.0391753090490727
        ],
        [
            -0.1825259025389176,
            -0.9831633657807429,
            0.008607618081389169,
            -6.5074499752274875
        ],
        [
            0.0,
            0.0,
            0.0,
            1.0
        ]
    ],
    "matrix_probe_in_world_coord": [
        [
            0.21048292406200989,
            0.04428337764204877,
            0.976594041115815,
            0.0
        ],
        [
            -0.23698163549656945,
            0.971488736502148,
            0.00702419296656387,
            0.0
        ],
        [
            -0.9484390560893607,
            -0.23291332575460796,
            0.21497613721120445,
            9.184646606445312
        ],
        [
            0.0,
            0.0,
            0.0,
            1.0
        ]
    ],
    "intrinsic_matrix_camera": [
        [
            1.3888888888888888,
            0.0,
            -0.5
        ],
        [
            0.0,
            -1.3888888888888888,
            -0.5
        ],
        [
            0.0,
            0.0,
            -1.0
        ]
    ],
    "extrinsic_matrix_camera": [
        [
            0.9967624963800674,
            0.03247905813134969,
            -0.07355023176765976,
            -1.4876199960708618
        ],
        [
            -0.08040227490672174,
            0.4026491644525727,
            -0.9118163875229864,
            -6.678625106811523
        ],
        [
            1.911064917136554e-09,
            0.9147779846217035,
            0.4039569764856828,
            9.947983741760254
        ],
        [
            0.0,
            0.0,
            0.0,
            1.0
        ]
    ]
}