{
    "matrix_probe_in_cam_coord": [
        [
            -0.9755878230235815,
            0.08832250954281598,
            0.20106599383329013,
            -1.5022314089204605
        ],
        [
            0.19726232640138994,
            -0.049957499152180035,
            0.9790770260102991,
            -1.050878423995826
        ],
        [
            0.09651929418940516,
            0.9948383700815522,
            0.03131522413555292,
            -10.869925110960246
        ],
        [
            0.0,
            0.0,
            0.0,
            1.0
        ]
    ],
    "matrix_probe_in_world_coord": [
        [
            0.6812639215655865,
            0.7279812078052021,
            -0.07695992629646764,
            0.0
        ],
        [
            -0.7057526088647988,
            0.6810811468782467,
            0.19504288361163674,
            0.0
        ],
        [
            0.1944035088510723,
            -0.07856101100094921,
            0.9777706496397301,
            12.476296424865723
        ],
        [
            0.0,
            0.0,
            0.0,
            1.0
        ]
    ],
    "intrinsic_matrix_camera": [
        [
            1.3888888888888888,
            0.0,
            -0.5
        ],
        [
            0.0,
            -1.3888888888888888,
            -0.5
        ],
        [
            0.0,
            0.0,
            -1.0
        ]
    ],
    "extrinsic_matrix_camera": [
        [
            -0.6158096830374487,
            0.022669889729312876,
            0.7875687337477141,
            7.659547805786133
        ],
        [
            0.7878949386036924,
            0.017718494124697927,
            0.6155547259900103,
            7.893254280090332
        ],
        [
            2.577884626903925e-08,
            0.9995859798264548,
            -0.028772711627260587,
            13.213982582092285
        ],
        [
            0.0,
            0.0,
            0.0,
            1.0
        ]
    ]
}