{
    "matrix_probe_in_cam_coord": [
        [
            0.540595458891896,
            0.6813679747406447,
            0.4934513479800139,
            -0.7689310201469608
        ],
        [
            -0.1459994214746565,
            -0.5016623945365899,
            0.8526540980004029,
            -1.5853392835921039
        ],
        [
            0.8285171807238073,
            -0.5329845447155548,
            -0.1717170822598226,
            -12.218102830120657
        ],
        [
            0.0,
            0.0,
            0.0,
            1.0
        ]
    ],
    "matrix_probe_in_world_coord": [
        [
            0.8996779705828609,
            0.329409645681765,
            -0.28647658644245066,
            0.0
        ],
        [
            0.0343966401133246,
            0.6006933636142682,
            0.798739227820126,
            0.0
        ],
        [
            0.43519699033520365,
            -0.728461919554887,
            0.5291000012867039,
            15.299918174743652
        ],
        [
            0.0,
            0.0,
            0.0,
            1.0
        ]
    ],
    "intrinsic_matrix_camera": [
        [
            1.3888888888888888,
            0.0,
            -0.5
        ],
        [
            0.0,
            -1.3888888888888888,
            -0.5
        ],
        [
            0.0,
            0.0,
            -1.0
        ]
    ],
    "extrinsic_matrix_camera": [
        [
            0.5694487507556486,
            -0.5408703302660767,
            0.6190213292776723,
            7.143670082092285
        ],
        [
            0.8220268367047582,
            0.3746811151043182,
            -0.4288192413142785,
            -4.013278961181641
        ],
        [
            2.7469867111029166e-09,
            0.7530427264253003,
            0.6579716195839682,
            24.53291130065918
        ],
        [
            0.0,
            0.0,
            0.0,
            1.0
        ]
    ]
}