{
    "matrix_probe_in_cam_coord": [
        [
            0.5958899970554646,
            -0.8029872252216119,
            0.011252890301351457,
            0.2831363097465612
        ],
        [
            0.4098334663354696,
            0.2920238936536394,
            -0.8641519400006118,
            -1.2332319825105351
        ],
        [
            0.6906168556303064,
            0.5195513080209344,
            0.5031051550650663,
            -14.354469955751167
        ],
        [
            0.0,
            0.0,
            0.0,
            1.0
        ]
    ],
    "matrix_probe_in_world_coord": [
        [
            0.30057868881163896,
            -0.11503020675812552,
            -0.9467948581215777,
            0.0
        ],
        [
            -0.5360461422119389,
            0.800699860711318,
            -0.26745890614554874,
            0.0
        ],
        [
            0.788864364293364,
            0.5879181784823961,
            0.17901181569373514,
            10.9437255859375
        ],
        [
            0.0,
            0.0,
            0.0,
            1.0
        ]
    ],
    "intrinsic_matrix_camera": [
        [
            1.3888888888888888,
            0.0,
            -0.5
        ],
        [
            0.0,
            -1.3888888888888888,
            -0.5
        ],
        [
            0.0,
            0.0,
            -1.0
        ]
    ],
    "extrinsic_matrix_camera": [
        [
            0.2608254418559529,
            0.9077702505053192,
            -0.3285167593565921,
            -3.670041799545288
        ],
        [
            -0.9653859792231536,
            0.24525897501048832,
            -0.08875779569230939,
            -0.6982740759849548
        ],
        [
            -2.7563426249699395e-09,
            0.3402957647022877,
            0.9403184527199737,
            24.861162185668945
        ],
        [
            0.0,
            0.0,
            0.0,
            1.0
        ]
    ]
}