{
    "matrix_probe_in_cam_coord": [
        [
            -0.6986317844688362,
            -0.7003144897428832,
            -0.14653752142729684,
            -1.6389801736746612
        ],
        [
            0.17015311557452978,
            -0.36155773971488475,
            0.9166918337765124,
            -1.7233213727167707
        ],
        [
            -0.6949543488533407,
            0.6154962358198706,
            0.3717564211972675,
            -11.643907705966516
        ],
        [
            0.0,
            0.0,
            0.0,
            1.0
        ]
    ],
    "matrix_probe_in_world_coord": [
        [
            0.7438475395951276,
            -0.6667962452632755,
            -0.045536854756045,
            0.0
        ],
        [
            0.6650934467019796,
            0.731786699292466,
            0.14879157870228937,
            0.0
        ],
        [
            -0.06589040136739509,
            -0.1409645134118381,
            0.9878195487872306,
            7.087790012359619
        ],
        [
            0.0,
            0.0,
            0.0,
            1.0
        ]
    ],
    "intrinsic_matrix_camera": [
        [
            1.3888888888888888,
            0.0,
            -0.5
        ],
        [
            0.0,
            -1.3888888888888888,
            -0.5
        ],
        [
            0.0,
            0.0,
            -1.0
        ]
    ],
    "extrinsic_matrix_camera": [
        [
            -0.046035603866530606,
            0.3259100567715874,
            -0.9442792797005473,
            -10.508904457092285
        ],
        [
            -0.9989397995758521,
            -0.015019397713951768,
            0.043516600460816554,
            -1.15642249584198
        ],
        [
            -8.32817522713291e-09,
            0.945281467388127,
            0.32625595383463746,
            12.515707969665527
        ],
        [
            0.0,
            0.0,
            0.0,
            1.0
        ]
    ]
}