{
    "matrix_probe_in_cam_coord": [
        [
            -0.742079876655551,
            0.517914181921666,
            0.42553772667919,
            -1.524331400395584
        ],
        [
            0.4147389746242276,
            -0.14397527248114925,
            0.8984779929645591,
            0.3147712132128988
        ],
        [
            0.5266014048505054,
            0.8432295186237195,
            -0.10795804430927698,
            -8.121898186288352
        ],
        [
            0.0,
            0.0,
            0.0,
            1.0
        ]
    ],
    "matrix_probe_in_world_coord": [
        [
            -0.8489337478425705,
            0.19980037178937834,
            0.48927630558488444,
            0.0
        ],
        [
            -0.17033595039276794,
            -0.9798215586616303,
            0.10457235383066531,
            0.0
        ],
        [
            0.500297067528643,
            0.00543365574172243,
            0.8658367742291389,
            3.915879487991333
        ],
        [
            0.0,
            0.0,
            0.0,
            1.0
        ]
    ],
    "intrinsic_matrix_camera": [
        [
            1.3888888888888888,
            0.0,
            -0.5
        ],
        [
            0.0,
            -1.3888888888888888,
            -0.5
        ],
        [
            0.0,
            0.0,
            -1.0
        ]
    ],
    "extrinsic_matrix_camera": [
        [
            0.9416616237872749,
            0.058751767972680446,
            -0.3313934459919171,
            -1.2746328115463257
        ],
        [
            -0.3365611182033857,
            0.16438107707302863,
            -0.9272030388291436,
            -8.09542179107666
        ],
        [
            -6.2137601729919904e-09,
            0.9846456678726596,
            0.17456491268180055,
            5.023739814758301
        ],
        [
            0.0,
            0.0,
            0.0,
            1.0
        ]
    ]
}