{
    "matrix_probe_in_cam_coord": [
        [
            0.13513714635657484,
            -0.990826859339435,
            -0.0002940852831431562,
            0.7647593142206004
        ],
        [
            -0.032598476711771025,
            -0.0047426962138227245,
            0.9994572757995691,
            -0.8013077854087012
        ],
        [
            -0.9902905083815932,
            -0.13505421742461615,
            -0.03294036073194593,
            -11.0556413254471
        ],
        [
            0.0,
            0.0,
            0.0,
            1.0
        ]
    ],
    "matrix_probe_in_world_coord": [
        [
            0.9999941278301341,
            -0.0034269657996944605,
            1.4514047268778815e-05,
            0.0
        ],
        [
            0.0034269613080028035,
            0.9999940832656613,
            0.00029894792791429345,
            0.0
        ],
        [
            -1.553844571786875e-05,
            -0.00029889643336286696,
            0.9999999552097386,
            12.048717498779297
        ],
        [
            0.0,
            0.0,
            0.0,
            1.0
        ]
    ],
    "intrinsic_matrix_camera": [
        [
            1.3888888888888888,
            0.0,
            -0.5
        ],
        [
            0.0,
            -1.3888888888888888,
            -0.5
        ],
        [
            0.0,
            0.0,
            -1.0
        ]
    ],
    "extrinsic_matrix_camera": [
        [
            0.13853187830030342,
            -0.03256752606011121,
            -0.9898223451412449,
            -11.07516098022461
        ],
        [
            -0.9903579750244802,
            -0.004555596189301102,
            -0.1384569530531819,
            -0.7769953608512878
        ],
        [
            -3.0476847437785594e-08,
            0.9994591551382598,
            -0.0328846044573303,
            12.486031532287598
        ],
        [
            0.0,
            0.0,
            0.0,
            1.0
        ]
    ]
}