{
    "matrix_probe_in_cam_coord": [
        [
            -0.9655843879505356,
            -0.2197499603048062,
            0.13912851861579603,
            -1.9604312756805016
        ],
        [
            0.18173681467006006,
            -0.18738343318698428,
            0.9653285343139089,
            -0.83036684391474
        ],
        [
            -0.18606052762413108,
            0.9573909357796822,
            0.2208711754555919,
            -11.325265384795014
        ],
        [
            0.0,
            0.0,
            0.0,
            1.0
        ]
    ],
    "matrix_probe_in_world_coord": [
        [
            0.9997696107317395,
            -0.019859687619715263,
            -0.008143602701103014,
            0.0
        ],
        [
            0.013482907866577298,
            0.8762576086775733,
            -0.4816542478065801,
            0.0
        ],
        [
            0.016701396731036357,
            0.48143348039195244,
            0.876323494666738,
            4.062008380889893
        ],
        [
            0.0,
            0.0,
            0.0,
            1.0
        ]
    ],
    "intrinsic_matrix_camera": [
        [
            1.3888888888888888,
            0.0,
            -0.5
        ],
        [
            0.0,
            -1.3888888888888888,
            -0.5
        ],
        [
            0.0,
            0.0,
            -1.0
        ]
    ],
    "extrinsic_matrix_camera": [
        [
            -0.9621307694838536,
            0.17755506884702496,
            -0.2068298332908869,
            -4.08115816116333
        ],
        [
            -0.27258830204615864,
            -0.6267004074232531,
            0.7300289151281069,
            7.212989330291748
        ],
        [
            -6.504792346574917e-09,
            0.7587626749269213,
            0.6513671799666784,
            12.068965911865234
        ],
        [
            0.0,
            0.0,
            0.0,
            1.0
        ]
    ]
}