{
    "matrix_probe_in_cam_coord": [
        [
            0.6989084527161085,
            0.6224929853482891,
            -0.35217816217668846,
            -0.10769662187804087
        ],
        [
            0.568926865344543,
            -0.7822853709484725,
            -0.2536766057192567,
            -0.006955383287187367
        ],
        [
            -0.43341573184554305,
            -0.023066893856465317,
            -0.9008988410452123,
            -12.496937361112906
        ],
        [
            0.0,
            0.0,
            0.0,
            1.0
        ]
    ],
    "matrix_probe_in_world_coord": [
        [
            0.8141815750340333,
            -0.5736593205004044,
            0.08957313703401978,
            0.0
        ],
        [
            -0.5612426470918013,
            -0.7380862611740743,
            0.37448012250513946,
            0.0
        ],
        [
            -0.14871131080213382,
            -0.35516708049746204,
            -0.9228983102002195,
            7.042023658752441
        ],
        [
            0.0,
            0.0,
            0.0,
            1.0
        ]
    ],
    "intrinsic_matrix_camera": [
        [
            1.3888888888888888,
            0.0,
            -0.5
        ],
        [
            0.0,
            -1.3888888888888888,
            -0.5
        ],
        [
            0.0,
            0.0,
            -1.0
        ]
    ],
    "extrinsic_matrix_camera": [
        [
            0.18039377906479082,
            0.8892524562746867,
            -0.42034289988551,
            -5.227385997772217
        ],
        [
            -0.9835944715555914,
            0.16309121832048465,
            -0.07709195828370868,
            -1.0682088136672974
        ],
        [
            2.2391879686197045e-08,
            0.42735386217533644,
            0.9040844410141252,
            18.34328269958496
        ],
        [
            0.0,
            0.0,
            0.0,
            1.0
        ]
    ]
}