{
    "matrix_probe_in_cam_coord": [
        [
            -0.906677612886855,
            -0.2938210650493998,
            0.30266299414205017,
            0.5440570966352065
        ],
        [
            0.4211909018367664,
            -0.5912925376786484,
            0.6877291320683423,
            0.5179762837874753
        ],
        [
            -0.023106936182148836,
            0.7510275072317792,
            0.6598664659470841,
            -12.552235883823624
        ],
        [
            0.0,
            0.0,
            0.0,
            1.0
        ]
    ],
    "matrix_probe_in_world_coord": [
        [
            0.9645005582357588,
            -0.21414110454302884,
            -0.15453886406985545,
            0.0
        ],
        [
            0.15359085776830542,
            0.9309166756219343,
            -0.33136685328952653,
            0.0
        ],
        [
            0.2148220695666668,
            0.29586775828754647,
            0.9307597692385485,
            11.606735229492188
        ],
        [
            0.0,
            0.0,
            0.0,
            1.0
        ]
    ],
    "intrinsic_matrix_camera": [
        [
            1.3888888888888888,
            0.0,
            -0.5
        ],
        [
            0.0,
            -1.3888888888888888,
            -0.5
        ],
        [
            0.0,
            0.0,
            -1.0
        ]
    ],
    "extrinsic_matrix_camera": [
        [
            -0.8583450916722428,
            0.426578018214351,
            -0.2850875268728637,
            -3.3324544429779053
        ],
        [
            -0.5130728053621327,
            -0.7136436500075737,
            0.4769371417720566,
            6.635418891906738
        ],
        [
            -2.4992418412856886e-09,
            0.5556473118626459,
            0.8314181046981206,
            21.75507926940918
        ],
        [
            0.0,
            0.0,
            0.0,
            1.0
        ]
    ]
}