{
    "matrix_probe_in_cam_coord": [
        [
            -0.9685698418282189,
            -0.2226158807615178,
            0.1109713077044345,
            -0.26567464172028243
        ],
        [
            0.24824315729255195,
            -0.8933345675994082,
            0.37460470524194406,
            -0.25330488432074816
        ],
        [
            0.015741548789237704,
            0.39037868789772845,
            0.9205197899431408,
            -14.064871282847374
        ],
        [
            0.0,
            0.0,
            0.0,
            1.0
        ]
    ],
    "matrix_probe_in_world_coord": [
        [
            -0.9093425787045242,
            -0.4049328673818999,
            0.09552720800315964,
            0.0
        ],
        [
            0.397248586327283,
            -0.9132963103699708,
            -0.0899077867905392,
            0.0
        ],
        [
            0.12365126451428397,
            -0.04380893035067798,
            0.9913582311180698,
            16.926321029663086
        ],
        [
            0.0,
            0.0,
            0.0,
            1.0
        ]
    ],
    "intrinsic_matrix_camera": [
        [
            1.3888888888888888,
            0.0,
            -0.5
        ],
        [
            0.0,
            -1.3888888888888888,
            -0.5
        ],
        [
            0.0,
            0.0,
            -1.0
        ]
    ],
    "extrinsic_matrix_camera": [
        [
            0.9815070637384786,
            0.17178739678784555,
            -0.08445693657909625,
            -0.8835998177528381
        ],
        [
            -0.19142592256920213,
            0.880813527844755,
            -0.433040004311619,
            -5.918394565582275
        ],
        [
            -2.786495937185974e-09,
            0.4411990701152173,
            0.897409260331911,
            29.660024642944336
        ],
        [
            0.0,
            0.0,
            0.0,
            1.0
        ]
    ]
}