{
    "matrix_probe_in_cam_coord": [
        [
            0.9747941336055518,
            -0.19409502002763784,
            0.11001600014848832,
            0.9892089087348755
        ],
        [
            0.03528054611732586,
            0.6210091212709286,
            0.7830089107819731,
            -2.094936346921547
        ],
        [
            -0.22029906979800104,
            -0.7593910682242581,
            0.6122038266356683,
            -13.932145949754037
        ],
        [
            0.0,
            0.0,
            0.0,
            1.0
        ]
    ],
    "matrix_probe_in_world_coord": [
        [
            0.3695383141783711,
            0.9285224115972872,
            -0.03588266316433998,
            0.0
        ],
        [
            -0.9241703959852481,
            0.36323925103534527,
            -0.11817921006569265,
            0.0
        ],
        [
            -0.09669805343789091,
            0.076833441084201,
            0.992343745278058,
            9.278596878051758
        ],
        [
            0.0,
            0.0,
            0.0,
            1.0
        ]
    ],
    "intrinsic_matrix_camera": [
        [
            1.3888888888888888,
            0.0,
            -0.5
        ],
        [
            0.0,
            -1.3888888888888888,
            -0.5
        ],
        [
            0.0,
            0.0,
            -1.0
        ]
    ],
    "extrinsic_matrix_camera": [
        [
            0.1760545376524593,
            0.5615619554416175,
            -0.8084880765803326,
            -10.26169204711914
        ],
        [
            -0.9843804141550048,
            0.10043427727013314,
            -0.14459652892530736,
            -0.8303786516189575
        ],
        [
            6.119499757180892e-09,
            0.8213167027096265,
            0.570472500520566,
            18.94710922241211
        ],
        [
            0.0,
            0.0,
            0.0,
            1.0
        ]
    ]
}