{
    "matrix_probe_in_cam_coord": [
        [
            -0.9354864325522534,
            0.05979415255302821,
            0.34826684285346987,
            0.35459630034092593
        ],
        [
            0.24917886851264281,
            -0.5871922718648331,
            0.7701396804145175,
            -0.6383216383848493
        ],
        [
            0.2505494482081679,
            0.8072359600406074,
            0.5344109643522494,
            -11.700713858467907
        ],
        [
            0.0,
            0.0,
            0.0,
            1.0
        ]
    ],
    "matrix_probe_in_world_coord": [
        [
            -0.31100712320981927,
            0.9498649745686256,
            -0.032110736529962075,
            0.0
        ],
        [
            -0.882284556740644,
            -0.27598907513550636,
            0.3813187529388157,
            0.0
        ],
        [
            0.353339115085944,
            0.14692365532341006,
            0.9238857663459753,
            6.036231994628906
        ],
        [
            0.0,
            0.0,
            0.0,
            1.0
        ]
    ],
    "intrinsic_matrix_camera": [
        [
            1.3888888888888888,
            0.0,
            -0.5
        ],
        [
            0.0,
            -1.3888888888888888,
            -0.5
        ],
        [
            0.0,
            0.0,
            -1.0
        ]
    ],
    "extrinsic_matrix_camera": [
        [
            0.33655621055103824,
            -0.6599795278116377,
            0.6716821718707838,
            7.318540096282959
        ],
        [
            0.9416633778264532,
            0.2358806870082416,
            -0.24006329239805646,
            -2.9922544956207275
        ],
        [
            6.209708125631305e-09,
            0.7132932947715462,
            0.7008656616170835,
            14.692171096801758
        ],
        [
            0.0,
            0.0,
            0.0,
            1.0
        ]
    ]
}