{
    "matrix_probe_in_cam_coord": [
        [
            -0.35994256265055474,
            0.630267449134099,
            0.6878984620963675,
            -0.2418112904142071
        ],
        [
            -0.5387087299714816,
            -0.7423879291098687,
            0.39831277529659337,
            0.3355466786631398
        ],
        [
            0.7617310915572931,
            -0.22720718578855906,
            0.6067475907500403,
            -12.44234445912528
        ],
        [
            0.0,
            0.0,
            0.0,
            1.0
        ]
    ],
    "matrix_probe_in_world_coord": [
        [
            -0.951566485336905,
            -0.28120729091651964,
            -0.12427261773601474,
            0.0
        ],
        [
            0.2849287313811449,
            -0.6547915010757877,
            -0.7000455043441448,
            0.0
        ],
        [
            0.11548524588492298,
            -0.7015486794615956,
            0.7032016839631361,
            6.238852500915527
        ],
        [
            0.0,
            0.0,
            0.0,
            1.0
        ]
    ],
    "intrinsic_matrix_camera": [
        [
            1.3888888888888888,
            0.0,
            -0.5
        ],
        [
            0.0,
            -1.3888888888888888,
            -0.5
        ],
        [
            0.0,
            0.0,
            -1.0
        ]
    ],
    "extrinsic_matrix_camera": [
        [
            0.0797865347193874,
            0.6718826998895768,
            -0.7363475717801778,
            -9.36804485321045
        ],
        [
            -0.9968119726796381,
            0.05377864379845468,
            -0.05893851536751647,
            -0.9924189448356628
        ],
        [
            4.94201293648689e-09,
            0.7387025755067402,
            0.6740315311168376,
            14.37751579284668
        ],
        [
            0.0,
            0.0,
            0.0,
            1.0
        ]
    ]
}