{
    "matrix_probe_in_cam_coord": [
        [
            0.031838893404575595,
            0.3495334008912096,
            -0.9363827671033874,
            1.1874446409464174
        ],
        [
            -0.38362732871114374,
            0.8693747478408801,
            0.31147651674333054,
            0.1990452364723918
        ],
        [
            0.9229389782280972,
            0.3493049519804023,
            0.16177049480435166,
            -9.411949484353691
        ],
        [
            0.0,
            0.0,
            0.0,
            1.0
        ]
    ],
    "matrix_probe_in_world_coord": [
        [
            0.5598245292827109,
            -0.07258105722263308,
            0.8254262453701335,
            0.0
        ],
        [
            0.7497690237348417,
            0.46846484059527826,
            -0.4673190603578487,
            0.0
        ],
        [
            -0.35276466299941855,
            0.8804957031459525,
            0.3166771372872082,
            16.182886123657227
        ],
        [
            0.0,
            0.0,
            0.0,
            1.0
        ]
    ],
    "intrinsic_matrix_camera": [
        [
            1.3888888888888888,
            0.0,
            -0.5
        ],
        [
            0.0,
            -1.3888888888888888,
            -0.5
        ],
        [
            0.0,
            0.0,
            -1.0
        ]
    ],
    "extrinsic_matrix_camera": [
        [
            -0.780460221937653,
            -0.020763235300236136,
            0.6248605684733967,
            6.812042236328125
        ],
        [
            0.6252054398140098,
            -0.025919298188950314,
            0.7800297096959594,
            6.604362487792969
        ],
        [
            6.99718686356184e-09,
            0.9994483868821138,
            0.03321026887486226,
            16.296524047851562
        ],
        [
            0.0,
            0.0,
            0.0,
            1.0
        ]
    ]
}