{
    "matrix_probe_in_cam_coord": [
        [
            -0.1437110153251548,
            0.9775311003639519,
            0.1542079501694207,
            -0.4001018464181038
        ],
        [
            -0.9895404392940388,
            -0.14391626631061205,
            -0.00989076806796322,
            2.4693351963328265
        ],
        [
            0.012524499030875243,
            -0.1540164150746744,
            0.9879889072310334,
            -15.63005420031693
        ],
        [
            0.0,
            0.0,
            0.0,
            1.0
        ]
    ],
    "matrix_probe_in_world_coord": [
        [
            -0.2625746022768099,
            -0.9461399206135763,
            -0.18940387762796967,
            0.0
        ],
        [
            0.959919698712305,
            -0.2760753743460379,
            0.048337973724319604,
            0.0
        ],
        [
            -0.09802423304088176,
            -0.16912018892205277,
            0.9807087291524005,
            13.53341293334961
        ],
        [
            0.0,
            0.0,
            0.0,
            1.0
        ]
    ],
    "intrinsic_matrix_camera": [
        [
            1.3888888888888888,
            0.0,
            -0.5
        ],
        [
            0.0,
            -1.3888888888888888,
            -0.5
        ],
        [
            0.0,
            0.0,
            -1.0
        ]
    ],
    "extrinsic_matrix_camera": [
        [
            -0.9163539187270013,
            0.3978664618913678,
            -0.04469646670278639,
            -2.047708749771118
        ],
        [
            -0.4003691991570637,
            -0.9106257229415714,
            0.10230003462106871,
            3.6874067783355713
        ],
        [
            5.2189030477586e-10,
            0.11163812618986915,
            0.9937489264300189,
            28.790090560913086
        ],
        [
            0.0,
            0.0,
            0.0,
            1.0
        ]
    ]
}