{
    "matrix_probe_in_cam_coord": [
        [
            0.22426232314579506,
            -0.9642813202699003,
            0.14095370089426026,
            0.830467996118721
        ],
        [
            0.898539296138936,
            0.26059491490247444,
            0.3531535411419769,
            -0.9029832875469426
        ],
        [
            -0.37727118060010467,
            0.04745340562604285,
            0.9248862798112499,
            -12.335407388388978
        ],
        [
            0.0,
            0.0,
            0.0,
            1.0
        ]
    ],
    "matrix_probe_in_world_coord": [
        [
            -0.7586822816735929,
            0.6459635320674009,
            -0.08445300890767082,
            0.0
        ],
        [
            -0.6512592735930007,
            -0.7488230941888435,
            0.12298508921232414,
            0.0
        ],
        [
            0.016203519175417274,
            0.14830741332938938,
            0.9888085543308561,
            17.084144592285156
        ],
        [
            0.0,
            0.0,
            0.0,
            1.0
        ]
    ],
    "intrinsic_matrix_camera": [
        [
            1.3888888888888888,
            0.0,
            -0.5
        ],
        [
            0.0,
            -1.3888888888888888,
            -0.5
        ],
        [
            0.0,
            0.0,
            -1.0
        ]
    ],
    "extrinsic_matrix_camera": [
        [
            -0.8049383827230261,
            -0.5431959108547046,
            0.23877270038672116,
            3.1233372688293457
        ],
        [
            0.5933584077260886,
            -0.7368889200423645,
            0.3239143706283474,
            2.8374521732330322
        ],
        [
            -4.268823499849167e-09,
            0.402408898944252,
            0.9154600362934882,
            28.74008560180664
        ],
        [
            0.0,
            0.0,
            0.0,
            1.0
        ]
    ]
}