{
    "matrix_probe_in_cam_coord": [
        [
            -0.19120988275482328,
            -0.703598695729183,
            0.6843885271576952,
            0.5414629140337113
        ],
        [
            0.3749682097039365,
            0.592009796647237,
            0.71338856339664,
            -0.8425439016691012
        ],
        [
            -0.9071039755443208,
            0.3930308843359383,
            0.15062901948097154,
            -12.84287444013008
        ],
        [
            0.0,
            0.0,
            0.0,
            1.0
        ]
    ],
    "matrix_probe_in_world_coord": [
        [
            0.712612392520189,
            0.16211808315507326,
            0.6825696339134761,
            0.0
        ],
        [
            0.3541415582104278,
            0.756750431812111,
            -0.5494656865541957,
            0.0
        ],
        [
            -0.6056131890695101,
            0.6332823312443734,
            0.4818569851716893,
            5.059322357177734
        ],
        [
            0.0,
            0.0,
            0.0,
            1.0
        ]
    ],
    "intrinsic_matrix_camera": [
        [
            1.3888888888888888,
            0.0,
            -0.5
        ],
        [
            0.0,
            -1.3888888888888888,
            -0.5
        ],
        [
            0.0,
            0.0,
            -1.0
        ]
    ],
    "extrinsic_matrix_camera": [
        [
            0.2168182225511668,
            0.850119857033314,
            -0.47988132600405514,
            -5.5641913414001465
        ],
        [
            -0.9762119945840415,
            0.18881295854707694,
            -0.10658240152551972,
            -0.6811586022377014
        ],
        [
            -3.0328221274270858e-09,
            0.4915749132760513,
            0.870835291336796,
            16.65752410888672
        ],
        [
            0.0,
            0.0,
            0.0,
            1.0
        ]
    ]
}