{
    "matrix_probe_in_cam_coord": [
        [
            -0.8263327615330439,
            -0.5044674020909917,
            -0.250373336129748,
            2.2011795207159626
        ],
        [
            0.3990502609569982,
            -0.21075777918641406,
            -0.8923788700672841,
            -0.5085306767806337
        ],
        [
            0.3974079219735384,
            -0.8373134411556862,
            0.37546390613839,
            -13.208657790981379
        ],
        [
            0.0,
            0.0,
            0.0,
            1.0
        ]
    ],
    "matrix_probe_in_world_coord": [
        [
            0.6491164242052104,
            0.5798605310430853,
            -0.49235112710896944,
            0.0
        ],
        [
            0.5197659879271652,
            0.13449150531046647,
            0.8436559445611836,
            0.0
        ],
        [
            0.5554198282570938,
            -0.8035382999818714,
            -0.21409113676447378,
            15.484859466552734
        ],
        [
            0.0,
            0.0,
            0.0,
            1.0
        ]
    ],
    "intrinsic_matrix_camera": [
        [
            1.3888888888888888,
            0.0,
            -0.5
        ],
        [
            0.0,
            -1.3888888888888888,
            -0.5
        ],
        [
            0.0,
            0.0,
            -1.0
        ]
    ],
    "extrinsic_matrix_camera": [
        [
            -0.7056353087988397,
            0.5761837031959232,
            -0.41242108475173545,
            -3.6012918949127197
        ],
        [
            -0.70857519782756,
            -0.5737931163928207,
            0.41070993243875775,
            6.692836761474609
        ],
        [
            -9.673894984255337e-09,
            0.5820427817193913,
            0.8131581643495639,
            26.521574020385742
        ],
        [
            0.0,
            0.0,
            0.0,
            1.0
        ]
    ]
}