{
    "matrix_probe_in_cam_coord": [
        [
            0.3580455368220514,
            0.9325513214433694,
            0.046383471582390916,
            0.06877126624882006
        ],
        [
            -0.886065395177231,
            0.32369301262822797,
            0.33182969885933844,
            0.3105161449207865
        ],
        [
            0.29443421851277163,
            -0.15990893173893458,
            0.9421982936297889,
            -12.63778628376134
        ],
        [
            0.0,
            0.0,
            0.0,
            1.0
        ]
    ],
    "matrix_probe_in_world_coord": [
        [
            0.9994638438153576,
            0.030517091869283676,
            0.011863052291560672,
            0.0
        ],
        [
            -0.03102533018781747,
            0.9984904849577876,
            0.04532306626320594,
            0.0
        ],
        [
            -0.010462016658728122,
            -0.045666821135302973,
            0.9989019409605874,
            4.966712951660156
        ],
        [
            0.0,
            0.0,
            0.0,
            1.0
        ]
    ],
    "intrinsic_matrix_camera": [
        [
            1.3888888888888888,
            0.0,
            -0.5
        ],
        [
            0.0,
            -1.3888888888888888,
            -0.5
        ],
        [
            0.0,
            0.0,
            -1.0
        ]
    ],
    "extrinsic_matrix_camera": [
        [
            0.3868625723912558,
            -0.8717756432623271,
            0.300573747851299,
            4.04268217086792
        ],
        [
            0.9221373813498835,
            0.3657344040394807,
            -0.1260991499537788,
            -1.7705971002578735
        ],
        [
            7.025480200924358e-09,
            0.3259533302735866,
            0.945385861161229,
            16.81308364868164
        ],
        [
            0.0,
            0.0,
            0.0,
            1.0
        ]
    ]
}