{
    "matrix_probe_in_cam_coord": [
        [
            -0.3749182314670273,
            -0.3128732620956774,
            -0.8726663976453124,
            -0.6756307874125791
        ],
        [
            0.8908791429376346,
            -0.3819992499902973,
            -0.24578634153580634,
            -0.6152961425001653
        ],
        [
            -0.25645793493737384,
            -0.8695900728920841,
            0.4219507468119923,
            -11.977560930956432
        ],
        [
            0.0,
            0.0,
            0.0,
            1.0
        ]
    ],
    "matrix_probe_in_world_coord": [
        [
            -0.144730016679859,
            -0.3178437722670305,
            0.9370317810527624,
            0.0
        ],
        [
            -0.6299385818033697,
            -0.7006921783473932,
            -0.33497440851256755,
            0.0
        ],
        [
            0.7630403694611493,
            -0.6387533229924125,
            -0.0988108644772614,
            16.189027786254883
        ],
        [
            0.0,
            0.0,
            0.0,
            1.0
        ]
    ],
    "intrinsic_matrix_camera": [
        [
            1.3888888888888888,
            0.0,
            -0.5
        ],
        [
            0.0,
            -1.3888888888888888,
            -0.5
        ],
        [
            0.0,
            0.0,
            -1.0
        ]
    ],
    "extrinsic_matrix_camera": [
        [
            -0.6640094090906974,
            -0.2378304839647489,
            0.7088922100969343,
            7.895838260650635
        ],
        [
            0.7477242169670731,
            -0.2112031228811385,
            0.6295250084359094,
            7.915407180786133
        ],
        [
            1.1134359637469003e-08,
            0.9480664015681328,
            0.3180724732158567,
            20.582101821899414
        ],
        [
            0.0,
            0.0,
            0.0,
            1.0
        ]
    ]
}