{
    "matrix_probe_in_cam_coord": [
        [
            -0.6982874990561497,
            0.7146191926289033,
            -0.04140021966514359,
            -0.3139817324535272
        ],
        [
            -0.6404885569337523,
            -0.5979314987155195,
            0.48192564912103636,
            -1.3996305145881225
        ],
        [
            0.3196388228905042,
            0.36303902320580833,
            0.8752335062890049,
            -13.533385646491226
        ],
        [
            0.0,
            0.0,
            0.0,
            1.0
        ]
    ],
    "matrix_probe_in_world_coord": [
        [
            0.9997402137525009,
            0.02123012161646045,
            -0.008293789378461697,
            0.0
        ],
        [
            -0.021720775547262407,
            0.9976879327887136,
            -0.06439717911065014,
            0.0
        ],
        [
            0.00690745363570635,
            0.06456059714666529,
            0.9978898818909514,
            11.011381149291992
        ],
        [
            0.0,
            0.0,
            0.0,
            1.0
        ]
    ],
    "intrinsic_matrix_camera": [
        [
            1.3888888888888888,
            0.0,
            -0.5
        ],
        [
            0.0,
            -1.3888888888888888,
            -0.5
        ],
        [
            0.0,
            0.0,
            -1.0
        ]
    ],
    "extrinsic_matrix_camera": [
        [
            -0.6825912764960014,
            -0.6570133150809117,
            0.3200041453761972,
            3.1968424320220947
        ],
        [
            0.7308003484205242,
            -0.6136717850614595,
            0.2988942805875054,
            3.415595769882202
        ],
        [
            -7.027443372105252e-09,
            0.4378817694605163,
            0.8990325666927352,
            23.791208267211914
        ],
        [
            0.0,
            0.0,
            0.0,
            1.0
        ]
    ]
}