{
    "matrix_probe_in_cam_coord": [
        [
            -0.6341119109506574,
            0.5508649166446553,
            0.5426324059624373,
            0.1370591628867828
        ],
        [
            -0.07671560870275278,
            -0.7431202776818125,
            0.6647457922239695,
            -1.6267748230720573
        ],
        [
            0.7694262796212984,
            0.37989484927830236,
            0.5134813567403829,
            -11.444610365071771
        ],
        [
            0.0,
            0.0,
            0.0,
            1.0
        ]
    ],
    "matrix_probe_in_world_coord": [
        [
            0.8605032835904998,
            0.1262518018541105,
            -0.49355301788010425,
            0.0
        ],
        [
            0.009036071335941495,
            0.9648706312472561,
            0.26257001803582486,
            0.0
        ],
        [
            0.5093647498058537,
            -0.23040214296987785,
            0.8291335261404571,
            5.021304607391357
        ],
        [
            0.0,
            0.0,
            0.0,
            1.0
        ]
    ],
    "intrinsic_matrix_camera": [
        [
            1.3888888888888888,
            0.0,
            -0.5
        ],
        [
            0.0,
            -1.3888888888888888,
            -0.5
        ],
        [
            0.0,
            0.0,
            -1.0
        ]
    ],
    "extrinsic_matrix_camera": [
        [
            -0.7439255547945874,
            -0.48792159911825905,
            0.4566259760870439,
            4.534129619598389
        ],
        [
            0.668262500012955,
            -0.543165824478818,
            0.5083267828815246,
            4.84240198135376
        ],
        [
            8.001570719806272e-09,
            0.6833033003228699,
            0.7301346449579511,
            14.488991737365723
        ],
        [
            0.0,
            0.0,
            0.0,
            1.0
        ]
    ]
}