{
    "matrix_probe_in_cam_coord": [
        [
            0.21597551683383928,
            0.9191582239178362,
            -0.3293975341932072,
            1.0378965589740707
        ],
        [
            0.8195229602947885,
            0.01274693917684934,
            0.5729045584486893,
            0.7901341355195903
        ],
        [
            0.5307887467514945,
            -0.39368220044323937,
            -0.7505182418676757,
            -12.417115433839381
        ],
        [
            0.0,
            0.0,
            0.0,
            1.0
        ]
    ],
    "matrix_probe_in_world_coord": [
        [
            0.15126396467947678,
            -0.9514482347580258,
            -0.2680773574274467,
            0.0
        ],
        [
            0.5019335616572723,
            0.3075637749411513,
            -0.808373196009117,
            0.0
        ],
        [
            0.8515761343952115,
            -0.012279288244269111,
            0.5240871171940051,
            16.42735481262207
        ],
        [
            0.0,
            0.0,
            0.0,
            1.0
        ]
    ],
    "intrinsic_matrix_camera": [
        [
            1.3888888888888888,
            0.0,
            -0.5
        ],
        [
            0.0,
            -1.3888888888888888,
            -0.5
        ],
        [
            0.0,
            0.0,
            -1.0
        ]
    ],
    "extrinsic_matrix_camera": [
        [
            -0.7535581361503296,
            -0.04174650074539291,
            0.6560543918892369,
            8.961403846740723
        ],
        [
            0.6573812709848381,
            -0.04785411386850736,
            0.7520371322908325,
            8.693649291992188
        ],
        [
            -1.7130340485985515e-08,
            0.9979815697002502,
            0.06350422457305394,
            16.42735481262207
        ],
        [
            0.0,
            0.0,
            0.0,
            1.0
        ]
    ]
}