{
    "matrix_probe_in_cam_coord": [
        [
            0.8351916907767293,
            -0.47248969624532927,
            0.28143973884209217,
            -1.3136655117882343
        ],
        [
            0.06522132794376513,
            0.5932310866351219,
            0.8023858524618717,
            -0.4904710309386484
        ],
        [
            -0.5460778497968584,
            -0.6517901232695301,
            0.5262780796969704,
            -14.333520728722299
        ],
        [
            0.0,
            0.0,
            0.0,
            1.0
        ]
    ],
    "matrix_probe_in_world_coord": [
        [
            -0.037479858400931945,
            -0.889793883755755,
            0.45482095888942503,
            0.0
        ],
        [
            0.9984350501471099,
            -0.014439847951503338,
            0.054027228587775804,
            0.0
        ],
        [
            -0.04150555206215675,
            0.45613411977398427,
            0.8889426044048221,
            12.845882415771484
        ],
        [
            0.0,
            0.0,
            0.0,
            1.0
        ]
    ],
    "intrinsic_matrix_camera": [
        [
            1.3888888888888888,
            0.0,
            -0.5
        ],
        [
            0.0,
            -1.3888888888888888,
            -0.5
        ],
        [
            0.0,
            0.0,
            -1.0
        ]
    ],
    "extrinsic_matrix_camera": [
        [
            0.5171202674385112,
            -0.16535597586174772,
            0.8397880865141703,
            12.635340690612793
        ],
        [
            0.8559127461396531,
            0.09990377701163286,
            -0.5073781689573247,
            -6.099132537841797
        ],
        [
            1.0526747617223453e-08,
            0.981160861727382,
            0.19319255527680368,
            16.096242904663086
        ],
        [
            0.0,
            0.0,
            0.0,
            1.0
        ]
    ]
}