{
    "matrix_probe_in_cam_coord": [
        [
            0.2776118724495277,
            0.9605386241138264,
            -0.01723948550812095,
            -0.09955299102153545
        ],
        [
            -0.7773708405554826,
            0.21405718297465165,
            -0.5915015626953314,
            -0.6158664742383886
        ],
        [
            -0.5644698614887511,
            0.17760932971686477,
            0.8061195329902358,
            -9.990740851048779
        ],
        [
            0.0,
            0.0,
            0.0,
            1.0
        ]
    ],
    "matrix_probe_in_world_coord": [
        [
            -0.27624918840454404,
            -0.8208709449126934,
            -0.4998572573285025,
            0.0
        ],
        [
            -0.07942906677682451,
            -0.4988172023838096,
            0.8630599179413629,
            0.0
        ],
        [
            -0.9577982090486459,
            0.27812279734701983,
            0.0725968342221272,
            7.544629096984863
        ],
        [
            0.0,
            0.0,
            0.0,
            1.0
        ]
    ],
    "intrinsic_matrix_camera": [
        [
            1.3888888888888888,
            0.0,
            -0.5
        ],
        [
            0.0,
            -1.3888888888888888,
            -0.5
        ],
        [
            0.0,
            0.0,
            -1.0
        ]
    ],
    "extrinsic_matrix_camera": [
        [
            -0.8565510205132589,
            0.33470109057347025,
            -0.39280469603433266,
            -3.803550958633423
        ],
        [
            -0.5160623501648757,
            -0.5555308549187582,
            0.6519701833485478,
            6.120156764984131
        ],
        [
            2.78408849700409e-09,
            0.7611574404826924,
            0.6485671521113575,
            14.493066787719727
        ],
        [
            0.0,
            0.0,
            0.0,
            1.0
        ]
    ]
}