{
    "matrix_probe_in_cam_coord": [
        [
            -0.14749734394288117,
            -0.9885287270203197,
            -0.03248829612924726,
            -0.22600746931294213
        ],
        [
            -0.25319120452264565,
            0.06949069354509445,
            -0.9649172282962895,
            -1.0513211532901536
        ],
        [
            0.9561060335978262,
            -0.13409697746857688,
            -0.2605364718261624,
            -13.139035533802739
        ],
        [
            0.0,
            0.0,
            0.0,
            1.0
        ]
    ],
    "matrix_probe_in_world_coord": [
        [
            -0.9947385246530449,
            0.07299404315041318,
            -0.07188280208533392,
            0.0
        ],
        [
            0.07121289493644241,
            0.9970945446621011,
            0.027040573215975913,
            0.0
        ],
        [
            0.07364775058245081,
            0.021779317473992556,
            -0.9970464734226345,
            13.529058456420898
        ],
        [
            0.0,
            0.0,
            0.0,
            1.0
        ]
    ],
    "intrinsic_matrix_camera": [
        [
            1.3888888888888888,
            0.0,
            -0.5
        ],
        [
            0.0,
            -1.3888888888888888,
            -0.5
        ],
        [
            0.0,
            0.0,
            -1.0
        ]
    ],
    "extrinsic_matrix_camera": [
        [
            0.0768999315091885,
            0.3262924060755177,
            -0.9421356941923661,
            -12.018336296081543
        ],
        [
            -0.997038815961486,
            0.025166397832994725,
            -0.0726653417127414,
            -1.1536327600479126
        ],
        [
            1.250695966723168e-08,
            0.944933816813411,
            0.32726148848044884,
            18.8223876953125
        ],
        [
            0.0,
            0.0,
            0.0,
            1.0
        ]
    ]
}