{
    "matrix_probe_in_cam_coord": [
        [
            -0.923559534617179,
            -0.03551947082943814,
            0.3818064342172572,
            -0.6207524832303313
        ],
        [
            -0.17850111000262,
            -0.8414150449018357,
            -0.5100569340188154,
            0.5344357257488186
        ],
        [
            0.3393746303799572,
            -0.539220816924605,
            0.7707566223196718,
            -11.805714847451792
        ],
        [
            0.0,
            0.0,
            0.0,
            1.0
        ]
    ],
    "matrix_probe_in_world_coord": [
        [
            -0.32106441253026635,
            -0.47218565255682676,
            -0.820949665038045,
            0.0
        ],
        [
            0.9236076983782051,
            0.035590289713062925,
            -0.3816833121511266,
            0.0
        ],
        [
            0.20944322023667675,
            -0.8807803589985551,
            0.4246875283067152,
            10.915802001953125
        ],
        [
            0.0,
            0.0,
            0.0,
            1.0
        ]
    ],
    "intrinsic_matrix_camera": [
        [
            1.3888888888888888,
            0.0,
            -0.5
        ],
        [
            0.0,
            -1.3888888888888888,
            -0.5
        ],
        [
            0.0,
            0.0,
            -1.0
        ]
    ],
    "extrinsic_matrix_camera": [
        [
            -0.00014998034936547782,
            0.8733455352001754,
            -0.48710117393803687,
            -6.2174177169799805
        ],
        [
            -0.9999999887529472,
            -0.00013098462251071177,
            7.305569013790112e-05,
            -0.6198199987411499
        ],
        [
            9.741008425840754e-11,
            0.4871011794165022,
            0.8733455450227317,
            20.965946197509766
        ],
        [
            0.0,
            0.0,
            0.0,
            1.0
        ]
    ]
}