{
    "matrix_probe_in_cam_coord": [
        [
            -0.20043243148797812,
            0.9446057164000007,
            -0.25989782790985044,
            -0.20471139152427326
        ],
        [
            -0.0445889615789583,
            -0.27380149136562915,
            -0.9607520844792725,
            -0.4329400802003285
        ],
        [
            -0.978692323926742,
            -0.18097730208619697,
            0.09699768665527184,
            -12.266592719649259
        ],
        [
            0.0,
            0.0,
            0.0,
            1.0
        ]
    ],
    "matrix_probe_in_world_coord": [
        [
            0.681907294938548,
            0.02521377713112291,
            -0.731003903240177,
            0.0
        ],
        [
            0.2537818832338531,
            -0.9454773749261213,
            0.20412567022569583,
            0.0
        ],
        [
            -0.6860008723404593,
            -0.32471033082671186,
            -0.6511267190052458,
            17.117006301879883
        ],
        [
            0.0,
            0.0,
            0.0,
            1.0
        ]
    ],
    "intrinsic_matrix_camera": [
        [
            1.3888888888888888,
            0.0,
            -0.5
        ],
        [
            0.0,
            -1.3888888888888888,
            -0.5
        ],
        [
            0.0,
            0.0,
            -1.0
        ]
    ],
    "extrinsic_matrix_camera": [
        [
            0.07712706748191579,
            0.6650044158445962,
            -0.7428462440968704,
            -8.808496475219727
        ],
        [
            -0.997021271318541,
            0.051443081501216334,
            -0.05746471877612625,
            -0.8867261409759521
        ],
        [
            8.136555891394686e-09,
            0.7450655919265408,
            0.6669912021362452,
            25.62128448486328
        ],
        [
            0.0,
            0.0,
            0.0,
            1.0
        ]
    ]
}