{
    "matrix_probe_in_cam_coord": [
        [
            -0.5483459951219443,
            0.655466081008828,
            0.5193080841664731,
            -0.05532942149850998
        ],
        [
            0.3312427623425075,
            0.740447311098368,
            -0.5848213503993342,
            -1.7794790363434458
        ],
        [
            -0.7678508331892526,
            -0.14866740104718396,
            -0.6231397129347845,
            -13.806667820544263
        ],
        [
            0.0,
            0.0,
            0.0,
            1.0
        ]
    ],
    "matrix_probe_in_world_coord": [
        [
            -0.21654181805835532,
            -0.8226458124826577,
            -0.5257028706757555,
            0.0
        ],
        [
            -0.9695140780263224,
            0.1179482165689906,
            0.21478051754515468,
            0.0
        ],
        [
            -0.11468257731997544,
            0.5561852977317383,
            -0.8231074176839286,
            11.052459716796875
        ],
        [
            0.0,
            0.0,
            0.0,
            1.0
        ]
    ],
    "intrinsic_matrix_camera": [
        [
            1.3888888888888888,
            0.0,
            -0.5
        ],
        [
            0.0,
            -1.3888888888888888,
            -0.5
        ],
        [
            0.0,
            0.0,
            -1.0
        ]
    ],
    "extrinsic_matrix_camera": [
        [
            -0.6934783386690493,
            -0.3734115270780329,
            0.6161587662624523,
            7.804251670837402
        ],
        [
            0.7204774762591928,
            -0.35941831383825684,
            0.5930688677386876,
            7.5885910987854
        ],
        [
            -6.738032080919993e-09,
            0.8552089260075085,
            0.5182834098030575,
            19.730052947998047
        ],
        [
            0.0,
            0.0,
            0.0,
            1.0
        ]
    ]
}