{
    "matrix_probe_in_cam_coord": [
        [
            -0.41698707745715324,
            -0.7531333026787588,
            -0.5088339666629259,
            -1.0822276099938455
        ],
        [
            -0.12891140488280853,
            -0.5051628237515483,
            0.8533418841182607,
            -2.103360619428286
        ],
        [
            -0.899724194920245,
            0.4214270398248641,
            0.1135588974038129,
            -14.104207898772701
        ],
        [
            0.0,
            0.0,
            0.0,
            1.0
        ]
    ],
    "matrix_probe_in_world_coord": [
        [
            0.7529941194849313,
            -0.6362159828655861,
            0.16801511588987775,
            0.0
        ],
        [
            0.47850295928143083,
            0.7046831549124067,
            0.5238860268623416,
            0.0
        ],
        [
            -0.45170208542802426,
            -0.31408736735034903,
            0.8350535022924583,
            7.295015335083008
        ],
        [
            0.0,
            0.0,
            0.0,
            1.0
        ]
    ],
    "intrinsic_matrix_camera": [
        [
            1.3888888888888888,
            0.0,
            -0.5
        ],
        [
            0.0,
            -1.3888888888888888,
            -0.5
        ],
        [
            0.0,
            0.0,
            -1.0
        ]
    ],
    "extrinsic_matrix_camera": [
        [
            0.07967482928854978,
            0.3676974681627664,
            -0.9265260349739404,
            -12.20828914642334
        ],
        [
            -0.9968209074742765,
            0.02938966811868864,
            -0.07405623424150658,
            -2.061474561691284
        ],
        [
            2.8389379170803795e-09,
            0.9294809408022117,
            0.36887014068020635,
            14.452670097351074
        ],
        [
            0.0,
            0.0,
            0.0,
            1.0
        ]
    ]
}