{
    "matrix_probe_in_cam_coord": [
        [
            0.27301978535424665,
            0.8027030206893376,
            0.530215104821933,
            -0.37667386431367395
        ],
        [
            -0.9604635430575877,
            0.19622003819271802,
            0.1975031115423595,
            0.48186039681127424
        ],
        [
            0.054497516112079473,
            -0.563174535280015,
            0.8245389399838875,
            -12.220837997788273
        ],
        [
            0.0,
            0.0,
            0.0,
            1.0
        ]
    ],
    "matrix_probe_in_world_coord": [
        [
            0.8272691430998156,
            0.47012867922707924,
            0.30757891644763113,
            0.0
        ],
        [
            -0.5617936466775832,
            0.68865577322112,
            0.4584115231556947,
            0.0
        ],
        [
            0.003696407390902715,
            -0.5520255890603473,
            0.8338189765140736,
            9.003094673156738
        ],
        [
            0.0,
            0.0,
            0.0,
            1.0
        ]
    ],
    "intrinsic_matrix_camera": [
        [
            1.3888888888888888,
            0.0,
            -0.5
        ],
        [
            0.0,
            -1.3888888888888888,
            -0.5
        ],
        [
            0.0,
            0.0,
            -1.0
        ]
    ],
    "extrinsic_matrix_camera": [
        [
            0.766317542232866,
            -0.6415653918071994,
            0.03393040673871325,
            1.0124547481536865
        ],
        [
            0.64246200235203,
            0.7652480806684002,
            -0.04047160198398335,
            -0.6213409900665283
        ],
        [
            5.508208410871591e-10,
            0.05281309561656542,
            0.9986044146364443,
            21.181428909301758
        ],
        [
            0.0,
            0.0,
            0.0,
            1.0
        ]
    ]
}