{
    "matrix_probe_in_cam_coord": [
        [
            0.47606186075286056,
            -0.8195184880398827,
            0.3189898940363922,
            -1.2609312069657792
        ],
        [
            0.44271635677482885,
            0.5367523124736645,
            0.7182612216305406,
            0.6728629646181439
        ],
        [
            -0.7598469136481024,
            -0.20071472994027784,
            0.6183415439742465,
            -12.086647355769978
        ],
        [
            0.0,
            0.0,
            0.0,
            1.0
        ]
    ],
    "matrix_probe_in_world_coord": [
        [
            0.7268582514217208,
            -0.4555091066910344,
            0.5139927393083431,
            0.0
        ],
        [
            0.35398844828693704,
            0.8898102874135002,
            0.28797539980441156,
            0.0
        ],
        [
            -0.58853144420631,
            -0.027369803335793013,
            0.8080109114645636,
            13.6720609664917
        ],
        [
            0.0,
            0.0,
            0.0,
            1.0
        ]
    ],
    "intrinsic_matrix_camera": [
        [
            1.3888888888888888,
            0.0,
            -0.5
        ],
        [
            0.0,
            -1.3888888888888888,
            -0.5
        ],
        [
            0.0,
            0.0,
            -1.0
        ]
    ],
    "extrinsic_matrix_camera": [
        [
            0.8832861155266722,
            0.4464775234367592,
            -0.1430505476521495,
            -0.9156566858291626
        ],
        [
            -0.468834339738251,
            0.8411657680610795,
            -0.2695079080925308,
            -4.414604187011719
        ],
        [
            4.356035225488624e-10,
            0.3051196023004617,
            0.9523140386931234,
            24.977041244506836
        ],
        [
            0.0,
            0.0,
            0.0,
            1.0
        ]
    ]
}