{
    "matrix_probe_in_cam_coord": [
        [
            -0.12760550397651108,
            0.9768675608601126,
            0.17160012789655885,
            0.4938898506613314
        ],
        [
            -0.9389789366501722,
            -0.17470613943293026,
            0.2963044403510578,
            -0.6911399998841048
        ],
        [
            0.31942979178876346,
            -0.12331882817986962,
            0.9395515285146055,
            -12.562269807551342
        ],
        [
            0.0,
            0.0,
            0.0,
            1.0
        ]
    ],
    "matrix_probe_in_world_coord": [
        [
            0.645923425342006,
            -0.7508299820180518,
            -0.13797560181866375,
            0.0
        ],
        [
            0.7633238652624132,
            0.6378099580171187,
            0.10264080170697619,
            0.0
        ],
        [
            0.010936421503381255,
            -0.1716181679105497,
            0.9851028368285857,
            5.4673171043396
        ],
        [
            0.0,
            0.0,
            0.0,
            1.0
        ]
    ],
    "intrinsic_matrix_camera": [
        [
            1.3888888888888888,
            0.0,
            -0.5
        ],
        [
            0.0,
            -1.3888888888888888,
            -0.5
        ],
        [
            0.0,
            0.0,
            -1.0
        ]
    ],
    "extrinsic_matrix_camera": [
        [
            -0.8395614682943043,
            -0.5162166670351828,
            0.1692834712268124,
            2.184457540512085
        ],
        [
            0.5432647061566872,
            -0.7977614214738806,
            0.2616107288557977,
            2.4667468070983887
        ],
        [
            4.127349790729236e-09,
            0.311604022892935,
            0.9502120462912156,
            17.61949920654297
        ],
        [
            0.0,
            0.0,
            0.0,
            1.0
        ]
    ]
}