{
    "matrix_probe_in_cam_coord": [
        [
            -0.5167756130240841,
            -0.34692707486264424,
            0.7826778203774728,
            -0.4290815400452128
        ],
        [
            0.506277552828965,
            -0.8610671749698571,
            -0.04739577714252959,
            0.012234088193946224
        ],
        [
            0.6903810580288954,
            0.3717592297666316,
            0.6206199076715349,
            -13.10474787137322
        ],
        [
            0.0,
            0.0,
            0.0,
            1.0
        ]
    ],
    "matrix_probe_in_world_coord": [
        [
            -0.3820562634077988,
            -0.5952588983702642,
            0.7068945151165696,
            0.0
        ],
        [
            0.5220568600243306,
            -0.7701963904485956,
            -0.3664070892347623,
            0.0
        ],
        [
            0.7625546842636318,
            0.2290510075310169,
            0.6050173464096867,
            16.432193756103516
        ],
        [
            0.0,
            0.0,
            0.0,
            1.0
        ]
    ],
    "intrinsic_matrix_camera": [
        [
            1.3888888888888888,
            0.0,
            -0.5
        ],
        [
            0.0,
            -1.3888888888888888,
            -0.5
        ],
        [
            0.0,
            0.0,
            -1.0
        ]
    ],
    "extrinsic_matrix_camera": [
        [
            0.9572194464580388,
            0.2856275730125323,
            -0.04634458822274568,
            -0.20010334253311157
        ],
        [
            -0.28936297503752156,
            0.9448626483710583,
            -0.1533089833984434,
            -2.1447954177856445
        ],
        [
            -2.483306352355345e-09,
            0.16016074815072526,
            0.9870909455322744,
            29.365812301635742
        ],
        [
            0.0,
            0.0,
            0.0,
            1.0
        ]
    ]
}