{
    "matrix_probe_in_cam_coord": [
        [
            -0.37850208776821703,
            0.4834784368670378,
            -0.7892938430266047,
            1.1131173243441483
        ],
        [
            -0.9123052979162687,
            -0.33887941258392296,
            0.2299125640774841,
            1.3509553401925047
        ],
        [
            -0.1563176667846882,
            0.8070993401133351,
            0.5693465045467567,
            -12.829252374214313
        ],
        [
            0.0,
            0.0,
            0.0,
            1.0
        ]
    ],
    "matrix_probe_in_world_coord": [
        [
            -0.9597221061483855,
            -0.16667951642751969,
            -0.22616679193373057,
            0.0
        ],
        [
            -0.07224725875433112,
            -0.6315169342500073,
            0.7719887922489268,
            0.0
        ],
        [
            -0.2715028776506649,
            0.7572346403585617,
            0.5940386240544027,
            9.978654861450195
        ],
        [
            0.0,
            0.0,
            0.0,
            1.0
        ]
    ],
    "intrinsic_matrix_camera": [
        [
            1.3888888888888888,
            0.0,
            -0.5
        ],
        [
            0.0,
            -1.3888888888888888,
            -0.5
        ],
        [
            0.0,
            0.0,
            -1.0
        ]
    ],
    "extrinsic_matrix_camera": [
        [
            0.4611829251647161,
            0.8800452315405992,
            -0.11327267975628157,
            -3.155456304550171
        ],
        [
            -0.8873050825598352,
            0.45740956730197724,
            -0.05887425756731178,
            -0.3855779469013214
        ],
        [
            -2.1981495994654165e-09,
            0.12765922678471495,
            0.9918180890751735,
            22.53047752380371
        ],
        [
            0.0,
            0.0,
            0.0,
            1.0
        ]
    ]
}