{
    "matrix_probe_in_cam_coord": [
        [
            -0.8443803129686347,
            0.44951280479731653,
            -0.2914792023356737,
            0.5935171025550252
        ],
        [
            -0.3587150335193684,
            -0.07026128396371954,
            0.9307990528051521,
            0.4885127428284832
        ],
        [
            0.397926389924304,
            0.8905063673545626,
            0.22057424578311838,
            -12.134121498519328
        ],
        [
            0.0,
            0.0,
            0.0,
            1.0
        ]
    ],
    "matrix_probe_in_world_coord": [
        [
            0.9722901542842953,
            0.22432535232490258,
            -0.0658026761319777,
            0.0
        ],
        [
            -0.22832250117122202,
            0.8507587916730511,
            -0.47336910952229183,
            0.0
        ],
        [
            -0.05020648703841903,
            0.47527635612906155,
            0.8784029223334487,
            13.968756675720215
        ],
        [
            0.0,
            0.0,
            0.0,
            1.0
        ]
    ],
    "intrinsic_matrix_camera": [
        [
            1.3888888888888888,
            0.0,
            -0.5
        ],
        [
            0.0,
            -1.3888888888888888,
            -0.5
        ],
        [
            0.0,
            0.0,
            -1.0
        ]
    ],
    "extrinsic_matrix_camera": [
        [
            -0.7009654349096804,
            -0.42578555118029326,
            0.5721486899993538,
            7.566558361053467
        ],
        [
            0.7131952461015726,
            -0.4184842101560777,
            0.562337538128268,
            6.604613304138184
        ],
        [
            -5.995099638377816e-09,
            0.8022329027509016,
            0.5970111973354121,
            20.821062088012695
        ],
        [
            0.0,
            0.0,
            0.0,
            1.0
        ]
    ]
}