{
    "matrix_probe_in_cam_coord": [
        [
            0.45228920325663863,
            -0.8905927270912793,
            -0.04773961740100042,
            -0.8852496002323428
        ],
        [
            0.5436275707785843,
            0.2328569057875883,
            0.8063787731062905,
            -0.32693430470626517
        ],
        [
            -0.7070385710177706,
            -0.3906689850489145,
            0.5894694251731812,
            -11.938775177432406
        ],
        [
            0.0,
            0.0,
            0.0,
            1.0
        ]
    ],
    "matrix_probe_in_world_coord": [
        [
            -0.09744499625536417,
            0.9946776150721507,
            0.033480065399743957,
            0.0
        ],
        [
            -0.9940544344001987,
            -0.0989158763712427,
            0.04551297453485785,
            0.0
        ],
        [
            0.04858244697515411,
            -0.028845995841504424,
            0.9984025512636768,
            9.887426376342773
        ],
        [
            0.0,
            0.0,
            0.0,
            1.0
        ]
    ],
    "intrinsic_matrix_camera": [
        [
            1.3888888888888888,
            0.0,
            -0.5
        ],
        [
            0.0,
            -1.3888888888888888,
            -0.5
        ],
        [
            0.0,
            0.0,
            -1.0
        ]
    ],
    "extrinsic_matrix_camera": [
        [
            -0.9315242950141848,
            0.20564137916361078,
            -0.29995684851993965,
            -4.338517665863037
        ],
        [
            -0.36367910002958087,
            -0.5267279457338979,
            0.7683066987763558,
            8.678488731384277
        ],
        [
            -5.4727110892171235e-09,
            0.8247843926497613,
            0.5654473500171028,
            16.907825469970703
        ],
        [
            0.0,
            0.0,
            0.0,
            1.0
        ]
    ]
}