{
    "matrix_probe_in_cam_coord": [
        [
            -0.7940373405343605,
            -0.5756284807632033,
            0.19533702662671543,
            2.378343806802541
        ],
        [
            0.2816864286639554,
            -0.06367929071293252,
            0.9573910924177451,
            -0.46091137547067884
        ],
        [
            -0.5386626567190878,
            0.8152280662909881,
            0.2127104656282564,
            -12.159547038050384
        ],
        [
            0.0,
            0.0,
            0.0,
            1.0
        ]
    ],
    "matrix_probe_in_world_coord": [
        [
            0.265130534353029,
            0.9526468330512892,
            -0.14889530291794378,
            0.0
        ],
        [
            -0.9503297072570328,
            0.2842887137312448,
            0.12670191296818037,
            0.0
        ],
        [
            0.16303143027784342,
            0.10790708374515214,
            0.9807022045550715,
            5.086207866668701
        ],
        [
            0.0,
            0.0,
            0.0,
            1.0
        ]
    ],
    "intrinsic_matrix_camera": [
        [
            1.3888888888888888,
            0.0,
            -0.5
        ],
        [
            0.0,
            -1.3888888888888888,
            -0.5
        ],
        [
            0.0,
            0.0,
            -1.0
        ]
    ],
    "extrinsic_matrix_camera": [
        [
            -0.7879789593559993,
            -0.12853123799343805,
            0.6021369283411467,
            9.136555671691895
        ],
        [
            0.6157021679450517,
            -0.16449500207056922,
            0.7706180861370744,
            7.830197811126709
        ],
        [
            1.864291110896082e-08,
            0.9779678497546216,
            0.2087555624320513,
            8.075337409973145
        ],
        [
            0.0,
            0.0,
            0.0,
            1.0
        ]
    ]
}