{
    "matrix_probe_in_cam_coord": [
        [
            -0.33527465191956984,
            -0.8676753793953903,
            -0.3670563223420586,
            0.3158275313736585
        ],
        [
            0.9381845826093598,
            -0.2719160492915605,
            -0.2141759815940423,
            1.7555984646343958
        ],
        [
            0.08602672104824863,
            -0.41617436024908544,
            0.9052062224360541,
            -10.497738649874515
        ],
        [
            0.0,
            0.0,
            0.0,
            1.0
        ]
    ],
    "matrix_probe_in_world_coord": [
        [
            0.045814675679603,
            0.10974453128101809,
            -0.9929033957773951,
            0.0
        ],
        [
            0.35865554179620834,
            0.9258686226209573,
            0.11888438074381265,
            0.0
        ],
        [
            0.9323450100854518,
            -0.3615569547109849,
            0.003057886341535408,
            12.811458587646484
        ],
        [
            0.0,
            0.0,
            0.0,
            1.0
        ]
    ],
    "intrinsic_matrix_camera": [
        [
            1.3888888888888888,
            0.0,
            -0.5
        ],
        [
            0.0,
            -1.3888888888888888,
            -0.5
        ],
        [
            0.0,
            0.0,
            -1.0
        ]
    ],
    "extrinsic_matrix_camera": [
        [
            0.2538683416378786,
            0.22579738242124442,
            -0.9405139059076945,
            -10.349857330322266
        ],
        [
            -0.9672387839174116,
            0.059264382812494104,
            -0.24685394024771168,
            -2.389971971511841
        ],
        [
            2.611884094920167e-09,
            0.9723699270450358,
            0.23344533616765947,
            13.555015563964844
        ],
        [
            0.0,
            0.0,
            0.0,
            1.0
        ]
    ]
}