{
    "matrix_probe_in_cam_coord": [
        [
            -0.43537654734521497,
            0.808885941089963,
            -0.39515920377585256,
            0.295031238066504
        ],
        [
            -0.8903137009003472,
            -0.3218439631622401,
            0.32211485120241007,
            -0.9425207617387992
        ],
        [
            0.13337457033065916,
            0.49205690492363635,
            0.8602855492835412,
            -13.637791381479637
        ],
        [
            0.0,
            0.0,
            0.0,
            1.0
        ]
    ],
    "matrix_probe_in_world_coord": [
        [
            0.6580240238326808,
            0.7492661741515154,
            -0.07486377182188364,
            0.0
        ],
        [
            -0.7098108016003715,
            0.5840258699879467,
            -0.39380503947545,
            0.0
        ],
        [
            -0.25134241582050215,
            0.31227229056894173,
            0.9161402766783812,
            6.294727802276611
        ],
        [
            0.0,
            0.0,
            0.0,
            1.0
        ]
    ],
    "intrinsic_matrix_camera": [
        [
            1.3888888888888888,
            0.0,
            -0.5
        ],
        [
            0.0,
            -1.3888888888888888,
            -0.5
        ],
        [
            0.0,
            0.0,
            -1.0
        ]
    ],
    "extrinsic_matrix_camera": [
        [
            0.34916575530373894,
            -0.8511093316130017,
            0.3920410449996771,
            4.441370964050293
        ],
        [
            0.9370609773772298,
            0.3171386294322788,
            -0.14608153339367122,
            -1.9697819948196411
        ],
        [
            -3.4447060243197607e-09,
            0.4183730337427176,
            0.9082752912178745,
            19.0759220123291
        ],
        [
            0.0,
            0.0,
            0.0,
            1.0
        ]
    ]
}