{
    "matrix_probe_in_cam_coord": [
        [
            0.0880491716705531,
            0.5638992465275613,
            -0.8211363973992253,
            -0.09941317112389417
        ],
        [
            -0.8951679500060373,
            -0.31680234928645706,
            -0.3135452324124395,
            -0.4841155570474589
        ],
        [
            -0.43694586009037606,
            0.7626623835303735,
            0.4768903480860682,
            -11.494214865380414
        ],
        [
            0.0,
            0.0,
            0.0,
            1.0
        ]
    ],
    "matrix_probe_in_world_coord": [
        [
            0.4360827988859886,
            -0.0005650010600319202,
            0.8999063691793524,
            0.0
        ],
        [
            0.5519281810105382,
            0.7900044501859261,
            -0.2669611426646798,
            0.0
        ],
        [
            -0.7107792030737543,
            0.6131008477079731,
            0.3448191917767976,
            13.71786880493164
        ],
        [
            0.0,
            0.0,
            0.0,
            1.0
        ]
    ],
    "intrinsic_matrix_camera": [
        [
            1.3888888888888888,
            0.0,
            -0.5
        ],
        [
            0.0,
            -1.3888888888888888,
            -0.5
        ],
        [
            0.0,
            0.0,
            -1.0
        ]
    ],
    "extrinsic_matrix_camera": [
        [
            -0.7008677484349018,
            -0.6723497031222724,
            0.23818118295781318,
            2.3425352573394775
        ],
        [
            0.7132912443061328,
            -0.6606392905895343,
            0.2340327509678205,
            2.4411075115203857
        ],
        [
            -2.8930770301591863e-09,
            0.33391855959312766,
            0.9426019284720624,
            24.713993072509766
        ],
        [
            0.0,
            0.0,
            0.0,
            1.0
        ]
    ]
}