{
    "matrix_probe_in_cam_coord": [
        [
            -0.36261914357963265,
            -0.9251560524869089,
            0.11222136720078725,
            0.4845017281263636
        ],
        [
            0.9008183925155303,
            -0.3171021435071085,
            0.2966015075634868,
            -0.2273164340479923
        ],
        [
            -0.23881704381243357,
            0.2086444562648077,
            0.9483848957330844,
            -10.493223623618523
        ],
        [
            0.0,
            0.0,
            0.0,
            1.0
        ]
    ],
    "matrix_probe_in_world_coord": [
        [
            0.575031882438066,
            -0.4839776500037716,
            -0.6596241115033327,
            0.0
        ],
        [
            0.4639984333984935,
            0.856973130792471,
            -0.2242822037155295,
            0.0
        ],
        [
            0.673827713873122,
            -0.17709513656952078,
            0.717351744000072,
            17.47148895263672
        ],
        [
            0.0,
            0.0,
            0.0,
            1.0
        ]
    ],
    "intrinsic_matrix_camera": [
        [
            1.3888888888888888,
            0.0,
            -0.5
        ],
        [
            0.0,
            -1.3888888888888888,
            -0.5
        ],
        [
            0.0,
            0.0,
            -1.0
        ]
    ],
    "extrinsic_matrix_camera": [
        [
            0.1652133637971961,
            0.47582414031165315,
            -0.8638842121022304,
            -9.036813735961914
        ],
        [
            -0.9862578488523248,
            0.0797078664597779,
            -0.14471389567562226,
            -1.022552728652954
        ],
        [
            2.4139518081177504e-09,
            0.8759212541781973,
            0.4824540977946954,
            22.73309898376465
        ],
        [
            0.0,
            0.0,
            0.0,
            1.0
        ]
    ]
}