{
    "matrix_probe_in_cam_coord": [
        [
            0.9642758123459148,
            -0.2634246271445853,
            -0.027921739529660306,
            0.4064158855604369
        ],
        [
            0.2603549932909546,
            0.9230087754857309,
            0.28331974489046535,
            -1.018779479159794
        ],
        [
            -0.048861387547766644,
            -0.2804679414658074,
            0.9586189538168118,
            -13.68957464008983
        ],
        [
            0.0,
            0.0,
            0.0,
            1.0
        ]
    ],
    "matrix_probe_in_world_coord": [
        [
            -0.5882560302764607,
            0.8075684497915924,
            0.04228524263361853,
            0.0
        ],
        [
            -0.808468223360713,
            -0.5884829252934045,
            -0.00818403654008435,
            0.0
        ],
        [
            0.018274973580059552,
            -0.03900058383308577,
            0.999072059363751,
            18.280197143554688
        ],
        [
            0.0,
            0.0,
            0.0,
            1.0
        ]
    ],
    "intrinsic_matrix_camera": [
        [
            1.3888888888888888,
            0.0,
            -0.5
        ],
        [
            0.0,
            -1.3888888888888888,
            -0.5
        ],
        [
            0.0,
            0.0,
            -1.0
        ]
    ],
    "extrinsic_matrix_camera": [
        [
            -0.7811551567730628,
            0.6042176153026445,
            -0.15721861977780283,
            -1.2192176580429077
        ],
        [
            -0.6243369451240666,
            -0.7559823422830656,
            0.19670810128044566,
            2.1764113903045654
        ],
        [
            -5.637521550501499e-10,
            0.2518169404829536,
            0.967774885231997,
            31.78516960144043
        ],
        [
            0.0,
            0.0,
            0.0,
            1.0
        ]
    ]
}