{
    "matrix_probe_in_cam_coord": [
        [
            -0.03742101871787638,
            -0.9723871765672121,
            -0.2303537414624786,
            -0.7638881066086
        ],
        [
            0.9887555308034108,
            -0.0026308962997833927,
            -0.1495178206446484,
            -1.5413280680328694
        ],
        [
            0.14478317465707755,
            -0.23335864507728415,
            0.9615516497328226,
            -14.718107558973513
        ],
        [
            0.0,
            0.0,
            0.0,
            1.0
        ]
    ],
    "matrix_probe_in_world_coord": [
        [
            0.6913297542081362,
            0.7221189472624416,
            0.02464542454698331,
            0.0
        ],
        [
            -0.6914852234113541,
            0.6513395594414183,
            0.312417931800351,
            0.0
        ],
        [
            0.2095503680508999,
            -0.23302575890068936,
            0.9496249991120127,
            9.149752616882324
        ],
        [
            0.0,
            0.0,
            0.0,
            1.0
        ]
    ],
    "intrinsic_matrix_camera": [
        [
            1.3888888888888888,
            0.0,
            -0.5
        ],
        [
            0.0,
            -1.3888888888888888,
            -0.5
        ],
        [
            0.0,
            0.0,
            -1.0
        ]
    ],
    "extrinsic_matrix_camera": [
        [
            -0.733726633700989,
            0.6779713678487738,
            -0.044721933937129484,
            -0.1737309843301773
        ],
        [
            -0.6794447931935415,
            -0.7321354942467422,
            0.048294834778305,
            -0.9366722106933594
        ],
        [
            -1.2052473494502946e-11,
            0.06582129170215935,
            0.9978314274258246,
            23.937395095825195
        ],
        [
            0.0,
            0.0,
            0.0,
            1.0
        ]
    ]
}