{
    "matrix_probe_in_cam_coord": [
        [
            -0.9290270658856511,
            0.2742340854238835,
            0.248403657870862,
            0.14747930053061
        ],
        [
            -0.2697324411541993,
            -0.9614933169671602,
            0.05267837902293832,
            -1.6351275083522177
        ],
        [
            0.253284664045999,
            -0.01806288512984759,
            0.9672231444397363,
            -11.405357399427661
        ],
        [
            0.0,
            0.0,
            0.0,
            1.0
        ]
    ],
    "matrix_probe_in_world_coord": [
        [
            -0.08849694423468077,
            0.9535938653737291,
            0.2877968567978361,
            0.0
        ],
        [
            -0.9808272034063993,
            -0.13378921200080213,
            0.14169842557412796,
            0.0
        ],
        [
            0.1736268640478945,
            -0.2697391085359979,
            0.9471507405936499,
            5.68923807144165
        ],
        [
            0.0,
            0.0,
            0.0,
            1.0
        ]
    ],
    "intrinsic_matrix_camera": [
        [
            1.3888888888888888,
            0.0,
            -0.5
        ],
        [
            0.0,
            -1.3888888888888888,
            -0.5
        ],
        [
            0.0,
            0.0,
            -1.0
        ]
    ],
    "extrinsic_matrix_camera": [
        [
            0.4152137899311013,
            -0.8778429599506083,
            0.23872420555152404,
            1.226114273071289
        ],
        [
            0.9097238639560092,
            0.4006627925156757,
            -0.10895787278801519,
            -0.7217341661453247
        ],
        [
            -5.27920669999405e-09,
            0.26241391799730357,
            0.9649554060376597,
            17.123979568481445
        ],
        [
            0.0,
            0.0,
            0.0,
            1.0
        ]
    ]
}