{
    "matrix_probe_in_cam_coord": [
        [
            -0.7009289785317001,
            0.707079833797588,
            0.09347018610917082,
            -0.05167902219506018
        ],
        [
            0.10240226988781645,
            -0.029925922929618716,
            0.9942928211842995,
            0.03493334016090888
        ],
        [
            0.7058415843348494,
            0.7065002107385289,
            -0.051430633382096885,
            -13.624091555480543
        ],
        [
            0.0,
            0.0,
            0.0,
            1.0
        ]
    ],
    "matrix_probe_in_world_coord": [
        [
            0.9389156050233919,
            -0.023278765218649782,
            -0.3433592662699721,
            0.0
        ],
        [
            -0.05289877727768674,
            0.976090856319232,
            -0.2108277960149341,
            0.0
        ],
        [
            0.3400576510035972,
            0.21611279300375522,
            0.9152355187021711,
            5.839377403259277
        ],
        [
            0.0,
            0.0,
            0.0,
            1.0
        ]
    ],
    "intrinsic_matrix_camera": [
        [
            1.3888888888888888,
            0.0,
            -0.5
        ],
        [
            0.0,
            -1.3888888888888888,
            -0.5
        ],
        [
            0.0,
            0.0,
            -1.0
        ]
    ],
    "extrinsic_matrix_camera": [
        [
            -0.7066669559188976,
            -0.24455592581802385,
            0.6639384102155926,
            9.01758098602295
        ],
        [
            0.7075463330498706,
            -0.24425193868979697,
            0.6631132460100295,
            9.079413414001465
        ],
        [
            -2.993439758125677e-08,
            0.9383674065064096,
            0.34563942252936686,
            10.515620231628418
        ],
        [
            0.0,
            0.0,
            0.0,
            1.0
        ]
    ]
}