{
    "matrix_probe_in_cam_coord": [
        [
            -0.669511175283738,
            -0.07313938849476033,
            -0.7391924079837405,
            -0.7200273320738036
        ],
        [
            0.0006201745308561982,
            -0.9951952886509732,
            0.09790787930732639,
            -0.28037525234242366
        ],
        [
            -0.742801724253343,
            0.0650919910397526,
            0.6663397265274986,
            -12.597977125642451
        ],
        [
            0.0,
            0.0,
            0.0,
            1.0
        ]
    ],
    "matrix_probe_in_world_coord": [
        [
            -0.07523930075572985,
            0.5183640065318669,
            0.8518437675736202,
            0.0
        ],
        [
            -0.9099587411338643,
            0.3136818992328605,
            -0.271254042417323,
            0.0
        ],
        [
            -0.407816303077577,
            -0.7955516468626638,
            0.44808865207483395,
            5.670759201049805
        ],
        [
            0.0,
            0.0,
            0.0,
            1.0
        ]
    ],
    "intrinsic_matrix_camera": [
        [
            1.3888888888888888,
            0.0,
            -0.5
        ],
        [
            0.0,
            -1.3888888888888888,
            -0.5
        ],
        [
            0.0,
            0.0,
            -1.0
        ]
    ],
    "extrinsic_matrix_camera": [
        [
            -0.6172157195576252,
            -0.432517861820508,
            0.6572465707306345,
            7.714297771453857
        ],
        [
            0.7867939727342622,
            -0.3392969895336328,
            0.5155897568439961,
            6.966770648956299
        ],
        [
            3.623487404644213e-09,
            0.8353477432181341,
            0.5497218823190233,
            12.830353736877441
        ],
        [
            0.0,
            0.0,
            0.0,
            1.0
        ]
    ]
}