{
    "matrix_probe_in_cam_coord": [
        [
            0.7403269651228068,
            0.6523017616886391,
            -0.1625373692722757,
            0.9150886367249705
        ],
        [
            0.6635195632842126,
            -0.6702025613779602,
            0.3325211509987729,
            0.3221707855098668
        ],
        [
            0.1079711713893189,
            -0.3540210988349693,
            -0.9289840083276455,
            -9.250374255857247
        ],
        [
            0.0,
            0.0,
            0.0,
            1.0
        ]
    ],
    "matrix_probe_in_world_coord": [
        [
            0.7378103796368506,
            0.6709177013885312,
            -0.07419758529531788,
            0.0
        ],
        [
            -0.06124466950963101,
            0.17600484189210736,
            0.9824822573905293,
            0.0
        ],
        [
            0.6722238720521477,
            -0.720341400721952,
            0.17094833210404153,
            7.510717868804932
        ],
        [
            0.0,
            0.0,
            0.0,
            1.0
        ]
    ],
    "intrinsic_matrix_camera": [
        [
            1.3888888888888888,
            0.0,
            -0.5
        ],
        [
            0.0,
            -1.3888888888888888,
            -0.5
        ],
        [
            0.0,
            0.0,
            -1.0
        ]
    ],
    "extrinsic_matrix_camera": [
        [
            0.9959215980767432,
            0.015228592475066412,
            -0.08892840072493405,
            -1.7388837337493896
        ],
        [
            -0.09022289334900592,
            0.16810019884584185,
            -0.9816323918166732,
            -9.052062034606934
        ],
        [
            2.189603296186315e-09,
            0.9856522779962602,
            0.16878858634630256,
            8.75452709197998
        ],
        [
            0.0,
            0.0,
            0.0,
            1.0
        ]
    ]
}