{
    "matrix_probe_in_cam_coord": [
        [
            -0.37955131220111166,
            -0.5871626838397688,
            0.7149690791303452,
            0.2905627952744847
        ],
        [
            0.7852552133780856,
            -0.6130825943887539,
            -0.08662552926298152,
            -0.28708311561602784
        ],
        [
            0.4891983761920629,
            0.5285543634893523,
            0.6937688617741604,
            -13.44629143030067
        ],
        [
            0.0,
            0.0,
            0.0,
            1.0
        ]
    ],
    "matrix_probe_in_world_coord": [
        [
            0.6697856160760619,
            0.03961006441402639,
            -0.741497317119035,
            0.0
        ],
        [
            -0.2736703626423283,
            0.9414511655002469,
            -0.19691174568685157,
            0.0
        ],
        [
            0.6902838264864871,
            0.33481449457176055,
            0.6414105495825819,
            16.49553871154785
        ],
        [
            0.0,
            0.0,
            0.0,
            1.0
        ]
    ],
    "intrinsic_matrix_camera": [
        [
            1.3888888888888888,
            0.0,
            -0.5
        ],
        [
            0.0,
            -1.3888888888888888,
            -0.5
        ],
        [
            0.0,
            0.0,
            -1.0
        ]
    ],
    "extrinsic_matrix_camera": [
        [
            -0.8076232152017235,
            0.5659010033570411,
            -0.16583364154092878,
            -1.8327215909957886
        ],
        [
            -0.5896988572714306,
            -0.775030817858946,
            0.22711778684564193,
            3.0027382373809814
        ],
        [
            6.241860311618726e-10,
            0.28121750615562274,
            0.9596440560080663,
            29.47992515563965
        ],
        [
            0.0,
            0.0,
            0.0,
            1.0
        ]
    ]
}