{
    "matrix_probe_in_cam_coord": [
        [
            0.7319635607160918,
            0.6565410691347802,
            -0.18216248330317605,
            -0.5464793329974078
        ],
        [
            -0.403761124214186,
            0.6333249206709198,
            0.6602094360356188,
            0.8619726432491941
        ],
        [
            0.5488226492748971,
            -0.40969912057085617,
            0.7286565241911654,
            -10.145344347432284
        ],
        [
            0.0,
            0.0,
            0.0,
            1.0
        ]
    ],
    "matrix_probe_in_world_coord": [
        [
            0.5467909802055304,
            0.7980709095134076,
            -0.2531846112114984,
            0.0
        ],
        [
            -0.8328193328648619,
            0.48728710375502,
            -0.2626085248436743,
            0.0
        ],
        [
            -0.08620662835537364,
            0.35444901171041054,
            0.931093075543531,
            16.748645782470703
        ],
        [
            0.0,
            0.0,
            0.0,
            1.0
        ]
    ],
    "intrinsic_matrix_camera": [
        [
            1.3888888888888888,
            0.0,
            -0.5
        ],
        [
            0.0,
            -1.3888888888888888,
            -0.5
        ],
        [
            0.0,
            0.0,
            -1.0
        ]
    ],
    "extrinsic_matrix_camera": [
        [
            0.9703181385284169,
            0.11751038519854527,
            -0.21136229420887132,
            -1.7153751850128174
        ],
        [
            -0.24183198721994562,
            0.4714945103492473,
            -0.8480626254397582,
            -9.14245891571045
        ],
        [
            -4.3736102789253536e-09,
            0.8740047117041263,
            0.48591744557999456,
            20.925077438354492
        ],
        [
            0.0,
            0.0,
            0.0,
            1.0
        ]
    ]
}