{
    "matrix_probe_in_cam_coord": [
        [
            0.576234186627195,
            -0.7030437573517064,
            -0.41675368913890876,
            0.29901943993382296
        ],
        [
            0.7836235491753438,
            0.6201091276572558,
            0.03740057451423955,
            -0.10645774958287202
        ],
        [
            0.2321385261862683,
            -0.34812949464955223,
            0.9082497231571913,
            -12.4880935982087
        ],
        [
            0.0,
            0.0,
            0.0,
            1.0
        ]
    ],
    "matrix_probe_in_world_coord": [
        [
            0.6093361268512664,
            -0.6653953092255986,
            -0.4312291351178254,
            0.0
        ],
        [
            0.618701196161472,
            0.7391318609780569,
            -0.2662572477050687,
            0.0
        ],
        [
            0.49590151681786715,
            -0.10456182165439083,
            0.8620606191388481,
            17.229434967041016
        ],
        [
            0.0,
            0.0,
            0.0,
            1.0
        ]
    ],
    "intrinsic_matrix_camera": [
        [
            1.3888888888888888,
            0.0,
            -0.5
        ],
        [
            0.0,
            -1.3888888888888888,
            -0.5
        ],
        [
            0.0,
            0.0,
            -1.0
        ]
    ],
    "extrinsic_matrix_camera": [
        [
            0.9986386586854047,
            0.04874421621214564,
            -0.0185696194058878,
            -0.5253223180770874
        ],
        [
            -0.05216156994393408,
            0.9332130667171202,
            -0.3555172889317929,
            -4.3247880935668945
        ],
        [
            -1.2530886815014514e-10,
            0.3560019290597896,
            0.93448522005739,
            28.937273025512695
        ],
        [
            0.0,
            0.0,
            0.0,
            1.0
        ]
    ]
}