{
    "matrix_probe_in_cam_coord": [
        [
            0.7602524678442637,
            -0.4995519295300266,
            -0.41528791800332254,
            -1.3177731654791311
        ],
        [
            -0.1182812127185592,
            0.5221399675596196,
            -0.844617907100404,
            -0.9159538098325659
        ],
        [
            0.6387689252417763,
            0.6912436068273375,
            0.33787059085661675,
            -12.091669394161153
        ],
        [
            0.0,
            0.0,
            0.0,
            1.0
        ]
    ],
    "matrix_probe_in_world_coord": [
        [
            -0.5782770902865132,
            -0.15222269002195757,
            -0.8015134805430553,
            0.0
        ],
        [
            -0.7428302986131549,
            0.5044687298503172,
            0.4401300354048774,
            0.0
        ],
        [
            0.3373407095386722,
            0.8499056143158994,
            -0.4047983355230831,
            5.00748348236084
        ],
        [
            0.0,
            0.0,
            0.0,
            1.0
        ]
    ],
    "intrinsic_matrix_camera": [
        [
            1.3888888888888888,
            0.0,
            -0.5
        ],
        [
            0.0,
            -1.3888888888888888,
            -0.5
        ],
        [
            0.0,
            0.0,
            -1.0
        ]
    ],
    "extrinsic_matrix_camera": [
        [
            -0.030734581883079707,
            0.665890403545581,
            -0.7454162299966208,
            -8.443902969360352
        ],
        [
            -0.99952758114845,
            -0.020475554552753652,
            0.022920867987175974,
            -1.0587537288665771
        ],
        [
            -2.464820817618461e-08,
            0.7457685446113024,
            0.6662051319738831,
            13.746105194091797
        ],
        [
            0.0,
            0.0,
            0.0,
            1.0
        ]
    ]
}