{
    "matrix_probe_in_cam_coord": [
        [
            -0.3225594299404031,
            0.9386931202804794,
            0.12169897326855546,
            -0.024404682258584276
        ],
        [
            -0.8729479244289483,
            -0.24530187855337118,
            -0.42165022188228346,
            -0.3600761403500137
        ],
        [
            -0.3659471756848439,
            -0.24224412132451326,
            0.8985546451340625,
            -8.506826137602047
        ],
        [
            0.0,
            0.0,
            0.0,
            1.0
        ]
    ],
    "matrix_probe_in_world_coord": [
        [
            0.04545815612020567,
            -0.8377410142367242,
            -0.5441723523919385,
            0.0
        ],
        [
            0.5687287843556433,
            -0.42613349826156954,
            0.7035323812765901,
            0.0
        ],
        [
            -0.8212679988210325,
            -0.3414677652795091,
            0.4570761855396919,
            17.82037353515625
        ],
        [
            0.0,
            0.0,
            0.0,
            1.0
        ]
    ],
    "intrinsic_matrix_camera": [
        [
            1.3888888888888888,
            0.0,
            -0.5
        ],
        [
            0.0,
            -1.3888888888888888,
            -0.5
        ],
        [
            0.0,
            0.0,
            -1.0
        ]
    ],
    "extrinsic_matrix_camera": [
        [
            -0.8672699001323123,
            0.3952672346282391,
            -0.3026660429480543,
            -2.453566551208496
        ],
        [
            -0.4978382471491005,
            -0.6885838488948203,
            0.5272659316860009,
            4.22526741027832
        ],
        [
            -2.0517286509293013e-09,
            0.6079606042093022,
            0.7939671931065289,
            24.793426513671875
        ],
        [
            0.0,
            0.0,
            0.0,
            1.0
        ]
    ]
}