{
    "matrix_probe_in_cam_coord": [
        [
            -0.25709933198332663,
            0.6538738482958525,
            0.7115819868493723,
            -1.5997561249869061
        ],
        [
            0.8884491573176507,
            -0.12976916748585174,
            0.4402477234825702,
            -0.846227729235343
        ],
        [
            0.3802078751884078,
            0.7453918121932934,
            -0.5475701032378545,
            -14.205169308374693
        ],
        [
            0.0,
            0.0,
            0.0,
            1.0
        ]
    ],
    "matrix_probe_in_world_coord": [
        [
            0.6569944870132106,
            0.059609333453414744,
            0.7515350766261598,
            0.0
        ],
        [
            0.5720546875669124,
            -0.6887039719191148,
            -0.4454663550657419,
            0.0
        ],
        [
            0.49103123980758145,
            0.7225881028830152,
            -0.4865745113597245,
            5.029531955718994
        ],
        [
            0.0,
            0.0,
            0.0,
            1.0
        ]
    ],
    "intrinsic_matrix_camera": [
        [
            1.3888888888888888,
            0.0,
            -0.5
        ],
        [
            0.0,
            -1.3888888888888888,
            -0.5
        ],
        [
            0.0,
            0.0,
            -1.0
        ]
    ],
    "extrinsic_matrix_camera": [
        [
            0.40484296354434807,
            0.9068323513745588,
            -0.11729135249078927,
            -0.2511068284511566
        ],
        [
            -0.9143862284990023,
            0.4014984974828069,
            -0.051930546409784714,
            -1.860718011856079
        ],
        [
            2.2838274610722575e-09,
            0.1282733137466144,
            0.9917388552338072,
            19.22589874267578
        ],
        [
            0.0,
            0.0,
            0.0,
            1.0
        ]
    ]
}