{
    "matrix_probe_in_cam_coord": [
        [
            0.6524807186805109,
            0.3478900887782689,
            0.6732320535149912,
            0.4077716858478389
        ],
        [
            0.26262020976874834,
            0.7295372350656907,
            -0.6315109247461406,
            0.21117034426567116
        ],
        [
            -0.7108442425533054,
            0.5888530451501082,
            0.3846460113484372,
            -11.04868996651695
        ],
        [
            0.0,
            0.0,
            0.0,
            1.0
        ]
    ],
    "matrix_probe_in_world_coord": [
        [
            -0.9624156913767103,
            0.11706562030578715,
            -0.24505443789964293,
            0.0
        ],
        [
            -0.108446913849553,
            0.661606789288153,
            0.7419674677803125,
            0.0
        ],
        [
            0.24898856172201225,
            0.7406565309981699,
            -0.624045350292237,
            13.98472785949707
        ],
        [
            0.0,
            0.0,
            0.0,
            1.0
        ]
    ],
    "intrinsic_matrix_camera": [
        [
            1.3888888888888888,
            0.0,
            -0.5
        ],
        [
            0.0,
            -1.3888888888888888,
            -0.5
        ],
        [
            0.0,
            0.0,
            -1.0
        ]
    ],
    "extrinsic_matrix_camera": [
        [
            -0.752210215387952,
            -0.012591527103803487,
            0.6588028880562116,
            7.5882978439331055
        ],
        [
            0.6589232063495792,
            -0.014374125215472454,
            0.7520728639289413,
            8.0437650680542
        ],
        [
            -3.0644961509353904e-08,
            0.9998174023137847,
            0.019109213236419734,
            13.98472785949707
        ],
        [
            0.0,
            0.0,
            0.0,
            1.0
        ]
    ]
}