{
    "matrix_probe_in_cam_coord": [
        [
            0.05606361782776588,
            0.9905845620358784,
            0.12489634186896338,
            -0.12882500163142924
        ],
        [
            0.9407970687257242,
            -0.09429734536408692,
            0.3255900584083786,
            -0.4123909984084726
        ],
        [
            0.3343018788956286,
            0.09924835572175934,
            -0.9372257026209746,
            -9.242849813987787
        ],
        [
            0.0,
            0.0,
            0.0,
            1.0
        ]
    ],
    "matrix_probe_in_world_coord": [
        [
            -0.32081220639044894,
            0.0762667818644483,
            0.9440672148819343,
            0.0
        ],
        [
            -0.1141283928146924,
            -0.9926028203112104,
            0.041404722722970945,
            0.0
        ],
        [
            0.9402415850112285,
            -0.09446173349177697,
            0.32714330609275993,
            16.339191436767578
        ],
        [
            0.0,
            0.0,
            0.0,
            1.0
        ]
    ],
    "intrinsic_matrix_camera": [
        [
            1.3888888888888888,
            0.0,
            -0.5
        ],
        [
            0.0,
            -1.3888888888888888,
            -0.5
        ],
        [
            0.0,
            0.0,
            -1.0
        ]
    ],
    "extrinsic_matrix_camera": [
        [
            0.17547334539469814,
            -0.001632038818001339,
            -0.9844828294618903,
            -9.077494621276855
        ],
        [
            -0.9844841822274205,
            -0.0002908803724328535,
            -0.1754731042998217,
            -1.7488176822662354
        ],
        [
            1.2185644879589184e-08,
            0.9999986259180086,
            -0.001657758153163929,
            16.73625946044922
        ],
        [
            0.0,
            0.0,
            0.0,
            1.0
        ]
    ]
}