{
    "matrix_probe_in_cam_coord": [
        [
            0.8448248202585561,
            0.1639481103582243,
            -0.5093054488075551,
            0.7865162682173391
        ],
        [
            0.5163524831263645,
            -0.00042945484076358073,
            0.8563760440004009,
            0.6085330011529688
        ],
        [
            0.14018251047949967,
            -0.986468870607941,
            -0.08501782799600155,
            -13.533837650583624
        ],
        [
            0.0,
            0.0,
            0.0,
            1.0
        ]
    ],
    "matrix_probe_in_world_coord": [
        [
            0.8380071255299943,
            0.2504688833639952,
            -0.4847776769070021,
            0.0
        ],
        [
            -0.11349867399248632,
            0.949005054153965,
            0.2941215024308446,
            0.0
        ],
        [
            0.533724749812957,
            -0.19145429129853264,
            0.8237008836831929,
            15.820503234863281
        ],
        [
            0.0,
            0.0,
            0.0,
            1.0
        ]
    ],
    "intrinsic_matrix_camera": [
        [
            1.3888888888888888,
            0.0,
            -0.5
        ],
        [
            0.0,
            -1.3888888888888888,
            -0.5
        ],
        [
            0.0,
            0.0,
            -1.0
        ]
    ],
    "extrinsic_matrix_camera": [
        [
            0.9959330316413335,
            0.017447505901255433,
            -0.08839106868642795,
            -1.9902052879333496
        ],
        [
            -0.09009659530583364,
            0.1928657317451956,
            -0.9770800443324424,
            -13.270145416259766
        ],
        [
            -1.6975414401649588e-09,
            0.9810700250523489,
            0.19365331379499828,
            17.844362258911133
        ],
        [
            0.0,
            0.0,
            0.0,
            1.0
        ]
    ]
}