{
    "matrix_probe_in_cam_coord": [
        [
            -0.7600133435239657,
            -0.6445883951014624,
            -0.08297902485594179,
            -0.9084630005215012
        ],
        [
            0.47622517875802167,
            -0.6392318706024778,
            0.6038147023077088,
            -1.4481335785663116
        ],
        [
            -0.4422547871786262,
            0.41939052982462266,
            0.7927939749462086,
            -13.969173660500003
        ],
        [
            0.0,
            0.0,
            0.0,
            1.0
        ]
    ],
    "matrix_probe_in_world_coord": [
        [
            -0.527023586069755,
            -0.8338976876158628,
            -0.16389260604155478,
            0.0
        ],
        [
            0.841524855402002,
            -0.4851361569000436,
            -0.2376527445852366,
            0.0
        ],
        [
            0.1186678451258593,
            -0.2631683032912076,
            0.9574238281325632,
            10.894391059875488
        ],
        [
            0.0,
            0.0,
            0.0,
            1.0
        ]
    ],
    "intrinsic_matrix_camera": [
        [
            1.3888888888888888,
            0.0,
            -0.5
        ],
        [
            0.0,
            -1.3888888888888888,
            -0.5
        ],
        [
            0.0,
            0.0,
            -1.0
        ]
    ],
    "extrinsic_matrix_camera": [
        [
            0.9516653785344222,
            0.18311131213259002,
            -0.24658315974132572,
            -2.31484055519104
        ],
        [
            -0.30713678923068616,
            0.5673715965409045,
            -0.7640395697473334,
            -10.130393981933594
        ],
        [
            -7.115116855378056e-09,
            0.8028447663201813,
            0.5961881256720011,
            20.385272979736328
        ],
        [
            0.0,
            0.0,
            0.0,
            1.0
        ]
    ]
}