{
    "matrix_probe_in_cam_coord": [
        [
            -0.8698471114425467,
            -0.4503697358796018,
            0.20132834802579355,
            0.7220764130261611
        ],
        [
            0.4628220697549127,
            -0.6037465900452115,
            0.6490653177890173,
            2.12633540769546
        ],
        [
            -0.17076807214124118,
            0.6577667945499506,
            0.7336082807088854,
            -12.61481820679166
        ],
        [
            0.0,
            0.0,
            0.0,
            1.0
        ]
    ],
    "matrix_probe_in_world_coord": [
        [
            0.18741154826443895,
            -0.8508637399198825,
            0.49082360137495057,
            0.0
        ],
        [
            0.9808779478249464,
            0.18880807134411548,
            -0.04722249110367974,
            0.0
        ],
        [
            -0.052491552156967075,
            0.49028808703135535,
            0.8699782920666966,
            11.493703842163086
        ],
        [
            0.0,
            0.0,
            0.0,
            1.0
        ]
    ],
    "intrinsic_matrix_camera": [
        [
            1.3888888888888888,
            0.0,
            -0.5
        ],
        [
            0.0,
            -1.3888888888888888,
            -0.5
        ],
        [
            0.0,
            0.0,
            -1.0
        ]
    ],
    "extrinsic_matrix_camera": [
        [
            0.3190005887453396,
            0.9190208590382475,
            -0.23160156526398665,
            -5.106101036071777
        ],
        [
            -0.9477545169399759,
            0.30932925154727137,
            -0.07795376679210692,
            -0.9567591547966003
        ],
        [
            1.1177362066742558e-09,
            0.24436872711091093,
            0.9696823836752906,
            23.20646095275879
        ],
        [
            0.0,
            0.0,
            0.0,
            1.0
        ]
    ]
}