{
    "matrix_probe_in_cam_coord": [
        [
            0.42780461366078076,
            0.8940983039183712,
            -0.13255729123983553,
            0.7767473537724553
        ],
        [
            -0.8851804142360767,
            0.44409819772344444,
            0.13868101900273264,
            0.765240794098935
        ],
        [
            0.1828629180107273,
            0.058008738213142515,
            0.9814255649347646,
            -11.51729999067535
        ],
        [
            0.0,
            0.0,
            0.0,
            1.0
        ]
    ],
    "matrix_probe_in_world_coord": [
        [
            0.9326668719984463,
            -0.04932648172197105,
            0.3573505338985327,
            0.0
        ],
        [
            0.14816446817417966,
            0.9555753465843526,
            -0.25480001446400563,
            0.0
        ],
        [
            -0.328906972025977,
            0.29059018428213823,
            0.8985419013888983,
            6.287883758544922
        ],
        [
            0.0,
            0.0,
            0.0,
            1.0
        ]
    ],
    "intrinsic_matrix_camera": [
        [
            1.3888888888888888,
            0.0,
            -0.5
        ],
        [
            0.0,
            -1.3888888888888888,
            -0.5
        ],
        [
            0.0,
            0.0,
            -1.0
        ]
    ],
    "extrinsic_matrix_camera": [
        [
            0.3075270484069307,
            -0.7979265135503972,
            0.5184017683914951,
            6.3423237800598145
        ],
        [
            0.9515393394380084,
            0.257881078245799,
            -0.16754174102194017,
            -2.866075277328491
        ],
        [
            -9.709527443769096e-09,
            0.5448032933601743,
            0.8385638744567452,
            15.528969764709473
        ],
        [
            0.0,
            0.0,
            0.0,
            1.0
        ]
    ]
}