{
    "matrix_probe_in_cam_coord": [
        [
            -0.6807708240175341,
            0.7323793895451501,
            -0.013096371098908318,
            0.2202293213328673
        ],
        [
            -0.6361903457667821,
            -0.5823091587606907,
            0.5061401856961747,
            0.5652485619940775
        ],
        [
            0.3630605033870104,
            0.3528972561424772,
            0.8623517829096666,
            -11.937673740274493
        ],
        [
            0.0,
            0.0,
            0.0,
            1.0
        ]
    ],
    "matrix_probe_in_world_coord": [
        [
            0.9920725674358647,
            -0.12516075654930522,
            -0.011260815299853823,
            0.0
        ],
        [
            0.12471855409587582,
            0.9916141429461912,
            -0.03386257186518725,
            0.0
        ],
        [
            0.015404648825791957,
            0.032189696008139305,
            0.9993630572847176,
            12.792842864990234
        ],
        [
            0.0,
            0.0,
            0.0,
            1.0
        ]
    ],
    "intrinsic_matrix_camera": [
        [
            1.3888888888888888,
            0.0,
            -0.5
        ],
        [
            0.0,
            -1.3888888888888888,
            -0.5
        ],
        [
            0.0,
            0.0,
            -1.0
        ]
    ],
    "extrinsic_matrix_camera": [
        [
            -0.7668917418790506,
            -0.5639642859936432,
            0.30630269401589727,
            4.144213676452637
        ],
        [
            0.6417764846406544,
            -0.6739099458599845,
            0.3660168420076831,
            4.608978271484375
        ],
        [
            4.976509646453845e-09,
            0.4772731597258258,
            0.8787549891780569,
            23.013355255126953
        ],
        [
            0.0,
            0.0,
            0.0,
            1.0
        ]
    ]
}