{
    "matrix_probe_in_cam_coord": [
        [
            -0.46349002493263086,
            0.7221955995750492,
            0.5134301439751896,
            0.9613659105474132
        ],
        [
            -0.6644103929852543,
            -0.666623315647798,
            0.3378937476898858,
            -1.33265082234771
        ],
        [
            0.5862898826358247,
            -0.1845179421876661,
            0.7888075193161506,
            -12.119187531601188
        ],
        [
            0.0,
            0.0,
            0.0,
            1.0
        ]
    ],
    "matrix_probe_in_world_coord": [
        [
            -0.15457281396036077,
            -0.8082205722183697,
            -0.5682312485488512,
            0.0
        ],
        [
            0.9879512627792412,
            -0.12195260224840668,
            -0.09528832655548276,
            0.0
        ],
        [
            0.007716706375009581,
            -0.5761137643277172,
            0.8173330918266243,
            4.147852420806885
        ],
        [
            0.0,
            0.0,
            0.0,
            1.0
        ]
    ],
    "intrinsic_matrix_camera": [
        [
            1.3888888888888888,
            0.0,
            -0.5
        ],
        [
            0.0,
            -1.3888888888888888,
            -0.5
        ],
        [
            0.0,
            0.0,
            -1.0
        ]
    ],
    "extrinsic_matrix_camera": [
        [
            -0.8037974350993792,
            0.4494766755685359,
            -0.38971836170177604,
            -3.3513309955596924
        ],
        [
            -0.5949030873408366,
            -0.6073059684616536,
            0.5265641246260456,
            6.144122123718262
        ],
        [
            5.129985129538203e-09,
            0.6550955493595648,
            0.7555460417534394,
            14.177470207214355
        ],
        [
            0.0,
            0.0,
            0.0,
            1.0
        ]
    ]
}