{
    "matrix_probe_in_cam_coord": [
        [
            0.9067078686494018,
            -0.3711210564097612,
            -0.2003746551302382,
            -0.754538472935515
        ],
        [
            0.4182306872561087,
            0.7298433525668069,
            0.540751119232616,
            -1.6206856657740927
        ],
        [
            -0.05444201655469827,
            -0.574106124513009,
            0.8169689251312511,
            -12.933330898695296
        ],
        [
            0.0,
            0.0,
            0.0,
            1.0
        ]
    ],
    "matrix_probe_in_world_coord": [
        [
            0.9707092795767245,
            -0.13104965201740368,
            -0.20136902256740924,
            0.0
        ],
        [
            0.13807360457085166,
            0.9901955267074218,
            0.021177785753555976,
            0.0
        ],
        [
            0.19661936391019189,
            -0.04836121994665591,
            0.9792864842020556,
            3.670624017715454
        ],
        [
            0.0,
            0.0,
            0.0,
            1.0
        ]
    ],
    "intrinsic_matrix_camera": [
        [
            1.3888888888888888,
            0.0,
            -0.5
        ],
        [
            0.0,
            -1.3888888888888888,
            -0.5
        ],
        [
            0.0,
            0.0,
            -1.0
        ]
    ],
    "extrinsic_matrix_camera": [
        [
            0.9691342757128966,
            0.2014441674100559,
            -0.14212319675165222,
            -0.7803995609283447
        ],
        [
            -0.2465334777234919,
            0.7918861527894993,
            -0.5586927289501862,
            -6.128378391265869
        ],
        [
            -1.2361134143164083e-10,
            0.5764863991775652,
            0.8171067442894379,
            15.172839164733887
        ],
        [
            0.0,
            0.0,
            0.0,
            1.0
        ]
    ]
}