{
    "matrix_probe_in_cam_coord": [
        [
            0.8711922470207638,
            -0.3861520088622633,
            0.3031677667275179,
            -1.50586892148126
        ],
        [
            0.210478617909929,
            0.8516702108632898,
            0.47995479300743044,
            -1.1285748510277855
        ],
        [
            -0.44353446329866897,
            -0.35432256205288126,
            0.8232452258511093,
            -10.424058064239583
        ],
        [
            0.0,
            0.0,
            0.0,
            1.0
        ]
    ],
    "matrix_probe_in_world_coord": [
        [
            -0.7037883804403625,
            0.5860138347910544,
            -0.4015839899580339,
            0.0
        ],
        [
            -0.7056780169908455,
            -0.6418196435542888,
            0.30014343485026196,
            0.0
        ],
        [
            -0.08185628804801344,
            0.4946264556019303,
            0.865242288336436,
            18.01630973815918
        ],
        [
            0.0,
            0.0,
            0.0,
            1.0
        ]
    ],
    "intrinsic_matrix_camera": [
        [
            1.3888888888888888,
            0.0,
            -0.5
        ],
        [
            0.0,
            -1.3888888888888888,
            -0.5
        ],
        [
            0.0,
            0.0,
            -1.0
        ]
    ],
    "extrinsic_matrix_camera": [
        [
            -0.9611727214976911,
            0.15821595985374137,
            -0.2260856242583359,
            -3.6255712509155273
        ],
        [
            -0.275947457768181,
            -0.5510935247216386,
            0.7874953508187579,
            7.171406269073486
        ],
        [
            9.248730253897863e-09,
            0.8193068027652646,
            0.573355354856445,
            24.917648315429688
        ],
        [
            0.0,
            0.0,
            0.0,
            1.0
        ]
    ]
}