{
    "matrix_probe_in_cam_coord": [
        [
            -0.8029530960595995,
            -0.5923285678589112,
            -0.06643186905781572,
            -1.2187418898220157
        ],
        [
            0.1335049027937765,
            -0.28735258606546,
            0.948475056188362,
            -0.8187155111620097
        ],
        [
            -0.5808982410528782,
            0.7527120026807758,
            0.30980941651597443,
            -10.351886514859794
        ],
        [
            0.0,
            0.0,
            0.0,
            1.0
        ]
    ],
    "matrix_probe_in_world_coord": [
        [
            0.9782835977837023,
            0.2046700922019753,
            0.032731569858627234,
            0.0
        ],
        [
            -0.20680497721584998,
            0.9744191009047292,
            0.08797225239114423,
            0.0
        ],
        [
            -0.013888977864732947,
            -0.0928308631331969,
            0.9955850175368343,
            7.976899147033691
        ],
        [
            0.0,
            0.0,
            0.0,
            1.0
        ]
    ],
    "intrinsic_matrix_camera": [
        [
            1.3888888888888888,
            0.0,
            -0.5
        ],
        [
            0.0,
            -1.3888888888888888,
            -0.5
        ],
        [
            0.0,
            0.0,
            -1.0
        ]
    ],
    "extrinsic_matrix_camera": [
        [
            -0.9089222056252002,
            0.10283825390316016,
            -0.40408503765367304,
            -5.2065887451171875
        ],
        [
            -0.4169657349488339,
            -0.22417183990731818,
            0.8808442325809634,
            8.426692962646484
        ],
        [
            -3.5305464582370485e-09,
            0.9691084973968173,
            0.2466347912872049,
            11.323458671569824
        ],
        [
            0.0,
            0.0,
            0.0,
            1.0
        ]
    ]
}