{
    "matrix_probe_in_cam_coord": [
        [
            0.4408112891832831,
            -0.8696419499964286,
            -0.22227974746922322,
            0.24240048882086596
        ],
        [
            -0.8971743875778425,
            -0.41925541610325606,
            -0.1389352883266498,
            0.8676104024971396
        ],
        [
            0.027631967047167895,
            0.2606679398669794,
            -0.9650330043695965,
            -11.645854084658554
        ],
        [
            0.0,
            0.0,
            0.0,
            1.0
        ]
    ],
    "matrix_probe_in_world_coord": [
        [
            -0.7235775548918686,
            -0.6897059649491946,
            -0.027225061436217723,
            0.0
        ],
        [
            -0.6768486161536338,
            0.7012514596988009,
            0.22388019358847386,
            0.0
        ],
        [
            -0.13531989087941362,
            0.18042192822326772,
            -0.9742363445019808,
            16.172622680664062
        ],
        [
            0.0,
            0.0,
            0.0,
            1.0
        ]
    ],
    "intrinsic_matrix_camera": [
        [
            1.3888888888888888,
            0.0,
            -0.5
        ],
        [
            0.0,
            -1.3888888888888888,
            -0.5
        ],
        [
            0.0,
            0.0,
            -1.0
        ]
    ],
    "extrinsic_matrix_camera": [
        [
            0.2868876652674901,
            0.9421207327592085,
            -0.17350502131817597,
            -2.9075496196746826
        ],
        [
            -0.9579642308131179,
            0.28214291090466914,
            -0.051960661166611646,
            -0.6177054047584534
        ],
        [
            -4.4016542756916046e-09,
            0.18111847705712442,
            0.9834612840719801,
            27.46872901916504
        ],
        [
            0.0,
            0.0,
            0.0,
            1.0
        ]
    ]
}