{
    "matrix_probe_in_cam_coord": [
        [
            0.6284964195752087,
            -0.39405482700796907,
            -0.6706064746875495,
            0.8205862116388558
        ],
        [
            0.6946407019226218,
            0.6722670462770239,
            0.255990846950458,
            -1.346296538344225
        ],
        [
            0.34995220504176056,
            -0.6267198830432024,
            0.6962439532123237,
            -11.72998516894486
        ],
        [
            0.0,
            0.0,
            0.0,
            1.0
        ]
    ],
    "matrix_probe_in_world_coord": [
        [
            0.04329048228303309,
            -0.9943037382883042,
            0.09739615069193329,
            0.0
        ],
        [
            0.6555614984482622,
            -0.04529391587709411,
            -0.7537821853405583,
            0.0
        ],
        [
            0.7538998977954378,
            0.0964807608304479,
            0.6498664531221829,
            5.506198406219482
        ],
        [
            0.0,
            0.0,
            0.0,
            1.0
        ]
    ],
    "intrinsic_matrix_camera": [
        [
            1.3888888888888888,
            0.0,
            -0.5
        ],
        [
            0.0,
            -1.3888888888888888,
            -0.5
        ],
        [
            0.0,
            0.0,
            -1.0
        ]
    ],
    "extrinsic_matrix_camera": [
        [
            0.3537036114374902,
            -0.6134337831362839,
            0.7061110032871484,
            7.166563510894775
        ],
        [
            0.935357554765062,
            0.231968752353036,
            -0.26701449899902363,
            -3.5873188972473145
        ],
        [
            2.581794029203165e-08,
            0.7549102540294987,
            0.6558281088525536,
            14.215385437011719
        ],
        [
            0.0,
            0.0,
            0.0,
            1.0
        ]
    ]
}