{
    "matrix_probe_in_cam_coord": [
        [
            -0.28433034860769446,
            0.6754098317787413,
            0.6804247291194224,
            0.3028064184981595
        ],
        [
            -0.8491195374919525,
            -0.5069331638165975,
            0.14837377959851167,
            -0.618601520679742
        ],
        [
            0.445142970190567,
            -0.535574762810485,
            0.7176401671662567,
            -12.340647088950789
        ],
        [
            0.0,
            0.0,
            0.0,
            1.0
        ]
    ],
    "matrix_probe_in_world_coord": [
        [
            -0.3017572902584999,
            -0.6148224008496845,
            -0.7286535206730819,
            0.0
        ],
        [
            0.9443871721895223,
            -0.2975157504995495,
            -0.14006158362865792,
            0.0
        ],
        [
            -0.1306728999438106,
            -0.7303956418394895,
            0.6704079352171745,
            12.666436195373535
        ],
        [
            0.0,
            0.0,
            0.0,
            1.0
        ]
    ],
    "intrinsic_matrix_camera": [
        [
            1.3888888888888888,
            0.0,
            -0.5
        ],
        [
            0.0,
            -1.3888888888888888,
            -0.5
        ],
        [
            0.0,
            0.0,
            -1.0
        ]
    ],
    "extrinsic_matrix_camera": [
        [
            -0.82525221322347,
            0.4597887987071418,
            -0.32795280933879495,
            -3.5128321647644043
        ],
        [
            -0.5647643619862751,
            -0.6718584647164308,
            0.4792154200556531,
            5.669229984283447
        ],
        [
            1.1327523950874618e-08,
            0.5806896451395736,
            0.8141250125304319,
            23.072481155395508
        ],
        [
            0.0,
            0.0,
            0.0,
            1.0
        ]
    ]
}