{
    "matrix_probe_in_cam_coord": [
        [
            0.06249244705919022,
            -0.9723842779207909,
            -0.22486331428896217,
            -0.19012938267871687
        ],
        [
            0.08176031985213272,
            -0.21955862867129552,
            0.9721672997348025,
            0.5022488177887219
        ],
        [
            -0.994690878694598,
            -0.07913801001062923,
            0.06578169360335964,
            -9.654378749834486
        ],
        [
            0.0,
            0.0,
            0.0,
            1.0
        ]
    ],
    "matrix_probe_in_world_coord": [
        [
            0.9932417075121385,
            -0.040792053033524664,
            0.10865964691495152,
            0.0
        ],
        [
            0.014330089320337872,
            0.9721398835272546,
            0.2339630214279327,
            0.0
        ],
        [
            -0.11517620847398546,
            -0.23082472845197127,
            0.966154431618792,
            15.454595565795898
        ],
        [
            0.0,
            0.0,
            0.0,
            1.0
        ]
    ],
    "intrinsic_matrix_camera": [
        [
            1.3888888888888888,
            0.0,
            -0.5
        ],
        [
            0.0,
            -1.3888888888888888,
            -0.5
        ],
        [
            0.0,
            0.0,
            -1.0
        ]
    ],
    "extrinsic_matrix_camera": [
        [
            0.07730208752282805,
            0.19579936245284377,
            -0.9775924492996418,
            -9.521690368652344
        ],
        [
            -0.9970077167527908,
            0.01518113176181259,
            -0.07579674118204222,
            -0.928955614566803
        ],
        [
            6.1827238750252835e-09,
            0.9805264621118037,
            0.1963870084769091,
            16.858121871948242
        ],
        [
            0.0,
            0.0,
            0.0,
            1.0
        ]
    ]
}