{
    "matrix_probe_in_cam_coord": [
        [
            -0.608185674775931,
            0.7917225552564051,
            -0.057319983388116114,
            -0.43083957974489473
        ],
        [
            -0.4332875309810784,
            -0.27060349961989316,
            0.8596718336026762,
            1.0782663084099635
        ],
        [
            0.6651105926788916,
            0.5476761282836187,
            0.5076206832021314,
            -10.633893079802206
        ],
        [
            0.0,
            0.0,
            0.0,
            1.0
        ]
    ],
    "matrix_probe_in_world_coord": [
        [
            0.9861582052128991,
            -0.08304932885964264,
            0.14350889612576648,
            0.0
        ],
        [
            0.07609809063542967,
            0.9956760658797429,
            0.053275251626616234,
            0.0
        ],
        [
            -0.14731284700566696,
            -0.04161707354200042,
            0.9882140174561805,
            9.800822257995605
        ],
        [
            0.0,
            0.0,
            0.0,
            1.0
        ]
    ],
    "intrinsic_matrix_camera": [
        [
            1.3888888888888888,
            0.0,
            -0.5
        ],
        [
            0.0,
            -1.3888888888888888,
            -0.5
        ],
        [
            0.0,
            0.0,
            -1.0
        ]
    ],
    "extrinsic_matrix_camera": [
        [
            -0.6737452478722896,
            -0.2814460589921925,
            0.6832682173548467,
            7.278998851776123
        ],
        [
            0.738963693945451,
            -0.2566065484671284,
            0.622965278578414,
            7.219611167907715
        ],
        [
            -2.3612153031527766e-08,
            0.9246303018837044,
            0.380865862001898,
            12.853911399841309
        ],
        [
            0.0,
            0.0,
            0.0,
            1.0
        ]
    ]
}