{
    "matrix_probe_in_cam_coord": [
        [
            -0.8085174530089585,
            -0.5122638396419049,
            -0.28962956819917146,
            -0.09228180212765623
        ],
        [
            -0.1776652714260451,
            -0.25671796940462305,
            0.9500162817098854,
            -0.21146934557205732
        ],
        [
            -0.5610121028186607,
            0.819561860252232,
            0.11654946465293073,
            -12.791601485258905
        ],
        [
            0.0,
            0.0,
            0.0,
            1.0
        ]
    ],
    "matrix_probe_in_world_coord": [
        [
            0.8772468873634802,
            0.028688990306363744,
            0.479181427484712,
            0.0
        ],
        [
            0.10219334829109174,
            0.9641696463298989,
            -0.24481301571022096,
            0.0
        ],
        [
            -0.46903562570037316,
            0.2637306105314259,
            0.8428829971547537,
            15.151812553405762
        ],
        [
            0.0,
            0.0,
            0.0,
            1.0
        ]
    ],
    "intrinsic_matrix_camera": [
        [
            1.3888888888888888,
            0.0,
            -0.5
        ],
        [
            0.0,
            -1.3888888888888888,
            -0.5
        ],
        [
            0.0,
            0.0,
            -1.0
        ]
    ],
    "extrinsic_matrix_camera": [
        [
            -0.8627508612924054,
            0.29200887231665684,
            -0.4127853798616992,
            -5.298051357269287
        ],
        [
            -0.5056292627402145,
            -0.49825223362866666,
            0.7043321378049081,
            8.857510566711426
        ],
        [
            -4.2285578938862335e-09,
            0.8163795258165158,
            0.5775157745270695,
            22.711803436279297
        ],
        [
            0.0,
            0.0,
            0.0,
            1.0
        ]
    ]
}