{
    "matrix_probe_in_cam_coord": [
        [
            -0.7903303144255369,
            -0.6117325106506993,
            -0.03407828506577307,
            -1.8522737623626253
        ],
        [
            -0.40431677866624544,
            0.4789518794572678,
            0.7791874226739685,
            -0.11958712256388737
        ],
        [
            -0.46033241965886157,
            0.6295938631986042,
            -0.6258639075978695,
            -12.508035839896342
        ],
        [
            0.0,
            0.0,
            0.0,
            1.0
        ]
    ],
    "matrix_probe_in_world_coord": [
        [
            0.24867091754639842,
            0.6965467803637121,
            0.6730418690776816,
            0.0
        ],
        [
            0.824661891390765,
            0.21220806960762698,
            -0.5243095460519586,
            0.0
        ],
        [
            -0.5080310420185351,
            0.6854125166338526,
            -0.5216456099568079,
            10.842775344848633
        ],
        [
            0.0,
            0.0,
            0.0,
            1.0
        ]
    ],
    "intrinsic_matrix_camera": [
        [
            1.3888888888888888,
            0.0,
            -0.5
        ],
        [
            0.0,
            -1.3888888888888888,
            -0.5
        ],
        [
            0.0,
            0.0,
            -1.0
        ]
    ],
    "extrinsic_matrix_camera": [
        [
            -0.6455685878661165,
            0.7574963245730783,
            -0.09716232098311518,
            -2.320492744445801
        ],
        [
            -0.7637022969459685,
            -0.6403225895129394,
            0.08213271576476396,
            -0.46384111046791077
        ],
        [
            1.3440182872631062e-09,
            0.12722538904527433,
            0.9918738328952321,
            23.26438331604004
        ],
        [
            0.0,
            0.0,
            0.0,
            1.0
        ]
    ]
}