{
    "matrix_probe_in_cam_coord": [
        [
            -0.07992652071694346,
            -0.08690183737362424,
            0.9930054491024566,
            1.9649248195553852
        ],
        [
            -0.994663489529657,
            0.07215358202915562,
            -0.07374553001400648,
            0.3328006337615652
        ],
        [
            -0.06524027807090362,
            -0.9936004887586605,
            -0.09220506957744289,
            -10.581347415884162
        ],
        [
            0.0,
            0.0,
            0.0,
            1.0
        ]
    ],
    "matrix_probe_in_world_coord": [
        [
            0.24532595312884609,
            0.02869259668619374,
            -0.9690159501354075,
            0.0
        ],
        [
            0.9164692429861288,
            -0.3327531819451468,
            0.22216985971506542,
            0.0
        ],
        [
            -0.31606851058252394,
            -0.9425773468531817,
            -0.10792887388165177,
            11.874926567077637
        ],
        [
            0.0,
            0.0,
            0.0,
            1.0
        ]
    ],
    "intrinsic_matrix_camera": [
        [
            1.3888888888888888,
            0.0,
            -0.5
        ],
        [
            0.0,
            -1.3888888888888888,
            -0.5
        ],
        [
            0.0,
            0.0,
            -1.0
        ]
    ],
    "extrinsic_matrix_camera": [
        [
            -0.9843396079978618,
            -0.17048590014793877,
            0.04483407161259459,
            2.4652960300445557
        ],
        [
            0.17628254629036932,
            -0.9519718633419535,
            0.2503478285878136,
            2.6194522380828857
        ],
        [
            -2.126270306972511e-10,
            0.2543307477596773,
            0.9671172993716967,
            22.02368927001953
        ],
        [
            0.0,
            0.0,
            0.0,
            1.0
        ]
    ]
}