{
    "matrix_probe_in_cam_coord": [
        [
            0.014250126676909634,
            -0.9823256683738455,
            0.18663658575844522,
            -0.2734034230026157
        ],
        [
            0.8801658158724867,
            0.10089145634775466,
            0.4638200627458338,
            0.34726222508892857
        ],
        [
            -0.4744523900869424,
            0.15766164812631697,
            0.8660471893903249,
            -13.872877747873762
        ],
        [
            0.0,
            0.0,
            0.0,
            1.0
        ]
    ],
    "matrix_probe_in_world_coord": [
        [
            0.3009348422082559,
            -0.9300174383123482,
            0.2109639428433912,
            0.0
        ],
        [
            0.9465198645146887,
            0.3182772745824685,
            0.05291240462737356,
            0.0
        ],
        [
            -0.11635448776986262,
            0.18375837646021317,
            0.9760607011126506,
            18.22640609741211
        ],
        [
            0.0,
            0.0,
            0.0,
            1.0
        ]
    ],
    "intrinsic_matrix_camera": [
        [
            1.3888888888888888,
            0.0,
            -0.5
        ],
        [
            0.0,
            -1.3888888888888888,
            -0.5
        ],
        [
            0.0,
            0.0,
            -1.0
        ]
    ],
    "extrinsic_matrix_camera": [
        [
            0.9572419513229029,
            0.26889105634327687,
            -0.10670260749446389,
            -1.3119347095489502
        ],
        [
            -0.2892885179669613,
            0.8897477213794072,
            -0.35307385300051813,
            -5.286218643188477
        ],
        [
            5.829403508975612e-10,
            0.36884494319259564,
            0.9294909401824477,
            30.99303436279297
        ],
        [
            0.0,
            0.0,
            0.0,
            1.0
        ]
    ]
}