{
    "matrix_probe_in_cam_coord": [
        [
            0.9879586765675278,
            -0.14966924265503398,
            -0.0392016734082714,
            -0.33772134408001697
        ],
        [
            0.14134163673748598,
            0.7700338377502024,
            0.6221498456514026,
            0.6188294980403839
        ],
        [
            -0.06293008119579042,
            -0.6201991668188247,
            0.7819161069820264,
            -12.024830677864164
        ],
        [
            0.0,
            0.0,
            0.0,
            1.0
        ]
    ],
    "matrix_probe_in_world_coord": [
        [
            0.9982957523157431,
            0.04684049377952215,
            -0.03480745682803713,
            0.0
        ],
        [
            -0.04595294555264731,
            0.9986084093063271,
            0.02587608273528347,
            0.0
        ],
        [
            0.03597106758744525,
            -0.024232478312759306,
            0.9990589918975965,
            14.557636260986328
        ],
        [
            0.0,
            0.0,
            0.0,
            1.0
        ]
    ],
    "intrinsic_matrix_camera": [
        [
            1.3888888888888888,
            0.0,
            -0.5
        ],
        [
            0.0,
            -1.3888888888888888,
            -0.5
        ],
        [
            0.0,
            0.0,
            -1.0
        ]
    ],
    "extrinsic_matrix_camera": [
        [
            0.9806288796060214,
            0.15551406687446565,
            -0.11908977910300801,
            -1.197091817855835
        ],
        [
            -0.19587496134687307,
            0.7785660021702753,
            -0.5962113549589239,
            -7.717291355133057
        ],
        [
            6.891722748771714e-10,
            0.6079887789003668,
            0.7939456182455072,
            23.728456497192383
        ],
        [
            0.0,
            0.0,
            0.0,
            1.0
        ]
    ]
}