{
    "matrix_probe_in_cam_coord": [
        [
            -0.6469819513378285,
            0.6385648078969782,
            -0.4167125397184377,
            1.2213007379217267
        ],
        [
            -0.037893891897983555,
            0.5189026148816819,
            0.8539930498697144,
            0.5757758689151871
        ],
        [
            0.7615631343492931,
            0.5683089497662763,
            -0.3115229205301476,
            -11.105905391722152
        ],
        [
            0.0,
            0.0,
            0.0,
            1.0
        ]
    ],
    "matrix_probe_in_world_coord": [
        [
            0.17861928706151295,
            -0.5803939769522309,
            0.7945048658172017,
            0.0
        ],
        [
            0.8693966977686877,
            -0.28499105307306105,
            -0.40364524223284054,
            0.0
        ],
        [
            0.46070004579828044,
            0.7628387320960313,
            0.4536877082482855,
            11.675506591796875
        ],
        [
            0.0,
            0.0,
            0.0,
            1.0
        ]
    ],
    "intrinsic_matrix_camera": [
        [
            1.3888888888888888,
            0.0,
            -0.5
        ],
        [
            0.0,
            -1.3888888888888888,
            -0.5
        ],
        [
            0.0,
            0.0,
            -1.0
        ]
    ],
    "extrinsic_matrix_camera": [
        [
            -0.8172627637400369,
            0.3705651012386654,
            -0.4413197035573806,
            -4.1164937019348145
        ],
        [
            -0.576265195030896,
            -0.5255376586190296,
            0.6258822527993838,
            7.957374095916748
        ],
        [
            -3.3379023682639103e-09,
            0.765827444740136,
            0.6430461296693992,
            18.376171112060547
        ],
        [
            0.0,
            0.0,
            0.0,
            1.0
        ]
    ]
}