{
    "matrix_probe_in_cam_coord": [
        [
            -0.7498810928193665,
            -0.15227346068144976,
            0.643809863083914,
            1.2891698035743364
        ],
        [
            -0.01979973828390041,
            -0.9675491632584199,
            -0.2519059091046122,
            1.0389250826516756
        ],
        [
            0.6612762788698247,
            -0.20164674520067796,
            0.7225318492316111,
            -13.049154494129532
        ],
        [
            0.0,
            0.0,
            0.0,
            1.0
        ]
    ],
    "matrix_probe_in_world_coord": [
        [
            0.8259701776165523,
            0.5083128274704762,
            -0.24370337526807306,
            0.0
        ],
        [
            -0.085957433174257,
            0.5408314391688168,
            0.8367273594718174,
            0.0
        ],
        [
            0.5571216970915552,
            -0.6701637291256194,
            0.49040390576979426,
            12.912534713745117
        ],
        [
            0.0,
            0.0,
            0.0,
            1.0
        ]
    ],
    "intrinsic_matrix_camera": [
        [
            1.3888888888888888,
            0.0,
            -0.5
        ],
        [
            0.0,
            -1.3888888888888888,
            -0.5
        ],
        [
            0.0,
            0.0,
            -1.0
        ]
    ],
    "extrinsic_matrix_camera": [
        [
            -0.853680609439434,
            -0.4467813239409287,
            0.26761140791212035,
            5.056814193725586
        ],
        [
            0.5207969057772102,
            -0.732355637911679,
            0.43866365538059027,
            5.813656806945801
        ],
        [
            -5.361783990459625e-09,
            0.5138498498555473,
            0.8578801383663287,
            23.573293685913086
        ],
        [
            0.0,
            0.0,
            0.0,
            1.0
        ]
    ]
}