{
    "matrix_probe_in_cam_coord": [
        [
            -0.3304071484156435,
            -0.7608065220721211,
            0.5585736766518505,
            0.046318935054055044
        ],
        [
            0.41930655961617613,
            0.41188240947661753,
            0.8090333057585346,
            -1.6467679063825922
        ],
        [
            -0.8455844874042386,
            0.5015239941780046,
            0.18292227290587582,
            -13.448257907559341
        ],
        [
            0.0,
            0.0,
            0.0,
            1.0
        ]
    ],
    "matrix_probe_in_world_coord": [
        [
            0.5971468344276483,
            0.014266514337864664,
            0.80200506525937,
            0.0
        ],
        [
            0.48785412392703154,
            0.7872011993652442,
            -0.3772434565175513,
            0.0
        ],
        [
            -0.6367212984504503,
            0.6165312143651517,
            0.46311472640481227,
            8.432092666625977
        ],
        [
            0.0,
            0.0,
            0.0,
            1.0
        ]
    ],
    "intrinsic_matrix_camera": [
        [
            1.3888888888888888,
            0.0,
            -0.5
        ],
        [
            0.0,
            -1.3888888888888888,
            -0.5
        ],
        [
            0.0,
            0.0,
            -1.0
        ]
    ],
    "extrinsic_matrix_camera": [
        [
            0.23982327809118306,
            0.905112520211737,
            -0.3510785112215739,
            -3.241992473602295
        ],
        [
            -0.9708165610894774,
            0.22359224033367664,
            -0.08672782008656932,
            -0.7531663775444031
        ],
        [
            -4.953981330387657e-09,
            0.3616321830514053,
            0.9323208483035628,
            21.56570816040039
        ],
        [
            0.0,
            0.0,
            0.0,
            1.0
        ]
    ]
}