{
    "matrix_probe_in_cam_coord": [
        [
            0.7759351537083531,
            0.423752309933324,
            -0.4672885800720649,
            0.963740776193125
        ],
        [
            0.24787720591228343,
            0.47636437775455276,
            0.8435839438939301,
            -1.1592546967816357
        ],
        [
            0.5800702785255543,
            -0.7703966247542169,
            0.2645893280890144,
            -12.156963642114311
        ],
        [
            0.0,
            0.0,
            0.0,
            1.0
        ]
    ],
    "matrix_probe_in_world_coord": [
        [
            -0.31789786821235694,
            0.8395526016507942,
            -0.4405591611207532,
            0.0
        ],
        [
            -0.9230399933238063,
            -0.16786856079520915,
            0.3461463809161274,
            0.0
        ],
        [
            0.2166520623276561,
            0.5166929217223011,
            0.8283056854394067,
            15.575626373291016
        ],
        [
            0.0,
            0.0,
            0.0,
            1.0
        ]
    ],
    "intrinsic_matrix_camera": [
        [
            1.3888888888888888,
            0.0,
            -0.5
        ],
        [
            0.0,
            -1.3888888888888888,
            -0.5
        ],
        [
            0.0,
            0.0,
            -1.0
        ]
    ],
    "extrinsic_matrix_camera": [
        [
            0.3149624878629999,
            -0.050515317317200194,
            -0.9477588479964153,
            -11.88397216796875
        ],
        [
            -0.9491041203361986,
            -0.01676364782032258,
            -0.31451605503154656,
            -2.9283032417297363
        ],
        [
            -1.7225133982779076e-08,
            0.9985825868840787,
            -0.05322421602899319,
            16.086193084716797
        ],
        [
            0.0,
            0.0,
            0.0,
            1.0
        ]
    ]
}