{
    "matrix_probe_in_cam_coord": [
        [
            0.0853264120992731,
            -0.913864650105894,
            -0.39695189215457394,
            0.18848000728259992
        ],
        [
            -0.9963341953706718,
            -0.07580964502725249,
            -0.03963671096241229,
            -0.46904810559820387
        ],
        [
            0.006129806957878813,
            0.3988788024045317,
            -0.9169831658536516,
            -14.46165542673631
        ],
        [
            0.0,
            0.0,
            0.0,
            1.0
        ]
    ],
    "matrix_probe_in_world_coord": [
        [
            -0.37398212074077153,
            -0.5698798044088105,
            0.7316928193533204,
            0.0
        ],
        [
            -0.16277470851178266,
            0.817027675317984,
            0.5531457059703121,
            0.0
        ],
        [
            -0.9130398499710399,
            0.08776551880702738,
            -0.398315761768718,
            6.581703186035156
        ],
        [
            0.0,
            0.0,
            0.0,
            1.0
        ]
    ],
    "intrinsic_matrix_camera": [
        [
            1.3888888888888888,
            0.0,
            -0.5
        ],
        [
            0.0,
            -1.3888888888888888,
            -0.5
        ],
        [
            0.0,
            0.0,
            -1.0
        ]
    ],
    "extrinsic_matrix_camera": [
        [
            0.19843560638817045,
            0.386811664237726,
            -0.9005554100259461,
            -12.87948989868164
        ],
        [
            -0.9801139271112101,
            0.07831455372084023,
            -0.18232805751761608,
            -2.4153003692626953
        ],
        [
            -2.432855063214233e-08,
            0.9188272781568614,
            0.39465989524507433,
            12.720112800598145
        ],
        [
            0.0,
            0.0,
            0.0,
            1.0
        ]
    ]
}