{
    "matrix_probe_in_cam_coord": [
        [
            0.848973095911632,
            0.4133400638306102,
            -0.32923346435428724,
            0.050696823975201796
        ],
        [
            0.028511574313692098,
            0.5862968996816684,
            0.8095943648234085,
            0.14711874610444475
        ],
        [
            0.527666345855384,
            -0.6967107987222322,
            0.48596531809940496,
            -10.271427956314241
        ],
        [
            0.0,
            0.0,
            0.0,
            1.0
        ]
    ],
    "matrix_probe_in_world_coord": [
        [
            -0.34671976212404765,
            -0.914353966811722,
            0.20914643178479597,
            0.0
        ],
        [
            0.8818244376192679,
            -0.3937460559617871,
            -0.2595182163779632,
            0.0
        ],
        [
            0.31964209323883774,
            0.09445034033927976,
            0.9428192114290461,
            8.30195140838623
        ],
        [
            0.0,
            0.0,
            0.0,
            1.0
        ]
    ],
    "intrinsic_matrix_camera": [
        [
            1.3888888888888888,
            0.0,
            -0.5
        ],
        [
            0.0,
            -1.3888888888888888,
            -0.5
        ],
        [
            0.0,
            0.0,
            -1.0
        ]
    ],
    "extrinsic_matrix_camera": [
        [
            -0.7411528811637723,
            -0.37664464962127897,
            0.5557258448680458,
            5.801083564758301
        ],
        [
            0.67133628439303,
            -0.41581437443608993,
            0.6135193552526962,
            6.328859329223633
        ],
        [
            1.1946749222062118e-08,
            0.827790561630167,
            0.5610372412558837,
            13.942821502685547
        ],
        [
            0.0,
            0.0,
            0.0,
            1.0
        ]
    ]
}