{
    "matrix_probe_in_cam_coord": [
        [
            -0.9407763572127289,
            0.3299830679012722,
            0.07778830637063466,
            -0.48892289621362445
        ],
        [
            -0.19011751409936384,
            -0.32351341747497603,
            -0.9269273971279197,
            0.43573571151429213
        ],
        [
            -0.28070478539245736,
            -0.8868202995038655,
            0.36708933496582,
            -10.2456593869358
        ],
        [
            0.0,
            0.0,
            0.0,
            1.0
        ]
    ],
    "matrix_probe_in_world_coord": [
        [
            0.906689397806704,
            -0.10147751130108755,
            -0.4094101251862905,
            0.0
        ],
        [
            0.27320197989356154,
            -0.5982253820868302,
            0.7533173769463334,
            0.0
        ],
        [
            -0.32136430120216275,
            -0.7948765356501624,
            -0.5146807544348652,
            14.03622055053711
        ],
        [
            0.0,
            0.0,
            0.0,
            1.0
        ]
    ],
    "intrinsic_matrix_camera": [
        [
            1.3888888888888888,
            0.0,
            -0.5
        ],
        [
            0.0,
            -1.3888888888888888,
            -0.5
        ],
        [
            0.0,
            0.0,
            -1.0
        ]
    ],
    "extrinsic_matrix_camera": [
        [
            -0.9183251295433442,
            0.2399452638033546,
            -0.3148098264469186,
            -3.778977155685425
        ],
        [
            -0.395826927392769,
            -0.5566770589093014,
            0.7303640842996665,
            7.532096862792969
        ],
        [
            -5.422439270978842e-09,
            0.7953218986438316,
            0.6061873287504213,
            19.90045928955078
        ],
        [
            0.0,
            0.0,
            0.0,
            1.0
        ]
    ]
}