{
    "matrix_probe_in_cam_coord": [
        [
            0.5425973103209969,
            0.8025396395732823,
            -0.2480288002349847,
            1.1985043400600237
        ],
        [
            -0.2914404412382452,
            0.4567961630689817,
            0.8404758977010068,
            -1.1668008416885254
        ],
        [
            0.7878138282889408,
            -0.38375433850191526,
            0.4817488761146006,
            -15.848628754421165
        ],
        [
            0.0,
            0.0,
            0.0,
            1.0
        ]
    ],
    "matrix_probe_in_world_coord": [
        [
            -0.6199873527460027,
            0.7843537090693676,
            0.020123158403424064,
            0.0
        ],
        [
            -0.753131561775331,
            -0.6021083862447736,
            0.2650629017262982,
            0.0
        ],
        [
            0.2200193925381449,
            0.14918026103623835,
            0.9640211183497513,
            10.190397262573242
        ],
        [
            0.0,
            0.0,
            0.0,
            1.0
        ]
    ],
    "intrinsic_matrix_camera": [
        [
            1.3888888888888888,
            0.0,
            -0.5
        ],
        [
            0.0,
            -1.3888888888888888,
            -0.5
        ],
        [
            0.0,
            0.0,
            -1.0
        ]
    ],
    "extrinsic_matrix_camera": [
        [
            0.2880803501057413,
            0.5558921820619354,
            -0.7797394396882676,
            -12.054450988769531
        ],
        [
            -0.957606240520055,
            0.16723117436162635,
            -0.23457199841131474,
            -2.374823808670044
        ],
        [
            2.1476509628220944e-09,
            0.814258936852431,
            0.5805018378575115,
            20.340633392333984
        ],
        [
            0.0,
            0.0,
            0.0,
            1.0
        ]
    ]
}