{
    "matrix_probe_in_cam_coord": [
        [
            0.6527732472281523,
            -0.4587571877812917,
            -0.6028506700354692,
            0.3926409558430257
        ],
        [
            0.7523906189132747,
            0.2998628904983327,
            0.5865071214173657,
            0.2581086859130277
        ],
        [
            -0.08829181317943885,
            -0.8364353469103187,
            0.5409070771994959,
            -10.968280156454032
        ],
        [
            0.0,
            0.0,
            0.0,
            1.0
        ]
    ],
    "matrix_probe_in_world_coord": [
        [
            -0.38291756865300025,
            -0.7116257254545736,
            -0.5890356207294487,
            0.0
        ],
        [
            0.9068580952957386,
            -0.16807655649139655,
            -0.3864694892932429,
            0.0
        ],
        [
            0.1760185519013845,
            -0.682157678274786,
            0.7097030163084369,
            4.077690601348877
        ],
        [
            0.0,
            0.0,
            0.0,
            1.0
        ]
    ],
    "intrinsic_matrix_camera": [
        [
            1.3888888888888888,
            0.0,
            -0.5
        ],
        [
            0.0,
            -1.3888888888888888,
            -0.5
        ],
        [
            0.0,
            0.0,
            -1.0
        ]
    ],
    "extrinsic_matrix_camera": [
        [
            0.43160559048354047,
            -0.8469673197856987,
            0.3104238610003825,
            3.4539594650268555
        ],
        [
            0.9020624225979901,
            0.4052444938505384,
            -0.14852705457412993,
            -2.0878701210021973
        ],
        [
            8.980851648962627e-10,
            0.34412680717847505,
            0.9389231814057789,
            14.287240982055664
        ],
        [
            0.0,
            0.0,
            0.0,
            1.0
        ]
    ]
}