{
    "matrix_probe_in_cam_coord": [
        [
            0.09238268011927013,
            0.9119545005831272,
            0.39975546185156724,
            0.4281445757665894
        ],
        [
            0.5201947410777685,
            -0.3865316133614946,
            0.7615712331930569,
            -1.2803745035915401
        ],
        [
            0.849036437244606,
            0.13759469734818747,
            -0.510102761698706,
            -12.574800301609654
        ],
        [
            0.0,
            0.0,
            0.0,
            1.0
        ]
    ],
    "matrix_probe_in_world_coord": [
        [
            0.5727673723130264,
            0.636311629538909,
            -0.5167640151240885,
            0.0
        ],
        [
            -0.16803108335038847,
            0.7081697918301597,
            0.6857558610521116,
            0.0
        ],
        [
            0.80231109442767,
            -0.3059461652852778,
            0.5125366832778975,
            11.179991722106934
        ],
        [
            0.0,
            0.0,
            0.0,
            1.0
        ]
    ],
    "intrinsic_matrix_camera": [
        [
            1.3888888888888888,
            0.0,
            -0.5
        ],
        [
            0.0,
            -1.3888888888888888,
            -0.5
        ],
        [
            0.0,
            0.0,
            -1.0
        ]
    ],
    "extrinsic_matrix_camera": [
        [
            0.4266218017363405,
            -0.341556594096035,
            0.8374562265054544,
            9.910868644714355
        ],
        [
            0.904430117965583,
            0.16111303870436555,
            -0.39503006274992164,
            -5.1483659744262695
        ],
        [
            5.3642210426592835e-09,
            0.9259490708397314,
            0.3776484055454729,
            17.11440658569336
        ],
        [
            0.0,
            0.0,
            0.0,
            1.0
        ]
    ]
}