{
    "matrix_probe_in_cam_coord": [
        [
            -0.7138328743022512,
            -0.28170192049145826,
            -0.6411603976828348,
            -1.489497949924771
        ],
        [
            -0.5319303490103144,
            0.813596089938758,
            0.23475839971794435,
            -0.3313979676138441
        ],
        [
            0.45551370052628715,
            0.5086309373482792,
            -0.7306174362859537,
            -14.555121803313732
        ],
        [
            0.0,
            0.0,
            0.0,
            1.0
        ]
    ],
    "matrix_probe_in_world_coord": [
        [
            0.4741431439772087,
            0.37672010305485565,
            0.7957827863014801,
            0.0
        ],
        [
            0.8785073975772981,
            -0.26239933127068504,
            -0.39921340577523273,
            0.0
        ],
        [
            0.05842115559770529,
            0.8883853639626424,
            -0.45536624125597236,
            15.831801414489746
        ],
        [
            0.0,
            0.0,
            0.0,
            1.0
        ]
    ],
    "intrinsic_matrix_camera": [
        [
            1.3888888888888888,
            0.0,
            -0.5
        ],
        [
            0.0,
            -1.3888888888888888,
            -0.5
        ],
        [
            0.0,
            0.0,
            -1.0
        ]
    ],
    "extrinsic_matrix_camera": [
        [
            -0.9548061475484609,
            0.24110356822533424,
            -0.17382258194112216,
            -3.8722894191741943
        ],
        [
            -0.29722923914659966,
            -0.774510516811553,
            0.5583800128448673,
            7.427895545959473
        ],
        [
            -4.250131567718378e-09,
            0.5848098227093252,
            0.811170432931753,
            27.832290649414062
        ],
        [
            0.0,
            0.0,
            0.0,
            1.0
        ]
    ]
}