{
    "matrix_probe_in_cam_coord": [
        [
            0.7022238551677427,
            0.7116837779800106,
            -0.01969409539563369,
            -0.3131640163321781
        ],
        [
            0.01815309859402598,
            -0.04555105014234931,
            -0.9987970598887265,
            -1.7897177887222337
        ],
        [
            -0.7117247517438103,
            0.7010216130698311,
            -0.04490629982733968,
            -12.595613632959129
        ],
        [
            0.0,
            0.0,
            0.0,
            1.0
        ]
    ],
    "matrix_probe_in_world_coord": [
        [
            -0.3106978491997296,
            -0.9474975234425759,
            -0.07559953421052076,
            0.0
        ],
        [
            -0.9370110669449828,
            0.29195931372672806,
            0.19175510306336865,
            0.0
        ],
        [
            -0.1596154971338537,
            0.13041549830600488,
            -0.9785267961973801,
            11.39175796508789
        ],
        [
            0.0,
            0.0,
            0.0,
            1.0
        ]
    ],
    "intrinsic_matrix_camera": [
        [
            1.3888888888888888,
            0.0,
            -0.5
        ],
        [
            0.0,
            -1.3888888888888888,
            -0.5
        ],
        [
            0.0,
            0.0,
            -1.0
        ]
    ],
    "extrinsic_matrix_camera": [
        [
            -0.8910091941290685,
            0.11302797100903547,
            -0.4396899973243067,
            -5.6149091720581055
        ],
        [
            -0.4539852596477863,
            -0.22183314077939026,
            0.8629527459105069,
            10.330228805541992
        ],
        [
            -1.512879235067117e-08,
            0.9685116083049972,
            0.24896840076296411,
            16.261030197143555
        ],
        [
            0.0,
            0.0,
            0.0,
            1.0
        ]
    ]
}