{
    "matrix_probe_in_cam_coord": [
        [
            -0.23102004503171056,
            0.6038221886313576,
            -0.7629079258403231,
            1.7759231722253035
        ],
        [
            0.9099622122717894,
            -0.14345213016332103,
            -0.38908901113888694,
            -0.7432097926364971
        ],
        [
            -0.3443813453585686,
            -0.7841047448319919,
            -0.5163150570155585,
            -12.671690460199434
        ],
        [
            0.0,
            0.0,
            0.0,
            1.0
        ]
    ],
    "matrix_probe_in_world_coord": [
        [
            0.44030831814467625,
            0.0033020376986466027,
            0.897840565757442,
            0.0
        ],
        [
            -0.18469371046700153,
            -0.978273811968575,
            0.09417314973178281,
            0.0
        ],
        [
            0.8786448760941694,
            -0.2072907266703219,
            -0.4301322312381995,
            15.834089279174805
        ],
        [
            0.0,
            0.0,
            0.0,
            1.0
        ]
    ],
    "intrinsic_matrix_camera": [
        [
            1.3888888888888888,
            0.0,
            -0.5
        ],
        [
            0.0,
            -1.3888888888888888,
            -0.5
        ],
        [
            0.0,
            0.0,
            -1.0
        ]
    ],
    "extrinsic_matrix_camera": [
        [
            -0.7846958876127919,
            0.0508503490279081,
            -0.61779171730229,
            -6.39711332321167
        ],
        [
            -0.6198809272461702,
            -0.06437057286432751,
            0.7820511910262311,
            10.962930679321289
        ],
        [
            -3.0732209987741945e-08,
            0.9966296560673167,
            0.08203248531612843,
            17.61428451538086
        ],
        [
            0.0,
            0.0,
            0.0,
            1.0
        ]
    ]
}