{
    "matrix_probe_in_cam_coord": [
        [
            -0.8408331495778488,
            -0.16798600871926833,
            0.5145680863069189,
            0.908278212342342
        ],
        [
            -0.14414906887192877,
            0.9857880263462697,
            0.08627289873235147,
            -2.040841720423596
        ],
        [
            -0.5217476981399637,
            -0.0016333973480186681,
            -0.8530982777492595,
            -10.433906841128142
        ],
        [
            0.0,
            0.0,
            0.0,
            1.0
        ]
    ],
    "matrix_probe_in_world_coord": [
        [
            0.5450413817755208,
            -0.21943756452651425,
            -0.8091829505290525,
            0.0
        ],
        [
            -0.7036937226125602,
            -0.6444191992789859,
            -0.2992307476786232,
            0.0
        ],
        [
            -0.4557905625480943,
            0.7325101029168831,
            -0.5056519674803899,
            7.0426812171936035
        ],
        [
            0.0,
            0.0,
            0.0,
            1.0
        ]
    ],
    "intrinsic_matrix_camera": [
        [
            1.3888888888888888,
            0.0,
            -0.5
        ],
        [
            0.0,
            -1.3888888888888888,
            -0.5
        ],
        [
            0.0,
            0.0,
            -1.0
        ]
    ],
    "extrinsic_matrix_camera": [
        [
            -0.8378061433866085,
            -0.36469669006737365,
            0.40629692388394917,
            4.255937099456787
        ],
        [
            0.5459678251542462,
            -0.5596394397033367,
            0.6234764080740168,
            4.8672685623168945
        ],
        [
            4.759135336881948e-10,
            0.7441774128408073,
            0.6679820193819311,
            15.531091690063477
        ],
        [
            0.0,
            0.0,
            0.0,
            1.0
        ]
    ]
}