{
    "matrix_probe_in_cam_coord": [
        [
            0.07409162646496938,
            -0.9122260796407826,
            0.4029317690515162,
            0.43842343565537123
        ],
        [
            0.8744414998703427,
            0.2536761143375152,
            0.4135220578386666,
            -0.7376085491565707
        ],
        [
            -0.4794397711832854,
            0.3217017386304103,
            0.8164836172085085,
            -12.478676371355611
        ],
        [
            0.0,
            0.0,
            0.0,
            1.0
        ]
    ],
    "matrix_probe_in_world_coord": [
        [
            -0.9063702431672009,
            -0.3803050849129698,
            0.18401365354333873,
            0.0
        ],
        [
            0.42219481620339144,
            -0.8314434414403791,
            0.36118325107452537,
            0.0
        ],
        [
            0.015637118405051262,
            0.40505536174098217,
            0.9141584296241372,
            14.600064277648926
        ],
        [
            0.0,
            0.0,
            0.0,
            1.0
        ]
    ],
    "intrinsic_matrix_camera": [
        [
            1.3888888888888888,
            0.0,
            -0.5
        ],
        [
            0.0,
            -1.3888888888888888,
            -0.5
        ],
        [
            0.0,
            0.0,
            -1.0
        ]
    ],
    "extrinsic_matrix_camera": [
        [
            0.35391471813375586,
            -0.8129483663928424,
            0.4624492684257518,
            5.0159525871276855
        ],
        [
            0.9352776979530218,
            0.3076245680435681,
            -0.17499357944708752,
            -2.3668293952941895
        ],
        [
            -1.1900790086208705e-08,
            0.49445129053852926,
            0.8692053389647252,
            25.811307907104492
        ],
        [
            0.0,
            0.0,
            0.0,
            1.0
        ]
    ]
}