{
    "matrix_probe_in_cam_coord": [
        [
            0.13282261491944963,
            -0.9386058311210906,
            0.31839793773114533,
            2.1156938234336233
        ],
        [
            -0.956580529939876,
            -0.03730637665717441,
            0.2890707940983637,
            -0.5239026960982072
        ],
        [
            -0.2594452595556627,
            -0.3429684067756092,
            -0.9028071938392466,
            -13.814793907663288
        ],
        [
            0.0,
            0.0,
            0.0,
            1.0
        ]
    ],
    "matrix_probe_in_world_coord": [
        [
            0.3583164111000336,
            -0.9256225769730831,
            0.12178749744575677,
            0.0
        ],
        [
            -0.7073449490208162,
            -0.18402095065582913,
            0.6824949910544864,
            0.0
        ],
        [
            -0.6093213213331126,
            -0.3306949269605348,
            -0.7206721811277553,
            11.106578826904297
        ],
        [
            0.0,
            0.0,
            0.0,
            1.0
        ]
    ],
    "intrinsic_matrix_camera": [
        [
            1.3888888888888888,
            0.0,
            -0.5
        ],
        [
            0.0,
            -1.3888888888888888,
            -0.5
        ],
        [
            0.0,
            0.0,
            -1.0
        ]
    ],
    "extrinsic_matrix_camera": [
        [
            0.9551641588832915,
            -0.27302166931938515,
            0.11454517740538217,
            -0.5814536809921265
        ],
        [
            0.2960767292185831,
            0.8807869301148811,
            -0.3695307215293872,
            -5.269951820373535
        ],
        [
            -7.096008511280485e-10,
            0.38687666228510087,
            0.922131470116458,
            24.048320770263672
        ],
        [
            0.0,
            0.0,
            0.0,
            1.0
        ]
    ]
}