{
    "matrix_probe_in_cam_coord": [
        [
            0.31402437135730016,
            -0.5404371093634884,
            0.7805872308822951,
            -0.1480068974210064
        ],
        [
            -0.7898560083135978,
            -0.6049095450931568,
            -0.10105408643939112,
            0.40638521058793664
        ],
        [
            0.5267980451032085,
            -0.5848180683580383,
            -0.6168238375722933,
            -10.78617562559706
        ],
        [
            0.0,
            0.0,
            0.0,
            1.0
        ]
    ],
    "matrix_probe_in_world_coord": [
        [
            0.746508388055176,
            -0.6425779628234995,
            -0.1726811751664431,
            0.0
        ],
        [
            -0.021900466323853063,
            -0.2831125926721819,
            0.9588366020575315,
            0.0
        ],
        [
            -0.665015485637786,
            -0.7119977679487741,
            -0.22541868222909836,
            6.06614351272583
        ],
        [
            0.0,
            0.0,
            0.0,
            1.0
        ]
    ],
    "intrinsic_matrix_camera": [
        [
            1.3888888888888888,
            0.0,
            -0.5
        ],
        [
            0.0,
            -1.3888888888888888,
            -0.5
        ],
        [
            0.0,
            0.0,
            -1.0
        ]
    ],
    "extrinsic_matrix_camera": [
        [
            0.446902083692315,
            -0.1834824539817038,
            0.8755642276111552,
            9.584698677062988
        ],
        [
            0.8945828791070545,
            0.09166136768866487,
            -0.4374010357577772,
            -4.622729778289795
        ],
        [
            8.128679974165223e-10,
            0.978740201868859,
            0.20510391816273196,
            7.880684852600098
        ],
        [
            0.0,
            0.0,
            0.0,
            1.0
        ]
    ]
}