{
    "matrix_probe_in_cam_coord": [
        [
            -0.953239249839497,
            0.3005384133144585,
            -0.03180557636422741,
            1.035599841116421
        ],
        [
            -0.2727774229781532,
            -0.8102985845868064,
            0.518660468254537,
            -0.7622051233860931
        ],
        [
            0.1301053806682516,
            0.5030833588373259,
            0.8543885088073947,
            -12.09587488830614
        ],
        [
            0.0,
            0.0,
            0.0,
            1.0
        ]
    ],
    "matrix_probe_in_world_coord": [
        [
            0.9703428199879529,
            0.22739709232082755,
            -0.08200837824185886,
            0.0
        ],
        [
            -0.23940416692113362,
            0.9509804713295903,
            -0.19575951575989373,
            0.0
        ],
        [
            0.0334732215154852,
            0.20958698803547687,
            0.9772168837507832,
            9.300530433654785
        ],
        [
            0.0,
            0.0,
            0.0,
            1.0
        ]
    ],
    "intrinsic_matrix_camera": [
        [
            1.3888888888888888,
            0.0,
            -0.5
        ],
        [
            0.0,
            -1.3888888888888888,
            -0.5
        ],
        [
            0.0,
            0.0,
            -1.0
        ]
    ],
    "extrinsic_matrix_camera": [
        [
            -0.8540189767573575,
            -0.4914816597481076,
            0.17057949897206623,
            2.573120355606079
        ],
        [
            0.5202418546583076,
            -0.8068068002943906,
            0.28001999867940064,
            2.233372211456299
        ],
        [
            6.0478583232184065e-09,
            0.32788498765569096,
            0.944717648226192,
            20.977632522583008
        ],
        [
            0.0,
            0.0,
            0.0,
            1.0
        ]
    ]
}