{
    "matrix_probe_in_cam_coord": [
        [
            -0.5876160928548652,
            -0.6196151973982853,
            -0.5203694212490448,
            -1.5290363071302864
        ],
        [
            -0.7407598936737633,
            0.6707017054354025,
            0.03786822217212425,
            0.6403017632823678
        ],
        [
            0.32554893233186494,
            0.4077207739116638,
            -0.8531012033624478,
            -13.732133067783096
        ],
        [
            0.0,
            0.0,
            0.0,
            1.0
        ]
    ],
    "matrix_probe_in_world_coord": [
        [
            0.48998020606473175,
            0.6818148737127268,
            0.543183095879153,
            0.0
        ],
        [
            0.8578823328076943,
            -0.48777856500396527,
            -0.16158581181248752,
            0.0
        ],
        [
            0.15478146116764496,
            0.545161030803533,
            -0.8239187761982597,
            5.005762577056885
        ],
        [
            0.0,
            0.0,
            0.0,
            1.0
        ]
    ],
    "intrinsic_matrix_camera": [
        [
            1.3888888888888888,
            0.0,
            -0.5
        ],
        [
            0.0,
            -1.3888888888888888,
            -0.5
        ],
        [
            0.0,
            0.0,
            -1.0
        ]
    ],
    "extrinsic_matrix_camera": [
        [
            -0.9930389850634773,
            0.11490609139848423,
            -0.02588753181788843,
            -1.947458267211914
        ],
        [
            -0.11778613731716903,
            -0.968757708479799,
            0.21825427399450814,
            3.4372947216033936
        ],
        [
            -4.463727039787404e-10,
            0.21978419511077685,
            0.9755485162612406,
            18.261396408081055
        ],
        [
            0.0,
            0.0,
            0.0,
            1.0
        ]
    ]
}