{
    "matrix_probe_in_cam_coord": [
        [
            -0.6168426500231526,
            -0.5526313990412351,
            0.5604495355570757,
            -1.0482261432710767
        ],
        [
            0.48355517846294965,
            -0.8279092474878083,
            -0.2841490230597957,
            -1.368982759812523
        ],
        [
            0.6210310253876852,
            0.09573303880008466,
            0.7779175089866677,
            -8.999557580391233
        ],
        [
            0.0,
            0.0,
            0.0,
            1.0
        ]
    ],
    "matrix_probe_in_world_coord": [
        [
            0.5018193337846348,
            0.33701250798543914,
            -0.7966178040323412,
            0.0
        ],
        [
            0.4299787240466094,
            0.7019298474186091,
            0.5678140418923593,
            0.0
        ],
        [
            0.7505302479628618,
            -0.6274687711466225,
            0.2073337602238299,
            9.79397201538086
        ],
        [
            0.0,
            0.0,
            0.0,
            1.0
        ]
    ],
    "intrinsic_matrix_camera": [
        [
            1.3888888888888888,
            0.0,
            -0.5
        ],
        [
            0.0,
            -1.3888888888888888,
            -0.5
        ],
        [
            0.0,
            0.0,
            -1.0
        ]
    ],
    "extrinsic_matrix_camera": [
        [
            -0.9422513397533788,
            0.18999973639201317,
            -0.27579433080454735,
            -3.209613084793091
        ],
        [
            -0.3349065731408723,
            -0.5345595784072908,
            0.7759404902439729,
            5.9002604484558105
        ],
        [
            -1.2599755403930812e-08,
            0.8234963007227082,
            0.5673216395449893,
            16.026968002319336
        ],
        [
            0.0,
            0.0,
            0.0,
            1.0
        ]
    ]
}