{
    "matrix_probe_in_cam_coord": [
        [
            -0.9852789802098122,
            -0.17086475416168997,
            0.005528737828584778,
            0.2433344409375975
        ],
        [
            0.17093681830432803,
            -0.9851244693970092,
            0.01761771674349199,
            -0.37516035783610047
        ],
        [
            0.0024362480795527023,
            0.01830343084031019,
            0.9998295100239681,
            -10.552955203713738
        ],
        [
            0.0,
            0.0,
            0.0,
            1.0
        ]
    ],
    "matrix_probe_in_world_coord": [
        [
            0.9999650305656992,
            0.005854051926417894,
            -0.005972245958001474,
            0.0
        ],
        [
            -0.005841063088298768,
            0.999980542761074,
            0.0021899957228817485,
            0.0
        ],
        [
            0.005984950103265328,
            -0.0021550348745506746,
            0.9999797678938063,
            8.077390670776367
        ],
        [
            0.0,
            0.0,
            0.0,
            1.0
        ]
    ],
    "intrinsic_matrix_camera": [
        [
            1.3888888888888888,
            0.0,
            -0.5
        ],
        [
            0.0,
            -1.3888888888888888,
            -0.5
        ],
        [
            0.0,
            0.0,
            -1.0
        ]
    ],
    "extrinsic_matrix_camera": [
        [
            -0.9862777956866531,
            0.16505865360504532,
            -0.0034279156300249213,
            0.2657441794872284
        ],
        [
            -0.16509424501016656,
            -0.9860651716103501,
            0.0204784667779152,
            -0.1136511042714119
        ],
        [
            -5.972799140590438e-11,
            0.020763386215662077,
            0.9997844176585569,
            18.635860443115234
        ],
        [
            0.0,
            0.0,
            0.0,
            1.0
        ]
    ]
}