{
    "matrix_probe_in_cam_coord": [
        [
            -0.8340446541475092,
            -0.5488098268869405,
            0.05636744450733976,
            -2.9338806633390813
        ],
        [
            -0.45188574629004724,
            0.6209640755100402,
            -0.6404708340165445,
            0.5479286066174547
        ],
        [
            0.31649452947539036,
            -0.5596529199765576,
            -0.7659111057909161,
            -9.4832356162024
        ],
        [
            0.0,
            0.0,
            0.0,
            1.0
        ]
    ],
    "matrix_probe_in_world_coord": [
        [
            0.818166588427335,
            -0.5671304710457714,
            0.0946914061178584,
            0.0
        ],
        [
            -0.5745795383822647,
            -0.8125865126348589,
            0.09778299216296119,
            0.0
        ],
        [
            0.021489245068156554,
            -0.13441052152015343,
            -0.9906926991005238,
            6.152396202087402
        ],
        [
            0.0,
            0.0,
            0.0,
            1.0
        ]
    ],
    "intrinsic_matrix_camera": [
        [
            1.3888888888888888,
            0.0,
            -0.5
        ],
        [
            0.0,
            -1.3888888888888888,
            -0.5
        ],
        [
            0.0,
            0.0,
            -1.0
        ]
    ],
    "extrinsic_matrix_camera": [
        [
            -0.36580318106331505,
            -0.7825325518980836,
            0.5038162739966158,
            4.133357524871826
        ],
        [
            0.9306922330845786,
            -0.3075698836286174,
            0.19802205422810681,
            4.776956081390381
        ],
        [
            9.336121593452087e-09,
            0.5413349904675959,
            0.840807010018023,
            13.829354286193848
        ],
        [
            0.0,
            0.0,
            0.0,
            1.0
        ]
    ]
}