{
    "matrix_probe_in_cam_coord": [
        [
            0.9838151185392213,
            -0.1777000604063503,
            0.023032608737121395,
            1.2693508417058186
        ],
        [
            -0.014426445500329892,
            0.049571937917439,
            0.9986663610242088,
            -0.5075930636830499
        ],
        [
            -0.17860484373018534,
            -0.9828353430268415,
            0.046206041741606634,
            -10.424957621177551
        ],
        [
            0.0,
            0.0,
            0.0,
            1.0
        ]
    ],
    "matrix_probe_in_world_coord": [
        [
            0.43234184843713,
            0.9016893446969163,
            0.006070564225112431,
            0.0
        ],
        [
            -0.9014250439121148,
            0.4323647047077835,
            -0.02221828821023484,
            0.0
        ],
        [
            -0.022658691445174243,
            0.0041337371707285365,
            0.9997347127708408,
            18.174863815307617
        ],
        [
            0.0,
            0.0,
            0.0,
            1.0
        ]
    ],
    "intrinsic_matrix_camera": [
        [
            1.3888888888888888,
            0.0,
            -0.5
        ],
        [
            0.0,
            -1.3888888888888888,
            -0.5
        ],
        [
            0.0,
            0.0,
            -1.0
        ]
    ],
    "extrinsic_matrix_camera": [
        [
            0.26525401677984717,
            0.04452380038619844,
            -0.963150007932994,
            -10.354898452758789
        ],
        [
            -0.9641785657139219,
            0.01224885853299438,
            -0.2649710529142439,
            -1.5322136878967285
        ],
        [
            -3.007485094872084e-08,
            0.9989332293320754,
            0.04617795292334263,
            19.163318634033203
        ],
        [
            0.0,
            0.0,
            0.0,
            1.0
        ]
    ]
}