{
    "matrix_probe_in_cam_coord": [
        [
            -0.4864042385923201,
            0.8314992851049348,
            -0.2683651533813721,
            0.03430304235670126
        ],
        [
            -0.6549252175291346,
            -0.5502789339331609,
            -0.5179440648504432,
            0.1776381330038297
        ],
        [
            -0.5783458101549982,
            -0.07617108204145653,
            0.8122278560458219,
            -12.323907704422181
        ],
        [
            0.0,
            0.0,
            0.0,
            1.0
        ]
    ],
    "matrix_probe_in_world_coord": [
        [
            0.11142643666731827,
            -0.4209322226611147,
            0.9002223131744725,
            0.0
        ],
        [
            -0.5428139933140408,
            0.7330120367775154,
            0.40993453453172635,
            0.0
        ],
        [
            -0.8324284460985754,
            -0.5343308131343844,
            -0.14681098140486276,
            3.641035795211792
        ],
        [
            0.0,
            0.0,
            0.0,
            1.0
        ]
    ],
    "intrinsic_matrix_camera": [
        [
            1.3888888888888888,
            0.0,
            -0.5
        ],
        [
            0.0,
            -1.3888888888888888,
            -0.5
        ],
        [
            0.0,
            0.0,
            -1.0
        ]
    ],
    "extrinsic_matrix_camera": [
        [
            -0.6457914324589714,
            -0.3076106526834207,
            0.69880548947348,
            8.688810348510742
        ],
        [
            0.763513867433061,
            -0.26018166864698644,
            0.5910601268377695,
            7.304197788238525
        ],
        [
            -1.308082759588902e-08,
            0.9152492478312941,
            0.4028880915890294,
            8.443608283996582
        ],
        [
            0.0,
            0.0,
            0.0,
            1.0
        ]
    ]
}