{
    "matrix_probe_in_cam_coord": [
        [
            0.48423076192621867,
            -0.18760074178137895,
            -0.8545914409163186,
            -1.403554210175065
        ],
        [
            0.48828032307432595,
            0.8684359738670973,
            0.08603072353489502,
            -0.2440445786157721
        ],
        [
            0.7260185226995143,
            -0.45893890767354006,
            0.5121251641157972,
            -11.835169141848944
        ],
        [
            0.0,
            0.0,
            0.0,
            1.0
        ]
    ],
    "matrix_probe_in_world_coord": [
        [
            -0.45630900735173274,
            -0.8307667229089852,
            0.31876126163124263,
            0.0
        ],
        [
            0.3508040796577144,
            -0.4971730832780141,
            -0.7935713093095899,
            0.0
        ],
        [
            0.8177521553045154,
            -0.25029098539679395,
            0.5183009117529329,
            4.1541008949279785
        ],
        [
            0.0,
            0.0,
            0.0,
            1.0
        ]
    ],
    "intrinsic_matrix_camera": [
        [
            1.3888888888888888,
            0.0,
            -0.5
        ],
        [
            0.0,
            -1.3888888888888888,
            -0.5
        ],
        [
            0.0,
            0.0,
            -1.0
        ]
    ],
    "extrinsic_matrix_camera": [
        [
            -0.3375170507244626,
            -0.9168511556242395,
            0.21322804435804824,
            1.8261139392852783
        ],
        [
            0.9413194146889041,
            -0.32874377532242754,
            0.07645449441659244,
            2.1458165645599365
        ],
        [
            7.483631029307854e-10,
            0.22652039338049576,
            0.9740064226599052,
            15.736912727355957
        ],
        [
            0.0,
            0.0,
            0.0,
            1.0
        ]
    ]
}