{
    "matrix_probe_in_cam_coord": [
        [
            0.10765152303384055,
            -0.9926480146863743,
            -0.055326924075850596,
            0.19882927988485444
        ],
        [
            0.9491726486748726,
            0.08606173092063105,
            0.30276172393232237,
            -0.7976191455667472
        ],
        [
            -0.29577429333196165,
            -0.08510756376577437,
            0.9514590217102543,
            -12.453428462555781
        ],
        [
            0.0,
            0.0,
            0.0,
            1.0
        ]
    ],
    "matrix_probe_in_world_coord": [
        [
            0.947524089426731,
            -0.012697248180772697,
            -0.31943212087183737,
            0.0
        ],
        [
            0.017843291655443017,
            0.9997538100696157,
            0.013188487183361578,
            0.0
        ],
        [
            0.3191860224053413,
            -0.01819612980616371,
            0.9475173792396288,
            16.17143440246582
        ],
        [
            0.0,
            0.0,
            0.0,
            1.0
        ]
    ],
    "intrinsic_matrix_camera": [
        [
            1.3888888888888888,
            0.0,
            -0.5
        ],
        [
            0.0,
            -1.3888888888888888,
            -0.5
        ],
        [
            0.0,
            0.0,
            -1.0
        ]
    ],
    "extrinsic_matrix_camera": [
        [
            0.13227950623552878,
            0.8015593828935356,
            -0.5830992093335566,
            -6.64854621887207
        ],
        [
            -0.9912124556471656,
            0.10696987690645586,
            -0.07781589300736094,
            -0.6866713762283325
        ],
        [
            -8.531627334542057e-09,
            0.5882686470737258,
            0.8086655667641894,
            26.711307525634766
        ],
        [
            0.0,
            0.0,
            0.0,
            1.0
        ]
    ]
}