{
    "matrix_probe_in_cam_coord": [
        [
            0.3481215667945861,
            0.779273855858392,
            -0.5210984861886252,
            1.8204135650525992
        ],
        [
            -0.7071431300890081,
            0.5832165749350162,
            0.39975870258068064,
            0.15719712078111403
        ],
        [
            0.6154347798917468,
            0.22932658872591064,
            0.7540884214751837,
            -12.476971807620055
        ],
        [
            0.0,
            0.0,
            0.0,
            1.0
        ]
    ],
    "matrix_probe_in_world_coord": [
        [
            0.11886325805020295,
            -0.842474438733158,
            0.5254601278564733,
            0.0
        ],
        [
            0.9908142538724016,
            0.0662700775025167,
            -0.11787871373189648,
            0.0
        ],
        [
            0.06448751979233523,
            0.5346448324907489,
            0.8426127597431529,
            13.25566577911377
        ],
        [
            0.0,
            0.0,
            0.0,
            1.0
        ]
    ],
    "intrinsic_matrix_camera": [
        [
            1.3888888888888888,
            0.0,
            -0.5
        ],
        [
            0.0,
            -1.3888888888888888,
            -0.5
        ],
        [
            0.0,
            0.0,
            -1.0
        ]
    ],
    "extrinsic_matrix_camera": [
        [
            -0.8889559178854662,
            -0.3653411340086681,
            0.2761941922953275,
            5.12176513671875
        ],
        [
            0.4579927685634435,
            -0.7091207268617816,
            0.5360880698902097,
            5.966491222381592
        ],
        [
            3.013257937584152e-09,
            0.6030536050271806,
            0.797700664073762,
            23.11375617980957
        ],
        [
            0.0,
            0.0,
            0.0,
            1.0
        ]
    ]
}