{
    "matrix_probe_in_cam_coord": [
        [
            -0.7416227039640648,
            0.035180794133988,
            0.6698940787088138,
            -0.6707667775478429
        ],
        [
            -0.24426554024472932,
            0.9159033572913785,
            -0.3185206209201089,
            1.0334247131280885
        ],
        [
            -0.624764044111038,
            -0.39985416319763784,
            -0.6706612687188199,
            -14.881620059918728
        ],
        [
            0.0,
            0.0,
            0.0,
            1.0
        ]
    ],
    "matrix_probe_in_world_coord": [
        [
            -0.7257768898342993,
            0.20781833165906216,
            0.6557891789354987,
            0.0
        ],
        [
            0.1548073143568472,
            0.9781670337742056,
            -0.138650457839102,
            0.0
        ],
        [
            -0.6702854627724457,
            0.0008916635107213839,
            -0.7421028253093448,
            6.354353427886963
        ],
        [
            0.0,
            0.0,
            0.0,
            1.0
        ]
    ],
    "intrinsic_matrix_camera": [
        [
            1.3888888888888888,
            0.0,
            -0.5
        ],
        [
            0.0,
            -1.3888888888888888,
            -0.5
        ],
        [
            0.0,
            0.0,
            -1.0
        ]
    ],
    "extrinsic_matrix_camera": [
        [
            0.9848731213071144,
            0.1587414152985193,
            -0.06947012304441011,
            -0.5372551083564758
        ],
        [
            -0.17327704673955652,
            0.9022554078721016,
            -0.39485471257003585,
            -6.924719333648682
        ],
        [
            -1.7082982177943875e-09,
            0.40091937098944364,
            0.9161133434054048,
            19.573284149169922
        ],
        [
            0.0,
            0.0,
            0.0,
            1.0
        ]
    ]
}