{
    "matrix_probe_in_cam_coord": [
        [
            0.828771117645006,
            0.5292169371724995,
            0.1818457257325728,
            0.2896211554997214
        ],
        [
            -0.2001690759317427,
            -0.02309368478739553,
            0.979489164188952,
            0.09987780391945478
        ],
        [
            0.5225617433357324,
            -0.8481722202080774,
            0.08679348632945501,
            -14.57484837330195
        ],
        [
            0.0,
            0.0,
            0.0,
            1.0
        ]
    ],
    "matrix_probe_in_world_coord": [
        [
            0.8293171947392084,
            -0.401078028840649,
            -0.38906221262310925,
            0.0
        ],
        [
            0.5395358084026615,
            0.7559133672747245,
            0.37080465561623427,
            0.0
        ],
        [
            0.14537572686379438,
            -0.5174276721984311,
            0.843287911737229,
            14.29592514038086
        ],
        [
            0.0,
            0.0,
            0.0,
            1.0
        ]
    ],
    "intrinsic_matrix_camera": [
        [
            1.3888888888888888,
            0.0,
            -0.5
        ],
        [
            0.0,
            -1.3888888888888888,
            -0.5
        ],
        [
            0.0,
            0.0,
            -1.0
        ]
    ],
    "extrinsic_matrix_camera": [
        [
            0.40430755196643337,
            -0.5378235084117703,
            0.7397846154270609,
            10.71886920928955
        ],
        [
            0.9146230936418069,
            0.23774393297644986,
            -0.32702051756729245,
            -5.0549139976501465
        ],
        [
            1.805357428985274e-08,
            0.808840958490941,
            0.5880274686334439,
            22.785551071166992
        ],
        [
            0.0,
            0.0,
            0.0,
            1.0
        ]
    ]
}