{
    "matrix_probe_in_cam_coord": [
        [
            0.20743588023338247,
            -0.9293040241614507,
            -0.30555586439984433,
            -1.230063869928134
        ],
        [
            0.7852629957512799,
            -0.028087902610144516,
            0.6185249366280143,
            -0.12993603533118758
        ],
        [
            -0.5833801360138412,
            -0.3682459781237227,
            0.7239216231748954,
            -11.543842393411477
        ],
        [
            0.0,
            0.0,
            0.0,
            1.0
        ]
    ],
    "matrix_probe_in_world_coord": [
        [
            0.9419333467189885,
            0.29695974935584757,
            -0.1567688668112332,
            0.0
        ],
        [
            -0.23833937006021655,
            0.9200925791135866,
            0.31084399711013905,
            0.0
        ],
        [
            0.23655002645965853,
            -0.2554301335446175,
            0.9374430819304786,
            17.88482093811035
        ],
        [
            0.0,
            0.0,
            0.0,
            1.0
        ]
    ],
    "intrinsic_matrix_camera": [
        [
            1.3888888888888888,
            0.0,
            -0.5
        ],
        [
            0.0,
            -1.3888888888888888,
            -0.5
        ],
        [
            0.0,
            0.0,
            -1.0
        ]
    ],
    "extrinsic_matrix_camera": [
        [
            -0.032673470583045254,
            0.634358971713878,
            -0.7723478098150924,
            -8.873625755310059
        ],
        [
            -0.9994660796245456,
            -0.02073779487967025,
            0.02524875330526533,
            -0.9406340718269348
        ],
        [
            -1.727192245845347e-08,
            0.7727604019808727,
            0.6346978502644858,
            25.312082290649414
        ],
        [
            0.0,
            0.0,
            0.0,
            1.0
        ]
    ]
}