{
    "matrix_probe_in_cam_coord": [
        [
            0.4079657077056236,
            0.3488576834409227,
            0.8437193242070984,
            0.7343946334342087
        ],
        [
            -0.9070405114523887,
            0.26025830254630816,
            0.3309729997143325,
            -2.0583714256410985
        ],
        [
            -0.10412248518182257,
            -0.9003132414109812,
            0.4226045141969191,
            -11.493080737274518
        ],
        [
            0.0,
            0.0,
            0.0,
            1.0
        ]
    ],
    "matrix_probe_in_world_coord": [
        [
            0.01659631992315033,
            -0.5980201142390419,
            -0.8013092443810518,
            0.0
        ],
        [
            0.8825212430082524,
            -0.3679413731607625,
            0.29287437845557923,
            0.0
        ],
        [
            -0.469979592965671,
            -0.7120330672673117,
            0.5216589818202371,
            10.05808162689209
        ],
        [
            0.0,
            0.0,
            0.0,
            1.0
        ]
    ],
    "intrinsic_matrix_camera": [
        [
            1.3888888888888888,
            0.0,
            -0.5
        ],
        [
            0.0,
            -1.3888888888888888,
            -0.5
        ],
        [
            0.0,
            0.0,
            -1.0
        ]
    ],
    "extrinsic_matrix_camera": [
        [
            -0.8779332764518325,
            -0.43590495864334583,
            0.19804047346109135,
            2.023590326309204
        ],
        [
            0.47878300105428795,
            -0.7993088052642671,
            0.3631422196997476,
            2.1767327785491943
        ],
        [
            -2.371658054750161e-11,
            0.41363305097290404,
            0.910443682576164,
            21.373294830322266
        ],
        [
            0.0,
            0.0,
            0.0,
            1.0
        ]
    ]
}