{
    "matrix_probe_in_cam_coord": [
        [
            0.16988134619452122,
            -0.7336902802319041,
            0.6579049330324006,
            0.8152131500856153
        ],
        [
            0.6061160432209032,
            0.6041900173901857,
            0.5172791944745921,
            -0.3475795153892669
        ],
        [
            -0.7770223100821324,
            0.3108906489093509,
            0.5473420631153334,
            -11.971662212745986
        ],
        [
            0.0,
            0.0,
            0.0,
            1.0
        ]
    ],
    "matrix_probe_in_world_coord": [
        [
            0.3486614219917779,
            0.677654480135314,
            -0.647471712406966,
            0.0
        ],
        [
            -0.9354521372435995,
            0.29436130914267716,
            -0.19565459004631405,
            0.0
        ],
        [
            0.05800441139304251,
            0.6738960047606357,
            0.736545764380327,
            13.311323165893555
        ],
        [
            0.0,
            0.0,
            0.0,
            1.0
        ]
    ],
    "intrinsic_matrix_camera": [
        [
            1.3888888888888888,
            0.0,
            -0.5
        ],
        [
            0.0,
            -1.3888888888888888,
            -0.5
        ],
        [
            0.0,
            0.0,
            -1.0
        ]
    ],
    "extrinsic_matrix_camera": [
        [
            -0.8639322672883033,
            0.2858377078199627,
            -0.4146297653646224,
            -4.160167217254639
        ],
        [
            -0.5036080197317077,
            -0.49035043229312997,
            0.7112913720915283,
            8.755452156066895
        ],
        [
            1.0702617004479967e-08,
            0.8233184428507422,
            0.567579722736665,
            20.392364501953125
        ],
        [
            0.0,
            0.0,
            0.0,
            1.0
        ]
    ]
}