{
    "matrix_probe_in_cam_coord": [
        [
            0.5599736247373618,
            -0.5821042155815527,
            -0.5895627377986887,
            0.5897832162265683
        ],
        [
            0.4724994617105187,
            -0.36015440000682786,
            0.8043836564966939,
            1.2386190102234578
        ],
        [
            -0.6805687314898988,
            -0.7290017080624067,
            0.07336696368477429,
            -10.60588167844499
        ],
        [
            0.0,
            0.0,
            0.0,
            1.0
        ]
    ],
    "matrix_probe_in_world_coord": [
        [
            -0.11742363063235886,
            0.32152015692882385,
            0.9395937843864123,
            0.0
        ],
        [
            -0.7875357136210829,
            0.5462331553950177,
            -0.2853363624190477,
            0.0
        ],
        [
            -0.604978669657408,
            -0.7734688931273621,
            0.1890679259522514,
            3.704681158065796
        ],
        [
            0.0,
            0.0,
            0.0,
            1.0
        ]
    ],
    "intrinsic_matrix_camera": [
        [
            1.3888888888888888,
            0.0,
            -0.5
        ],
        [
            0.0,
            -1.3888888888888888,
            -0.5
        ],
        [
            0.0,
            0.0,
            -1.0
        ]
    ],
    "extrinsic_matrix_camera": [
        [
            -0.806861858759218,
            0.5845143824316227,
            -0.08553874917368524,
            -1.1553308963775635
        ],
        [
            -0.5907401635910834,
            -0.7983583816429998,
            0.11683301579926275,
            2.576387643814087
        ],
        [
            7.194602464929835e-10,
            0.14479927897247769,
            0.9894610496674697,
            14.019436836242676
        ],
        [
            0.0,
            0.0,
            0.0,
            1.0
        ]
    ]
}