{
    "matrix_probe_in_cam_coord": [
        [
            -0.678388162679635,
            0.5462729779811218,
            0.4912996379642334,
            0.4451130740302646
        ],
        [
            -0.07650530089187733,
            -0.7175928038887879,
            0.6922481540188256,
            -0.18223073125452416
        ],
        [
            0.7307095453540984,
            0.4320259266926758,
            0.5285992423317898,
            -10.903422976612193
        ],
        [
            0.0,
            0.0,
            0.0,
            1.0
        ]
    ],
    "matrix_probe_in_world_coord": [
        [
            -0.841638471233325,
            -0.3669508111887679,
            -0.3962218897384862,
            0.0
        ],
        [
            0.5387905262965299,
            -0.6204645670573654,
            -0.569849532595601,
            0.0
        ],
        [
            -0.03673489503374498,
            -0.693087889949191,
            0.7199164703579426,
            17.867197036743164
        ],
        [
            0.0,
            0.0,
            0.0,
            1.0
        ]
    ],
    "intrinsic_matrix_camera": [
        [
            1.3888888888888888,
            0.0,
            -0.5
        ],
        [
            0.0,
            -1.3888888888888888,
            -0.5
        ],
        [
            0.0,
            0.0,
            -1.0
        ]
    ],
    "extrinsic_matrix_camera": [
        [
            0.17583859275777283,
            0.05342719422078053,
            -0.982968119632911,
            -10.786249160766602
        ],
        [
            -0.9844190110399964,
            0.009543290048533302,
            -0.17557943022485453,
            -1.4744999408721924
        ],
        [
            3.355432093911276e-08,
            0.9985261441408253,
            0.05427282438987595,
            18.640918731689453
        ],
        [
            0.0,
            0.0,
            0.0,
            1.0
        ]
    ]
}