{
    "matrix_probe_in_cam_coord": [
        [
            -0.9464790974554721,
            -0.062171716759522724,
            -0.31672069038041756,
            -0.41262181188881303
        ],
        [
            0.18266110847076275,
            -0.9121921308857257,
            -0.3667975406166063,
            0.28501511864141676
        ],
        [
            -0.2661056886504061,
            -0.40501875757220485,
            0.8747271394455303,
            -13.85781636890996
        ],
        [
            0.0,
            0.0,
            0.0,
            1.0
        ]
    ],
    "matrix_probe_in_world_coord": [
        [
            -0.9642359807372982,
            0.10744481166161993,
            -0.24229029262143303,
            0.0
        ],
        [
            0.005740617376745531,
            -0.9054663460650207,
            -0.4243792424893022,
            0.0
        ],
        [
            -0.26498305372931763,
            -0.4105926309502634,
            0.8724664306697572,
            13.375182151794434
        ],
        [
            0.0,
            0.0,
            0.0,
            1.0
        ]
    ],
    "intrinsic_matrix_camera": [
        [
            1.3888888888888888,
            0.0,
            -0.5
        ],
        [
            0.0,
            -1.3888888888888888,
            -0.5
        ],
        [
            0.0,
            0.0,
            -1.0
        ]
    ],
    "extrinsic_matrix_camera": [
        [
            0.9826875211359575,
            -0.18526724132227704,
            0.0011336209686630212,
            0.4739917814731598
        ],
        [
            0.18527070951358562,
            0.9826691256295207,
            -0.006012797256347052,
            -0.28695306181907654
        ],
        [
            3.4242193218203895e-11,
            0.006118727592116446,
            0.9999812804111153,
            27.230995178222656
        ],
        [
            0.0,
            0.0,
            0.0,
            1.0
        ]
    ]
}