{
    "matrix_probe_in_cam_coord": [
        [
            -0.24769600204843598,
            0.9686538123800199,
            0.018880739680271378,
            1.9610522146753484
        ],
        [
            -0.9553789147084855,
            -0.24744571820160965,
            0.1613125719655044,
            -0.40894351280569197
        ],
        [
            0.16092799600957447,
            0.021918218571374902,
            0.9867227431224029,
            -14.370289605343665
        ],
        [
            0.0,
            0.0,
            0.0,
            1.0
        ]
    ],
    "matrix_probe_in_world_coord": [
        [
            0.9477773552783548,
            0.27760215828367996,
            0.15701951005467374,
            0.0
        ],
        [
            -0.2830576003684438,
            0.9590139396851747,
            0.013063627489268545,
            0.0
        ],
        [
            -0.14695740775893362,
            -0.056826976039225235,
            0.98750909621077,
            15.742032051086426
        ],
        [
            0.0,
            0.0,
            0.0,
            1.0
        ]
    ],
    "intrinsic_matrix_camera": [
        [
            1.3888888888888888,
            0.0,
            -0.5
        ],
        [
            0.0,
            -1.3888888888888888,
            -0.5
        ],
        [
            0.0,
            0.0,
            -1.0
        ]
    ],
    "extrinsic_matrix_camera": [
        [
            0.03710437170598575,
            -0.9488487454862528,
            0.3135431769142308,
            4.044917106628418
        ],
        [
            0.9993113957122195,
            0.035230697318731956,
            -0.011641836888217327,
            -2.112591028213501
        ],
        [
            -2.4356782709343443e-09,
            0.3137592327814442,
            0.949502577060431,
            29.514968872070312
        ],
        [
            0.0,
            0.0,
            0.0,
            1.0
        ]
    ]
}