{
    "matrix_probe_in_cam_coord": [
        [
            0.7267765294936988,
            -0.6552276298807026,
            0.20608888669215467,
            0.3790623163465607
        ],
        [
            0.18346539932864972,
            -0.10395833314276058,
            -0.9775137401690872,
            0.635371347670397
        ],
        [
            0.6619186682865759,
            0.7482442235066676,
            0.04465712219378235,
            -13.028735593012474
        ],
        [
            0.0,
            0.0,
            0.0,
            1.0
        ]
    ],
    "matrix_probe_in_world_coord": [
        [
            -0.5906055402385778,
            0.45064920960435345,
            -0.6694030069565489,
            0.0
        ],
        [
            -0.4295471588462222,
            0.5266805859226927,
            0.7335508153763225,
            0.0
        ],
        [
            0.6831356630762562,
            0.7207793353690856,
            -0.11748538436019701,
            12.323229789733887
        ],
        [
            0.0,
            0.0,
            0.0,
            1.0
        ]
    ],
    "intrinsic_matrix_camera": [
        [
            1.3888888888888888,
            0.0,
            -0.5
        ],
        [
            0.0,
            -1.3888888888888888,
            -0.5
        ],
        [
            0.0,
            0.0,
            -1.0
        ]
    ],
    "extrinsic_matrix_camera": [
        [
            -0.8624725788030728,
            0.4991462150623749,
            -0.08363077664163411,
            -1.0798156261444092
        ],
        [
            -0.5061037945054132,
            -0.8506158779819775,
            0.14251869109759752,
            2.5891401767730713
        ],
        [
            -1.262328664662534e-09,
            0.16524431643434911,
            0.9862526633100387,
            25.06786346435547
        ],
        [
            0.0,
            0.0,
            0.0,
            1.0
        ]
    ]
}