{
    "matrix_probe_in_cam_coord": [
        [
            0.8580730477668318,
            -0.5117826363424105,
            -0.04229867414650926,
            1.0684161632684022
        ],
        [
            -0.14440634110544615,
            -0.3195192318354401,
            0.9365117560051385,
            -1.2026759867818342
        ],
        [
            -0.49280569532492025,
            -0.7974872999776879,
            -0.34807549903665974,
            -12.677659586198782
        ],
        [
            0.0,
            0.0,
            0.0,
            1.0
        ]
    ],
    "matrix_probe_in_world_coord": [
        [
            -0.04831093385422338,
            -0.8757366801920857,
            -0.48036581959614666,
            0.0
        ],
        [
            0.971773611190845,
            -0.1523931949178077,
            0.18008987405139587,
            0.0
        ],
        [
            -0.23091579041554824,
            -0.458106517208485,
            0.8583800537220532,
            10.829070091247559
        ],
        [
            0.0,
            0.0,
            0.0,
            1.0
        ]
    ],
    "intrinsic_matrix_camera": [
        [
            1.3888888888888888,
            0.0,
            -0.5
        ],
        [
            0.0,
            -1.3888888888888888,
            -0.5
        ],
        [
            0.0,
            0.0,
            -1.0
        ]
    ],
    "extrinsic_matrix_camera": [
        [
            0.4270513539519188,
            -0.16307712069646546,
            0.8894003563037195,
            10.623117446899414
        ],
        [
            0.904227372450001,
            0.07701856918880698,
            -0.4200488053932258,
            -6.1986985206604
        ],
        [
            6.85698962765017e-09,
            0.9836025583056701,
            0.1803496806055962,
            14.298437118530273
        ],
        [
            0.0,
            0.0,
            0.0,
            1.0
        ]
    ]
}