{
    "matrix_probe_in_cam_coord": [
        [
            0.8246115359301679,
            0.5656925723487646,
            -0.0027800000588471614,
            0.40232218802061676
        ],
        [
            -0.3139324279415753,
            0.4616971822529283,
            0.8296277132463777,
            1.3311234432366403
        ],
        [
            0.4705977533919995,
            -0.6832478507021769,
            0.5583100652981807,
            -12.875693191693736
        ],
        [
            0.0,
            0.0,
            0.0,
            1.0
        ]
    ],
    "matrix_probe_in_world_coord": [
        [
            0.8567652957158841,
            -0.5128453167765246,
            -0.05424858631577367,
            0.0
        ],
        [
            0.514495326334598,
            0.8572160927003083,
            0.021797467638968192,
            0.0
        ],
        [
            0.03532403199989024,
            -0.04658595792728258,
            0.9982895177689026,
            4.183850288391113
        ],
        [
            0.0,
            0.0,
            0.0,
            1.0
        ]
    ],
    "intrinsic_matrix_camera": [
        [
            1.3888888888888888,
            0.0,
            -0.5
        ],
        [
            0.0,
            -1.3888888888888888,
            -0.5
        ],
        [
            0.0,
            0.0,
            -1.0
        ]
    ],
    "extrinsic_matrix_camera": [
        [
            0.41653657104076064,
            -0.550751777759505,
            0.7233047520100709,
            9.878586769104004
        ],
        [
            0.9091189608547412,
            0.2523412708526629,
            -0.3314009626402109,
            -4.968673229217529
        ],
        [
            2.8989315950657608e-08,
            0.7956106851464526,
            0.6058082515786586,
            10.924995422363281
        ],
        [
            0.0,
            0.0,
            0.0,
            1.0
        ]
    ]
}