{
    "matrix_probe_in_cam_coord": [
        [
            -0.6452807358340503,
            0.576339410121202,
            0.5014435724013339,
            -1.5291263577688774
        ],
        [
            0.6813507568045262,
            0.7310433780032437,
            0.0365612592713386,
            0.05707700209127431
        ],
        [
            -0.3455053084445535,
            0.36525123383604285,
            -0.864417502146898,
            -10.537002722912444
        ],
        [
            0.0,
            0.0,
            0.0,
            1.0
        ]
    ],
    "matrix_probe_in_world_coord": [
        [
            0.6617366819147232,
            -0.03168809829368875,
            0.7490663710480012,
            0.0
        ],
        [
            0.6006466481003448,
            -0.5755300627685053,
            -0.554967342260336,
            0.0
        ],
        [
            0.4486960752383653,
            0.8171664526130584,
            -0.3618160040538247,
            12.546685218811035
        ],
        [
            0.0,
            0.0,
            0.0,
            1.0
        ]
    ],
    "intrinsic_matrix_camera": [
        [
            1.3888888888888888,
            0.0,
            -0.5
        ],
        [
            0.0,
            -1.3888888888888888,
            -0.5
        ],
        [
            0.0,
            0.0,
            -1.0
        ]
    ],
    "extrinsic_matrix_camera": [
        [
            -0.06965451584875003,
            0.45509622441212233,
            -0.8877137347972639,
            -9.486328125
        ],
        [
            -0.9975711746145614,
            -0.031776697860940895,
            0.06198381281575363,
            -0.8704750537872314
        ],
        [
            -1.195054287482511e-08,
            0.8898750856153269,
            0.45620426565422884,
            17.302919387817383
        ],
        [
            0.0,
            0.0,
            0.0,
            1.0
        ]
    ]
}