{
    "matrix_probe_in_cam_coord": [
        [
            -0.9693847014310433,
            -0.2443181433930748,
            0.024534576426089947,
            -1.8416417473333806
        ],
        [
            0.21133503072700607,
            -0.779271178461813,
            0.5899779107783207,
            -1.5119827273261466
        ],
        [
            -0.12502321951966391,
            0.5771005763536349,
            0.8070465410081625,
            -12.91718962055586
        ],
        [
            0.0,
            0.0,
            0.0,
            1.0
        ]
    ],
    "matrix_probe_in_world_coord": [
        [
            0.9997439507301026,
            -0.010758772388140023,
            -0.01990682785543533,
            0.0
        ],
        [
            0.010345632325540258,
            0.999731341746625,
            -0.020741557831493177,
            0.0
        ],
        [
            0.02012463342151793,
            0.020530298248993738,
            0.9995866675698794,
            7.981873512268066
        ],
        [
            0.0,
            0.0,
            0.0,
            1.0
        ]
    ],
    "intrinsic_matrix_camera": [
        [
            1.3888888888888888,
            0.0,
            -0.5
        ],
        [
            0.0,
            -1.3888888888888888,
            -0.5
        ],
        [
            0.0,
            0.0,
            -1.0
        ]
    ],
    "extrinsic_matrix_camera": [
        [
            -0.9669963334803536,
            0.20792033107601973,
            -0.147265837724813,
            -3.3687496185302734
        ],
        [
            -0.25479028834622525,
            -0.789112487258406,
            0.5589126867564373,
            5.557224273681641
        ],
        [
            -6.222338624953437e-10,
            0.5779884240865818,
            0.8160449629903428,
            19.39678955078125
        ],
        [
            0.0,
            0.0,
            0.0,
            1.0
        ]
    ]
}