{
    "matrix_probe_in_cam_coord": [
        [
            0.4007861908386508,
            -0.08510068245232683,
            0.9122106681459019,
            -0.009045326797863724
        ],
        [
            0.8204408473390973,
            0.47645529409767795,
            -0.3160176715688528,
            -0.5571623524286924
        ],
        [
            -0.40773428265299044,
            0.8750704123511682,
            0.26077677844664005,
            -12.317091563582109
        ],
        [
            0.0,
            0.0,
            0.0,
            1.0
        ]
    ],
    "matrix_probe_in_world_coord": [
        [
            -0.12265285048557217,
            -0.21152226692441453,
            -0.969646641237374,
            0.0
        ],
        [
            -0.7177604691147572,
            0.6936545355615118,
            -0.060525154036210685,
            0.0
        ],
        [
            0.6854022083739791,
            0.6885504454214666,
            -0.23690102757474985,
            9.46107006072998
        ],
        [
            0.0,
            0.0,
            0.0,
            1.0
        ]
    ],
    "intrinsic_matrix_camera": [
        [
            1.3888888888888888,
            0.0,
            -0.5
        ],
        [
            0.0,
            -1.3888888888888888,
            -0.5
        ],
        [
            0.0,
            0.0,
            -1.0
        ]
    ],
    "extrinsic_matrix_camera": [
        [
            -0.9156788899410587,
            0.10501516133177571,
            -0.38794843266440926,
            -4.728168487548828
        ],
        [
            -0.40191064991650854,
            -0.2392576134740016,
            0.8838685557696998,
            10.749749183654785
        ],
        [
            -1.7170027338623466e-08,
            0.9652603847072491,
            0.2612898576577616,
            13.217207908630371
        ],
        [
            0.0,
            0.0,
            0.0,
            1.0
        ]
    ]
}