{
    "matrix_probe_in_cam_coord": [
        [
            0.7573963682307627,
            0.652765221855613,
            -0.015757744973282,
            1.4956518555036047
        ],
        [
            0.10037509380857436,
            -0.09255018967622661,
            0.9906358074155275,
            0.7136716409180113
        ],
        [
            0.6451942203195644,
            -0.7518856479057747,
            -0.13561854791857425,
            -11.722174607597722
        ],
        [
            0.0,
            0.0,
            0.0,
            1.0
        ]
    ],
    "matrix_probe_in_world_coord": [
        [
            0.7765519498410739,
            0.6294395247156622,
            -0.027802048912759118,
            0.0
        ],
        [
            -0.5769053901402713,
            0.7280919616284848,
            0.37021921376272005,
            0.0
        ],
        [
            0.2532730542815945,
            -0.2714553004413554,
            0.9285282870420082,
            4.286821365356445
        ],
        [
            0.0,
            0.0,
            0.0,
            1.0
        ]
    ],
    "intrinsic_matrix_camera": [
        [
            1.3888888888888888,
            0.0,
            -0.5
        ],
        [
            0.0,
            -1.3888888888888888,
            -0.5
        ],
        [
            0.0,
            0.0,
            -1.0
        ]
    ],
    "extrinsic_matrix_camera": [
        [
            0.9994719551443599,
            -0.007849977762116473,
            0.031530758459720254,
            -1.1196507215499878
        ],
        [
            0.03249324360403164,
            0.24146042794211992,
            -0.9698665118757827,
            -11.589866638183594
        ],
        [
            1.1942269675593908e-10,
            0.9703789154691804,
            0.24158799724501503,
            6.4262261390686035
        ],
        [
            0.0,
            0.0,
            0.0,
            1.0
        ]
    ]
}