{
    "matrix_probe_in_cam_coord": [
        [
            0.8137605111240318,
            0.5803656355655709,
            0.031137751841226524,
            0.9208444717829182
        ],
        [
            -0.552507178546276,
            0.7558496213374544,
            0.3513220283142807,
            0.3741628686307399
        ],
        [
            0.1803597743123123,
            -0.3030958247462308,
            0.9357367540240226,
            -12.511101582199576
        ],
        [
            0.0,
            0.0,
            0.0,
            1.0
        ]
    ],
    "matrix_probe_in_world_coord": [
        [
            -0.4022673816920364,
            -0.914740186709356,
            -0.03783311308320213,
            0.0
        ],
        [
            0.9154332530059759,
            -0.4024608200282311,
            -0.002692142845577023,
            0.0
        ],
        [
            -0.012763734466474944,
            -0.03571665103472988,
            0.9992804450810258,
            16.910335540771484
        ],
        [
            0.0,
            0.0,
            0.0,
            1.0
        ]
    ],
    "intrinsic_matrix_camera": [
        [
            1.3888888888888888,
            0.0,
            -0.5
        ],
        [
            0.0,
            -1.3888888888888888,
            -0.5
        ],
        [
            0.0,
            0.0,
            -1.0
        ]
    ],
    "extrinsic_matrix_camera": [
        [
            -0.8594111180577475,
            -0.4824420136923883,
            0.16929924271291358,
            3.0900158882141113
        ],
        [
            0.5112851749843061,
            -0.8109291112722907,
            0.2845723920769555,
            3.3929195404052734
        ],
        [
            6.55738856543247e-09,
            0.33112487057840656,
            0.9435869435745884,
            28.591753005981445
        ],
        [
            0.0,
            0.0,
            0.0,
            1.0
        ]
    ]
}