{
    "matrix_probe_in_cam_coord": [
        [
            0.15112943424883066,
            0.9874804021628869,
            0.04519236050320204,
            -1.372123709513255
        ],
        [
            -0.8763175082878428,
            0.11268134450410787,
            0.4683700879314702,
            1.3744920419430144
        ],
        [
            0.45741394684881986,
            -0.11038736315797011,
            0.8823758333517615,
            -12.979101127576396
        ],
        [
            0.0,
            0.0,
            0.0,
            1.0
        ]
    ],
    "matrix_probe_in_world_coord": [
        [
            -0.9918609409004888,
            0.12028696963497915,
            0.04174827962959219,
            0.0
        ],
        [
            -0.1221879139822842,
            -0.9914202580284321,
            -0.046432592513181256,
            0.0
        ],
        [
            0.03580485431690703,
            -0.0511558100988619,
            0.9980486438548344,
            5.077822685241699
        ],
        [
            0.0,
            0.0,
            0.0,
            1.0
        ]
    ],
    "intrinsic_matrix_camera": [
        [
            1.3888888888888888,
            0.0,
            -0.5
        ],
        [
            0.0,
            -1.3888888888888888,
            -0.5
        ],
        [
            0.0,
            0.0,
            -1.0
        ]
    ],
    "extrinsic_matrix_camera": [
        [
            -0.02923165439829056,
            0.9022928511638456,
            -0.4301315160735809,
            -6.8630242347717285
        ],
        [
            -0.9995726638824907,
            -0.026386796757693502,
            0.01257881455979118,
            -1.1720072031021118
        ],
        [
            -1.844029689282335e-08,
            0.4303154049014356,
            0.9026785985634715,
            16.202314376831055
        ],
        [
            0.0,
            0.0,
            0.0,
            1.0
        ]
    ]
}