{
    "matrix_probe_in_cam_coord": [
        [
            -0.905357650676624,
            0.42407946137046215,
            -0.022003063537648426,
            -0.8730102108288463
        ],
        [
            -0.17721917800997156,
            -0.3302386880716858,
            0.9271115207169853,
            -1.1829024793720366
        ],
        [
            0.38590269149977846,
            0.8432668731454058,
            0.3741391363500968,
            -13.45235922327865
        ],
        [
            0.0,
            0.0,
            0.0,
            1.0
        ]
    ],
    "matrix_probe_in_world_coord": [
        [
            0.6069422058691195,
            -0.7947459348767512,
            0.00024027402135668138,
            0.0
        ],
        [
            0.7938571282422104,
            0.606277669262165,
            0.04709827696494611,
            0.0
        ],
        [
            -0.03757683693124264,
            -0.02839518886915372,
            0.9988902314945958,
            3.8118770122528076
        ],
        [
            0.0,
            0.0,
            0.0,
            1.0
        ]
    ],
    "intrinsic_matrix_camera": [
        [
            1.3888888888888888,
            0.0,
            -0.5
        ],
        [
            0.0,
            -1.3888888888888888,
            -0.5
        ],
        [
            0.0,
            0.0,
            -1.0
        ]
    ],
    "extrinsic_matrix_camera": [
        [
            -0.8865404843556101,
            0.1551168168736483,
            -0.4358723927039968,
            -6.453982830047607
        ],
        [
            -0.46265102355719473,
            -0.2972376946486171,
            0.8352267855387873,
            10.480268478393555
        ],
        [
            1.5172073235792527e-08,
            0.9421191676231636,
            0.33527820388005736,
            9.43659496307373
        ],
        [
            0.0,
            0.0,
            0.0,
            1.0
        ]
    ]
}