{
    "matrix_probe_in_cam_coord": [
        [
            -0.370569254079649,
            0.05527306104979327,
            0.9271587332560904,
            -0.7293323751426938
        ],
        [
            -0.7362703828603083,
            0.5910408411725331,
            -0.32950970757900244,
            -0.7861896315907693
        ],
        [
            -0.5662016877876537,
            -0.8047456820562943,
            -0.17832564582292137,
            -14.209651980691277
        ],
        [
            0.0,
            0.0,
            0.0,
            1.0
        ]
    ],
    "matrix_probe_in_world_coord": [
        [
            -0.46871838553936723,
            0.32787340366956047,
            0.8202451500761869,
            0.0
        ],
        [
            -0.24841442297059885,
            0.8421656850285838,
            -0.4785887936637469,
            0.0
        ],
        [
            -0.8476988554419272,
            -0.42808409235391304,
            -0.313290057863273,
            15.374265670776367
        ],
        [
            0.0,
            0.0,
            0.0,
            1.0
        ]
    ],
    "intrinsic_matrix_camera": [
        [
            1.3888888888888888,
            0.0,
            -0.5
        ],
        [
            0.0,
            -1.3888888888888888,
            -0.5
        ],
        [
            0.0,
            0.0,
            -1.0
        ]
    ],
    "extrinsic_matrix_camera": [
        [
            0.9523126434644612,
            0.26861129793299465,
            -0.1447363109951404,
            -1.1509207487106323
        ],
        [
            -0.30512395693837285,
            0.8383541506452509,
            -0.4517318773322844,
            -5.982384204864502
        ],
        [
            1.1839245577567729e-09,
            0.47435249416297165,
            0.8803349994640495,
            28.256450653076172
        ],
        [
            0.0,
            0.0,
            0.0,
            1.0
        ]
    ]
}