{
    "matrix_probe_in_cam_coord": [
        [
            0.12718674544547237,
            0.6220286045764576,
            0.7725955907663808,
            -0.9867831683788079
        ],
        [
            -0.8890476602230283,
            -0.27387647155116324,
            0.36685955920848434,
            -0.0027564913875872676
        ],
        [
            0.4397928940250708,
            -0.7335339756407669,
            0.5181796184198129,
            -10.673502947205503
        ],
        [
            0.0,
            0.0,
            0.0,
            1.0
        ]
    ],
    "matrix_probe_in_world_coord": [
        [
            0.8532966804368483,
            0.16197345848356262,
            0.4956302794445963,
            0.0
        ],
        [
            -0.4692753348188257,
            0.6529094120980867,
            0.594550216318529,
            0.0
        ],
        [
            -0.22730031959091937,
            -0.739914791270322,
            0.6331355829309087,
            8.139102935791016
        ],
        [
            0.0,
            0.0,
            0.0,
            1.0
        ]
    ],
    "intrinsic_matrix_camera": [
        [
            1.3888888888888888,
            0.0,
            -0.5
        ],
        [
            0.0,
            -1.3888888888888888,
            -0.5
        ],
        [
            0.0,
            0.0,
            -1.0
        ]
    ],
    "extrinsic_matrix_camera": [
        [
            0.5922019205923459,
            -0.6211554306654516,
            0.5132862906814816,
            6.061225414276123
        ],
        [
            0.8057896035856612,
            0.45650804267901146,
            -0.37723139016078844,
            -3.229982376098633
        ],
        [
            6.722878269636305e-09,
            0.6369979104551249,
            0.7708655278813582,
            16.368694305419922
        ],
        [
            0.0,
            0.0,
            0.0,
            1.0
        ]
    ]
}