{
    "matrix_probe_in_cam_coord": [
        [
            -0.9951964328046975,
            0.04147836292008595,
            -0.08867697301033077,
            0.08604419143936695
        ],
        [
            -0.09720058994340562,
            -0.5265928835906126,
            0.8445424680064214,
            0.3955608877431471
        ],
        [
            -0.011666423936201514,
            0.8491051056030656,
            0.528095080635436,
            -13.8826876679417
        ],
        [
            0.0,
            0.0,
            0.0,
            1.0
        ]
    ],
    "matrix_probe_in_world_coord": [
        [
            0.7272617473151488,
            0.6267530690306077,
            -0.2797694432078511,
            0.0
        ],
        [
            -0.6837806532581098,
            0.6263002925844015,
            -0.3744221704688514,
            0.0
        ],
        [
            -0.05945056031720173,
            0.46360385456702946,
            0.8840458681021949,
            14.285404205322266
        ],
        [
            0.0,
            0.0,
            0.0,
            1.0
        ]
    ],
    "intrinsic_matrix_camera": [
        [
            1.3888888888888888,
            0.0,
            -0.5
        ],
        [
            0.0,
            -1.3888888888888888,
            -0.5
        ],
        [
            0.0,
            0.0,
            -1.0
        ]
    ],
    "extrinsic_matrix_camera": [
        [
            -0.6729624980203603,
            -0.6370111528419393,
            0.37594982033933716,
            5.5290751457214355
        ],
        [
            0.7396766024812441,
            -0.5795568181011735,
            0.342041544748948,
            4.914061069488525
        ],
        [
            2.9012090288703783e-09,
            0.50826241819303,
            0.8612022493308837,
            26.040157318115234
        ],
        [
            0.0,
            0.0,
            0.0,
            1.0
        ]
    ]
}