{
    "matrix_probe_in_cam_coord": [
        [
            -0.5246524140670538,
            -0.26910399586100586,
            -0.8076650814695733,
            1.2713200763851769
        ],
        [
            -0.2354303515002346,
            0.9575884730387525,
            -0.1661230444453341,
            -0.3107043596970023
        ],
        [
            0.8181151471560032,
            0.10299201772443431,
            -0.5657563523982397,
            -8.29814541819441
        ],
        [
            0.0,
            0.0,
            0.0,
            1.0
        ]
    ],
    "matrix_probe_in_world_coord": [
        [
            0.8855676547909511,
            0.2630156281893252,
            0.3828742719434529,
            0.0
        ],
        [
            0.4171499225680959,
            -0.08770583845515381,
            -0.9045958368256566,
            0.0
        ],
        [
            -0.20434253323644128,
            0.9607967866458823,
            -0.18738640260558076,
            6.812227249145508
        ],
        [
            0.0,
            0.0,
            0.0,
            1.0
        ]
    ],
    "intrinsic_matrix_camera": [
        [
            1.3888888888888888,
            0.0,
            -0.5
        ],
        [
            0.0,
            -1.3888888888888888,
            -0.5
        ],
        [
            0.0,
            0.0,
            -1.0
        ]
    ],
    "extrinsic_matrix_camera": [
        [
            -0.8446279444672244,
            -0.02023301015656506,
            0.5349712709343142,
            5.506775379180908
        ],
        [
            0.5353537479322164,
            -0.03192163841530402,
            0.8440245100563202,
            6.313313961029053
        ],
        [
            2.988981438458629e-09,
            0.9992855619395724,
            0.03779372565801192,
            7.4363274574279785
        ],
        [
            0.0,
            0.0,
            0.0,
            1.0
        ]
    ]
}