{
    "matrix_probe_in_cam_coord": [
        [
            -0.8149271447426475,
            0.5745403097483784,
            -0.07613922271624146,
            -0.04308669915997392
        ],
        [
            0.23006744660612086,
            0.44127410610184703,
            0.8673788868171487,
            -2.0566368476926087
        ],
        [
            0.5319424017445272,
            0.6893334430870546,
            -0.4917892693705414,
            -12.985496276149503
        ],
        [
            0.0,
            0.0,
            0.0,
            1.0
        ]
    ],
    "matrix_probe_in_world_coord": [
        [
            0.6771042861591484,
            -0.5485348350930986,
            0.49055001819824406,
            0.0
        ],
        [
            0.47463490442589434,
            -0.18388690532026752,
            -0.8607597304430299,
            0.0
        ],
        [
            0.5623624215446235,
            0.8156562638398129,
            0.13584316726779191,
            5.4763312339782715
        ],
        [
            0.0,
            0.0,
            0.0,
            1.0
        ]
    ],
    "intrinsic_matrix_camera": [
        [
            1.3888888888888888,
            0.0,
            -0.5
        ],
        [
            0.0,
            -1.3888888888888888,
            -0.5
        ],
        [
            0.0,
            0.0,
            -1.0
        ]
    ],
    "extrinsic_matrix_camera": [
        [
            -0.9042961337639002,
            0.339218163894189,
            -0.25919016135632456,
            -2.7070274353027344
        ],
        [
            -0.42690573017899675,
            -0.7185513060463343,
            0.5490314363672127,
            5.6332526206970215
        ],
        [
            6.807728075771372e-09,
            0.607136770310745,
            0.7945973459159285,
            17.043231964111328
        ],
        [
            0.0,
            0.0,
            0.0,
            1.0
        ]
    ]
}