{
    "matrix_probe_in_cam_coord": [
        [
            -0.660928244760241,
            0.3616328006618281,
            0.6575679225476478,
            2.2012623374101463
        ],
        [
            0.4520596986440774,
            0.8912694463094409,
            -0.03578830726771212,
            -0.49056333522620577
        ],
        [
            -0.5990124240280605,
            0.2736064537995126,
            -0.7525447656447306,
            -10.354175031930048
        ],
        [
            0.0,
            0.0,
            0.0,
            1.0
        ]
    ],
    "matrix_probe_in_world_coord": [
        [
            0.16861769169396365,
            -0.32124226816509344,
            -0.9318645176161316,
            0.0
        ],
        [
            -0.9579847931249121,
            0.16912842465838684,
            -0.23164781914361238,
            0.0
        ],
        [
            0.23201984869665532,
            0.9317719576788724,
            -0.27922716324538094,
            11.926385879516602
        ],
        [
            0.0,
            0.0,
            0.0,
            1.0
        ]
    ],
    "intrinsic_matrix_camera": [
        [
            1.3888888888888888,
            0.0,
            -0.5
        ],
        [
            0.0,
            -1.3888888888888888,
            -0.5
        ],
        [
            0.0,
            0.0,
            -1.0
        ]
    ],
    "extrinsic_matrix_camera": [
        [
            -0.8403801510790213,
            -0.17673830189713413,
            0.512371714983291,
            7.068382263183594
        ],
        [
            0.5419974185108277,
            -0.2740370361557811,
            0.7944447753887954,
            6.898309230804443
        ],
        [
            5.630809814170472e-09,
            0.9453397672040845,
            0.3260869892260766,
            15.766496658325195
        ],
        [
            0.0,
            0.0,
            0.0,
            1.0
        ]
    ]
}