{
    "matrix_probe_in_cam_coord": [
        [
            0.3212545497179338,
            0.9415658120980802,
            -0.10123900322311624,
            0.119311136734517
        ],
        [
            0.8860248304729011,
            -0.26111055946175177,
            0.3831204451905925,
            -1.1347738965245622
        ],
        [
            0.33429854033632034,
            -0.2127794567754452,
            -0.9181336442497636,
            -12.396265978425777
        ],
        [
            0.0,
            0.0,
            0.0,
            1.0
        ]
    ],
    "matrix_probe_in_world_coord": [
        [
            0.3367813164538852,
            0.1064607144327548,
            0.9355450075597941,
            0.0
        ],
        [
            -0.2848037658366106,
            -0.9355280155641306,
            0.20898360476344746,
            0.0
        ],
        [
            0.8974771082611929,
            -0.33682851479218207,
            -0.28474794427707417,
            16.46528434753418
        ],
        [
            0.0,
            0.0,
            0.0,
            1.0
        ]
    ],
    "intrinsic_matrix_camera": [
        [
            1.3888888888888888,
            0.0,
            -0.5
        ],
        [
            0.0,
            -1.3888888888888888,
            -0.5
        ],
        [
            0.0,
            0.0,
            -1.0
        ]
    ],
    "extrinsic_matrix_camera": [
        [
            0.11371865517650817,
            0.6290250119034044,
            -0.7690224976323958,
            -8.83277416229248
        ],
        [
            -0.9935129931031835,
            0.07199892688717266,
            -0.08802321888143651,
            -0.89091956615448
        ],
        [
            -1.1723045828479631e-08,
            0.7740437254619518,
            0.633132143452678,
            25.192123413085938
        ],
        [
            0.0,
            0.0,
            0.0,
            1.0
        ]
    ]
}