{
    "matrix_probe_in_cam_coord": [
        [
            -0.06384091515029967,
            0.8462514191044403,
            0.5289450568976829,
            0.5943530531744214
        ],
        [
            0.8091500242896599,
            -0.266340185771067,
            0.523773943257467,
            -0.33289397300115464
        ],
        [
            0.5841237674883766,
            0.46143411350609354,
            -0.6677409551225912,
            -13.49695347059109
        ],
        [
            0.0,
            0.0,
            0.0,
            1.0
        ]
    ],
    "matrix_probe_in_world_coord": [
        [
            0.5867651248781398,
            0.17652038029061445,
            0.7902830148553097,
            0.0
        ],
        [
            0.44194971555603374,
            -0.8875872620264598,
            -0.12988187405605722,
            0.0
        ],
        [
            0.6785183395802076,
            0.4254755076739782,
            -0.5988183825024819,
            7.269315242767334
        ],
        [
            0.0,
            0.0,
            0.0,
            1.0
        ]
    ],
    "intrinsic_matrix_camera": [
        [
            1.3888888888888888,
            0.0,
            -0.5
        ],
        [
            0.0,
            -1.3888888888888888,
            -0.5
        ],
        [
            0.0,
            0.0,
            -1.0
        ]
    ],
    "extrinsic_matrix_camera": [
        [
            0.5299372940292022,
            0.8416961951486556,
            -0.10350835458688061,
            -1.4318217039108276
        ],
        [
            -0.848036829622987,
            0.5259750380011221,
            -0.06468226188616973,
            -0.19388628005981445
        ],
        [
            -2.985929800536048e-09,
            0.12205643969899516,
            0.9925231612048182,
            20.70598602294922
        ],
        [
            0.0,
            0.0,
            0.0,
            1.0
        ]
    ]
}