{
    "matrix_probe_in_cam_coord": [
        [
            0.818372164427068,
            0.5432313110927366,
            0.18752797961750242,
            0.38170739091663625
        ],
        [
            -0.4165321042882757,
            0.7855022443270862,
            -0.4576977498899154,
            0.1498871746258832
        ],
        [
            -0.39593939762056646,
            0.2964556742678018,
            0.8691064529770138,
            -11.09557673108776
        ],
        [
            0.0,
            0.0,
            0.0,
            1.0
        ]
    ],
    "matrix_probe_in_world_coord": [
        [
            0.11576658193026262,
            0.22688064080827683,
            0.9670177213136322,
            0.0
        ],
        [
            0.8422092272860756,
            0.4937035783114107,
            -0.2166573198318029,
            0.0
        ],
        [
            -0.52657546086233,
            0.8395129252065954,
            -0.1339265934334567,
            13.767524719238281
        ],
        [
            0.0,
            0.0,
            0.0,
            1.0
        ]
    ],
    "intrinsic_matrix_camera": [
        [
            1.3888888888888888,
            0.0,
            -0.5
        ],
        [
            0.0,
            -1.3888888888888888,
            -0.5
        ],
        [
            0.0,
            0.0,
            -1.0
        ]
    ],
    "extrinsic_matrix_camera": [
        [
            0.3993316957226995,
            -0.31260708057732717,
            0.8618648443718735,
            9.457315444946289
        ],
        [
            0.9168065209144364,
            0.13616165488765064,
            -0.3754008616759204,
            -4.53564977645874
        ],
        [
            2.3915560732512107e-08,
            0.9400727721358474,
            0.34097387449601274,
            17.409921646118164
        ],
        [
            0.0,
            0.0,
            0.0,
            1.0
        ]
    ]
}