{
    "matrix_probe_in_cam_coord": [
        [
            0.36823242373005605,
            -0.9252640329862731,
            -0.09105685792879516,
            1.9782963682935655
        ],
        [
            0.10852604244328026,
            -0.054492696877850584,
            0.9925989341615161,
            1.2436155292512563
        ],
        [
            -0.9233780267179242,
            -0.3753891517464978,
            0.08034926586819079,
            -12.185309964863574
        ],
        [
            0.0,
            0.0,
            0.0,
            1.0
        ]
    ],
    "matrix_probe_in_world_coord": [
        [
            -0.6752099539627521,
            0.6901745133225186,
            -0.2602895680384496,
            0.0
        ],
        [
            -0.42599260764241426,
            -0.652940463260882,
            -0.6262579737382038,
            0.0
        ],
        [
            -0.6021808833761116,
            -0.3119741857857623,
            0.7348811407973922,
            7.550265789031982
        ],
        [
            0.0,
            0.0,
            0.0,
            1.0
        ]
    ],
    "intrinsic_matrix_camera": [
        [
            1.3888888888888888,
            0.0,
            -0.5
        ],
        [
            0.0,
            -1.3888888888888888,
            -0.5
        ],
        [
            0.0,
            0.0,
            -1.0
        ]
    ],
    "extrinsic_matrix_camera": [
        [
            -0.8635267013182714,
            -0.36925048247751563,
            0.34347593409219646,
            6.352878093719482
        ],
        [
            0.504303119274891,
            -0.6322738023164576,
            0.5881396116517779,
            6.955307960510254
        ],
        [
            -5.138876244684738e-10,
            0.6810902437228206,
            0.7321994809514611,
            15.62532901763916
        ],
        [
            0.0,
            0.0,
            0.0,
            1.0
        ]
    ]
}