{
    "matrix_probe_in_cam_coord": [
        [
            -0.2620660136745213,
            -0.9533977136274405,
            -0.14951322391920396,
            1.0372611282664055
        ],
        [
            -0.2985690141656939,
            -0.06722733911103151,
            0.9520173468252432,
            -0.05306493313991645
        ],
        [
            -0.9177025380028493,
            0.294131406901777,
            -0.2670370146947983,
            -11.63663856796104
        ],
        [
            0.0,
            0.0,
            0.0,
            1.0
        ]
    ],
    "matrix_probe_in_world_coord": [
        [
            0.21952361974115808,
            0.929866836780494,
            -0.2952237223388008,
            0.0
        ],
        [
            -0.1479458990682523,
            -0.2673765976602982,
            -0.9521668792667016,
            0.0
        ],
        [
            -0.9643243185384396,
            0.25270025896195847,
            0.0788745066287781,
            10.496370315551758
        ],
        [
            0.0,
            0.0,
            0.0,
            1.0
        ]
    ],
    "intrinsic_matrix_camera": [
        [
            1.3888888888888888,
            0.0,
            -0.5
        ],
        [
            0.0,
            -1.3888888888888888,
            -0.5
        ],
        [
            0.0,
            0.0,
            -1.0
        ]
    ],
    "extrinsic_matrix_camera": [
        [
            -0.8999227455931685,
            -0.4091135287574043,
            0.1508813194259582,
            2.667496681213379
        ],
        [
            0.4360493687233746,
            -0.8443323076984294,
            0.3113902731502571,
            3.126434564590454
        ],
        [
            -8.497305457222497e-10,
            0.346018893652225,
            0.9382275444878446,
            21.432546615600586
        ],
        [
            0.0,
            0.0,
            0.0,
            1.0
        ]
    ]
}