{
    "matrix_probe_in_cam_coord": [
        [
            0.6181198520316068,
            0.4000933284657724,
            -0.6766484885386236,
            -0.15854485478691813
        ],
        [
            -0.23397262067408744,
            0.9154108687206696,
            0.32753588231363084,
            -0.430823743724149
        ],
        [
            0.7504563020585036,
            -0.04413921097220127,
            0.6594445152971002,
            -12.766542327916515
        ],
        [
            0.0,
            0.0,
            0.0,
            1.0
        ]
    ],
    "matrix_probe_in_world_coord": [
        [
            0.6674459636258613,
            -0.1901204508098179,
            -0.7199792356890696,
            0.0
        ],
        [
            0.12055905586428323,
            0.981691931003848,
            -0.14746683237612646,
            0.0
        ],
        [
            0.7348342668171224,
            0.011626125141574612,
            0.6781470589227194,
            6.434431076049805
        ],
        [
            0.0,
            0.0,
            0.0,
            1.0
        ]
    ],
    "intrinsic_matrix_camera": [
        [
            1.3888888888888888,
            0.0,
            -0.5
        ],
        [
            0.0,
            -1.3888888888888888,
            -0.5
        ],
        [
            0.0,
            0.0,
            -1.0
        ]
    ],
    "extrinsic_matrix_camera": [
        [
            0.8236685379098,
            -0.5660214425141781,
            0.03449443827200774,
            0.32710763812065125
        ],
        [
            0.5670715472121065,
            0.8221432660754333,
            -0.050102997807385405,
            -0.19553692638874054
        ],
        [
            9.508351217530192e-10,
            0.06082907743002698,
            0.9981481970824831,
            19.20353889465332
        ],
        [
            0.0,
            0.0,
            0.0,
            1.0
        ]
    ]
}