{
    "matrix_probe_in_cam_coord": [
        [
            -0.4852222923935807,
            0.5109511944669548,
            -0.7095690268304489,
            -1.1092787669787785
        ],
        [
            -0.6301859562468315,
            -0.7669100814870237,
            -0.12130369929574618,
            -0.11267888238351764
        ],
        [
            -0.6061559102356295,
            0.38830117664817654,
            0.6941161348795001,
            -15.546773295757653
        ],
        [
            0.0,
            0.0,
            0.0,
            1.0
        ]
    ],
    "matrix_probe_in_world_coord": [
        [
            -0.3459397678878365,
            -0.9381629815288522,
            -0.01326261974890791,
            0.0
        ],
        [
            0.6186283325009279,
            -0.23869609572226347,
            0.7485473666469408,
            0.0
        ],
        [
            -0.7054251648621782,
            0.25074766993103315,
            0.6629486728271853,
            17.957162857055664
        ],
        [
            0.0,
            0.0,
            0.0,
            1.0
        ]
    ],
    "intrinsic_matrix_camera": [
        [
            1.3888888888888888,
            0.0,
            -0.5
        ],
        [
            0.0,
            -1.3888888888888888,
            -0.5
        ],
        [
            0.0,
            0.0,
            -1.0
        ]
    ],
    "extrinsic_matrix_camera": [
        [
            -0.30208706462375273,
            0.9391018368805002,
            -0.16380215308314952,
            -2.775876760482788
        ],
        [
            -0.953280339347773,
            -0.2975940097298479,
            0.051907610096272316,
            -0.28399035334587097
        ],
        [
            -7.5489107069164e-09,
            0.17182998964261775,
            0.9851266185924622,
            33.29206466674805
        ],
        [
            0.0,
            0.0,
            0.0,
            1.0
        ]
    ]
}