{
    "matrix_probe_in_cam_coord": [
        [
            -0.9296985512833366,
            -0.29303507146789226,
            -0.22313908360364143,
            0.8203550975418845
        ],
        [
            0.010054862450931252,
            -0.6257936428758082,
            0.7799238528711113,
            -1.6763948869016065
        ],
        [
            -0.3681840619618921,
            0.7228504433325285,
            0.5847458705208688,
            -10.381072612266905
        ],
        [
            0.0,
            0.0,
            0.0,
            1.0
        ]
    ],
    "matrix_probe_in_world_coord": [
        [
            0.9511418271635421,
            -0.2830423686273778,
            0.12335413321734427,
            0.0
        ],
        [
            0.2526306231651493,
            0.9431229000808391,
            0.21609480230282307,
            0.0
        ],
        [
            -0.17750209254875585,
            -0.174373773558157,
            0.9685488083911423,
            15.79400634765625
        ],
        [
            0.0,
            0.0,
            0.0,
            1.0
        ]
    ],
    "intrinsic_matrix_camera": [
        [
            1.3888888888888888,
            0.0,
            -0.5
        ],
        [
            0.0,
            -1.3888888888888888,
            -0.5
        ],
        [
            0.0,
            0.0,
            -1.0
        ]
    ],
    "extrinsic_matrix_camera": [
        [
            -0.828858966304605,
            0.28289654604142833,
            -0.4826617430605946,
            -3.856341600418091
        ],
        [
            -0.5594576069520021,
            -0.41912265835692747,
            0.7150827807151849,
            7.1796650886535645
        ],
        [
            -2.404071877835164e-08,
            0.8627315581857731,
            0.5056621980238855,
            22.489601135253906
        ],
        [
            0.0,
            0.0,
            0.0,
            1.0
        ]
    ]
}