{
    "matrix_probe_in_cam_coord": [
        [
            -0.9050179615163294,
            0.2543086025462338,
            -0.3409833192456917,
            1.0242858673766029
        ],
        [
            -0.024125602628959967,
            -0.8310062747002532,
            -0.555739621321529,
            0.8343155230809751
        ],
        [
            -0.42468864433914066,
            -0.4947279111590417,
            0.7582109530266586,
            -14.438271050357992
        ],
        [
            0.0,
            0.0,
            0.0,
            1.0
        ]
    ],
    "matrix_probe_in_world_coord": [
        [
            -0.28491467867213166,
            0.7165989723738052,
            0.6366392531645865,
            0.0
        ],
        [
            -0.8632185780414694,
            0.09694348443463278,
            -0.49543480635673537,
            0.0
        ],
        [
            -0.41674610064308903,
            -0.6907154794982364,
            0.5909609242414441,
            11.762883186340332
        ],
        [
            0.0,
            0.0,
            0.0,
            1.0
        ]
    ],
    "intrinsic_matrix_camera": [
        [
            1.3888888888888888,
            0.0,
            -0.5
        ],
        [
            0.0,
            -1.3888888888888888,
            -0.5
        ],
        [
            0.0,
            0.0,
            -1.0
        ]
    ],
    "extrinsic_matrix_camera": [
        [
            0.2230068192422234,
            -0.9424301616376926,
            0.24918537077248235,
            4.155667304992676
        ],
        [
            0.9748168846360155,
            0.21559777621347542,
            -0.057005616568351014,
            -2.0014302730560303
        ],
        [
            6.332898098764977e-10,
            0.2556227480631514,
            0.9667766084637356,
            25.508195877075195
        ],
        [
            0.0,
            0.0,
            0.0,
            1.0
        ]
    ]
}