{
    "matrix_probe_in_cam_coord": [
        [
            0.06944899988927775,
            0.068200344112372,
            -0.9952515006154639,
            0.6317491252531562
        ],
        [
            -0.45705320919793724,
            -0.8846150858892019,
            -0.09251223583454306,
            -1.5532612596065682
        ],
        [
            -0.8867238580168268,
            0.46130777457159083,
            -0.03026444685700941,
            -12.861480994621463
        ],
        [
            0.0,
            0.0,
            0.0,
            1.0
        ]
    ],
    "matrix_probe_in_world_coord": [
        [
            0.14393640712995426,
            -0.9624843371764438,
            -0.2300135026309137,
            0.0
        ],
        [
            -0.045191935225904055,
            -0.23858453766004198,
            0.9700696404795283,
            0.0
        ],
        [
            -0.9885545001126935,
            -0.1292335834044902,
            -0.07783753096917283,
            15.609822273254395
        ],
        [
            0.0,
            0.0,
            0.0,
            1.0
        ]
    ],
    "intrinsic_matrix_camera": [
        [
            1.3888888888888888,
            0.0,
            -0.5
        ],
        [
            0.0,
            -1.3888888888888888,
            -0.5
        ],
        [
            0.0,
            0.0,
            -1.0
        ]
    ],
    "extrinsic_matrix_camera": [
        [
            0.1732757601798654,
            0.8069206311997056,
            -0.5646721224554637,
            -6.118628025054932
        ],
        [
            -0.9848733476615605,
            0.14196728894286584,
            -0.0993467560422765,
            -0.43504124879837036
        ],
        [
            2.3273339214094382e-08,
            0.5733449082485004,
            0.8193141132590832,
            27.0379695892334
        ],
        [
            0.0,
            0.0,
            0.0,
            1.0
        ]
    ]
}