{
    "matrix_probe_in_cam_coord": [
        [
            -0.936132294067327,
            -0.116880645512334,
            0.33165530707176033,
            0.910008890573585
        ],
        [
            -0.03410881442880153,
            -0.9085176784326419,
            -0.41645193810765785,
            1.3316918427626878
        ],
        [
            0.34998988097158623,
            -0.40116647751274387,
            0.8465060782637726,
            -13.75174089169128
        ],
        [
            0.0,
            0.0,
            0.0,
            1.0
        ]
    ],
    "matrix_probe_in_world_coord": [
        [
            -0.9593367989300007,
            -0.174514968436959,
            0.22185002143382057,
            0.0
        ],
        [
            -0.12365266073539963,
            -0.44670142847584166,
            -0.8860969773623533,
            0.0
        ],
        [
            0.25373790751835956,
            -0.8774977832388464,
            0.4069578782860883,
            6.566094398498535
        ],
        [
            0.0,
            0.0,
            0.0,
            1.0
        ]
    ],
    "intrinsic_matrix_camera": [
        [
            1.3888888888888888,
            0.0,
            -0.5
        ],
        [
            0.0,
            -1.3888888888888888,
            -0.5
        ],
        [
            0.0,
            0.0,
            -1.0
        ]
    ],
    "extrinsic_matrix_camera": [
        [
            0.9920413175105343,
            0.0988819034301756,
            -0.07795122530139366,
            -2.1064116954803467
        ],
        [
            -0.12591276484917327,
            0.779070593983957,
            -0.6141620187194264,
            -9.368697166442871
        ],
        [
            -2.0281620180448594e-09,
            0.6190891525164286,
            0.7853207123440016,
            16.54118537902832
        ],
        [
            0.0,
            0.0,
            0.0,
            1.0
        ]
    ]
}