{
    "matrix_probe_in_cam_coord": [
        [
            -0.8168441031986089,
            -0.5767433557181991,
            -0.01152443944716999,
            -1.2277839365588086
        ],
        [
            -0.07981574879668904,
            0.09321249549032665,
            0.9924418758438651,
            0.7388917937306729
        ],
        [
            -0.5713100360694572,
            0.8115901258143651,
            -0.12217328008586342,
            -8.622284733784033
        ],
        [
            0.0,
            0.0,
            0.0,
            1.0
        ]
    ],
    "matrix_probe_in_world_coord": [
        [
            0.9337742198510953,
            0.35207563122534624,
            0.06409724049249377,
            0.0
        ],
        [
            -0.3340714400410129,
            0.9218157879997827,
            -0.19660093067751225,
            0.0
        ],
        [
            -0.12830424502097537,
            0.16216782323141074,
            0.9783862314127196,
            12.673871040344238
        ],
        [
            0.0,
            0.0,
            0.0,
            1.0
        ]
    ],
    "intrinsic_matrix_camera": [
        [
            1.3888888888888888,
            0.0,
            -0.5
        ],
        [
            0.0,
            -1.3888888888888888,
            -0.5
        ],
        [
            0.0,
            0.0,
            -1.0
        ]
    ],
    "extrinsic_matrix_camera": [
        [
            -0.9665439309905441,
            0.021900745214173057,
            -0.2555644474969281,
            -3.4064388275146484
        ],
        [
            -0.2565011295595913,
            -0.0825260843139367,
            0.9630143383888232,
            8.049433708190918
        ],
        [
            -1.479127075117107e-09,
            0.9963482336848262,
            0.08538265182768161,
            12.673871040344238
        ],
        [
            0.0,
            0.0,
            0.0,
            1.0
        ]
    ]
}