{
    "matrix_probe_in_cam_coord": [
        [
            0.3100783918829879,
            -0.05270766587658675,
            0.9492488045002232,
            -0.06969584255169048
        ],
        [
            0.842290437043039,
            0.4782817137760302,
            -0.2485828271086127,
            0.7839856049556371
        ],
        [
            -0.4409061244223163,
            0.8766233536846406,
            0.19269998760141957,
            -12.223174452696803
        ],
        [
            0.0,
            0.0,
            0.0,
            1.0
        ]
    ],
    "matrix_probe_in_world_coord": [
        [
            0.9798318618914784,
            -0.17752355089886582,
            -0.09173282563257754,
            0.0
        ],
        [
            -0.09088794947528635,
            0.012902952865305824,
            -0.99577753260833,
            0.0
        ],
        [
            0.17795758781928034,
            0.9840319622266412,
            -0.003492027194858956,
            17.63486671447754
        ],
        [
            0.0,
            0.0,
            0.0,
            1.0
        ]
    ],
    "intrinsic_matrix_camera": [
        [
            1.3888888888888888,
            0.0,
            -0.5
        ],
        [
            0.0,
            -1.3888888888888888,
            -0.5
        ],
        [
            0.0,
            0.0,
            -1.0
        ]
    ],
    "extrinsic_matrix_camera": [
        [
            0.22610426499187436,
            0.7631999441561593,
            -0.6053120737210843,
            -7.981414318084717
        ],
        [
            -0.9741031061199237,
            0.17715038995072266,
            -0.1405022348143383,
            -1.9241576194763184
        ],
        [
            -2.7862547881435965e-08,
            0.6214045257160122,
            0.7834898949058993,
            26.724428176879883
        ],
        [
            0.0,
            0.0,
            0.0,
            1.0
        ]
    ]
}