{
    "matrix_probe_in_cam_coord": [
        [
            -0.026954425821261924,
            -0.07552338676999544,
            0.9967796531728741,
            1.2962390856994512
        ],
        [
            0.9855037977147497,
            -0.16908805484681697,
            0.01383815009042883,
            -0.6189457379408907
        ],
        [
            0.1674984287044254,
            0.9827031330767748,
            0.07898625590974055,
            -9.231934451879258
        ],
        [
            0.0,
            0.0,
            0.0,
            1.0
        ]
    ],
    "matrix_probe_in_world_coord": [
        [
            -0.056478077659423156,
            0.9458587931460066,
            0.31962692341584087,
            0.0
        ],
        [
            -0.013327796894272284,
            -0.3208236426074519,
            0.9470451732488956,
            0.0
        ],
        [
            0.9983148784696343,
            0.049227368124505476,
            0.030725716487874213,
            14.480189323425293
        ],
        [
            0.0,
            0.0,
            0.0,
            1.0
        ]
    ],
    "intrinsic_matrix_camera": [
        [
            1.3888888888888888,
            0.0,
            -0.5
        ],
        [
            0.0,
            -1.3888888888888888,
            -0.5
        ],
        [
            0.0,
            0.0,
            -1.0
        ]
    ],
    "extrinsic_matrix_camera": [
        [
            0.2486854885573861,
            -0.21116973817463577,
            0.9452845441771647,
            8.273746490478516
        ],
        [
            0.968584290488428,
            0.05421820447272258,
            -0.24270323138100708,
            -3.4625790119171143
        ],
        [
            -5.2876236610862307e-08,
            0.9759445312019581,
            0.21801897169050993,
            17.096982955932617
        ],
        [
            0.0,
            0.0,
            0.0,
            1.0
        ]
    ]
}