{
    "matrix_probe_in_cam_coord": [
        [
            0.3860711991673725,
            -0.8399320970889362,
            0.38139625254222054,
            -1.7547098466247602
        ],
        [
            0.1302021393278767,
            -0.3596959616749823,
            -0.9239405922834834,
            0.32501290506704716
        ],
        [
            0.9132340510996682,
            0.40636546043492894,
            -0.02950729532839232,
            -10.261942679952337
        ],
        [
            0.0,
            0.0,
            0.0,
            1.0
        ]
    ],
    "matrix_probe_in_world_coord": [
        [
            -0.5676977108573752,
            -0.49274802104898224,
            -0.6594836592665566,
            0.0
        ],
        [
            -0.35438633737931696,
            0.8693352929653161,
            -0.34448000273423846,
            0.0
        ],
        [
            0.7430542597725747,
            0.03815148958061498,
            -0.6681428222143909,
            8.624704360961914
        ],
        [
            0.0,
            0.0,
            0.0,
            1.0
        ]
    ],
    "intrinsic_matrix_camera": [
        [
            1.3888888888888888,
            0.0,
            -0.5
        ],
        [
            0.0,
            -1.3888888888888888,
            -0.5
        ],
        [
            0.0,
            0.0,
            -1.0
        ]
    ],
    "extrinsic_matrix_camera": [
        [
            -0.05682145359627951,
            0.7126477395935106,
            -0.6992170776400313,
            -7.506650447845459
        ],
        [
            -0.9983843560529208,
            -0.04055919574043139,
            0.039794839234301674,
            -1.3303202390670776
        ],
        [
            1.9910757784865782e-08,
            0.700348592411771,
            0.713800987045304,
            15.722066879272461
        ],
        [
            0.0,
            0.0,
            0.0,
            1.0
        ]
    ]
}