{
    "matrix_probe_in_cam_coord": [
        [
            -0.31055406706136457,
            -0.18250220478217075,
            -0.9328714363090405,
            0.03451995491783112
        ],
        [
            -0.8943786402446058,
            -0.2762802364089624,
            0.35178982197331743,
            0.6814273132894444
        ],
        [
            -0.3219363590926876,
            0.943590046693719,
            -0.07742612268924198,
            -12.330357303149519
        ],
        [
            0.0,
            0.0,
            0.0,
            1.0
        ]
    ],
    "matrix_probe_in_world_coord": [
        [
            0.21091792217202351,
            -0.3431454386830957,
            0.9152949459150436,
            0.0
        ],
        [
            0.251769966911804,
            0.9238381991276834,
            0.2883311734685453,
            0.0
        ],
        [
            -0.9445239615106997,
            0.16962956624216508,
            0.2812477491263345,
            6.05278205871582
        ],
        [
            0.0,
            0.0,
            0.0,
            1.0
        ]
    ],
    "intrinsic_matrix_camera": [
        [
            1.3888888888888888,
            0.0,
            -0.5
        ],
        [
            0.0,
            -1.3888888888888888,
            -0.5
        ],
        [
            0.0,
            0.0,
            -1.0
        ]
    ],
    "extrinsic_matrix_camera": [
        [
            -0.8567291302682162,
            0.22815526456312107,
            -0.4625585072204361,
            -5.829408645629883
        ],
        [
            -0.5157666113174311,
            -0.37898394453577755,
            0.7683462581637506,
            9.750038146972656
        ],
        [
            -3.837547201825259e-09,
            0.896836855306602,
            0.44236145284570755,
            10.896127700805664
        ],
        [
            0.0,
            0.0,
            0.0,
            1.0
        ]
    ]
}