{
    "matrix_probe_in_cam_coord": [
        [
            -0.2024011004613537,
            -0.6089367442916479,
            0.7669614305710043,
            -0.27923756865747695
        ],
        [
            0.6018409030347153,
            -0.6951648433656432,
            -0.3931073237460467,
            -0.2125223423701197
        ],
        [
            0.7725421166295021,
            0.3820234050420328,
            0.5071851693747558,
            -12.551661784142055
        ],
        [
            0.0,
            0.0,
            0.0,
            1.0
        ]
    ],
    "matrix_probe_in_world_coord": [
        [
            0.3615954821782543,
            -0.8135628606586329,
            -0.4553725716654633,
            0.0
        ],
        [
            0.22939743269695256,
            0.5510417682790144,
            -0.8023277307210466,
            0.0
        ],
        [
            0.9036733509074629,
            0.18565678379439512,
            0.3858834454738871,
            8.792903900146484
        ],
        [
            0.0,
            0.0,
            0.0,
            1.0
        ]
    ],
    "intrinsic_matrix_camera": [
        [
            1.3888888888888888,
            0.0,
            -0.5
        ],
        [
            0.0,
            -1.3888888888888888,
            -0.5
        ],
        [
            0.0,
            0.0,
            -1.0
        ]
    ],
    "extrinsic_matrix_camera": [
        [
            0.07296779712399419,
            0.9621935430800621,
            -0.26241052996765984,
            -3.0688252449035645
        ],
        [
            -0.9973342973060094,
            0.0703968005055606,
            -0.019198695156407916,
            -0.504507839679718
        ],
        [
            1.2136336074548633e-09,
            0.26311190800421175,
            0.9647653206176013,
            20.958229064941406
        ],
        [
            0.0,
            0.0,
            0.0,
            1.0
        ]
    ]
}