{
    "matrix_probe_in_cam_coord": [
        [
            -0.7855659737773464,
            -0.12449147899303883,
            0.6061253768828485,
            0.2832071698379472
        ],
        [
            -0.5853163592545485,
            0.4672584824696431,
            -0.6626267955260837,
            -1.3300657159086917
        ],
        [
            -0.20072583399316027,
            -0.8753121627272707,
            -0.43992926402941,
            -11.35084861526544
        ],
        [
            0.0,
            0.0,
            0.0,
            1.0
        ]
    ],
    "matrix_probe_in_world_coord": [
        [
            0.5285163321194161,
            -0.5305857213287671,
            -0.6626833927337178,
            0.0
        ],
        [
            -0.588551880090347,
            -0.7915703096146068,
            0.16438713264350432,
            0.0
        ],
        [
            -0.6117819637135086,
            0.3031422723057065,
            -0.7306350604892814,
            5.723940849304199
        ],
        [
            0.0,
            0.0,
            0.0,
            1.0
        ]
    ],
    "intrinsic_matrix_camera": [
        [
            1.3888888888888888,
            0.0,
            -0.5
        ],
        [
            0.0,
            -1.3888888888888888,
            -0.5
        ],
        [
            0.0,
            0.0,
            -1.0
        ]
    ],
    "extrinsic_matrix_camera": [
        [
            -0.7508002670925434,
            -0.11815816131534844,
            0.6498750709546731,
            7.432107448577881
        ],
        [
            0.6605293021007964,
            -0.13430621688093186,
            0.7386899763590723,
            8.019055366516113
        ],
        [
            1.283648308857568e-08,
            0.983870158619372,
            0.17888407133753312,
            9.06303882598877
        ],
        [
            0.0,
            0.0,
            0.0,
            1.0
        ]
    ]
}