{
    "matrix_probe_in_cam_coord": [
        [
            -0.6992455405140875,
            0.5434448442342696,
            -0.4644603054582288,
            0.7518759894434676
        ],
        [
            -0.659541378374577,
            -0.7410557592350228,
            0.1258631475705507,
            0.9273792293136065
        ],
        [
            -0.2757913056695655,
            0.39434003471597145,
            0.8766042965541988,
            -15.014322681912308
        ],
        [
            0.0,
            0.0,
            0.0,
            1.0
        ]
    ],
    "matrix_probe_in_world_coord": [
        [
            0.14246573759533962,
            0.9565255673069504,
            0.2544844842019494,
            0.0
        ],
        [
            -0.7786268378491732,
            0.2670407012328738,
            -0.5678287693187553,
            0.0
        ],
        [
            -0.6111004508200046,
            -0.11725230476699137,
            0.7828206282632155,
            16.146764755249023
        ],
        [
            0.0,
            0.0,
            0.0,
            1.0
        ]
    ],
    "intrinsic_matrix_camera": [
        [
            1.3888888888888888,
            0.0,
            -0.5
        ],
        [
            0.0,
            -1.3888888888888888,
            -0.5
        ],
        [
            0.0,
            0.0,
            -1.0
        ]
    ],
    "extrinsic_matrix_camera": [
        [
            0.3020024149748137,
            -0.7707706112636191,
            0.5609877058917492,
            8.910578727722168
        ],
        [
            0.953307160022089,
            0.2441758520881314,
            -0.17771778725736656,
            -3.6115245819091797
        ],
        [
            -3.580305619152096e-09,
            0.5884647976466751,
            0.8085228394613588,
            27.74045753479004
        ],
        [
            0.0,
            0.0,
            0.0,
            1.0
        ]
    ]
}