{
    "matrix_probe_in_cam_coord": [
        [
            -0.3026727310477012,
            -0.48756361707165213,
            0.8189450147525981,
            -0.9797227746919691
        ],
        [
            0.1440929740597955,
            -0.8727804932691063,
            -0.46635975962291015,
            1.0592359210111155
        ],
        [
            0.9421392851944604,
            -0.023150159328670712,
            0.33442134713012583,
            -11.604291765062264
        ],
        [
            0.0,
            0.0,
            0.0,
            1.0
        ]
    ],
    "matrix_probe_in_world_coord": [
        [
            -0.006669324639104589,
            0.3031249974627882,
            -0.9529274662963824,
            0.0
        ],
        [
            0.818995277465433,
            0.5484331967805965,
            0.1687239288255648,
            0.0
        ],
        [
            0.5737614971381201,
            -0.7793178200081147,
            -0.25191562043593657,
            17.579151153564453
        ],
        [
            0.0,
            0.0,
            0.0,
            1.0
        ]
    ],
    "intrinsic_matrix_camera": [
        [
            1.3888888888888888,
            0.0,
            -0.5
        ],
        [
            0.0,
            -1.3888888888888888,
            -0.5
        ],
        [
            0.0,
            0.0,
            -1.0
        ]
    ],
    "extrinsic_matrix_camera": [
        [
            -0.9261692954292778,
            0.178884436490062,
            -0.3319801117321161,
            -4.949264049530029
        ],
        [
            -0.3771079901089808,
            -0.4393363816301236,
            0.8153361929732518,
            9.55729866027832
        ],
        [
            1.4368420530425376e-08,
            0.8803317000754792,
            0.47435861733736484,
            22.151268005371094
        ],
        [
            0.0,
            0.0,
            0.0,
            1.0
        ]
    ]
}