{
    "matrix_probe_in_cam_coord": [
        [
            -0.5855620666351778,
            0.6483393239887442,
            -0.4865934515463165,
            -0.4928678159078108
        ],
        [
            0.3252563991357989,
            -0.36191512631110373,
            -0.8736279048705066,
            -1.1011523408226283
        ],
        [
            -0.7425128557399885,
            -0.6698309953391492,
            0.0010472553705443653,
            -13.5543407476336
        ],
        [
            0.0,
            0.0,
            0.0,
            1.0
        ]
    ],
    "matrix_probe_in_world_coord": [
        [
            -0.2734663543531836,
            0.44902772923982526,
            -0.8506410826021191,
            0.0
        ],
        [
            0.6958768376991422,
            -0.5181757835877365,
            -0.4972416757041558,
            0.0
        ],
        [
            -0.6640569100541163,
            -0.7279202948654209,
            -0.17076435381079363,
            16.572065353393555
        ],
        [
            0.0,
            0.0,
            0.0,
            1.0
        ]
    ],
    "intrinsic_matrix_camera": [
        [
            1.3888888888888888,
            0.0,
            -0.5
        ],
        [
            0.0,
            -1.3888888888888888,
            -0.5
        ],
        [
            0.0,
            0.0,
            -1.0
        ]
    ],
    "extrinsic_matrix_camera": [
        [
            0.8651702384482479,
            0.49168717774373877,
            -0.09861124553416498,
            -0.36877337098121643
        ],
        [
            -0.5014782732117139,
            0.8482782520002626,
            -0.17012803613742503,
            -1.6190522909164429
        ],
        [
            1.0457948490903353e-09,
            0.1966411107214775,
            0.9804755344088011,
            30.078296661376953
        ],
        [
            0.0,
            0.0,
            0.0,
            1.0
        ]
    ]
}