{
    "matrix_probe_in_cam_coord": [
        [
            0.26217789649645656,
            -0.788806948379397,
            -0.5559193725506216,
            0.5283876276785497
        ],
        [
            0.9236296474826746,
            0.03821028432348624,
            0.3813767801832578,
            -0.4696808610271894
        ],
        [
            -0.2795908168730223,
            -0.6134521760987582,
            0.7385833756320098,
            -9.075452557837846
        ],
        [
            0.0,
            0.0,
            0.0,
            1.0
        ]
    ],
    "matrix_probe_in_world_coord": [
        [
            0.2843647958950199,
            -0.7552360198430089,
            -0.590555007757342,
            0.0
        ],
        [
            0.4104812375566573,
            0.652580231198915,
            -0.6369020297206833,
            0.0
        ],
        [
            0.8663958774541458,
            -0.06129923474286903,
            0.49558106032252675,
            7.149990081787109
        ],
        [
            0.0,
            0.0,
            0.0,
            1.0
        ]
    ],
    "intrinsic_matrix_camera": [
        [
            1.3888888888888888,
            0.0,
            -0.5
        ],
        [
            0.0,
            -1.3888888888888888,
            -0.5
        ],
        [
            0.0,
            0.0,
            -1.0
        ]
    ],
    "extrinsic_matrix_camera": [
        [
            0.998590553513055,
            0.008566005759866541,
            -0.05237871685916553,
            -0.9989801645278931
        ],
        [
            -0.053074536592331134,
            0.16116827153364846,
            -0.9854987984855007,
            -8.840106010437012
        ],
        [
            -1.122826275677215e-09,
            0.9868897667906879,
            0.16139575026568048,
            9.078252792358398
        ],
        [
            0.0,
            0.0,
            0.0,
            1.0
        ]
    ]
}