{
    "matrix_probe_in_cam_coord": [
        [
            0.43311441249163923,
            -0.7176056185160417,
            -0.5453935111148938,
            -0.9971569567046185
        ],
        [
            -0.20438492147568646,
            0.5111389742327438,
            -0.8348435499503342,
            -0.9356864872063144
        ],
        [
            0.8778603018506986,
            0.4730529836017399,
            0.07471388853548128,
            -14.189054467044587
        ],
        [
            0.0,
            0.0,
            0.0,
            1.0
        ]
    ],
    "matrix_probe_in_world_coord": [
        [
            0.20470270715935807,
            -0.48166877626867777,
            -0.8521103165960758,
            0.0
        ],
        [
            -0.5688530941802221,
            0.6498989398898761,
            -0.5040213538845378,
            0.0
        ],
        [
            0.7965569401638639,
            0.5879001257848562,
            -0.14096270137498398,
            10.001847267150879
        ],
        [
            0.0,
            0.0,
            0.0,
            1.0
        ]
    ],
    "intrinsic_matrix_camera": [
        [
            1.3888888888888888,
            0.0,
            -0.5
        ],
        [
            0.0,
            -1.3888888888888888,
            -0.5
        ],
        [
            0.0,
            0.0,
            -1.0
        ]
    ],
    "extrinsic_matrix_camera": [
        [
            0.8990433502864802,
            0.42334097070583226,
            -0.11181894663922061,
            -0.29400336742401123
        ],
        [
            -0.4378596285405417,
            0.8692326488032259,
            -0.22959431166487174,
            -2.881011724472046
        ],
        [
            4.048521318327554e-10,
            0.2553762416051484,
            0.9668417529376918,
            23.959369659423828
        ],
        [
            0.0,
            0.0,
            0.0,
            1.0
        ]
    ]
}