{
    "matrix_probe_in_cam_coord": [
        [
            -0.7160565479385904,
            -0.6796576004186649,
            0.1591495094161845,
            0.5752268155928014
        ],
        [
            0.6709861503534014,
            -0.7330349846046313,
            -0.11152263169245459,
            1.640224070517942
        ],
        [
            0.19245936243319567,
            0.02693060598707222,
            0.9809353374575601,
            -10.288413080758039
        ],
        [
            0.0,
            0.0,
            0.0,
            1.0
        ]
    ],
    "matrix_probe_in_world_coord": [
        [
            0.6087276202654246,
            0.6168306927219772,
            0.4989695189509263,
            0.0
        ],
        [
            -0.3864126011334197,
            -0.3187767741223996,
            0.8654863776891127,
            0.0
        ],
        [
            0.6929184555279919,
            -0.7196535727669546,
            0.04430292532621122,
            3.95389723777771
        ],
        [
            0.0,
            0.0,
            0.0,
            1.0
        ]
    ],
    "intrinsic_matrix_camera": [
        [
            1.3888888888888888,
            0.0,
            -0.5
        ],
        [
            0.0,
            -1.3888888888888888,
            -0.5
        ],
        [
            0.0,
            0.0,
            -1.0
        ]
    ],
    "extrinsic_matrix_camera": [
        [
            -0.775706312727465,
            -0.09935706869515952,
            0.6232237874913514,
            7.021158695220947
        ],
        [
            0.6310940630324133,
            -0.12212429450528998,
            0.7660325974113799,
            7.718548774719238
        ],
        [
            1.1962562117699063e-08,
            0.9875291537933907,
            0.15743624235896034,
            3.95389723777771
        ],
        [
            0.0,
            0.0,
            0.0,
            1.0
        ]
    ]
}