{
    "matrix_probe_in_cam_coord": [
        [
            0.81807767027741,
            0.5176822913039748,
            0.25050742636447354,
            -2.6880732162149403
        ],
        [
            -0.5562095533132382,
            0.8229383580270352,
            0.11577301797420672,
            1.4021618437285324
        ],
        [
            -0.1462185289098946,
            -0.2340459445451565,
            0.9611673307210312,
            -12.439398010098285
        ],
        [
            0.0,
            0.0,
            0.0,
            1.0
        ]
    ],
    "matrix_probe_in_world_coord": [
        [
            0.8877989089526919,
            -0.2210125950855739,
            0.4036911320254018,
            0.0
        ],
        [
            0.26395527481831144,
            0.9630648185532469,
            -0.05323314907641367,
            0.0
        ],
        [
            -0.37701553039364294,
            0.1538167353656362,
            0.9133453354364155,
            10.803725242614746
        ],
        [
            0.0,
            0.0,
            0.0,
            1.0
        ]
    ],
    "intrinsic_matrix_camera": [
        [
            1.3888888888888888,
            0.0,
            -0.5
        ],
        [
            0.0,
            -1.3888888888888888,
            -0.5
        ],
        [
            0.0,
            0.0,
            -1.0
        ]
    ],
    "extrinsic_matrix_camera": [
        [
            0.7130017830097513,
            -0.6289454359995681,
            0.309929178942914,
            6.6538166999816895
        ],
        [
            0.7011622190512804,
            0.6395655726275998,
            -0.31516253090209595,
            -2.932431221008301
        ],
        [
            2.6043194932098967e-09,
            0.44202207732741516,
            0.8970041712027634,
            21.342130661010742
        ],
        [
            0.0,
            0.0,
            0.0,
            1.0
        ]
    ]
}