{
    "matrix_probe_in_cam_coord": [
        [
            0.5915530421791295,
            -0.806153720352625,
            -0.013460217317652958,
            0.4130423849055179
        ],
        [
            0.4001268278442132,
            0.279036335436656,
            0.8729474469550896,
            0.25773092275099074
        ],
        [
            -0.6999739423206724,
            -0.5217805119661937,
            0.4876285239855769,
            -10.237648183064508
        ],
        [
            0.0,
            0.0,
            0.0,
            1.0
        ]
    ],
    "matrix_probe_in_world_coord": [
        [
            0.9054923553098616,
            0.42377756902697783,
            0.0222747943870329,
            0.0
        ],
        [
            -0.4241787482256231,
            0.9053972124980861,
            0.018118420307491192,
            0.0
        ],
        [
            -0.012489356634469958,
            -0.025854585478798976,
            0.9995876931918363,
            18.493358612060547
        ],
        [
            0.0,
            0.0,
            0.0,
            1.0
        ]
    ],
    "intrinsic_matrix_camera": [
        [
            1.3888888888888888,
            0.0,
            -0.5
        ],
        [
            0.0,
            -1.3888888888888888,
            -0.5
        ],
        [
            0.0,
            0.0,
            -1.0
        ]
    ],
    "extrinsic_matrix_camera": [
        [
            0.1937170700072489,
            0.5000058485604727,
            -0.8440781055051296,
            -8.850255012512207
        ],
        [
            -0.9810574380676224,
            0.09872985207386532,
            -0.16666949187438662,
            -1.3265310525894165
        ],
        [
            -1.4218485554442953e-08,
            0.8603758293413377,
            0.5096601144735631,
            23.489334106445312
        ],
        [
            0.0,
            0.0,
            0.0,
            1.0
        ]
    ]
}