{
    "matrix_probe_in_cam_coord": [
        [
            -0.6354136466559606,
            -0.7484784760121446,
            -0.18981430027769558,
            -0.8613229428696982
        ],
        [
            0.7276553908000363,
            -0.6626670308394178,
            0.17717234117693528,
            -0.6097176959482731
        ],
        [
            -0.25839336269149843,
            -0.025541675454191552,
            0.9657020725523852,
            -14.043914363155478
        ],
        [
            0.0,
            0.0,
            0.0,
            1.0
        ]
    ],
    "matrix_probe_in_world_coord": [
        [
            0.7756075536807401,
            0.6099510786267683,
            0.16245800797566168,
            0.0
        ],
        [
            -0.6305308683739531,
            0.7606494752999893,
            0.1544124339340589,
            0.0
        ],
        [
            -0.029389567893504692,
            -0.22219823898468083,
            0.9745584620181286,
            16.278818130493164
        ],
        [
            0.0,
            0.0,
            0.0,
            1.0
        ]
    ],
    "intrinsic_matrix_camera": [
        [
            1.3888888888888888,
            0.0,
            -0.5
        ],
        [
            0.0,
            -1.3888888888888888,
            -0.5
        ],
        [
            0.0,
            0.0,
            -1.0
        ]
    ],
    "extrinsic_matrix_camera": [
        [
            -0.9802037309391239,
            0.18896361296610736,
            -0.05910498141288394,
            -1.5591228008270264
        ],
        [
            -0.19799152975069964,
            -0.9355089023178141,
            0.292613136805402,
            3.3685028553009033
        ],
        [
            -7.509872611937037e-10,
            0.29852277410427874,
            0.9544025111770643,
            29.8643798828125
        ],
        [
            0.0,
            0.0,
            0.0,
            1.0
        ]
    ]
}