{
    "matrix_probe_in_cam_coord": [
        [
            0.44863935384504433,
            0.44788087472409827,
            -0.7733857072883347,
            -2.8882746869703
        ],
        [
            0.8569651532759033,
            0.030005244297025252,
            0.514500156837181,
            0.25152949604393515
        ],
        [
            0.2536404073729365,
            -0.8935896191043474,
            -0.3703567690439022,
            -13.800126227652296
        ],
        [
            0.0,
            0.0,
            0.0,
            1.0
        ]
    ],
    "matrix_probe_in_world_coord": [
        [
            -0.8267755097362494,
            -0.42875955285369577,
            -0.3641531303408831,
            0.0
        ],
        [
            0.2251384272017932,
            0.3410330920703688,
            -0.9126933322370808,
            0.0
        ],
        [
            0.5155142530497757,
            -0.8365773580187444,
            -0.18542755715618314,
            3.8395421504974365
        ],
        [
            0.0,
            0.0,
            0.0,
            1.0
        ]
    ],
    "intrinsic_matrix_camera": [
        [
            1.3888888888888888,
            0.0,
            -0.5
        ],
        [
            0.0,
            -1.3888888888888888,
            -0.5
        ],
        [
            0.0,
            0.0,
            -1.0
        ]
    ],
    "extrinsic_matrix_camera": [
        [
            -0.2813264077714594,
            -0.9087396792270809,
            0.30829798521668716,
            3.6705780029296875
        ],
        [
            0.9596121363813646,
            -0.2664122945640057,
            0.09038272520086449,
            4.0859270095825195
        ],
        [
            4.944334529847518e-09,
            0.32127353564120964,
            0.9469864388134586,
            16.8272647857666
        ],
        [
            0.0,
            0.0,
            0.0,
            1.0
        ]
    ]
}