{
    "matrix_probe_in_cam_coord": [
        [
            -0.07336057573304099,
            -0.8642105021743973,
            -0.4977533865877688,
            -0.8080681535719324
        ],
        [
            0.9349230290215165,
            -0.23334127348480627,
            0.26734019505813383,
            -0.4724347941604137
        ],
        [
            -0.3471846133303562,
            -0.4457488732683065,
            0.8250883505702198,
            -12.5986822881522
        ],
        [
            0.0,
            0.0,
            0.0,
            1.0
        ]
    ],
    "matrix_probe_in_world_coord": [
        [
            0.9605549536824702,
            -0.01427338184733433,
            -0.2777236963723257,
            0.0
        ],
        [
            0.15079162836344176,
            0.8658496687758892,
            0.47703902974094786,
            0.0
        ],
        [
            0.23365801028761937,
            -0.5001006115286437,
            0.8338484949780192,
            14.832348823547363
        ],
        [
            0.0,
            0.0,
            0.0,
            1.0
        ]
    ],
    "intrinsic_matrix_camera": [
        [
            1.3888888888888888,
            0.0,
            -0.5
        ],
        [
            0.0,
            -1.3888888888888888,
            -0.5
        ],
        [
            0.0,
            0.0,
            -1.0
        ]
    ],
    "extrinsic_matrix_camera": [
        [
            0.08010625247363957,
            0.8271288087751862,
            -0.5562741428547361,
            -6.552825450897217
        ],
        [
            -0.9967863303209118,
            0.06647180884335999,
            -0.04470470125682865,
            -1.3372880220413208
        ],
        [
            2.1911326866792436e-09,
            0.5580675875942211,
            0.8297954975033106,
            25.550329208374023
        ],
        [
            0.0,
            0.0,
            0.0,
            1.0
        ]
    ]
}