{
    "matrix_probe_in_cam_coord": [
        [
            0.07339306171321709,
            0.99488906712202,
            -0.06934841464256213,
            0.6618574761009814
        ],
        [
            0.8694607646342556,
            -0.09789160638302374,
            -0.48420575395317866,
            0.9356668536762456
        ],
        [
            -0.4885196385550687,
            -0.02475838283951505,
            -0.8722015737346478,
            -10.72089257515274
        ],
        [
            0.0,
            0.0,
            0.0,
            1.0
        ]
    ],
    "matrix_probe_in_world_coord": [
        [
            0.44329839867723153,
            -0.8609701965034053,
            0.24943305807989813,
            0.0
        ],
        [
            -0.8257905300409614,
            -0.5004956157185713,
            -0.25995026282186384,
            0.0
        ],
        [
            0.3486495808471167,
            -0.09074392199687932,
            -0.9328499399130354,
            16.417362213134766
        ],
        [
            0.0,
            0.0,
            0.0,
            1.0
        ]
    ],
    "intrinsic_matrix_camera": [
        [
            1.3888888888888888,
            0.0,
            -0.5
        ],
        [
            0.0,
            -1.3888888888888888,
            -0.5
        ],
        [
            0.0,
            0.0,
            -1.0
        ]
    ],
    "extrinsic_matrix_camera": [
        [
            -0.8413325960249339,
            0.34893539831024867,
            -0.4127996495541313,
            -4.195225715637207
        ],
        [
            -0.5405177729417834,
            -0.5431287328668027,
            0.6425353816472336,
            7.754486083984375
        ],
        [
            -1.1266690472006123e-08,
            0.7637115079272864,
            0.6455576911937696,
            22.623737335205078
        ],
        [
            0.0,
            0.0,
            0.0,
            1.0
        ]
    ]
}