{
    "matrix_probe_in_cam_coord": [
        [
            -0.8244261498278611,
            -0.542717180492006,
            -0.16056022383771265,
            6.180376130965144e-10
        ],
        [
            0.506355773438608,
            -0.5805532356690145,
            -0.637621965791351,
            -2.0711002620460532
        ],
        [
            0.25283463802532696,
            -0.6069728186278566,
            0.7534312465391628,
            -13.858338956713997
        ],
        [
            0.0,
            0.0,
            0.0,
            1.0
        ]
    ],
    "matrix_probe_in_world_coord": [
        [
            0.9086977280801907,
            0.41722719210525205,
            -0.013780752877361737,
            0.0
        ],
        [
            -0.2621226414338727,
            0.5959588498449687,
            0.7590288335361124,
            0.0
        ],
        [
            0.3249002305779872,
            -0.686115529236461,
            0.6509111465560731,
            16.99251365661621
        ],
        [
            0.0,
            0.0,
            0.0,
            1.0
        ]
    ],
    "intrinsic_matrix_camera": [
        [
            1.3888888888888888,
            0.0,
            -0.5
        ],
        [
            0.0,
            -1.3888888888888888,
            -0.5
        ],
        [
            0.0,
            0.0,
            -1.0
        ]
    ],
    "extrinsic_matrix_camera": [
        [
            -0.9733778938757939,
            0.22668865527789744,
            -0.03387815346535791,
            0.0
        ],
        [
            -0.22920618602891976,
            -0.9626866083737126,
            0.14387153416848789,
            -0.0
        ],
        [
            -4.4106943365828603e-11,
            0.14780645326309919,
            0.9890163054135069,
            31.004758834838867
        ],
        [
            0.0,
            0.0,
            0.0,
            1.0
        ]
    ]
}