{
    "matrix_probe_in_cam_coord": [
        [
            0.3223534020537044,
            -0.6241998357416627,
            -0.7116620330216329,
            0.11310845044665102
        ],
        [
            -0.927198584392507,
            -0.056695918979329116,
            -0.37025445017125697,
            0.20577908458605165
        ],
        [
            0.19076443401465917,
            0.7792048112217801,
            -0.5970333264432534,
            -10.869172079486676
        ],
        [
            0.0,
            0.0,
            0.0,
            1.0
        ]
    ],
    "matrix_probe_in_world_coord": [
        [
            -0.08173322638172066,
            0.9832993238803669,
            0.162610329812246,
            0.0
        ],
        [
            0.3979775990692961,
            0.18178382271667692,
            -0.899204355214959,
            0.0
        ],
        [
            -0.9137469618796401,
            -0.008779604485669345,
            -0.4061888824190074,
            11.092069625854492
        ],
        [
            0.0,
            0.0,
            0.0,
            1.0
        ]
    ],
    "intrinsic_matrix_camera": [
        [
            1.3888888888888888,
            0.0,
            -0.5
        ],
        [
            0.0,
            -1.3888888888888888,
            -0.5
        ],
        [
            0.0,
            0.0,
            -1.0
        ]
    ],
    "extrinsic_matrix_camera": [
        [
            -0.7558458579404878,
            -0.04017332525698657,
            0.653515985245965,
            7.196937084197998
        ],
        [
            0.6547496002550959,
            -0.04637625322976329,
            0.7544217680463369,
            8.135425567626953
        ],
        [
            -8.247211251709382e-09,
            0.9981158986180739,
            0.061356767563445706,
            11.55357551574707
        ],
        [
            0.0,
            0.0,
            0.0,
            1.0
        ]
    ]
}