{
    "matrix_probe_in_cam_coord": [
        [
            -0.611958592417928,
            -0.17432785706320814,
            0.7714379297244969,
            1.5433317560086441
        ],
        [
            0.38891840477288475,
            -0.9156527128517179,
            0.10160011750093574,
            0.03307901393810475
        ],
        [
            0.6886575023876402,
            0.36220147390511664,
            0.6281408573768928,
            -13.346076846273021
        ],
        [
            0.0,
            0.0,
            0.0,
            1.0
        ]
    ],
    "matrix_probe_in_world_coord": [
        [
            0.7080190387148027,
            0.616123751294728,
            -0.34510949553421333,
            0.0
        ],
        [
            -0.06881454906868222,
            0.5465571182513074,
            0.8345896442715429,
            0.0
        ],
        [
            0.7028325537806577,
            -0.5671568033439596,
            0.42937112358287494,
            14.969840049743652
        ],
        [
            0.0,
            0.0,
            0.0,
            1.0
        ]
    ],
    "intrinsic_matrix_camera": [
        [
            1.3888888888888888,
            0.0,
            -0.5
        ],
        [
            0.0,
            -1.3888888888888888,
            -0.5
        ],
        [
            0.0,
            0.0,
            -1.0
        ]
    ],
    "extrinsic_matrix_camera": [
        [
            -0.8069164223491393,
            -0.32385691453656734,
            0.49396617925736636,
            7.848563194274902
        ],
        [
            0.5906656307448959,
            -0.4424253467811313,
            0.6748139930249895,
            8.109161376953125
        ],
        [
            -1.9511082975950046e-08,
            0.8362873378405598,
            0.5482914266770449,
            22.259716033935547
        ],
        [
            0.0,
            0.0,
            0.0,
            1.0
        ]
    ]
}