{
    "matrix_probe_in_cam_coord": [
        [
            -0.17563050927373722,
            -0.9844487578567725,
            -0.0038167219581002167,
            -0.03812568316887095
        ],
        [
            0.874895030106252,
            -0.1578607264743771,
            0.45786316441963565,
            0.2641066056278496
        ],
        [
            -0.45134533398233784,
            0.07707550967226613,
            0.8890144854281804,
            -14.263430395064248
        ],
        [
            0.0,
            0.0,
            0.0,
            1.0
        ]
    ],
    "matrix_probe_in_world_coord": [
        [
            0.9454940066582869,
            -0.3256390235957927,
            0.000556493340659202,
            0.0
        ],
        [
            0.32563445501978605,
            0.9454874922886639,
            0.003950142992428735,
            0.0
        ],
        [
            -0.0018124782002534663,
            -0.0035536231190769004,
            0.9999920433110961,
            7.219095230102539
        ],
        [
            0.0,
            0.0,
            0.0,
            1.0
        ]
    ],
    "intrinsic_matrix_camera": [
        [
            1.3888888888888888,
            0.0,
            -0.5
        ],
        [
            0.0,
            -1.3888888888888888,
            -0.5
        ],
        [
            0.0,
            0.0,
            -1.0
        ]
    ],
    "extrinsic_matrix_camera": [
        [
            0.1545152144035564,
            0.8788684180557541,
            -0.4513483712854178,
            -6.664000034332275
        ],
        [
            -0.9879904091223877,
            0.13744924889346657,
            -0.07058792716037852,
            -1.0807950496673584
        ],
        [
            -5.254806540223452e-09,
            0.45683477070249173,
            0.8895515680820318,
            19.7864990234375
        ],
        [
            0.0,
            0.0,
            0.0,
            1.0
        ]
    ]
}