{
    "matrix_probe_in_cam_coord": [
        [
            -0.2533921629239749,
            0.6566569363850541,
            0.7103478582118093,
            -0.035408867852096224
        ],
        [
            0.09208216596488214,
            -0.714605846721225,
            0.69344023429785,
            -0.8145310602126719
        ],
        [
            0.9629710725042191,
            0.24112269019989863,
            0.12060912814060998,
            -12.216458695227814
        ],
        [
            0.0,
            0.0,
            0.0,
            1.0
        ]
    ],
    "matrix_probe_in_world_coord": [
        [
            0.010053804449906589,
            -0.92445323872191,
            -0.38116286602009686,
            0.0
        ],
        [
            0.5155656094555311,
            0.3314022637474654,
            -0.7901674771400062,
            0.0
        ],
        [
            0.8567911200303315,
            -0.18857027602362647,
            0.47994815098877447,
            8.613616943359375
        ],
        [
            0.0,
            0.0,
            0.0,
            1.0
        ]
    ],
    "intrinsic_matrix_camera": [
        [
            1.3888888888888888,
            0.0,
            -0.5
        ],
        [
            0.0,
            -1.3888888888888888,
            -0.5
        ],
        [
            0.0,
            0.0,
            -1.0
        ]
    ],
    "extrinsic_matrix_camera": [
        [
            -0.8803544123327977,
            0.39723179838236794,
            -0.2591968499810217,
            -2.874082326889038
        ],
        [
            -0.4743164647007043,
            -0.7372815177574253,
            0.4810819627538876,
            5.25978422164917
        ],
        [
            6.282094785519667e-09,
            0.5464639621486647,
            0.8374826195645989,
            19.2898006439209
        ],
        [
            0.0,
            0.0,
            0.0,
            1.0
        ]
    ]
}