{
    "matrix_probe_in_cam_coord": [
        [
            0.9618140657664603,
            -0.005908956228464609,
            0.2736398858538003,
            -0.8543513545217796
        ],
        [
            -0.2734391955409668,
            0.023196203219430125,
            0.9616095582397833,
            0.813133361904379
        ],
        [
            -0.01202951518971839,
            -0.9997134691462809,
            0.020694694291226983,
            -9.737496702920351
        ],
        [
            0.0,
            0.0,
            0.0,
            1.0
        ]
    ],
    "matrix_probe_in_world_coord": [
        [
            -0.6544140242120134,
            -0.7198322627007943,
            -0.23148174547832598,
            0.0
        ],
        [
            0.7049429091722043,
            -0.6915434688912472,
            0.15755356372259394,
            0.0
        ],
        [
            -0.27349182752409096,
            -0.06007615341310427,
            0.9599963937789651,
            5.287684440612793
        ],
        [
            0.0,
            0.0,
            0.0,
            1.0
        ]
    ],
    "intrinsic_matrix_camera": [
        [
            1.3888888888888888,
            0.0,
            -0.5
        ],
        [
            0.0,
            -1.3888888888888888,
            -0.5
        ],
        [
            0.0,
            0.0,
            -1.0
        ]
    ],
    "extrinsic_matrix_camera": [
        [
            -0.6885137943997398,
            -0.06034999012823713,
            0.7227078480359783,
            6.498205184936523
        ],
        [
            0.7252232448848237,
            -0.0572951920154403,
            0.6861257217526837,
            7.3473310470581055
        ],
        [
            4.389783031962682e-09,
            0.9965315547755804,
            0.08321574572497971,
            5.287684440612793
        ],
        [
            0.0,
            0.0,
            0.0,
            1.0
        ]
    ]
}