{
    "matrix_probe_in_cam_coord": [
        [
            0.10554173455530026,
            0.18462678682581987,
            -0.9771253204443284,
            2.6948661181388958
        ],
        [
            0.8547547539141652,
            0.4853138963860838,
            0.1840237284582948,
            -0.511358353048788
        ],
        [
            0.5081882062072999,
            -0.8546246963205141,
            -0.1065897533108882,
            -11.908982782974341
        ],
        [
            0.0,
            0.0,
            0.0,
            1.0
        ]
    ],
    "matrix_probe_in_world_coord": [
        [
            -0.4224134145250759,
            0.8707851482691344,
            -0.25159517639089873,
            0.0
        ],
        [
            -0.2772756395674775,
            0.14012704651263477,
            0.9505170332708888,
            0.0
        ],
        [
            0.8629514047336108,
            0.4712723590340802,
            0.18225596472746888,
            16.373207092285156
        ],
        [
            0.0,
            0.0,
            0.0,
            1.0
        ]
    ],
    "intrinsic_matrix_camera": [
        [
            1.3888888888888888,
            0.0,
            -0.5
        ],
        [
            0.0,
            -1.3888888888888888,
            -0.5
        ],
        [
            0.0,
            0.0,
            -1.0
        ]
    ],
    "extrinsic_matrix_camera": [
        [
            0.36202803682537615,
            0.015244776617628204,
            -0.9320425405196066,
            -12.067500114440918
        ],
        [
            -0.9321672063274716,
            0.005920620292854668,
            -0.3619796205630706,
            -1.7957156896591187
        ],
        [
            -2.8476413618846618e-08,
            0.9998662625777641,
            0.016354111372151505,
            17.07925796508789
        ],
        [
            0.0,
            0.0,
            0.0,
            1.0
        ]
    ]
}