{
    "matrix_probe_in_cam_coord": [
        [
            -0.6524058035379833,
            0.13573477016912622,
            -0.7456156782666881,
            0.8109723330072672
        ],
        [
            0.19232125946402506,
            0.9812773698192768,
            0.010356478104740134,
            -0.2626985949941574
        ],
        [
            0.7330615258408603,
            -0.13664111990062594,
            -0.6662957329025702,
            -11.65723280775507
        ],
        [
            0.0,
            0.0,
            0.0,
            1.0
        ]
    ],
    "matrix_probe_in_world_coord": [
        [
            -0.5334079500000981,
            0.7985196239315743,
            0.2790024535248218,
            0.0
        ],
        [
            0.5367473579229368,
            0.06460715157812759,
            0.8412658258408622,
            0.0
        ],
        [
            0.6537417170713827,
            0.5984917093503789,
            -0.4630652666735242,
            15.633720397949219
        ],
        [
            0.0,
            0.0,
            0.0,
            1.0
        ]
    ],
    "intrinsic_matrix_camera": [
        [
            1.3888888888888888,
            0.0,
            -0.5
        ],
        [
            0.0,
            -1.3888888888888888,
            -0.5
        ],
        [
            0.0,
            0.0,
            -1.0
        ]
    ],
    "extrinsic_matrix_camera": [
        [
            0.24835671624027145,
            0.683873030369609,
            -0.6860296056522903,
            -8.018964767456055
        ],
        [
            -0.9686686438087836,
            0.17533801476741448,
            -0.1758909863497097,
            -1.2187776565551758
        ],
        [
            -3.272293063919105e-08,
            0.708219075505955,
            0.7059927344452556,
            24.04969024658203
        ],
        [
            0.0,
            0.0,
            0.0,
            1.0
        ]
    ]
}