{
    "matrix_probe_in_cam_coord": [
        [
            0.44846050764139506,
            0.7069375506967329,
            0.5469209015030654,
            -0.4613194190479192
        ],
        [
            -0.6057735707488893,
            -0.2095298844997684,
            0.7675516975967508,
            -1.1656687490641495
        ],
        [
            0.657207390454613,
            -0.6755268513659668,
            0.334278206013225,
            -10.989725856230253
        ],
        [
            0.0,
            0.0,
            0.0,
            1.0
        ]
    ],
    "matrix_probe_in_world_coord": [
        [
            -0.682034267085015,
            -0.3508011360654864,
            -0.6416913755513397,
            0.0
        ],
        [
            0.39608125073953127,
            -0.9148001642467467,
            0.07912207218427535,
            0.0
        ],
        [
            -0.6147754885601856,
            -0.200197958104695,
            0.7628708122849477,
            10.69431209564209
        ],
        [
            0.0,
            0.0,
            0.0,
            1.0
        ]
    ],
    "intrinsic_matrix_camera": [
        [
            1.3888888888888888,
            0.0,
            -0.5
        ],
        [
            0.0,
            -1.3888888888888888,
            -0.5
        ],
        [
            0.0,
            0.0,
            -1.0
        ]
    ],
    "extrinsic_matrix_camera": [
        [
            -0.9048143551608202,
            -0.005869649770244812,
            -0.4257658158031058,
            -5.103300094604492
        ],
        [
            -0.42580627366786117,
            0.0124727000102312,
            0.9047283841350097,
            9.760823249816895
        ],
        [
            1.0543051489495657e-08,
            0.9999049849690868,
            -0.013784811713275036,
            11.708378791809082
        ],
        [
            0.0,
            0.0,
            0.0,
            1.0
        ]
    ]
}