{
    "matrix_probe_in_cam_coord": [
        [
            0.771223711173972,
            -0.6365356268607574,
            -0.0060318372017147,
            2.020729703552813
        ],
        [
            0.18004840046833026,
            0.2090375612402715,
            0.9611898207323646,
            1.1676563948269916
        ],
        [
            -0.6105706845336101,
            -0.7423784033279132,
            0.27582194521186393,
            -9.886695924921689
        ],
        [
            0.0,
            0.0,
            0.0,
            1.0
        ]
    ],
    "matrix_probe_in_world_coord": [
        [
            0.7867558890981643,
            -0.6172361942833761,
            -0.005886547029566733,
            0.0
        ],
        [
            0.617263507661192,
            0.7867340729417343,
            0.005938062168024917,
            0.0
        ],
        [
            0.0009659602261243111,
            -0.00830535604800755,
            0.999965043379896,
            11.406645774841309
        ],
        [
            0.0,
            0.0,
            0.0,
            1.0
        ]
    ],
    "intrinsic_matrix_camera": [
        [
            1.3888888888888888,
            0.0,
            -0.5
        ],
        [
            0.0,
            -1.3888888888888888,
            -0.5
        ],
        [
            0.0,
            0.0,
            -1.0
        ]
    ],
    "extrinsic_matrix_camera": [
        [
            0.9996931311209443,
            0.006970501544858266,
            -0.023770900231501017,
            -2.2632644176483154
        ],
        [
            -0.02477183056624695,
            0.28130188408501616,
            -0.9592995394664888,
            -9.762709617614746
        ],
        [
            9.968520075373556e-11,
            0.9595940090050759,
            0.2813882333744017,
            13.068169593811035
        ],
        [
            0.0,
            0.0,
            0.0,
            1.0
        ]
    ]
}