{
    "matrix_probe_in_cam_coord": [
        [
            -0.4187823919195312,
            -0.8978831134297653,
            -0.13574690727905184,
            1.1363426126084248
        ],
        [
            0.8723300131131856,
            -0.43930726110433427,
            0.2145914223890552,
            -0.5373327097133072
        ],
        [
            -0.2523126164901511,
            -0.028548992253306645,
            0.9672245337051859,
            -16.465828998716187
        ],
        [
            0.0,
            0.0,
            0.0,
            1.0
        ]
    ],
    "matrix_probe_in_world_coord": [
        [
            -0.6931416177820778,
            0.7180470669853065,
            -0.06295321510648001,
            0.0
        ],
        [
            -0.7018663914862645,
            -0.6922412026349514,
            -0.16788593114542388,
            0.0
        ],
        [
            -0.16412880978211525,
            -0.07218397999774591,
            0.9837942909120743,
            10.368309020996094
        ],
        [
            0.0,
            0.0,
            0.0,
            1.0
        ]
    ],
    "intrinsic_matrix_camera": [
        [
            1.3888888888888888,
            0.0,
            -0.5
        ],
        [
            0.0,
            -1.3888888888888888,
            -0.5
        ],
        [
            0.0,
            0.0,
            -1.0
        ]
    ],
    "extrinsic_matrix_camera": [
        [
            -0.34590112720614874,
            -0.9336007468441136,
            0.09349896090133175,
            1.430945873260498
        ],
        [
            0.938270968429438,
            -0.3441794124993936,
            0.03446914292605137,
            -0.6835731267929077
        ],
        [
            -1.465139188415939e-10,
            0.09965027598398975,
            0.9950225236125635,
            26.80572509765625
        ],
        [
            0.0,
            0.0,
            0.0,
            1.0
        ]
    ]
}