{
    "matrix_probe_in_cam_coord": [
        [
            0.3714291413863123,
            -0.9283741945716057,
            -0.012718010164681253,
            -0.46504819789170593
        ],
        [
            0.6773926558821134,
            0.26159632260051263,
            0.6875365835785505,
            1.660728855962848
        ],
        [
            -0.6349642373283738,
            -0.26398620959324864,
            0.7260383588066033,
            -9.617657943435587
        ],
        [
            0.0,
            0.0,
            0.0,
            1.0
        ]
    ],
    "matrix_probe_in_world_coord": [
        [
            -0.05584265431208802,
            0.9977179456065589,
            0.037953905912416645,
            0.0
        ],
        [
            -0.9959475813062331,
            -0.05297896000373917,
            -0.07267492750038829,
            0.0
        ],
        [
            -0.0704983208994734,
            -0.04185846164815593,
            0.9966332605019788,
            16.090106964111328
        ],
        [
            0.0,
            0.0,
            0.0,
            1.0
        ]
    ],
    "intrinsic_matrix_camera": [
        [
            1.3888888888888888,
            0.0,
            -0.5
        ],
        [
            0.0,
            -1.3888888888888888,
            -0.5
        ],
        [
            0.0,
            0.0,
            -1.0
        ]
    ],
    "extrinsic_matrix_camera": [
        [
            -0.9474798814671814,
            0.24926664045172672,
            -0.20036969873922036,
            -2.781675338745117
        ],
        [
            -0.31981537520096853,
            -0.73847334969801,
            0.5936120261339596,
            6.786831855773926
        ],
        [
            -7.119778486295976e-09,
            0.6265167625400861,
            0.7794079459796965,
            22.545711517333984
        ],
        [
            0.0,
            0.0,
            0.0,
            1.0
        ]
    ]
}