{
    "matrix_probe_in_cam_coord": [
        [
            0.26760092201914804,
            -0.963529611472796,
            -0.0006590520345875206,
            0.9203233675042735
        ],
        [
            0.5345920150363319,
            0.1479030210918788,
            0.8320673493241334,
            0.19508599225220813
        ],
        [
            -0.8016240540265094,
            -0.2230143138163505,
            0.5546742213580205,
            -9.302554417479262
        ],
        [
            0.0,
            0.0,
            0.0,
            1.0
        ]
    ],
    "matrix_probe_in_world_coord": [
        [
            0.9967299154013342,
            -0.03620258848584172,
            -0.07224159695753003,
            0.0
        ],
        [
            0.03468405306513179,
            0.9991524937369314,
            -0.02216553004659971,
            0.0
        ],
        [
            0.07298282131450204,
            0.01958741550578822,
            0.9971408330555817,
            8.013535499572754
        ],
        [
            0.0,
            0.0,
            0.0,
            1.0
        ]
    ],
    "intrinsic_matrix_camera": [
        [
            1.3888888888888888,
            0.0,
            -0.5
        ],
        [
            0.0,
            -1.3888888888888888,
            -0.5
        ],
        [
            0.0,
            0.0,
            -1.0
        ]
    ],
    "extrinsic_matrix_camera": [
        [
            0.30165572135499374,
            0.4673795076215956,
            -0.8309995316660496,
            -8.099218368530273
        ],
        [
            -0.9534169212751558,
            0.1478762763406539,
            -0.26292352713636424,
            -1.597257137298584
        ],
        [
            4.772847557922547e-08,
            0.8716014013016603,
            0.49021525603451005,
            12.403752326965332
        ],
        [
            0.0,
            0.0,
            0.0,
            1.0
        ]
    ]
}