{
    "matrix_probe_in_cam_coord": [
        [
            -0.03297432489201297,
            0.5514789751254064,
            0.8335368221575742,
            -1.3619012427422474
        ],
        [
            0.9878241847451655,
            0.14485142996247988,
            -0.05675775956090815,
            -0.03288556353102301
        ],
        [
            -0.1520397116889699,
            0.8215162829989776,
            -0.5495406471200096,
            -12.8578710239224
        ],
        [
            0.0,
            0.0,
            0.0,
            1.0
        ]
    ],
    "matrix_probe_in_world_coord": [
        [
            -0.4127561049635402,
            0.2600647664929338,
            -0.8729253777066531,
            0.0
        ],
        [
            -0.3269289805226511,
            0.8522102181661485,
            0.40847911298819894,
            0.0
        ],
        [
            0.850146951714671,
            0.45398685144195705,
            -0.2667322612809921,
            8.976269721984863
        ],
        [
            0.0,
            0.0,
            0.0,
            1.0
        ]
    ],
    "intrinsic_matrix_camera": [
        [
            1.3888888888888888,
            0.0,
            -0.5
        ],
        [
            0.0,
            -1.3888888888888888,
            -0.5
        ],
        [
            0.0,
            0.0,
            -1.0
        ]
    ],
    "extrinsic_matrix_camera": [
        [
            -0.5705848405163229,
            -0.32051442087234994,
            0.7561107364571836,
            8.934353828430176
        ],
        [
            0.821238661883963,
            -0.22268884420498958,
            0.5253348826164923,
            7.865810871124268
        ],
        [
            2.0326764702951136e-08,
            0.9206954896595878,
            0.39028171276719026,
            14.024739265441895
        ],
        [
            0.0,
            0.0,
            0.0,
            1.0
        ]
    ]
}