{
    "matrix_probe_in_cam_coord": [
        [
            0.09525332975038615,
            0.06686217821402735,
            -0.9932050404100555,
            -0.8970772633124297
        ],
        [
            0.5163498810875639,
            0.8497018222207767,
            0.10672213273520416,
            -0.8349809863791222
        ],
        [
            0.8510638069336065,
            -0.5230069430123919,
            0.046412650091431105,
            -10.996600516199436
        ],
        [
            0.0,
            0.0,
            0.0,
            1.0
        ]
    ],
    "matrix_probe_in_world_coord": [
        [
            -0.398418180004019,
            0.14778831820469585,
            0.9052190711891308,
            0.0
        ],
        [
            0.731569763109505,
            -0.5440898561334674,
            0.41081858545660477,
            0.0
        ],
        [
            0.5532347020444289,
            0.8259084946014846,
            0.10865782529998312,
            14.862371444702148
        ],
        [
            0.0,
            0.0,
            0.0,
            1.0
        ]
    ],
    "intrinsic_matrix_camera": [
        [
            1.3888888888888888,
            0.0,
            -0.5
        ],
        [
            0.0,
            -1.3888888888888888,
            -0.5
        ],
        [
            0.0,
            0.0,
            -1.0
        ]
    ],
    "extrinsic_matrix_camera": [
        [
            -0.9271373535890713,
            0.016459733283159878,
            -0.3743599935357685,
            -4.934657573699951
        ],
        [
            -0.3747216668139878,
            -0.04072474641240879,
            0.9262424992677629,
            9.815360069274902
        ],
        [
            -1.1310220362931733e-08,
            0.999034820319038,
            0.04392525230556603,
            16.179574966430664
        ],
        [
            0.0,
            0.0,
            0.0,
            1.0
        ]
    ]
}