{
    "matrix_probe_in_cam_coord": [
        [
            0.4455228008828232,
            0.8916348987889734,
            0.08060174411947787,
            -0.9987393120691004
        ],
        [
            -0.7023856123789453,
            0.2922912468126503,
            0.6490148523414241,
            0.45419018930155985
        ],
        [
            0.5551251078960299,
            -0.3457644202318737,
            0.7564939393578365,
            -11.544825866808054
        ],
        [
            0.0,
            0.0,
            0.0,
            1.0
        ]
    ],
    "matrix_probe_in_world_coord": [
        [
            0.48788178133073284,
            -0.7995303401664229,
            -0.35031785937761634,
            0.0
        ],
        [
            0.8229683776347705,
            0.5551009387527328,
            -0.1207725018745115,
            0.0
        ],
        [
            0.2910230521088408,
            -0.2293778170381766,
            0.9288118217335823,
            8.907916069030762
        ],
        [
            0.0,
            0.0,
            0.0,
            1.0
        ]
    ],
    "intrinsic_matrix_camera": [
        [
            1.3888888888888888,
            0.0,
            -0.5
        ],
        [
            0.0,
            -1.3888888888888888,
            -0.5
        ],
        [
            0.0,
            0.0,
            -1.0
        ]
    ],
    "extrinsic_matrix_camera": [
        [
            -0.5237629266768705,
            -0.8037383575168309,
            0.2822712335591886,
            3.100719690322876
        ],
        [
            0.851864071691534,
            -0.4941731498695866,
            0.17355258946236407,
            3.0788731575012207
        ],
        [
            -8.59175536335187e-09,
            0.3313571345302796,
            0.9435054050697759,
            19.650022506713867
        ],
        [
            0.0,
            0.0,
            0.0,
            1.0
        ]
    ]
}