{
    "matrix_probe_in_cam_coord": [
        [
            -0.9503947483607563,
            -0.16761633550798857,
            -0.26202020219663913,
            0.19830659764054293
        ],
        [
            -0.10401772420598276,
            -0.6226160300768463,
            0.775583388258384,
            -0.35422188399002863
        ],
        [
            -0.2931384235123439,
            0.7643651242450956,
            0.5742959354709701,
            -12.64417278167232
        ],
        [
            0.0,
            0.0,
            0.0,
            1.0
        ]
    ],
    "matrix_probe_in_world_coord": [
        [
            0.6524668403524007,
            0.7533308137839623,
            0.08233897767247014,
            0.0
        ],
        [
            -0.7015226054982506,
            0.6415172807637669,
            -0.3103572336137948,
            0.0
        ],
        [
            -0.28662354441933097,
            0.1447351494456511,
            0.9470473484992419,
            6.058877468109131
        ],
        [
            0.0,
            0.0,
            0.0,
            1.0
        ]
    ],
    "intrinsic_matrix_camera": [
        [
            1.3888888888888888,
            0.0,
            -0.5
        ],
        [
            0.0,
            -1.3888888888888888,
            -0.5
        ],
        [
            0.0,
            0.0,
            -1.0
        ]
    ],
    "extrinsic_matrix_camera": [
        [
            -0.7679460845605819,
            -0.47304321317711007,
            0.4318436403087892,
            5.445032119750977
        ],
        [
            0.6405144894598963,
            -0.5671560724885366,
            0.5177597688419854,
            6.218726634979248
        ],
        [
            -1.7401652982924343e-09,
            0.6742136960240818,
            0.7385363173829349,
            15.635879516601562
        ],
        [
            0.0,
            0.0,
            0.0,
            1.0
        ]
    ]
}