{
    "matrix_probe_in_cam_coord": [
        [
            -0.6349108480894152,
            -0.7724449705551761,
            0.014730323906569956,
            1.999165176622183
        ],
        [
            0.6130377838965816,
            -0.4920995505199304,
            0.6180798555957402,
            0.4989571557121
        ],
        [
            -0.4701838900829627,
            0.4014558504270369,
            0.7859772958962346,
            -15.133901386552504
        ],
        [
            0.0,
            0.0,
            0.0,
            1.0
        ]
    ],
    "matrix_probe_in_world_coord": [
        [
            0.9679562487567139,
            0.221857424075935,
            -0.1176434608264366,
            0.0
        ],
        [
            -0.20698205411053963,
            0.9701324643609832,
            0.12649676228689533,
            0.0
        ],
        [
            0.1421939864024222,
            -0.09809324632856431,
            0.9849662863548739,
            14.638693809509277
        ],
        [
            0.0,
            0.0,
            0.0,
            1.0
        ]
    ],
    "intrinsic_matrix_camera": [
        [
            1.3888888888888888,
            0.0,
            -0.5
        ],
        [
            0.0,
            -1.3888888888888888,
            -0.5
        ],
        [
            0.0,
            0.0,
            -1.0
        ]
    ],
    "extrinsic_matrix_camera": [
        [
            -0.7876715005028204,
            0.41150476169999983,
            -0.4585165628348247,
            -5.569782257080078
        ],
        [
            -0.6160954530717099,
            -0.5261044688475068,
            0.5862085640478544,
            10.365802764892578
        ],
        [
            2.7070114007758054e-09,
            0.7442297487717814,
            0.6679237089990825,
            24.375646591186523
        ],
        [
            0.0,
            0.0,
            0.0,
            1.0
        ]
    ]
}