{
    "matrix_probe_in_cam_coord": [
        [
            -0.576178812392357,
            0.237358956334699,
            0.7820989080658757,
            -1.2838571878666858
        ],
        [
            0.22567086683065823,
            -0.8735029772931789,
            0.4313527657542618,
            -0.7806038255237586
        ],
        [
            0.7855511670248043,
            0.42503326282498677,
            0.4497289066519003,
            -13.653659045756115
        ],
        [
            0.0,
            0.0,
            0.0,
            1.0
        ]
    ],
    "matrix_probe_in_world_coord": [
        [
            -0.27122959266771385,
            -0.6090616589793318,
            0.7453042356129811,
            0.0
        ],
        [
            0.5160396250331305,
            -0.7456529146787299,
            -0.4215505144425526,
            0.0
        ],
        [
            0.812488531277194,
            0.27026954396020797,
            0.5165430864415563,
            10.216228485107422
        ],
        [
            0.0,
            0.0,
            0.0,
            1.0
        ]
    ],
    "intrinsic_matrix_camera": [
        [
            1.3888888888888888,
            0.0,
            -0.5
        ],
        [
            0.0,
            -1.3888888888888888,
            -0.5
        ],
        [
            0.0,
            0.0,
            -1.0
        ]
    ],
    "extrinsic_matrix_camera": [
        [
            0.5946121337199164,
            0.7922975985461456,
            -0.1367513282241135,
            -0.4852884113788605
        ],
        [
            -0.8040126929551848,
            0.5859481701894749,
            -0.10113521354383913,
            -1.9557098150253296
        ],
        [
            3.7246642321830077e-09,
            0.17008602879018944,
            0.9854292175546567,
            23.803712844848633
        ],
        [
            0.0,
            0.0,
            0.0,
            1.0
        ]
    ]
}