{
    "matrix_probe_in_cam_coord": [
        [
            0.8361547081973034,
            -0.5089511260146182,
            0.20448485344380568,
            -0.45647901924804934
        ],
        [
            0.01561085623356212,
            0.3947430623534249,
            0.9186589225014336,
            0.0913590615357549
        ],
        [
            -0.5482714702837796,
            -0.764948799627983,
            0.3380114329731616,
            -10.314984169140473
        ],
        [
            0.0,
            0.0,
            0.0,
            1.0
        ]
    ],
    "matrix_probe_in_world_coord": [
        [
            0.6740331583750424,
            0.7262217642813851,
            -0.13520817466039908,
            0.0
        ],
        [
            -0.7342673865975428,
            0.6386453292151032,
            -0.23018155540995652,
            0.0
        ],
        [
            -0.08081278605628828,
            0.2544289538471682,
            0.9637090852814743,
            17.804201126098633
        ],
        [
            0.0,
            0.0,
            0.0,
            1.0
        ]
    ],
    "intrinsic_matrix_camera": [
        [
            1.3888888888888888,
            0.0,
            -0.5
        ],
        [
            0.0,
            -1.3888888888888888,
            -0.5
        ],
        [
            0.0,
            0.0,
            -1.0
        ]
    ],
    "extrinsic_matrix_camera": [
        [
            0.16633659040922052,
            0.1729830418652798,
            -0.970777526479713,
            -9.953429222106934
        ],
        [
            -0.9860690334307405,
            0.029179930730298755,
            -0.1637571157279587,
            -2.141937732696533
        ],
        [
            1.6971501861202072e-08,
            0.9844924574975725,
            0.1754269110780609,
            19.523784637451172
        ],
        [
            0.0,
            0.0,
            0.0,
            1.0
        ]
    ]
}