{
    "matrix_probe_in_cam_coord": [
        [
            -0.7911829319753437,
            -0.5993218796901579,
            -0.12183124671263158,
            0.7565936630536405
        ],
        [
            -0.3276594786471948,
            0.24718290788157368,
            0.9118880831022288,
            1.018046954839912
        ],
        [
            -0.516399878198617,
            0.7613894500029962,
            -0.39194039243306883,
            -9.983694429930354
        ],
        [
            0.0,
            0.0,
            0.0,
            1.0
        ]
    ],
    "matrix_probe_in_world_coord": [
        [
            0.464733012006359,
            0.6954836666196321,
            -0.548019796190621,
            0.0
        ],
        [
            -0.6572144349135141,
            -0.14382165010530507,
            -0.7398543907434068,
            0.0
        ],
        [
            -0.5933737558173666,
            0.7040012801311512,
            0.3902432363038372,
            17.230710983276367
        ],
        [
            0.0,
            0.0,
            0.0,
            1.0
        ]
    ],
    "intrinsic_matrix_camera": [
        [
            1.3888888888888888,
            0.0,
            -0.5
        ],
        [
            0.0,
            -1.3888888888888888,
            -0.5
        ],
        [
            0.0,
            0.0,
            -1.0
        ]
    ],
    "extrinsic_matrix_camera": [
        [
            -0.7177414704040995,
            -0.48009522277530436,
            0.5043369495986713,
            6.066944122314453
        ],
        [
            0.6963096880427284,
            -0.49487211673595566,
            0.51985998731881,
            5.167102813720703
        ],
        [
            -2.6277415825323947e-09,
            0.7242997757459312,
            0.6894851955295301,
            23.376949310302734
        ],
        [
            0.0,
            0.0,
            0.0,
            1.0
        ]
    ]
}