{
    "matrix_probe_in_cam_coord": [
        [
            0.3439479754585965,
            -0.3612308159235274,
            0.8667249204938987,
            -1.910263672468427
        ],
        [
            0.9388798797277722,
            0.1463548467084289,
            -0.3115843871045476,
            -0.9488413304970997
        ],
        [
            -0.014295510494451753,
            0.9209194082394911,
            0.3894907982321637,
            -14.012798197888838
        ],
        [
            0.0,
            0.0,
            0.0,
            1.0
        ]
    ],
    "matrix_probe_in_world_coord": [
        [
            -0.44786980958456973,
            0.872962962717091,
            -0.19325708107823586,
            0.0
        ],
        [
            0.07614691265930405,
            0.25260368329767957,
            0.9645688295175735,
            0.0
        ],
        [
            0.8908503136639384,
            0.4172853279335905,
            -0.1796069980157183,
            17.72097396850586
        ],
        [
            0.0,
            0.0,
            0.0,
            1.0
        ]
    ],
    "intrinsic_matrix_camera": [
        [
            1.3888888888888888,
            0.0,
            -0.5
        ],
        [
            0.0,
            -1.3888888888888888,
            -0.5
        ],
        [
            0.0,
            0.0,
            -1.0
        ]
    ],
    "extrinsic_matrix_camera": [
        [
            -0.6368857658013716,
            -0.2325177032044893,
            0.735059207830301,
            8.862994194030762
        ],
        [
            0.7709581838981932,
            -0.1920820100191591,
            0.6072297589112374,
            9.799466133117676
        ],
        [
            -1.8736321657783343e-08,
            0.9534359019480589,
            0.301595724234431,
            22.85183334350586
        ],
        [
            0.0,
            0.0,
            0.0,
            1.0
        ]
    ]
}