{
    "matrix_probe_in_cam_coord": [
        [
            -0.6988399855104234,
            -0.7108356325537079,
            -0.07959508869120646,
            -0.19175901375981458
        ],
        [
            0.14698549887648105,
            -0.2516193243192877,
            0.9565996961891307,
            0.8516847205150491
        ],
        [
            -0.7000128125769005,
            0.6568107940046928,
            0.2803241750315193,
            -12.508185131540175
        ],
        [
            0.0,
            0.0,
            0.0,
            1.0
        ]
    ],
    "matrix_probe_in_world_coord": [
        [
            0.9531956353810557,
            0.28235959525584253,
            0.10812557355899839,
            0.0
        ],
        [
            -0.28063494130410743,
            0.9593084253180179,
            -0.031166886804835203,
            0.0
        ],
        [
            -0.11252604325108817,
            -0.000635673518418134,
            0.9936485724386829,
            4.8307976722717285
        ],
        [
            0.0,
            0.0,
            0.0,
            1.0
        ]
    ],
    "intrinsic_matrix_camera": [
        [
            1.3888888888888888,
            0.0,
            -0.5
        ],
        [
            0.0,
            -1.3888888888888888,
            -0.5
        ],
        [
            0.0,
            0.0,
            -1.0
        ]
    ],
    "extrinsic_matrix_camera": [
        [
            -0.8754487501368078,
            0.17249169623683958,
            -0.45148211549654904,
            -5.962005615234375
        ],
        [
            -0.48331096189089406,
            -0.31244403909074214,
            0.8177953512662944,
            10.402560234069824
        ],
        [
            1.1571550475348047e-08,
            0.9341441736509418,
            0.3568958711361049,
            8.499320983886719
        ],
        [
            0.0,
            0.0,
            0.0,
            1.0
        ]
    ]
}