{
    "matrix_probe_in_cam_coord": [
        [
            -0.5604414236955473,
            -0.8228111430057281,
            -0.09427212499840647,
            0.7201690139259305
        ],
        [
            0.17256111657410383,
            -0.22734395352141204,
            0.9584035620989484,
            -0.8892625325006023
        ],
        [
            -0.8100173279953994,
            0.52086135366608,
            0.2693981785467974,
            -8.870421468310184
        ],
        [
            0.0,
            0.0,
            0.0,
            1.0
        ]
    ],
    "matrix_probe_in_world_coord": [
        [
            -0.7708436386117186,
            0.2976490600845093,
            -0.5632096606439332,
            0.0
        ],
        [
            -0.3866040741320304,
            -0.9212776391852615,
            0.04224690996684239,
            0.0
        ],
        [
            -0.5062977134812695,
            0.2503049111944053,
            0.8252333468514219,
            18.397968292236328
        ],
        [
            0.0,
            0.0,
            0.0,
            1.0
        ]
    ],
    "intrinsic_matrix_camera": [
        [
            1.3888888888888888,
            0.0,
            -0.5
        ],
        [
            0.0,
            -1.3888888888888888,
            -0.5
        ],
        [
            0.0,
            0.0,
            -1.0
        ]
    ],
    "extrinsic_matrix_camera": [
        [
            0.24019871445602678,
            -0.7404684980341131,
            0.627702940086134,
            4.73653507232666
        ],
        [
            0.9707237390595074,
            0.18322365907882476,
            -0.1553206785334653,
            -1.9139111042022705
        ],
        [
            4.0050196546549803e-08,
            0.6466339723312341,
            0.7628004364361147,
            25.739356994628906
        ],
        [
            0.0,
            0.0,
            0.0,
            1.0
        ]
    ]
}