{
    "matrix_probe_in_cam_coord": [
        [
            0.1260910887796416,
            0.7132279327895948,
            -0.689497609291756,
            -1.2839442741014484
        ],
        [
            -0.9330278842733305,
            0.32136970807322823,
            0.1618038253607161,
            1.1222427678583022
        ],
        [
            0.3369866532947523,
            0.6229184751005625,
            0.7059834055270656,
            -13.38365386636302
        ],
        [
            0.0,
            0.0,
            0.0,
            1.0
        ]
    ],
    "matrix_probe_in_world_coord": [
        [
            -0.9896967803662937,
            0.04237865070791259,
            -0.13676378503379308,
            0.0
        ],
        [
            -0.1258258513335705,
            -0.7132393051269631,
            0.6895342984639633,
            0.0
        ],
        [
            -0.06832377381830607,
            0.6996382948253935,
            0.7112229737185388,
            18.397520065307617
        ],
        [
            0.0,
            0.0,
            0.0,
            1.0
        ]
    ],
    "intrinsic_matrix_camera": [
        [
            1.3888888888888888,
            0.0,
            -0.5
        ],
        [
            0.0,
            -1.3888888888888888,
            -0.5
        ],
        [
            0.0,
            0.0,
            -1.0
        ]
    ],
    "extrinsic_matrix_camera": [
        [
            -0.00026800434078302817,
            0.9149050040745503,
            -0.403669124027365,
            -6.429657459259033
        ],
        [
            -0.9999999640868358,
            -0.0002451922094654389,
            0.0001081993869691548,
            -1.2822209596633911
        ],
        [
            1.5636162641764522e-08,
            0.4036691385282349,
            0.9149050369299931,
            30.18927764892578
        ],
        [
            0.0,
            0.0,
            0.0,
            1.0
        ]
    ]
}