{
    "matrix_probe_in_cam_coord": [
        [
            -0.9859760377400669,
            0.10675117878269204,
            -0.12827875440190284,
            -0.8252378308484404
        ],
        [
            -0.11516094979034835,
            0.1211108495207483,
            0.9859361631321513,
            -0.42918765715561014
        ],
        [
            0.12078579653991957,
            0.9868821347845286,
            -0.10711882839794676,
            -12.31318509279778
        ],
        [
            0.0,
            0.0,
            0.0,
            1.0
        ]
    ],
    "matrix_probe_in_world_coord": [
        [
            0.1761332623064401,
            -0.09047916209307807,
            0.980199262974741,
            0.0
        ],
        [
            0.9794939192566238,
            -0.08284345940800775,
            -0.18365354168273573,
            0.0
        ],
        [
            0.09781991642088718,
            0.9924467151742951,
            0.07403230032332087,
            17.881261825561523
        ],
        [
            0.0,
            0.0,
            0.0,
            1.0
        ]
    ],
    "intrinsic_matrix_camera": [
        [
            1.3888888888888888,
            0.0,
            -0.5
        ],
        [
            0.0,
            -1.3888888888888888,
            -0.5
        ],
        [
            0.0,
            0.0,
            -1.0
        ]
    ],
    "extrinsic_matrix_camera": [
        [
            -0.309060673811905,
            0.935172218480378,
            -0.1730156689014595,
            -1.984058141708374
        ],
        [
            -0.9510423228768168,
            -0.30390336003391205,
            0.056224975386096984,
            -0.22295914590358734
        ],
        [
            -8.151847402162517e-09,
            0.18192215242401516,
            0.9833129361792274,
            30.067054748535156
        ],
        [
            0.0,
            0.0,
            0.0,
            1.0
        ]
    ]
}