{
    "matrix_probe_in_cam_coord": [
        [
            0.69971162696478,
            0.008165788417796424,
            -0.7143787223803749,
            -1.04786944240885
        ],
        [
            -0.45751311809177686,
            0.7731187273614633,
            -0.43928257440619145,
            -0.24259707200044556
        ],
        [
            0.5487124801425975,
            0.6342087616096984,
            0.5446961178797333,
            -12.980167847753208
        ],
        [
            0.0,
            0.0,
            0.0,
            1.0
        ]
    ],
    "matrix_probe_in_world_coord": [
        [
            0.4335197811205095,
            0.14458169341880492,
            -0.8894699170322602,
            0.0
        ],
        [
            -0.8561115999658638,
            0.37420137726371816,
            -0.3564354887743711,
            0.0
        ],
        [
            0.28130682142655894,
            0.9160073488690399,
            0.2860017640449074,
            7.4120917320251465
        ],
        [
            0.0,
            0.0,
            0.0,
            1.0
        ]
    ],
    "intrinsic_matrix_camera": [
        [
            1.3888888888888888,
            0.0,
            -0.5
        ],
        [
            0.0,
            -1.3888888888888888,
            -0.5
        ],
        [
            0.0,
            0.0,
            -1.0
        ]
    ],
    "extrinsic_matrix_camera": [
        [
            0.9399378378120756,
            0.3041664630115956,
            -0.15491811975419648,
            -0.9521411657333374
        ],
        [
            -0.34134566212149225,
            0.8375602792204899,
            -0.4265863542390154,
            -5.6916584968566895
        ],
        [
            1.0997451563395763e-09,
            0.4538452836056692,
            0.8910805005996312,
            19.08856773376465
        ],
        [
            0.0,
            0.0,
            0.0,
            1.0
        ]
    ]
}