{
    "matrix_probe_in_cam_coord": [
        [
            -0.3944708561509236,
            0.7505246291394949,
            0.5301938557759616,
            -1.3067605742166495
        ],
        [
            -0.07672033462731831,
            -0.6018673390714845,
            0.7949023187874615,
            -1.2995353410202135
        ],
        [
            0.9157001331780124,
            0.27288914821596455,
            0.29499962522643264,
            -10.082809830936188
        ],
        [
            0.0,
            0.0,
            0.0,
            1.0
        ]
    ],
    "matrix_probe_in_world_coord": [
        [
            0.41023008260639404,
            0.8647128658753092,
            0.2897981002602695,
            0.0
        ],
        [
            -0.8562653722704928,
            0.25583653503818615,
            0.44872851434929967,
            0.0
        ],
        [
            0.31388037781171635,
            -0.43222601371199887,
            0.8453755269082548,
            16.877565383911133
        ],
        [
            0.0,
            0.0,
            0.0,
            1.0
        ]
    ],
    "intrinsic_matrix_camera": [
        [
            1.3888888888888888,
            0.0,
            -0.5
        ],
        [
            0.0,
            -1.3888888888888888,
            -0.5
        ],
        [
            0.0,
            0.0,
            -1.0
        ]
    ],
    "extrinsic_matrix_camera": [
        [
            0.6408136632421486,
            -0.32155423897991514,
            0.6971088296645123,
            7.448334693908691
        ],
        [
            0.7676964562912727,
            0.26840864787198676,
            -0.581892557733259,
            -4.515110015869141
        ],
        [
            -1.9819880392850317e-08,
            0.9080526797171955,
            0.4188559786590376,
            22.28085708618164
        ],
        [
            0.0,
            0.0,
            0.0,
            1.0
        ]
    ]
}