{
    "matrix_probe_in_cam_coord": [
        [
            -0.35059329391475313,
            -0.3184330592395775,
            -0.8807296571850678,
            0.11542263720864919
        ],
        [
            0.9037262482726861,
            -0.3617420179780423,
            -0.22895759566380086,
            0.6662389311515025
        ],
        [
            -0.24568925585987356,
            -0.8762095064609245,
            0.41460063958286913,
            -13.523511980581587
        ],
        [
            0.0,
            0.0,
            0.0,
            1.0
        ]
    ],
    "matrix_probe_in_world_coord": [
        [
            -0.14230768940531233,
            -0.2952920950874726,
            -0.9447492260462413,
            0.0
        ],
        [
            0.971965254115987,
            0.1387938742107411,
            -0.1897888439103247,
            0.0
        ],
        [
            0.18716855058306614,
            -0.9452718334217008,
            0.2672622206975954,
            8.620530128479004
        ],
        [
            0.0,
            0.0,
            0.0,
            1.0
        ]
    ],
    "intrinsic_matrix_camera": [
        [
            1.3888888888888888,
            0.0,
            -0.5
        ],
        [
            0.0,
            -1.3888888888888888,
            -0.5
        ],
        [
            0.0,
            0.0,
            -1.0
        ]
    ],
    "extrinsic_matrix_camera": [
        [
            0.9759915487675388,
            0.194519875424073,
            -0.09799242215265631,
            -1.567449927330017
        ],
        [
            -0.21780839454516276,
            0.8716365337991856,
            -0.439100508098317,
            -6.4937591552734375
        ],
        [
            -9.502039052926853e-10,
            0.44990195711015146,
            0.8930779523582786,
            20.398338317871094
        ],
        [
            0.0,
            0.0,
            0.0,
            1.0
        ]
    ]
}