{
    "matrix_probe_in_cam_coord": [
        [
            -0.7679104552901109,
            -0.6256282612493409,
            0.13748749536689353,
            -0.9396805451601183
        ],
        [
            -0.5488280587305117,
            0.7532881469128885,
            0.3624151344392852,
            0.019838094812373974
        ],
        [
            -0.33030485101831747,
            0.20284537570936584,
            -0.921820187968941,
            -15.112487830398917
        ],
        [
            0.0,
            0.0,
            0.0,
            1.0
        ]
    ],
    "matrix_probe_in_world_coord": [
        [
            -0.3040577529780974,
            -0.5161169487289894,
            -0.8007322761626311,
            0.0
        ],
        [
            -0.7064711112938658,
            -0.4417184520312486,
            0.5529768331877276,
            0.0
        ],
        [
            -0.6390989373806849,
            0.7338311143374854,
            -0.23031379435258334,
            8.645149230957031
        ],
        [
            0.0,
            0.0,
            0.0,
            1.0
        ]
    ],
    "intrinsic_matrix_camera": [
        [
            1.3888888888888888,
            0.0,
            -0.5
        ],
        [
            0.0,
            -1.3888888888888888,
            -0.5
        ],
        [
            0.0,
            0.0,
            -1.0
        ]
    ],
    "extrinsic_matrix_camera": [
        [
            0.44629580164949956,
            -0.5121068491048184,
            0.7338709917485259,
            11.520151138305664
        ],
        [
            0.8948854996199402,
            0.2553970677142912,
            -0.36599491850695315,
            -4.695253849029541
        ],
        [
            5.131818309877572e-09,
            0.8200725046621647,
            0.57225963259444,
            17.27714729309082
        ],
        [
            0.0,
            0.0,
            0.0,
            1.0
        ]
    ]
}