{
    "matrix_probe_in_cam_coord": [
        [
            0.18223191039429953,
            0.5814407049763529,
            -0.7929175476874286,
            -1.188947877496432
        ],
        [
            -0.7520111604097941,
            0.6019518154686154,
            0.2685762954416362,
            -0.6923731263429325
        ],
        [
            0.6334593479088924,
            0.5473396737407582,
            0.5469447285569187,
            -11.600926675795764
        ],
        [
            0.0,
            0.0,
            0.0,
            1.0
        ]
    ],
    "matrix_probe_in_world_coord": [
        [
            -0.2989913649811638,
            -0.526516735809899,
            0.7958544405723886,
            0.0
        ],
        [
            0.8872035526957547,
            -0.46048697097937774,
            0.02866366414590238,
            0.0
        ],
        [
            0.35138870179721465,
            0.7146550751728605,
            0.6048091465734802,
            13.891290664672852
        ],
        [
            0.0,
            0.0,
            0.0,
            1.0
        ]
    ],
    "intrinsic_matrix_camera": [
        [
            1.3888888888888888,
            0.0,
            -0.5
        ],
        [
            0.0,
            -1.3888888888888888,
            -0.5
        ],
        [
            0.0,
            0.0,
            -1.0
        ]
    ],
    "extrinsic_matrix_camera": [
        [
            -0.9916709810178813,
            0.12165477569632314,
            -0.04229398251891334,
            -1.5854640007019043
        ],
        [
            -0.12879699300462275,
            -0.9366795606330166,
            0.32564203550110987,
            2.9760847091674805
        ],
        [
            -1.7705460057659094e-10,
            0.3283770945766716,
            0.94454670808668,
            25.07626724243164
        ],
        [
            0.0,
            0.0,
            0.0,
            1.0
        ]
    ]
}