{
    "matrix_probe_in_cam_coord": [
        [
            0.56698898391854,
            -0.6212523043416847,
            0.5408965395204235,
            -0.21788211648966485
        ],
        [
            0.4168129796159915,
            0.78275696705036,
            0.46212386927939647,
            1.2703395215070694
        ],
        [
            -0.7104860534441623,
            -0.03656644478574259,
            0.702760601469,
            -15.955108693503957
        ],
        [
            0.0,
            0.0,
            0.0,
            1.0
        ]
    ],
    "matrix_probe_in_world_coord": [
        [
            0.7047396735878688,
            -0.49330896437057814,
            0.5098904373911044,
            0.0
        ],
        [
            0.6587980715125357,
            0.7217526093380273,
            -0.21226933807102893,
            0.0
        ],
        [
            -0.2633003863320903,
            0.4855094608608328,
            0.833638692703257,
            9.153512954711914
        ],
        [
            0.0,
            0.0,
            0.0,
            1.0
        ]
    ],
    "intrinsic_matrix_camera": [
        [
            1.3888888888888888,
            0.0,
            -0.5
        ],
        [
            0.0,
            -1.3888888888888888,
            -0.5
        ],
        [
            0.0,
            0.0,
            -1.0
        ]
    ],
    "extrinsic_matrix_camera": [
        [
            0.981846935441704,
            0.14323615626803407,
            -0.12433824392073932,
            -1.95186185836792
        ],
        [
            -0.1896749729503972,
            0.7414577427597664,
            -0.6436332964801136,
            -11.252469062805176
        ],
        [
            -5.757750839193866e-09,
            0.6555332327496075,
            0.7551663265538583,
            20.369524002075195
        ],
        [
            0.0,
            0.0,
            0.0,
            1.0
        ]
    ]
}