{
    "matrix_probe_in_cam_coord": [
        [
            0.5916987223936978,
            -0.5918411136248977,
            0.5473725588124662,
            0.1189309672381736
        ],
        [
            0.804446214435039,
            0.477711615743804,
            -0.35306925703688685,
            0.2797393239610515
        ],
        [
            -0.05252532721269726,
            0.6492424111275272,
            0.7587656961108044,
            -13.57238937018398
        ],
        [
            0.0,
            0.0,
            0.0,
            1.0
        ]
    ],
    "matrix_probe_in_world_coord": [
        [
            -0.9121463784705461,
            0.4075445548994574,
            0.04354790482756297,
            0.0
        ],
        [
            -0.1513336698945678,
            -0.4336257567826857,
            0.8882943337716869,
            0.0
        ],
        [
            0.3809030120638445,
            0.8036641953119763,
            0.4572053767993596,
            6.365714073181152
        ],
        [
            0.0,
            0.0,
            0.0,
            1.0
        ]
    ],
    "intrinsic_matrix_camera": [
        [
            1.3888888888888888,
            0.0,
            -0.5
        ],
        [
            0.0,
            -1.3888888888888888,
            -0.5
        ],
        [
            0.0,
            0.0,
            -1.0
        ]
    ],
    "extrinsic_matrix_camera": [
        [
            -0.7570805419041335,
            -0.5544593597656328,
            0.3455486527805138,
            4.935065269470215
        ],
        [
            0.6533215541141616,
            -0.6425172792188794,
            0.4004278871844784,
            5.536800384521484
        ],
        [
            -9.738325924005065e-09,
            0.5289105446797722,
            0.848677580549025,
            17.736339569091797
        ],
        [
            0.0,
            0.0,
            0.0,
            1.0
        ]
    ]
}