{
    "matrix_probe_in_cam_coord": [
        [
            0.949918677173184,
            0.3104175475544208,
            0.03599240097363461,
            1.5344472643282754
        ],
        [
            -0.3107607805406569,
            0.9262287870227809,
            0.21337284590141514,
            -1.5139751144630482
        ],
        [
            0.03289747764357751,
            -0.2138718781434489,
            0.9763076234999312,
            -15.154071268742761
        ],
        [
            0.0,
            0.0,
            0.0,
            1.0
        ]
    ],
    "matrix_probe_in_world_coord": [
        [
            0.9943964961531256,
            -0.09721571379382372,
            0.04152966927323287,
            0.0
        ],
        [
            0.09750917909542739,
            0.9952215818925816,
            -0.0050953829456876175,
            0.0
        ],
        [
            -0.04083587185946466,
            0.009116354906687692,
            0.9991242783771659,
            17.924503326416016
        ],
        [
            0.0,
            0.0,
            0.0,
            1.0
        ]
    ],
    "intrinsic_matrix_camera": [
        [
            1.3888888888888888,
            0.0,
            -0.5
        ],
        [
            0.0,
            -1.3888888888888888,
            -0.5
        ],
        [
            0.0,
            0.0,
            -1.0
        ]
    ],
    "extrinsic_matrix_camera": [
        [
            0.9159130932605799,
            -0.3902021202560728,
            0.09405057650807849,
            -0.5709275007247925
        ],
        [
            0.4013766380768027,
            0.8904136336496069,
            -0.21461676406345173,
            -2.5201449394226074
        ],
        [
            8.046576730656745e-10,
            0.23432000844692974,
            0.9721595206762268,
            33.01143264770508
        ],
        [
            0.0,
            0.0,
            0.0,
            1.0
        ]
    ]
}