{
    "matrix_probe_in_cam_coord": [
        [
            -0.8933447657527033,
            -0.3567794476463495,
            -0.2732097275709892,
            -0.5657759686584183
        ],
        [
            0.19656030534170044,
            -0.856977871000426,
            0.47639581755044336,
            -0.03583708539583963
        ],
        [
            -0.40410292731707076,
            0.37188352256149154,
            0.8357053725931353,
            -10.781521341745904
        ],
        [
            0.0,
            0.0,
            0.0,
            1.0
        ]
    ],
    "matrix_probe_in_world_coord": [
        [
            0.9942252835516757,
            -0.0234058742411075,
            0.1047294161045481,
            0.0
        ],
        [
            -0.023582734296532622,
            0.9044138780687698,
            0.42600398096697134,
            0.0
        ],
        [
            -0.1046897329717163,
            -0.4260137347640543,
            0.8986391698577872,
            3.7133567333221436
        ],
        [
            0.0,
            0.0,
            0.0,
            1.0
        ]
    ],
    "intrinsic_matrix_camera": [
        [
            1.3888888888888888,
            0.0,
            -0.5
        ],
        [
            0.0,
            -1.3888888888888888,
            -0.5
        ],
        [
            0.0,
            0.0,
            -1.0
        ]
    ],
    "extrinsic_matrix_camera": [
        [
            -0.9084483133990563,
            0.2653761973961108,
            -0.3229506707501783,
            -3.9863674640655518
        ],
        [
            -0.4179972031992673,
            -0.5767515943922278,
            0.7018802864332445,
            7.31017541885376
        ],
        [
            7.175742751093012e-09,
            0.7726144395632295,
            0.6348755214830671,
            10.585968971252441
        ],
        [
            0.0,
            0.0,
            0.0,
            1.0
        ]
    ]
}