{
    "matrix_probe_in_cam_coord": [
        [
            0.9449659819385048,
            0.05785957666681888,
            -0.3220117425916856,
            0.06305538569872216
        ],
        [
            0.09333014294209044,
            0.8956684466996824,
            0.43481894853489006,
            -0.1566562115664567
        ],
        [
            0.3135741975950928,
            -0.44094251663285405,
            0.8409761706660174,
            -10.676312328252441
        ],
        [
            0.0,
            0.0,
            0.0,
            1.0
        ]
    ],
    "matrix_probe_in_world_coord": [
        [
            0.729349932485467,
            -0.4758957343893267,
            0.49149967036966374,
            0.0
        ],
        [
            0.6687188021604784,
            0.3442266866390044,
            -0.6590319808951517,
            0.0
        ],
        [
            0.1444432055186387,
            0.809340001603514,
            0.5693021361139656,
            6.325661659240723
        ],
        [
            0.0,
            0.0,
            0.0,
            1.0
        ]
    ],
    "intrinsic_matrix_camera": [
        [
            1.3888888888888888,
            0.0,
            -0.5
        ],
        [
            0.0,
            -1.3888888888888888,
            -0.5
        ],
        [
            0.0,
            0.0,
            -1.0
        ]
    ],
    "extrinsic_matrix_camera": [
        [
            0.5034070840596258,
            -0.14446108988243797,
            0.8518874932927253,
            9.040643692016602
        ],
        [
            0.8640493664823699,
            0.08416501014454075,
            -0.4963214113342126,
            -5.340180397033691
        ],
        [
            1.249834052648028e-08,
            0.9859245633299474,
            0.1671907755309853,
            8.265093803405762
        ],
        [
            0.0,
            0.0,
            0.0,
            1.0
        ]
    ]
}