{
    "matrix_probe_in_cam_coord": [
        [
            -0.8455955675728125,
            -0.38889349823336267,
            0.36569110343708217,
            -0.2080133917727469
        ],
        [
            0.41053597989383006,
            -0.9116212803994527,
            -0.020170531363242605,
            -1.578106588360884
        ],
        [
            0.34121598044907864,
            0.13307324357165212,
            0.930517687382402,
            -11.675635683332615
        ],
        [
            0.0,
            0.0,
            0.0,
            1.0
        ]
    ],
    "matrix_probe_in_world_coord": [
        [
            -0.8130626272260825,
            -0.46383926277138665,
            0.3518270917935643,
            0.0
        ],
        [
            0.42663277698591323,
            -0.8859168919154522,
            -0.18203223401406973,
            0.0
        ],
        [
            0.3961232608791216,
            0.0020973627634535545,
            0.9181949483959982,
            9.437015533447266
        ],
        [
            0.0,
            0.0,
            0.0,
            1.0
        ]
    ],
    "intrinsic_matrix_camera": [
        [
            1.3888888888888888,
            0.0,
            -0.5
        ],
        [
            0.0,
            -1.3888888888888888,
            -0.5
        ],
        [
            0.0,
            0.0,
            -1.0
        ]
    ],
    "extrinsic_matrix_camera": [
        [
            0.9965662646756777,
            0.08195774085441757,
            -0.011773224894100216,
            0.19917729496955872
        ],
        [
            -0.08279903447726264,
            0.9864404833755074,
            -0.14170212647496885,
            -0.11497748643159866
        ],
        [
            -5.047306261446787e-10,
            0.14219037053167535,
            0.989839329653083,
            21.21841049194336
        ],
        [
            0.0,
            0.0,
            0.0,
            1.0
        ]
    ]
}