{
    "matrix_probe_in_cam_coord": [
        [
            0.3475931539614475,
            0.34446635739175935,
            -0.8720790835379473,
            -1.231704178494854
        ],
        [
            0.8816155777175285,
            0.19662515498961305,
            0.4290600442258627,
            -2.0197615917689493
        ],
        [
            0.31926943550067866,
            -0.917976839059986,
            -0.23534134890519037,
            -13.166712306810062
        ],
        [
            0.0,
            0.0,
            0.0,
            1.0
        ]
    ],
    "matrix_probe_in_world_coord": [
        [
            0.09770367318133014,
            -0.5441402845488047,
            -0.8332858711018816,
            0.0
        ],
        [
            0.3558531170549309,
            0.8010384835212229,
            -0.48135839766260363,
            0.0
        ],
        [
            0.9294205460011983,
            -0.2494968910611221,
            0.27189841857147506,
            17.126081466674805
        ],
        [
            0.0,
            0.0,
            0.0,
            1.0
        ]
    ],
    "intrinsic_matrix_camera": [
        [
            1.3888888888888888,
            0.0,
            -0.5
        ],
        [
            0.0,
            -1.3888888888888888,
            -0.5
        ],
        [
            0.0,
            0.0,
            -1.0
        ]
    ],
    "extrinsic_matrix_camera": [
        [
            0.5732142849817239,
            -0.3783842602163777,
            0.7268085959270126,
            9.51146411895752
        ],
        [
            0.8194055061402081,
            0.26469831196036403,
            -0.5084382166521738,
            -5.150567054748535
        ],
        [
            1.0013504642822825e-08,
            0.8869950142282865,
            0.46177899988431864,
            24.997711181640625
        ],
        [
            0.0,
            0.0,
            0.0,
            1.0
        ]
    ]
}