{
    "matrix_probe_in_cam_coord": [
        [
            -0.5253688728268755,
            0.8508449690387595,
            0.007098318536866027,
            -0.051599070703489035
        ],
        [
            -0.2293224312102839,
            -0.1496229105460408,
            0.9617817877167023,
            -0.6504559738576416
        ],
        [
            0.8193892664713295,
            0.503662410053762,
            0.27372505674565695,
            -13.068455878452532
        ],
        [
            0.0,
            0.0,
            0.0,
            1.0
        ]
    ],
    "matrix_probe_in_world_coord": [
        [
            0.10398875235166523,
            -0.9945621159866618,
            -0.0057041062821290775,
            0.0
        ],
        [
            0.9945654827016349,
            0.10401499659986908,
            -0.0045145432540899385,
            0.0
        ],
        [
            0.005083306287041947,
            -0.005203645497436695,
            0.9999735406853169,
            6.090029239654541
        ],
        [
            0.0,
            0.0,
            0.0,
            1.0
        ]
    ],
    "intrinsic_matrix_camera": [
        [
            1.3888888888888888,
            0.0,
            -0.5
        ],
        [
            0.0,
            -1.3888888888888888,
            -0.5
        ],
        [
            0.0,
            0.0,
            -1.0
        ]
    ],
    "extrinsic_matrix_camera": [
        [
            -0.9008911159568206,
            0.11947621946759318,
            -0.41727764159107056,
            -5.421945571899414
        ],
        [
            -0.4340451557039588,
            -0.24798120650432043,
            0.8660889815894136,
            11.134748458862305
        ],
        [
            2.423380999248643e-08,
            0.96136920805817,
            0.2752621401457278,
            10.31260871887207
        ],
        [
            0.0,
            0.0,
            0.0,
            1.0
        ]
    ]
}