{
    "matrix_probe_in_cam_coord": [
        [
            -0.6809637136499495,
            0.2734813581331215,
            -0.6793352393669363,
            0.6729276746859462
        ],
        [
            0.4348780938476268,
            0.8973892182975065,
            -0.07465677715281085,
            -0.17379876002459227
        ],
        [
            0.589210882607852,
            -0.3462665701985294,
            -0.7300205464090873,
            -15.523872764599442
        ],
        [
            0.0,
            0.0,
            0.0,
            1.0
        ]
    ],
    "matrix_probe_in_world_coord": [
        [
            -0.6832084431184581,
            0.2668039956390942,
            -0.6797366042539319,
            0.0
        ],
        [
            0.3157223974260105,
            0.9472859903991361,
            0.054485045261059586,
            0.0
        ],
        [
            0.6584417901494592,
            -0.17738342736721951,
            -0.7314297838345342,
            18.275177001953125
        ],
        [
            0.0,
            0.0,
            0.0,
            1.0
        ]
    ],
    "intrinsic_matrix_camera": [
        [
            1.3888888888888888,
            0.0,
            -0.5
        ],
        [
            0.0,
            -1.3888888888888888,
            -0.5
        ],
        [
            0.0,
            0.0,
            -1.0
        ]
    ],
    "extrinsic_matrix_camera": [
        [
            0.999975106462982,
            -0.0069384121723475335,
            0.001282532991537257,
            -0.6542069315910339
        ],
        [
            0.00705595169681326,
            0.983317310923871,
            -0.18176160095878188,
            -2.6554927825927734
        ],
        [
            1.2148223822202273e-11,
            0.18176612576047785,
            0.9833417897791318,
            33.57204055786133
        ],
        [
            0.0,
            0.0,
            0.0,
            1.0
        ]
    ]
}