{
    "matrix_probe_in_cam_coord": [
        [
            0.7079267517793187,
            -0.5854784904950503,
            0.3950375314863384,
            -0.32549412852701726
        ],
        [
            0.19449807620237655,
            0.699295345446227,
            0.6878637351909287,
            1.828020364539971
        ],
        [
            -0.6789773283908358,
            -0.41012309981867534,
            0.608924322495303,
            -11.367931533686328
        ],
        [
            0.0,
            0.0,
            0.0,
            1.0
        ]
    ],
    "matrix_probe_in_world_coord": [
        [
            -0.2545715396959342,
            -0.8571433452503114,
            0.44777071908505484,
            0.0
        ],
        [
            0.9630250627228184,
            -0.18247660800253399,
            0.19820448052352763,
            0.0
        ],
        [
            -0.08818196949804033,
            0.48167164461383355,
            0.8719038748798239,
            8.083481788635254
        ],
        [
            0.0,
            0.0,
            0.0,
            1.0
        ]
    ],
    "intrinsic_matrix_camera": [
        [
            1.3888888888888888,
            0.0,
            -0.5
        ],
        [
            0.0,
            -1.3888888888888888,
            -0.5
        ],
        [
            0.0,
            0.0,
            -1.0
        ]
    ],
    "extrinsic_matrix_camera": [
        [
            0.49850722826185034,
            -0.3409047871015135,
            0.7970410714021955,
            9.846150398254395
        ],
        [
            0.8668855422549668,
            0.19603915370976496,
            -0.4583427831242375,
            -5.286606788635254
        ],
        [
            -8.209127373437603e-09,
            0.9194305717910578,
            0.3932523663704632,
            10.873209953308105
        ],
        [
            0.0,
            0.0,
            0.0,
            1.0
        ]
    ]
}