{
    "matrix_probe_in_cam_coord": [
        [
            0.9949680286633575,
            0.08720324918577818,
            0.0493377671687255,
            -1.6736082212352603
        ],
        [
            -0.09463097135544749,
            0.6561157769307044,
            0.7487035905636774,
            1.0657619857210179
        ],
        [
            0.032918098336276555,
            -0.749605016388005,
            0.6610663493234714,
            -10.066085700980736
        ],
        [
            0.0,
            0.0,
            0.0,
            1.0
        ]
    ],
    "matrix_probe_in_world_coord": [
        [
            0.6248836859931481,
            -0.7803979411085262,
            0.022347986334126088,
            0.0
        ],
        [
            0.7792024250087551,
            0.6251978374234066,
            0.04439870427806753,
            0.0
        ],
        [
            -0.048620570133353684,
            -0.010330420836985025,
            0.9987638973076864,
            7.145234107971191
        ],
        [
            0.0,
            0.0,
            0.0,
            1.0
        ]
    ],
    "intrinsic_matrix_camera": [
        [
            1.3888888888888888,
            0.0,
            -0.5
        ],
        [
            0.0,
            -1.3888888888888888,
            -0.5
        ],
        [
            0.0,
            0.0,
            -1.0
        ]
    ],
    "extrinsic_matrix_camera": [
        [
            0.5547886528203829,
            -0.5544327340250185,
            0.6203336957987111,
            7.763724327087402
        ],
        [
            0.831991316482176,
            0.36970695178472,
            -0.4136510837654201,
            -3.1654393672943115
        ],
        [
            2.1541382574334343e-08,
            0.745601175725732,
            0.6663924420012624,
            13.058564186096191
        ],
        [
            0.0,
            0.0,
            0.0,
            1.0
        ]
    ]
}