{
    "matrix_probe_in_cam_coord": [
        [
            -0.5254982859859333,
            0.8283078335035859,
            0.1943133664533715,
            -0.44905175859071034
        ],
        [
            0.3129684576632044,
            0.40057411236299084,
            -0.8611568527350387,
            0.7846502444089165
        ],
        [
            -0.7911398712830502,
            -0.39172249547504695,
            -0.46973523457905586,
            -12.526737850680995
        ],
        [
            0.0,
            0.0,
            0.0,
            1.0
        ]
    ],
    "matrix_probe_in_world_coord": [
        [
            -0.7077266982863897,
            0.01020228737745677,
            0.7064126512633486,
            0.0
        ],
        [
            -0.18602116182903003,
            0.9619211021687563,
            -0.20025963286249968,
            0.0
        ],
        [
            -0.6815563424137607,
            -0.273136790884555,
            -0.6788794042986307,
            6.96890115737915
        ],
        [
            0.0,
            0.0,
            0.0,
            1.0
        ]
    ],
    "intrinsic_matrix_camera": [
        [
            1.3888888888888888,
            0.0,
            -0.5
        ],
        [
            0.0,
            -1.3888888888888888,
            -0.5
        ],
        [
            0.0,
            0.0,
            -1.0
        ]
    ],
    "extrinsic_matrix_camera": [
        [
            0.5176252218226167,
            -0.8257414564936262,
            0.22408743106401968,
            3.687443256378174
        ],
        [
            0.8556074624108224,
            0.4995568907198749,
            -0.1355683709469286,
            -1.7059948444366455
        ],
        [
            3.768439063593617e-09,
            0.2619044863343807,
            0.96509379856982,
            18.852874755859375
        ],
        [
            0.0,
            0.0,
            0.0,
            1.0
        ]
    ]
}