{
    "matrix_probe_in_cam_coord": [
        [
            0.899909567315146,
            -0.29604357094657074,
            -0.32018896726131835,
            -0.10453470348130853
        ],
        [
            0.33205965800698073,
            -0.01073392533037863,
            0.9431973104135152,
            0.12302905293292188
        ],
        [
            -0.2826643843482122,
            -0.9551141224734377,
            0.08864456482402959,
            -13.216210135161113
        ],
        [
            0.0,
            0.0,
            0.0,
            1.0
        ]
    ],
    "matrix_probe_in_world_coord": [
        [
            0.9695393511449054,
            -0.09351263187910647,
            -0.22638205375108372,
            0.0
        ],
        [
            0.1857356475558743,
            0.8832105944353904,
            0.43062897615474544,
            0.0
        ],
        [
            0.1596737793393639,
            -0.45955895547375314,
            0.8736760558899146,
            5.265851974487305
        ],
        [
            0.0,
            0.0,
            0.0,
            1.0
        ]
    ],
    "intrinsic_matrix_camera": [
        [
            1.3888888888888888,
            0.0,
            -0.5
        ],
        [
            0.0,
            -1.3888888888888888,
            -0.5
        ],
        [
            0.0,
            0.0,
            -1.0
        ]
    ],
    "extrinsic_matrix_camera": [
        [
            0.9726665874509776,
            0.10942571874961478,
            -0.20480654709408025,
            -2.61855149269104
        ],
        [
            -0.2322061791952779,
            0.4583630911307216,
            -0.8578948461394439,
            -11.418784141540527
        ],
        [
            1.8594535048798134e-09,
            0.8820029981611286,
            0.4712437917201456,
            11.385396957397461
        ],
        [
            0.0,
            0.0,
            0.0,
            1.0
        ]
    ]
}