{
    "matrix_probe_in_cam_coord": [
        [
            0.3346463607161594,
            -0.6381119831349515,
            0.6934153951557528,
            -0.999492630650437
        ],
        [
            0.025598576772841976,
            0.7417254017523252,
            0.6702149962978718,
            0.16218845312620989
        ],
        [
            -0.9419960329675676,
            -0.20653456218011212,
            0.2645504649370975,
            -10.646100736520001
        ],
        [
            0.0,
            0.0,
            0.0,
            1.0
        ]
    ],
    "matrix_probe_in_world_coord": [
        [
            0.7470021882611023,
            0.6133818601259988,
            0.2564184556569477,
            0.0
        ],
        [
            -0.30767427653302454,
            0.6608641327966612,
            -0.6845400919908173,
            0.0
        ],
        [
            -0.5893422352869379,
            0.43245958383563005,
            0.6823887733951293,
            9.998409271240234
        ],
        [
            0.0,
            0.0,
            0.0,
            1.0
        ]
    ],
    "intrinsic_matrix_camera": [
        [
            1.3888888888888888,
            0.0,
            -0.5
        ],
        [
            0.0,
            -1.3888888888888888,
            -0.5
        ],
        [
            0.0,
            0.0,
            -1.0
        ]
    ],
    "extrinsic_matrix_camera": [
        [
            0.03637975331916899,
            0.6459385938040552,
            -0.7625220302278984,
            -8.186288833618164
        ],
        [
            -0.9993380376771598,
            0.023514655594075843,
            -0.027758735991676557,
            -1.298167109489441
        ],
        [
            4.031462932556879e-09,
            0.7630271253413812,
            0.6463664641619862,
            16.755937576293945
        ],
        [
            0.0,
            0.0,
            0.0,
            1.0
        ]
    ]
}