{
    "matrix_probe_in_cam_coord": [
        [
            0.1850459771686292,
            -0.9806492317305369,
            0.0639145573403668,
            -1.3937011286330343
        ],
        [
            0.5672390664839265,
            0.1596934708936464,
            0.8079219249459589,
            1.9467368607691966
        ],
        [
            -0.8024947524988254,
            -0.11324786823710176,
            0.5858131891239744,
            -12.660233393815764
        ],
        [
            0.0,
            0.0,
            0.0,
            1.0
        ]
    ],
    "matrix_probe_in_world_coord": [
        [
            0.11173428574838351,
            0.9915669013211397,
            -0.06565462354390672,
            0.0
        ],
        [
            -0.9937321852386537,
            0.11171781033725237,
            -0.003933811670650719,
            0.0
        ],
        [
            0.003434153332193806,
            0.06568265416259639,
            0.9978346534035827,
            3.9940614700317383
        ],
        [
            0.0,
            0.0,
            0.0,
            1.0
        ]
    ],
    "intrinsic_matrix_camera": [
        [
            1.3888888888888888,
            0.0,
            -0.5
        ],
        [
            0.0,
            -1.3888888888888888,
            -0.5
        ],
        [
            0.0,
            0.0,
            -1.0
        ]
    ],
    "extrinsic_matrix_camera": [
        [
            -0.9558996261016134,
            0.16868300220219654,
            -0.2404203601753597,
            -4.704397678375244
        ],
        [
            -0.2936935559708382,
            -0.5490213248937393,
            0.7825085814182023,
            10.5662202835083
        ],
        [
            -7.912301650518276e-09,
            0.8186095709066546,
            0.5743503899363375,
            9.671854019165039
        ],
        [
            0.0,
            0.0,
            0.0,
            1.0
        ]
    ]
}