{
    "matrix_probe_in_cam_coord": [
        [
            0.7451985225714471,
            0.34436831631922643,
            0.5710425769351996,
            -0.9143151614786063
        ],
        [
            -0.0690397431459498,
            -0.8118933045946131,
            0.5797092166084478,
            2.016202500988679
        ],
        [
            0.6632591317303315,
            -0.47142308457467386,
            -0.581246590963273,
            -7.713817504046844
        ],
        [
            0.0,
            0.0,
            0.0,
            1.0
        ]
    ],
    "matrix_probe_in_world_coord": [
        [
            -0.9166773472731754,
            -0.26956416545868034,
            -0.2950216969932542,
            0.0
        ],
        [
            0.36655612954490097,
            -0.2731000411620818,
            -0.8894115871801599,
            0.0
        ],
        [
            0.15918305465493518,
            -0.9234454657519494,
            0.34915501842718727,
            7.804348468780518
        ],
        [
            0.0,
            0.0,
            0.0,
            1.0
        ]
    ],
    "intrinsic_matrix_camera": [
        [
            1.3888888888888888,
            0.0,
            -0.5
        ],
        [
            0.0,
            -1.3888888888888888,
            -0.5
        ],
        [
            0.0,
            0.0,
            -1.0
        ]
    ],
    "extrinsic_matrix_camera": [
        [
            -0.9444059127645106,
            0.11111771285153348,
            -0.30943549542041254,
            -3.474449396133423
        ],
        [
            -0.3287817998847138,
            -0.3191789405750327,
            0.888834817026183,
            7.199228763580322
        ],
        [
            -1.6338369583954989e-09,
            0.9411576158030301,
            0.33796796033937315,
            8.51380729675293
        ],
        [
            0.0,
            0.0,
            0.0,
            1.0
        ]
    ]
}