{
    "matrix_probe_in_cam_coord": [
        [
            0.42022676722159563,
            0.900530032477885,
            0.11160253006032644,
            1.5013275468130516
        ],
        [
            -0.46033561828417496,
            0.10557546694282631,
            0.8814448021962183,
            -0.6527762539309361
        ],
        [
            0.7819850271261038,
            -0.42178131938859414,
            0.4589116864554697,
            -13.09863271639662
        ],
        [
            0.0,
            0.0,
            0.0,
            1.0
        ]
    ],
    "matrix_probe_in_world_coord": [
        [
            0.9383302489578789,
            -0.014058226558826553,
            -0.34545435321713036,
            0.0
        ],
        [
            0.10463912908655511,
            0.9638600770614558,
            0.24499878471349942,
            0.0
        ],
        [
            0.32952541109093914,
            -0.26603781331439535,
            0.9058901066532532,
            15.620386123657227
        ],
        [
            0.0,
            0.0,
            0.0,
            1.0
        ]
    ],
    "intrinsic_matrix_camera": [
        [
            1.3888888888888888,
            0.0,
            -0.5
        ],
        [
            0.0,
            -1.3888888888888888,
            -0.5
        ],
        [
            0.0,
            0.0,
            -1.0
        ]
    ],
    "extrinsic_matrix_camera": [
        [
            0.34309805204681737,
            -0.7379299831814011,
            0.5811566627025595,
            6.615551948547363
        ],
        [
            0.9392995936769478,
            0.26954376484863923,
            -0.2122791373393587,
            -4.014811038970947
        ],
        [
            -1.4585123371807864e-08,
            0.6187127756504779,
            0.7856172740252605,
            26.31477928161621
        ],
        [
            0.0,
            0.0,
            0.0,
            1.0
        ]
    ]
}