{
    "matrix_probe_in_cam_coord": [
        [
            -0.9988202482800542,
            0.031030076466264326,
            -0.03735299158392079,
            0.4233773700724479
        ],
        [
            -0.04689818612323571,
            -0.8159301404005311,
            0.5762452308907378,
            -1.073217257621378
        ],
        [
            -0.0125964980895887,
            0.5773171921400462,
            0.8164227997155712,
            -14.025771629671967
        ],
        [
            0.0,
            0.0,
            0.0,
            1.0
        ]
    ],
    "matrix_probe_in_world_coord": [
        [
            0.8566742465849082,
            -0.5157256676868965,
            -0.011673513913325537,
            0.0
        ],
        [
            0.5143060131174466,
            0.8521246629702525,
            0.0968136541458411,
            0.0
        ],
        [
            -0.03998199731650111,
            -0.0889415226243538,
            0.9952340656568407,
            14.543770790100098
        ],
        [
            0.0,
            0.0,
            0.0,
            1.0
        ]
    ],
    "intrinsic_matrix_camera": [
        [
            1.3888888888888888,
            0.0,
            -0.5
        ],
        [
            0.0,
            -1.3888888888888888,
            -0.5
        ],
        [
            0.0,
            0.0,
            -1.0
        ]
    ],
    "extrinsic_matrix_camera": [
        [
            -0.871230549906047,
            0.373892841460315,
            -0.31805891280569226,
            -3.69089412689209
        ],
        [
            -0.49087404587165456,
            -0.6636058085369086,
            0.5645086376360143,
            7.41330099105835
        ],
        [
            -3.440170844807128e-09,
            0.6479440361488079,
            0.7616879453025315,
            25.92241668701172
        ],
        [
            0.0,
            0.0,
            0.0,
            1.0
        ]
    ]
}