{
    "matrix_probe_in_cam_coord": [
        [
            -0.20002520073828461,
            -0.9018787731509892,
            0.38288979825698677,
            0.5815616597674815
        ],
        [
            0.6302225687031672,
            0.18078849067351535,
            0.7550728677003132,
            0.10959641270503084
        ],
        [
            -0.750206260282325,
            0.3923393941215429,
            0.5322221029359359,
            -13.361243118562523
        ],
        [
            0.0,
            0.0,
            0.0,
            1.0
        ]
    ],
    "matrix_probe_in_world_coord": [
        [
            0.9145530867053633,
            -0.4034777608298721,
            -0.028255054652312976,
            0.0
        ],
        [
            0.36088488726732265,
            0.8455605039012827,
            -0.39343300876294185,
            0.0
        ],
        [
            0.1826328276617992,
            0.34961855036299466,
            0.9189189950710205,
            16.77886390686035
        ],
        [
            0.0,
            0.0,
            0.0,
            1.0
        ]
    ],
    "intrinsic_matrix_camera": [
        [
            1.3888888888888888,
            0.0,
            -0.5
        ],
        [
            0.0,
            -1.3888888888888888,
            -0.5
        ],
        [
            0.0,
            0.0,
            -1.0
        ]
    ],
    "extrinsic_matrix_camera": [
        [
            0.1701357910013308,
            0.4820932349747509,
            -0.8594416358380195,
            -11.634988784790039
        ],
        [
            -0.9854206272553621,
            0.08323481775861788,
            -0.14838514916371606,
            -1.418649435043335
        ],
        [
            -8.649400811617031e-09,
            0.872157140602695,
            0.48922583956259985,
            23.21994400024414
        ],
        [
            0.0,
            0.0,
            0.0,
            1.0
        ]
    ]
}