{
    "matrix_probe_in_cam_coord": [
        [
            -0.859067304643385,
            -0.4197861573957497,
            0.29288726184602204,
            -0.4554262066253621
        ],
        [
            0.0678940246373843,
            -0.6605932120460085,
            -0.7476677133709032,
            -0.3921669221170738
        ],
        [
            0.5073398934750624,
            -0.6224115923226752,
            0.5959950018507406,
            -11.110431871813553
        ],
        [
            0.0,
            0.0,
            0.0,
            1.0
        ]
    ],
    "matrix_probe_in_world_coord": [
        [
            -0.9396939098923404,
            -0.33774939053590797,
            0.05385819254179359,
            0.0
        ],
        [
            -0.18091157330505378,
            0.3572157860570892,
            -0.916333937402684,
            0.0
        ],
        [
            0.2902522323006945,
            -0.8708169907530736,
            -0.39677627229992596,
            3.7492830753326416
        ],
        [
            0.0,
            0.0,
            0.0,
            1.0
        ]
    ],
    "intrinsic_matrix_camera": [
        [
            1.3888888888888888,
            0.0,
            -0.5
        ],
        [
            0.0,
            -1.3888888888888888,
            -0.5
        ],
        [
            0.0,
            0.0,
            -1.0
        ]
    ],
    "extrinsic_matrix_camera": [
        [
            0.9648172117183837,
            0.11904732162685405,
            -0.23442585861085355,
            -2.118483066558838
        ],
        [
            -0.2629215623944973,
            0.4368561613418677,
            -0.8602493512497902,
            -9.506162643432617
        ],
        [
            -4.855174135123673e-10,
            0.8916189934670081,
            0.45278645130886985,
            9.129599571228027
        ],
        [
            0.0,
            0.0,
            0.0,
            1.0
        ]
    ]
}