{
    "matrix_probe_in_cam_coord": [
        [
            0.21061679423329757,
            0.273819735206727,
            -0.9384366353666115,
            1.2600742387339836
        ],
        [
            -0.5139478611586034,
            0.8476091957102319,
            0.13197063066436626,
            -0.8627988827882624
        ],
        [
            0.8315636848716913,
            0.4545122704160708,
            0.31924979881566523,
            -12.983425744737879
        ],
        [
            0.0,
            0.0,
            0.0,
            1.0
        ]
    ],
    "matrix_probe_in_world_coord": [
        [
            0.08953668131811804,
            -0.4874329935465886,
            0.8685575740851892,
            0.0
        ],
        [
            0.7978246839804524,
            -0.4869213060755472,
            -0.35550445190063995,
            0.0
        ],
        [
            0.5962037875844374,
            0.7247873608803442,
            0.3452887562288649,
            4.985507488250732
        ],
        [
            0.0,
            0.0,
            0.0,
            1.0
        ]
    ],
    "intrinsic_matrix_camera": [
        [
            1.3888888888888888,
            0.0,
            -0.5
        ],
        [
            0.0,
            -1.3888888888888888,
            -0.5
        ],
        [
            0.0,
            0.0,
            -1.0
        ]
    ],
    "extrinsic_matrix_camera": [
        [
            -0.9296970918851303,
            -0.34454578266100655,
            0.13019800686203348,
            2.5646297931671143
        ],
        [
            0.36832501590352457,
            -0.8696754132494798,
            0.32863560100666955,
            3.0523440837860107
        ],
        [
            -4.937115660740689e-09,
            0.35348674549388837,
            0.9354395334601479,
            17.435705184936523
        ],
        [
            0.0,
            0.0,
            0.0,
            1.0
        ]
    ]
}