{
    "matrix_probe_in_cam_coord": [
        [
            0.8463187915640712,
            0.1526368329469816,
            -0.5103395930882157,
            -1.0570037248156787
        ],
        [
            0.2794932704469898,
            0.68834800662426,
            0.6693732393450262,
            -0.025983192804460487
        ],
        [
            0.4534622529167958,
            -0.7091396329386216,
            0.5399008855107583,
            -13.988734527123977
        ],
        [
            0.0,
            0.0,
            0.0,
            1.0
        ]
    ],
    "matrix_probe_in_world_coord": [
        [
            0.5929153487619895,
            -0.6849637064203941,
            -0.4234100968201924,
            0.0
        ],
        [
            0.6111040127587883,
            0.7251497605816719,
            -0.31734793258890254,
            0.0
        ],
        [
            0.524407546467969,
            -0.07058714907956118,
            0.8485364927875906,
            16.38799476623535
        ],
        [
            0.0,
            0.0,
            0.0,
            1.0
        ]
    ],
    "intrinsic_matrix_camera": [
        [
            1.3888888888888888,
            0.0,
            -0.5
        ],
        [
            0.0,
            -1.3888888888888888,
            -0.5
        ],
        [
            0.0,
            0.0,
            -1.0
        ]
    ],
    "extrinsic_matrix_camera": [
        [
            0.6133276471530607,
            -0.5891969400806605,
            0.5260001549783776,
            7.9910569190979
        ],
        [
            0.7898285872502278,
            0.45753063767320523,
            -0.4084562624720785,
            -4.867046356201172
        ],
        [
            -6.31813009020549e-09,
            0.6659674777269058,
            0.7459807763006117,
            26.840625762939453
        ],
        [
            0.0,
            0.0,
            0.0,
            1.0
        ]
    ]
}