{
    "matrix_probe_in_cam_coord": [
        [
            -0.9515103468588807,
            -0.058957072415212496,
            -0.3019140994268397,
            -0.5014515614002346
        ],
        [
            0.002035354704129566,
            -0.9826469933607518,
            0.1854743749694366,
            -2.8417307636855202
        ],
        [
            -0.3076100082112425,
            0.1758662845780913,
            0.9351187800472074,
            -11.818478458803881
        ],
        [
            0.0,
            0.0,
            0.0,
            1.0
        ]
    ],
    "matrix_probe_in_world_coord": [
        [
            0.950173012059351,
            -0.2165011694939921,
            0.22427325021454095,
            0.0
        ],
        [
            0.1421022637698064,
            0.9411925330378039,
            0.3065347653780544,
            0.0
        ],
        [
            -0.2774494436569602,
            -0.2593913247616739,
            0.9250610503382072,
            17.370235443115234
        ],
        [
            0.0,
            0.0,
            0.0,
            1.0
        ]
    ],
    "intrinsic_matrix_camera": [
        [
            1.3888888888888888,
            0.0,
            -0.5
        ],
        [
            0.0,
            -1.3888888888888888,
            -0.5
        ],
        [
            0.0,
            0.0,
            -1.0
        ]
    ],
    "extrinsic_matrix_camera": [
        [
            -0.9590464335167587,
            0.2562751032780959,
            -0.12063585618955434,
            -1.1783827543258667
        ],
        [
            -0.28324889824814065,
            -0.8677164402372591,
            0.40845837117531775,
            2.2195043563842773
        ],
        [
            -4.440016624316767e-09,
            0.4259005174706653,
            0.90476999796535,
            29.273534774780273
        ],
        [
            0.0,
            0.0,
            0.0,
            1.0
        ]
    ]
}