{
    "matrix_probe_in_cam_coord": [
        [
            0.23729516688060895,
            0.6498651398079489,
            -0.7220569948677867,
            0.3451890437550803
        ],
        [
            0.23125606445088906,
            0.6841288362740566,
            0.6917285363731869,
            -1.2462025902700349
        ],
        [
            0.9435102736217504,
            -0.33112389741711495,
            0.012055211715676101,
            -11.627540449854095
        ],
        [
            0.0,
            0.0,
            0.0,
            1.0
        ]
    ],
    "matrix_probe_in_world_coord": [
        [
            0.42156756576746557,
            -0.6663364712111619,
            0.6150418641253212,
            0.0
        ],
        [
            0.8975178764023001,
            0.20982630713439143,
            -0.3878589722729766,
            0.0
        ],
        [
            0.12939261582949482,
            0.71551983059046,
            0.6865048601434663,
            7.017919540405273
        ],
        [
            0.0,
            0.0,
            0.0,
            1.0
        ]
    ],
    "intrinsic_matrix_camera": [
        [
            1.3888888888888888,
            0.0,
            -0.5
        ],
        [
            0.0,
            -1.3888888888888888,
            -0.5
        ],
        [
            0.0,
            0.0,
            -1.0
        ]
    ],
    "extrinsic_matrix_camera": [
        [
            -0.7770881782807452,
            0.06707207002251675,
            0.6258077185519585,
            7.628432273864746
        ],
        [
            0.6293917406324242,
            0.08281155998105472,
            0.7726631105191909,
            8.870112419128418
        ],
        [
            8.310862390838664e-10,
            0.9943055782587155,
            -0.10656649118555617,
            7.017919540405273
        ],
        [
            0.0,
            0.0,
            0.0,
            1.0
        ]
    ]
}