{
    "matrix_probe_in_cam_coord": [
        [
            0.1399058670951495,
            0.7968050113621064,
            0.587816401796163,
            1.0677427588081154
        ],
        [
            -0.7560177708978919,
            0.4693297268469936,
            -0.456252931589824,
            -0.681787774115008
        ],
        [
            -0.6394243336305998,
            -0.3805671837743765,
            0.6680607309183074,
            -11.99701448986162
        ],
        [
            0.0,
            0.0,
            0.0,
            1.0
        ]
    ],
    "matrix_probe_in_world_coord": [
        [
            0.1648046340731637,
            0.7561714228412901,
            0.6332805159375974,
            0.0
        ],
        [
            -0.37280983528411493,
            0.6421852242335016,
            -0.6697842671275569,
            0.0
        ],
        [
            -0.9131551124006488,
            -0.12570965378341578,
            0.387743244483011,
            5.560864448547363
        ],
        [
            0.0,
            0.0,
            0.0,
            1.0
        ]
    ],
    "intrinsic_matrix_camera": [
        [
            1.3888888888888888,
            0.0,
            -0.5
        ],
        [
            0.0,
            -1.3888888888888888,
            -0.5
        ],
        [
            0.0,
            0.0,
            -1.0
        ]
    ],
    "extrinsic_matrix_camera": [
        [
            0.9978309886061152,
            -0.058637596669275954,
            0.029915722190753537,
            -0.746505856513977
        ],
        [
            0.06582794374232744,
            0.8888385119246813,
            -0.4534675088053999,
            -4.904544353485107
        ],
        [
            -1.1112291601998877e-09,
            0.45445322308942837,
            0.8907706034797234,
            16.557292938232422
        ],
        [
            0.0,
            0.0,
            0.0,
            1.0
        ]
    ]
}