{
    "matrix_probe_in_cam_coord": [
        [
            -0.7528364596441665,
            0.18005069640351026,
            0.6331026865801855,
            1.0930497884072163
        ],
        [
            0.26768281466792426,
            -0.794972914112963,
            0.5443932186923363,
            -2.1589219526996137
        ],
        [
            0.6013178658262993,
            0.5793097725322395,
            0.5502881169775975,
            -12.0371001222098
        ],
        [
            0.0,
            0.0,
            0.0,
            1.0
        ]
    ],
    "matrix_probe_in_world_coord": [
        [
            0.11920216892434993,
            0.9498967748325414,
            0.28894110141422813,
            0.0
        ],
        [
            -0.8132320735922062,
            -0.07354384871021238,
            0.5772736758226641,
            0.0
        ],
        [
            0.5696002435082447,
            -0.30378844527010224,
            0.7637199376183149,
            5.788551330566406
        ],
        [
            0.0,
            0.0,
            0.0,
            1.0
        ]
    ],
    "intrinsic_matrix_camera": [
        [
            1.3888888888888888,
            0.0,
            -0.5
        ],
        [
            0.0,
            -1.3888888888888888,
            -0.5
        ],
        [
            0.0,
            0.0,
            -1.0
        ]
    ],
    "extrinsic_matrix_camera": [
        [
            0.2642192245539195,
            -0.5659362588915384,
            0.7809637329914718,
            7.88992166519165
        ],
        [
            0.96446264903112,
            0.15504099173430252,
            -0.2139488011322301,
            -3.2948074340820312
        ],
        [
            -7.564416773829256e-09,
            0.8097397370475857,
            0.586789194043403,
            14.599956512451172
        ],
        [
            0.0,
            0.0,
            0.0,
            1.0
        ]
    ]
}