{
    "matrix_probe_in_cam_coord": [
        [
            -0.016915088509489955,
            -0.7987561723008578,
            -0.6014170408227539,
            0.5144291784490549
        ],
        [
            -0.9599778830467028,
            0.18115701503586074,
            -0.21359915721853465,
            -0.8079384006298955
        ],
        [
            0.2795645611337164,
            0.5737340090273357,
            -0.7698525462993114,
            -10.4348162481308
        ],
        [
            0.0,
            0.0,
            0.0,
            1.0
        ]
    ],
    "matrix_probe_in_world_coord": [
        [
            -0.057728416237418555,
            -0.853544150095453,
            -0.5178125276550872,
            0.0
        ],
        [
            -0.37544300580682877,
            -0.4620406704445244,
            0.8034680878827163,
            0.0
        ],
        [
            -0.9250459336430021,
            0.2407920320380338,
            -0.2937843051586344,
            8.238997459411621
        ],
        [
            0.0,
            0.0,
            0.0,
            1.0
        ]
    ],
    "intrinsic_matrix_camera": [
        [
            1.3888888888888888,
            0.0,
            -0.5
        ],
        [
            0.0,
            -1.3888888888888888,
            -0.5
        ],
        [
            0.0,
            0.0,
            -1.0
        ]
    ],
    "extrinsic_matrix_camera": [
        [
            0.9941714175734748,
            0.011396811882948806,
            -0.1072068335455012,
            -1.6209064722061157
        ],
        [
            -0.10781091076485776,
            0.10509496681249678,
            -0.9886009586636726,
            -10.175498008728027
        ],
        [
            -5.396554099189368e-10,
            0.9943968828539163,
            0.10571111280473365,
            10.145484924316406
        ],
        [
            0.0,
            0.0,
            0.0,
            1.0
        ]
    ]
}