{
    "matrix_probe_in_cam_coord": [
        [
            -0.6940716198281479,
            0.6008146396181453,
            0.3965934383845102,
            -0.13343124941638632
        ],
        [
            -0.6679326646356709,
            -0.3319152324383986,
            -0.6661067737142868,
            0.16889340081668358
        ],
        [
            -0.26857129791141643,
            -0.7272235194875655,
            0.6316766662164237,
            -11.486514666144505
        ],
        [
            0.0,
            0.0,
            0.0,
            1.0
        ]
    ],
    "matrix_probe_in_world_coord": [
        [
            -0.7223810510906863,
            0.6341906031170451,
            0.2756227420645002,
            0.0
        ],
        [
            -0.17395540344197466,
            0.21910562494185531,
            -0.9600688739523738,
            0.0
        ],
        [
            -0.6692571513539884,
            -0.7414816275787809,
            -0.04795686942104433,
            8.975193977355957
        ],
        [
            0.0,
            0.0,
            0.0,
            1.0
        ]
    ],
    "intrinsic_matrix_camera": [
        [
            1.3888888888888888,
            0.0,
            -0.5
        ],
        [
            0.0,
            -1.3888888888888888,
            -0.5
        ],
        [
            0.0,
            0.0,
            -1.0
        ]
    ],
    "extrinsic_matrix_camera": [
        [
            0.991725355896982,
            0.08841020341460733,
            -0.09308305110594778,
            -0.9518045783042908
        ],
        [
            -0.12837764007413724,
            0.682974381889559,
            -0.719072440865015,
            -8.392115592956543
        ],
        [
            -1.4732352558944763e-09,
            0.7250721547644503,
            0.6886729052207858,
            16.763185501098633
        ],
        [
            0.0,
            0.0,
            0.0,
            1.0
        ]
    ]
}