{
    "matrix_probe_in_cam_coord": [
        [
            0.03818088375090182,
            -0.9982701804487348,
            -0.044708689791257424,
            0.13541246689646222
        ],
        [
            0.520648854042128,
            -0.01831504334066742,
            0.853574443134311,
            1.0050522248080451
        ],
        [
            -0.8529167549653479,
            -0.05586775469159508,
            0.5190489409343791,
            -7.48965737577662
        ],
        [
            0.0,
            0.0,
            0.0,
            1.0
        ]
    ],
    "matrix_probe_in_world_coord": [
        [
            0.9327626209630784,
            -0.22114201633973987,
            0.2846929952480092,
            0.0
        ],
        [
            0.19495713333137538,
            0.9737340111587507,
            0.11761714023008088,
            0.0
        ],
        [
            -0.3032253437582371,
            -0.054205941758117424,
            0.9513759019340435,
            13.971728324890137
        ],
        [
            0.0,
            0.0,
            0.0,
            1.0
        ]
    ],
    "intrinsic_matrix_camera": [
        [
            1.3888888888888888,
            0.0,
            -0.5
        ],
        [
            0.0,
            -1.3888888888888888,
            -0.5
        ],
        [
            0.0,
            0.0,
            -1.0
        ]
    ],
    "extrinsic_matrix_camera": [
        [
            0.24364493094415973,
            0.7326986801945214,
            -0.6354445622290128,
            -5.528655052185059
        ],
        [
            -0.9698644996210631,
            0.18406521241460583,
            -0.15963348631646943,
            -1.2492635250091553
        ],
        [
            -6.414537926394412e-09,
            0.6551890121331188,
            0.7554649948078518,
            18.971403121948242
        ],
        [
            0.0,
            0.0,
            0.0,
            1.0
        ]
    ]
}