{
    "matrix_probe_in_cam_coord": [
        [
            -0.26537305505908126,
            -0.8420402174309808,
            0.46962262922201387,
            0.8161837630526665
        ],
        [
            -0.16545013551818802,
            -0.4400899473300392,
            -0.88257979294569,
            -1.1416163048084726
        ],
        [
            0.9498438789114891,
            -0.3119120236345989,
            -0.02252765426195741,
            -11.124195308285698
        ],
        [
            0.0,
            0.0,
            0.0,
            1.0
        ]
    ],
    "matrix_probe_in_world_coord": [
        [
            0.7586272644593199,
            -0.31236624972679056,
            0.5717621880210247,
            0.0
        ],
        [
            -0.5465441602536633,
            -0.7828028120646069,
            0.29750502233804743,
            0.0
        ],
        [
            0.35464652051244966,
            -0.5381887061759698,
            -0.7645775055761506,
            10.467683792114258
        ],
        [
            0.0,
            0.0,
            0.0,
            1.0
        ]
    ],
    "intrinsic_matrix_camera": [
        [
            1.3888888888888888,
            0.0,
            -0.5
        ],
        [
            0.0,
            -1.3888888888888888,
            -0.5
        ],
        [
            0.0,
            0.0,
            -1.0
        ]
    ],
    "extrinsic_matrix_camera": [
        [
            0.3302181720455284,
            -0.49267149084041195,
            0.8051277916976879,
            8.124438285827637
        ],
        [
            0.9439046344048267,
            0.1723575326965453,
            -0.28166810623826316,
            -3.7069644927978516
        ],
        [
            6.140169105030936e-09,
            0.8529757810370967,
            0.5219504928287307,
            17.24773406982422
        ],
        [
            0.0,
            0.0,
            0.0,
            1.0
        ]
    ]
}