{
    "matrix_probe_in_cam_coord": [
        [
            0.8805000643175666,
            0.47253287201667776,
            0.03784602489603986,
            -0.18217623945399058
        ],
        [
            -0.4646000606310401,
            0.8760586133793342,
            -0.12910495569695205,
            2.03520077524659
        ],
        [
            -0.09416167159941104,
            0.09609365633353889,
            0.99090846641557,
            -10.243543994787736
        ],
        [
            0.0,
            0.0,
            0.0,
            1.0
        ]
    ],
    "matrix_probe_in_world_coord": [
        [
            -0.7877243946590043,
            -0.3891527833978804,
            -0.47754621685527776,
            0.0
        ],
        [
            -0.3934131981431941,
            -0.27873788993541676,
            0.8760886052455517,
            0.0
        ],
        [
            -0.4740425440673542,
            0.8779893506689214,
            0.06647079453501854,
            16.838048934936523
        ],
        [
            0.0,
            0.0,
            0.0,
            1.0
        ]
    ],
    "intrinsic_matrix_camera": [
        [
            1.3888888888888888,
            0.0,
            -0.5
        ],
        [
            0.0,
            -1.3888888888888888,
            -0.5
        ],
        [
            0.0,
            0.0,
            -1.0
        ]
    ],
    "extrinsic_matrix_camera": [
        [
            -0.8955520885661682,
            0.08670973687321498,
            -0.4364262574549703,
            -4.810171604156494
        ],
        [
            -0.444956690774253,
            -0.17451831420955474,
            0.8783831176318687,
            9.271875381469727
        ],
        [
            -5.724092980322053e-09,
            0.9808286188406378,
            0.19487231836042548,
            16.838048934936523
        ],
        [
            0.0,
            0.0,
            0.0,
            1.0
        ]
    ]
}