{
    "matrix_probe_in_cam_coord": [
        [
            0.38257192089156183,
            0.9239048220969989,
            0.0062132963275039485,
            0.21987773698127305
        ],
        [
            -0.18420633406558484,
            0.06968311526072883,
            0.9804143460484848,
            0.0048925498651701815
        ],
        [
            0.9053765801231324,
            -0.37622352817636606,
            0.19684792356300962,
            -12.663290953971813
        ],
        [
            0.0,
            0.0,
            0.0,
            1.0
        ]
    ],
    "matrix_probe_in_world_coord": [
        [
            0.9999350756522082,
            -0.0022094209334407584,
            0.011178682370993308,
            0.0
        ],
        [
            0.0021858720339065895,
            0.9999953672262648,
            0.002118369528460971,
            0.0
        ],
        [
            -0.011183310952668172,
            -0.0020937968255302745,
            0.9999352726906823,
            11.33376693725586
        ],
        [
            0.0,
            0.0,
            0.0,
            1.0
        ]
    ],
    "intrinsic_matrix_camera": [
        [
            1.3888888888888888,
            0.0,
            -0.5
        ],
        [
            0.0,
            -1.3888888888888888,
            -0.5
        ],
        [
            0.0,
            0.0,
            -1.0
        ]
    ],
    "extrinsic_matrix_camera": [
        [
            0.38057524447078867,
            -0.17338859335660975,
            0.9083495356908681,
            11.419862747192383
        ],
        [
            0.9247499571754515,
            0.0713570208364553,
            -0.3738257512282242,
            -4.937545299530029
        ],
        [
            4.420861933142123e-09,
            0.9822650208936292,
            0.18749780993077778,
            13.703300476074219
        ],
        [
            0.0,
            0.0,
            0.0,
            1.0
        ]
    ]
}