{
    "matrix_probe_in_cam_coord": [
        [
            0.9680212212918745,
            -0.2306061924540266,
            -0.09877094274352267,
            0.27322093999873653
        ],
        [
            0.03224758454109776,
            0.5048329143697288,
            -0.8626145268080241,
            -0.7541677783703289
        ],
        [
            0.24878707446298856,
            0.8318440434184904,
            0.496125467003383,
            -10.789984744519112
        ],
        [
            0.0,
            0.0,
            0.0,
            1.0
        ]
    ],
    "matrix_probe_in_world_coord": [
        [
            0.42293938018829413,
            -0.10208185147405324,
            0.9003896802416003,
            0.0
        ],
        [
            0.8759897192600615,
            -0.20819572708276918,
            -0.4350822347271327,
            0.0
        ],
        [
            0.23187128420013634,
            0.9727455139059273,
            0.0013684806440656069,
            15.8605318069458
        ],
        [
            0.0,
            0.0,
            0.0,
            1.0
        ]
    ],
    "intrinsic_matrix_camera": [
        [
            1.3888888888888888,
            0.0,
            -0.5
        ],
        [
            0.0,
            -1.3888888888888888,
            -0.5
        ],
        [
            0.0,
            0.0,
            -1.0
        ]
    ],
    "extrinsic_matrix_camera": [
        [
            0.3440226648753878,
            -0.8145847231299584,
            0.4670119215773035,
            4.330723762512207
        ],
        [
            0.9389613442799635,
            0.29845275289817547,
            -0.17110683281349198,
            -1.8777005672454834
        ],
        [
            1.840200939157807e-08,
            0.49737077028187876,
            0.8675380780514536,
            25.596355438232422
        ],
        [
            0.0,
            0.0,
            0.0,
            1.0
        ]
    ]
}