{
    "matrix_probe_in_cam_coord": [
        [
            -0.6358542379856802,
            -0.61859855289272,
            -0.4615465506259178,
            -1.3358972486147955
        ],
        [
            0.05757313761300988,
            -0.6343559582599012,
            0.7708941899155526,
            -2.1839562040828113
        ],
        [
            -0.7696588347190227,
            0.46360365462234593,
            0.4389725840639268,
            -9.511097625945236
        ],
        [
            0.0,
            0.0,
            0.0,
            1.0
        ]
    ],
    "matrix_probe_in_world_coord": [
        [
            0.8425999369564361,
            0.4826309776527942,
            0.23894075761769581,
            0.0
        ],
        [
            -0.4877260904454932,
            0.49573726139915364,
            0.7185873839410363,
            0.0
        ],
        [
            0.2283606948223906,
            -0.7220193259673703,
            0.6530999050603665,
            17.063976287841797
        ],
        [
            0.0,
            0.0,
            0.0,
            1.0
        ]
    ],
    "intrinsic_matrix_camera": [
        [
            1.3888888888888888,
            0.0,
            -0.5
        ],
        [
            0.0,
            -1.3888888888888888,
            -0.5
        ],
        [
            0.0,
            0.0,
            -1.0
        ]
    ],
    "extrinsic_matrix_camera": [
        [
            -0.9446078476798246,
            -0.07345067241024288,
            -0.31987655872878895,
            -4.464689254760742
        ],
        [
            -0.3282011793118498,
            0.21140103240408836,
            0.920648461355797,
            8.779624938964844
        ],
        [
            -1.3782905837363677e-08,
            0.9746356253600466,
            -0.2237976715228088,
            17.063976287841797
        ],
        [
            0.0,
            0.0,
            0.0,
            1.0
        ]
    ]
}