{
    "matrix_probe_in_cam_coord": [
        [
            -0.8113056862971307,
            -0.5597355455189267,
            -0.16875782193596556,
            0.6957607008457033
        ],
        [
            0.10839760201151385,
            0.1396315088419323,
            -0.9842525090730928,
            -2.5381593195666277
        ],
        [
            0.574485024400197,
            -0.8168226005817634,
            -0.05260984621484966,
            -11.295249433290053
        ],
        [
            0.0,
            0.0,
            0.0,
            1.0
        ]
    ],
    "matrix_probe_in_world_coord": [
        [
            -0.5292307165891698,
            0.3726591828624287,
            -0.7622597864552614,
            0.0
        ],
        [
            0.6685229450466971,
            0.7363623323560063,
            -0.10415175194548171,
            0.0
        ],
        [
            0.522486287441694,
            -0.5647084636478625,
            -0.6388367792479283,
            17.05345916748047
        ],
        [
            0.0,
            0.0,
            0.0,
            1.0
        ]
    ],
    "intrinsic_matrix_camera": [
        [
            1.3888888888888888,
            0.0,
            -0.5
        ],
        [
            0.0,
            -1.3888888888888888,
            -0.5
        ],
        [
            0.0,
            0.0,
            -1.0
        ]
    ],
    "extrinsic_matrix_camera": [
        [
            0.3494146000313239,
            0.7449237307818924,
            -0.5683291938682515,
            -4.771793842315674
        ],
        [
            -0.9369682157282337,
            0.27779729083066945,
            -0.21194156723538354,
            -1.036933422088623
        ],
        [
            7.383835387651805e-09,
            0.6065618686705645,
            0.7950362881497125,
            27.573143005371094
        ],
        [
            0.0,
            0.0,
            0.0,
            1.0
        ]
    ]
}