{
    "matrix_probe_in_cam_coord": [
        [
            0.36993452500187035,
            -0.8116034535693506,
            0.4521595751125309,
            -1.1415219146501971
        ],
        [
            -0.634292100599189,
            0.1349750091138094,
            0.7612195990857014,
            -0.44393855223556145
        ],
        [
            -0.6788386983143415,
            -0.5684026575140468,
            -0.4648617435344192,
            -10.915436507166554
        ],
        [
            0.0,
            0.0,
            0.0,
            1.0
        ]
    ],
    "matrix_probe_in_world_coord": [
        [
            0.7184640529163576,
            0.46735144182524496,
            0.5151621438837156,
            0.0
        ],
        [
            -0.28618618778716864,
            0.8736644262591907,
            -0.3934563968333046,
            0.0
        ],
        [
            -0.6339612532220317,
            0.13525198746437728,
            0.7614460120718258,
            11.384968757629395
        ],
        [
            0.0,
            0.0,
            0.0,
            1.0
        ]
    ],
    "intrinsic_matrix_camera": [
        [
            1.3888888888888888,
            0.0,
            -0.5
        ],
        [
            0.0,
            -1.3888888888888888,
            -0.5
        ],
        [
            0.0,
            0.0,
            -1.0
        ]
    ],
    "extrinsic_matrix_camera": [
        [
            0.11941611002306847,
            -0.0004837875783164584,
            -0.99284417640259,
            -10.701226234436035
        ],
        [
            -0.9928442942712403,
            -5.8218544410231086e-05,
            -0.11941609583152335,
            -2.4368581771850586
        ],
        [
            -2.991896199542673e-08,
            0.9999998812800829,
            -0.0004872779688754777,
            11.823588371276855
        ],
        [
            0.0,
            0.0,
            0.0,
            1.0
        ]
    ]
}