{
    "matrix_probe_in_cam_coord": [
        [
            -0.6531451321591448,
            0.7304530409948321,
            0.19959907624589776,
            -0.07327056887502219
        ],
        [
            -0.07475311139009756,
            0.20010514856248943,
            -0.976918574834302,
            0.6807047842866254
        ],
        [
            -0.7535339465971743,
            -0.6529902636488436,
            -0.07609406616485015,
            -12.929683868017914
        ],
        [
            0.0,
            0.0,
            0.0,
            1.0
        ]
    ],
    "matrix_probe_in_world_coord": [
        [
            0.8133190810354618,
            -0.37938638249038237,
            -0.44111001485399676,
            0.0
        ],
        [
            -0.17122794413346643,
            -0.8806606793967343,
            0.4417213589043538,
            0.0
        ],
        [
            -0.5560513137934829,
            -0.2837300487176917,
            -0.7812196847770785,
            8.107878684997559
        ],
        [
            0.0,
            0.0,
            0.0,
            1.0
        ]
    ],
    "intrinsic_matrix_camera": [
        [
            1.3888888888888888,
            0.0,
            -0.5
        ],
        [
            0.0,
            -1.3888888888888888,
            -0.5
        ],
        [
            0.0,
            0.0,
            -1.0
        ]
    ],
    "extrinsic_matrix_camera": [
        [
            -0.896384486960261,
            0.2942132667651452,
            -0.33156206839198465,
            -4.552943706512451
        ],
        [
            -0.4432773979541361,
            -0.5949507149176325,
            0.6704765434241592,
            9.041556358337402
        ],
        [
            4.500844364987712e-09,
            0.7479787433332444,
            0.6637226826933222,
            16.180450439453125
        ],
        [
            0.0,
            0.0,
            0.0,
            1.0
        ]
    ]
}