{
    "matrix_probe_in_cam_coord": [
        [
            0.1138961522257775,
            -0.9357177844274339,
            -0.33385609836331687,
            -0.14230490515024993
        ],
        [
            0.3683091507914504,
            -0.2723294850532662,
            0.8889235180902255,
            0.820733126812379
        ],
        [
            -0.9227004042220004,
            -0.22420722440821816,
            0.3136161420777313,
            -12.995910379301739
        ],
        [
            0.0,
            0.0,
            0.0,
            1.0
        ]
    ],
    "matrix_probe_in_world_coord": [
        [
            0.9864257496847599,
            -9.20284468635407e-05,
            0.16420789228786825,
            0.0
        ],
        [
            -0.05715876516796662,
            0.9372693737470109,
            0.3438880582404095,
            0.0
        ],
        [
            -0.15393867585286167,
            -0.3486059560114414,
            0.9245413844225777,
            7.409182071685791
        ],
        [
            0.0,
            0.0,
            0.0,
            1.0
        ]
    ],
    "intrinsic_matrix_camera": [
        [
            1.3888888888888888,
            0.0,
            -0.5
        ],
        [
            0.0,
            -1.3888888888888888,
            -0.5
        ],
        [
            0.0,
            0.0,
            -1.0
        ]
    ],
    "extrinsic_matrix_camera": [
        [
            0.05761440376023402,
            0.5093029495554711,
            -0.8586565588484433,
            -11.568826675415039
        ],
        [
            -0.99833891063073,
            0.029392000392258755,
            -0.04955330295337362,
            -0.8101817965507507
        ],
        [
            -9.439880041937581e-09,
            0.8600852375706949,
            0.5101503544181472,
            13.333149909973145
        ],
        [
            0.0,
            0.0,
            0.0,
            1.0
        ]
    ]
}