{
    "matrix_probe_in_cam_coord": [
        [
            0.989739285107169,
            -0.12824969142074638,
            0.06299336604780895,
            -0.533402966829862
        ],
        [
            -0.0022515135601975846,
            0.4268142097674947,
            0.9043365308485758,
            -0.41392429337767567
        ],
        [
            -0.1428673447721283,
            -0.8951992219562259,
            0.42214603492953656,
            -9.545409459137213
        ],
        [
            0.0,
            0.0,
            0.0,
            1.0
        ]
    ],
    "matrix_probe_in_world_coord": [
        [
            0.9909102866083112,
            0.11661913702321085,
            0.06705804033668247,
            0.0
        ],
        [
            -0.1174420040211184,
            0.9930437999929819,
            0.008449082021255699,
            0.0
        ],
        [
            -0.06560624654206466,
            -0.016247712930128597,
            0.9977133016248715,
            18.19801902770996
        ],
        [
            0.0,
            0.0,
            0.0,
            1.0
        ]
    ],
    "intrinsic_matrix_camera": [
        [
            1.3888888888888888,
            0.0,
            -0.5
        ],
        [
            0.0,
            -1.3888888888888888,
            -0.5
        ],
        [
            0.0,
            0.0,
            -1.0
        ]
    ],
    "extrinsic_matrix_camera": [
        [
            0.9700106820174468,
            0.10818669242867032,
            -0.2176577964452275,
            -1.5154451131820679
        ],
        [
            -0.24306228990126746,
            0.4317504405470625,
            -0.8686266633688893,
            -8.242335319519043
        ],
        [
            3.838497634210512e-09,
            0.8954815445718364,
            0.4450986444949459,
            22.81732940673828
        ],
        [
            0.0,
            0.0,
            0.0,
            1.0
        ]
    ]
}