{
    "matrix_probe_in_cam_coord": [
        [
            -0.7379744207225648,
            -0.46424474091834644,
            -0.48976583679228985,
            -0.5587773903703936
        ],
        [
            -0.6724396913411861,
            0.5669031380739262,
            0.4758631037923663,
            -0.880553322621692
        ],
        [
            0.056732846466264274,
            0.6805127864864787,
            -0.730536605215812,
            -12.062785655874544
        ],
        [
            0.0,
            0.0,
            0.0,
            1.0
        ]
    ],
    "matrix_probe_in_world_coord": [
        [
            -0.7538368522569762,
            -0.5798531230208019,
            -0.3090313186431375,
            0.0
        ],
        [
            0.007396793383738015,
            -0.4777824227232713,
            0.8784470638486529,
            0.0
        ],
        [
            -0.6570200054997808,
            0.6599199286729441,
            0.3644590513533229,
            10.12227725982666
        ],
        [
            0.0,
            0.0,
            0.0,
            1.0
        ]
    ],
    "intrinsic_matrix_camera": [
        [
            1.3888888888888888,
            0.0,
            -0.5
        ],
        [
            0.0,
            -1.3888888888888888,
            -0.5
        ],
        [
            0.0,
            0.0,
            -1.0
        ]
    ],
    "extrinsic_matrix_camera": [
        [
            0.9768590596014313,
            0.031132662732262135,
            -0.21160608447255636,
            -1.9792981147766113
        ],
        [
            -0.21388402856362923,
            0.14219029410205006,
            -0.9664551425640847,
            -11.652448654174805
        ],
        [
            9.385628075409098e-09,
            0.989349623527685,
            0.14555865630606854,
            12.749295234680176
        ],
        [
            0.0,
            0.0,
            0.0,
            1.0
        ]
    ]
}