{
    "matrix_probe_in_cam_coord": [
        [
            -0.9468890403465035,
            0.09085659904776344,
            0.30845781507550085,
            1.054527602993322
        ],
        [
            0.24124425024547697,
            -0.43351771582986964,
            0.8682531899078464,
            0.5671722857992476
        ],
        [
            0.2126084593688022,
            0.8965531040998781,
            0.3885745417982219,
            -11.489817548963066
        ],
        [
            0.0,
            0.0,
            0.0,
            1.0
        ]
    ],
    "matrix_probe_in_world_coord": [
        [
            -0.2967533189848203,
            0.9277785399704859,
            0.2261955977505465,
            0.0
        ],
        [
            -0.908243093725303,
            -0.34738027755649187,
            0.2332840017340776,
            0.0
        ],
        [
            0.29501178005595624,
            -0.13621278770735246,
            0.9457347017494959,
            5.2549729347229
        ],
        [
            0.0,
            0.0,
            0.0,
            1.0
        ]
    ],
    "intrinsic_matrix_camera": [
        [
            1.3888888888888888,
            0.0,
            -0.5
        ],
        [
            0.0,
            -1.3888888888888888,
            -0.5
        ],
        [
            0.0,
            0.0,
            -1.0
        ]
    ],
    "extrinsic_matrix_camera": [
        [
            0.4350590681062245,
            -0.27740341610030217,
            0.8566043147185436,
            9.540781021118164
        ],
        [
            0.9004019142908033,
            0.13403665892432362,
            -0.4138968069529663,
            -5.781119346618652
        ],
        [
            7.79672672668235e-09,
            0.951357723887438,
            0.30808843081120846,
            8.255269050598145
        ],
        [
            0.0,
            0.0,
            0.0,
            1.0
        ]
    ]
}