{
    "matrix_probe_in_cam_coord": [
        [
            0.05121192393352087,
            0.5639978376867939,
            0.8241867372941939,
            0.9547468975812702
        ],
        [
            0.15781262185874342,
            -0.8194710450250682,
            0.5509649560068155,
            0.6753457694084588
        ],
        [
            0.9861402107353177,
            0.10185109449654345,
            -0.13097266631156151,
            -11.988310823409558
        ],
        [
            0.0,
            0.0,
            0.0,
            1.0
        ]
    ],
    "matrix_probe_in_world_coord": [
        [
            -0.5169184671099377,
            -0.5650857959097498,
            -0.6430189278876296,
            0.0
        ],
        [
            0.8291046138498638,
            -0.14356435091260694,
            -0.5403469408073945,
            0.0
        ],
        [
            0.2130277861068371,
            -0.8124452722541292,
            0.542726304815174,
            13.389318466186523
        ],
        [
            0.0,
            0.0,
            0.0,
            1.0
        ]
    ],
    "intrinsic_matrix_camera": [
        [
            1.3888888888888888,
            0.0,
            -0.5
        ],
        [
            0.0,
            -1.3888888888888888,
            -0.5
        ],
        [
            0.0,
            0.0,
            -1.0
        ]
    ],
    "extrinsic_matrix_camera": [
        [
            -0.8751472284122018,
            0.027214293806005686,
            -0.48309078941238504,
            -4.974277496337891
        ],
        [
            -0.4838567232171533,
            -0.049222226892835806,
            0.8737618919232337,
            10.970131874084473
        ],
        [
            8.396994683082901e-09,
            0.9984170243902846,
            0.056244514467184606,
            13.389318466186523
        ],
        [
            0.0,
            0.0,
            0.0,
            1.0
        ]
    ]
}