{
    "matrix_probe_in_cam_coord": [
        [
            -0.7282921223407612,
            0.4519865987563474,
            0.5150715475359302,
            -0.6075058742733775
        ],
        [
            0.6818830527349259,
            0.5525959562692562,
            0.4792423306718271,
            -0.8455591899319614
        ],
        [
            -0.06801534333727918,
            0.7002469733312204,
            -0.7106532835435132,
            -11.141714075824998
        ],
        [
            0.0,
            0.0,
            0.0,
            1.0
        ]
    ],
    "matrix_probe_in_world_coord": [
        [
            0.41866107215508364,
            0.26522315837193355,
            -0.8685502765673225,
            0.0
        ],
        [
            -0.5983803546658173,
            0.7999951592958412,
            -0.044144039838155846,
            0.0
        ],
        [
            0.6831279951897499,
            0.5382048135853471,
            0.4936311586818595,
            15.944832801818848
        ],
        [
            0.0,
            0.0,
            0.0,
            1.0
        ]
    ],
    "intrinsic_matrix_camera": [
        [
            1.3888888888888888,
            0.0,
            -0.5
        ],
        [
            0.0,
            -1.3888888888888888,
            -0.5
        ],
        [
            0.0,
            0.0,
            -1.0
        ]
    ],
    "extrinsic_matrix_camera": [
        [
            -0.6323957825816292,
            0.01579307591989279,
            0.7744844433079062,
            8.258254051208496
        ],
        [
            0.7746454506243284,
            0.012892974588418364,
            0.63226434110528,
            7.526011943817139
        ],
        [
            -9.506177509566075e-09,
            0.9997921533795167,
            -0.02038749716735748,
            16.563064575195312
        ],
        [
            0.0,
            0.0,
            0.0,
            1.0
        ]
    ]
}