{
    "matrix_probe_in_cam_coord": [
        [
            -0.4851322514461235,
            0.44309548366738083,
            0.7538654329257879,
            0.11138390653971558
        ],
        [
            -0.6243278914573871,
            -0.7791396322757849,
            0.05617933219190332,
            -0.8300641781171212
        ],
        [
            0.6122592445649055,
            -0.4434048102701694,
            0.6546226330292031,
            -12.22125251387246
        ],
        [
            0.0,
            0.0,
            0.0,
            1.0
        ]
    ],
    "matrix_probe_in_world_coord": [
        [
            0.9603415594453334,
            -0.26047864444247243,
            -0.09947343862316892,
            0.0
        ],
        [
            0.1923644233991148,
            0.3606935444778118,
            0.9126314127742694,
            0.0
        ],
        [
            -0.20184156611667334,
            -0.8955730248067127,
            0.3964958252316457,
            12.040190696716309
        ],
        [
            0.0,
            0.0,
            0.0,
            1.0
        ]
    ],
    "intrinsic_matrix_camera": [
        [
            1.3888888888888888,
            0.0,
            -0.5
        ],
        [
            0.0,
            -1.3888888888888888,
            -0.5
        ],
        [
            0.0,
            0.0,
            -1.0
        ]
    ],
    "extrinsic_matrix_camera": [
        [
            -0.6562991607075286,
            -0.40220713699348287,
            0.6383579173207606,
            7.54077672958374
        ],
        [
            0.7545007698170978,
            -0.3498580871538652,
            0.5552728223121001,
            6.411685466766357
        ],
        [
            -1.2239074148950127e-08,
            0.8460666272844851,
            0.5330771634533369,
            19.25735092163086
        ],
        [
            0.0,
            0.0,
            0.0,
            1.0
        ]
    ]
}