{
    "matrix_probe_in_cam_coord": [
        [
            -0.9806901035345141,
            0.0025286325833926955,
            0.1955518520667158,
            -2.961229314537224
        ],
        [
            0.1789688829338151,
            -0.3915381812427536,
            0.9025896030702654,
            1.3811458695422472
        ],
        [
            0.07884833397660884,
            0.9201583878041731,
            0.3835250729518715,
            -10.061864801430314
        ],
        [
            0.0,
            0.0,
            0.0,
            1.0
        ]
    ],
    "matrix_probe_in_world_coord": [
        [
            0.9702730429773156,
            -0.15917771426254687,
            -0.1822983196677663,
            0.0
        ],
        [
            0.1429969600480911,
            0.9847805138034248,
            -0.0987887091223859,
            0.0
        ],
        [
            0.19524879382097285,
            0.06978391587761255,
            0.9782679150397613,
            9.253968238830566
        ],
        [
            0.0,
            0.0,
            0.0,
            1.0
        ]
    ],
    "intrinsic_matrix_camera": [
        [
            1.3888888888888888,
            0.0,
            -0.5
        ],
        [
            0.0,
            -1.3888888888888888,
            -0.5
        ],
        [
            0.0,
            0.0,
            -1.0
        ]
    ],
    "extrinsic_matrix_camera": [
        [
            -0.9875884469686874,
            0.07143226738987457,
            -0.13988027233858616,
            -4.430590629577637
        ],
        [
            -0.15706387049215223,
            -0.44915282684975716,
            0.8795411751128517,
            9.005067825317383
        ],
        [
            6.59675843997908e-10,
            0.8905948401537105,
            0.45479757111443164,
            12.600038528442383
        ],
        [
            0.0,
            0.0,
            0.0,
            1.0
        ]
    ]
}