{
    "matrix_probe_in_cam_coord": [
        [
            -0.24083266500804876,
            -0.37342836978350025,
            -0.8958520414141825,
            0.4720299422168302
        ],
        [
            0.04851064873764274,
            -0.9264973084583669,
            0.37316143206185537,
            -0.5329057696779049
        ],
        [
            -0.9693535703881089,
            0.04641109845973306,
            0.24124606839405033,
            -15.790332146255937
        ],
        [
            0.0,
            0.0,
            0.0,
            1.0
        ]
    ],
    "matrix_probe_in_world_coord": [
        [
            -0.8651269345839042,
            0.3196632820198887,
            -0.3864851526070958,
            0.0
        ],
        [
            0.15070274522830576,
            -0.5692928019107265,
            -0.8082044223297015,
            0.0
        ],
        [
            -0.4783764936094889,
            -0.7574437878951198,
            0.4443364024486212,
            13.789347648620605
        ],
        [
            0.0,
            0.0,
            0.0,
            1.0
        ]
    ],
    "intrinsic_matrix_camera": [
        [
            1.3888888888888888,
            0.0,
            -0.5
        ],
        [
            0.0,
            -1.3888888888888888,
            -0.5
        ],
        [
            0.0,
            0.0,
            -1.0
        ]
    ],
    "extrinsic_matrix_camera": [
        [
            0.4352129998810937,
            -0.4823563922589766,
            0.7602117833744774,
            11.541512489318848
        ],
        [
            0.9003275208136753,
            0.2331682169973031,
            -0.36748188778196894,
            -6.103385925292969
        ],
        [
            1.1541261721505076e-08,
            0.8443724850024441,
            0.5357565739874752,
            22.699092864990234
        ],
        [
            0.0,
            0.0,
            0.0,
            1.0
        ]
    ]
}