{
    "matrix_probe_in_cam_coord": [
        [
            -0.0773009691465071,
            0.17800610029060346,
            0.9809884751761062,
            0.11881770484087362
        ],
        [
            0.8656576977530704,
            -0.4761625751274274,
            0.1546154984756397,
            -0.2950365689009331
        ],
        [
            0.4946325004383196,
            0.8611521528204807,
            -0.11728452243491941,
            -12.055223076504065
        ],
        [
            0.0,
            0.0,
            0.0,
            1.0
        ]
    ],
    "matrix_probe_in_world_coord": [
        [
            0.2026922239520279,
            -0.8893840223985089,
            0.409770573677063,
            0.0
        ],
        [
            0.1268551303794607,
            -0.3910825219745392,
            -0.911571301052443,
            0.0
        ],
        [
            0.9709910598176436,
            0.23674991385063351,
            0.03355353999098485,
            5.945248603820801
        ],
        [
            0.0,
            0.0,
            0.0,
            1.0
        ]
    ],
    "intrinsic_matrix_camera": [
        [
            1.3888888888888888,
            0.0,
            -0.5
        ],
        [
            0.0,
            -1.3888888888888888,
            -0.5
        ],
        [
            0.0,
            0.0,
            -1.0
        ]
    ],
    "extrinsic_matrix_camera": [
        [
            0.22799612340561845,
            0.6623103518309539,
            -0.7136965500614165,
            -8.435455322265625
        ],
        [
            -0.9736620397817766,
            0.15508892975486402,
            -0.16712168068650185,
            -1.8532439470291138
        ],
        [
            1.498470646683847e-08,
            0.7330023340515697,
            0.6802261228995479,
            14.361788749694824
        ],
        [
            0.0,
            0.0,
            0.0,
            1.0
        ]
    ],
    "matrix_probe_in_cam_coord_pre": [
        [
            -0.1797512024641037,
            -0.09029880911111832,
            1.0876280069351196,
            0.23388543725013733
        ],
        [
            0.5804385542869568,
            -0.4133361876010895,
            0.20100772380828857,
            -0.4266221821308136
        ],
        [
            0.48872989416122437,
            0.7199885249137878,
            -0.12548203766345978,
            -12.27862548828125
        ],
        [
            0.0,
            0.0,
            0.0,
            1.0
        ]
    ]
}