{
    "matrix_probe_in_cam_coord": [
        [
            -0.5711651582097786,
            -0.6676670925086576,
            0.477484047511782,
            0.019340318358985302
        ],
        [
            0.7783000584605457,
            -0.2556849812920179,
            0.5734755525233936,
            1.798061376089929
        ],
        [
            -0.2608052550228032,
            0.6991751167788623,
            0.6656836899231908,
            -12.133312338623936
        ],
        [
            0.0,
            0.0,
            0.0,
            1.0
        ]
    ],
    "matrix_probe_in_world_coord": [
        [
            -0.41199241921609364,
            -0.7385565929782392,
            0.5336631947931635,
            0.0
        ],
        [
            0.9109660408817718,
            -0.320951237912469,
            0.25909684529658694,
            0.0
        ],
        [
            -0.020077820316468292,
            0.5928949838300448,
            0.805029452430475,
            8.67000961303711
        ],
        [
            0.0,
            0.0,
            0.0,
            1.0
        ]
    ],
    "intrinsic_matrix_camera": [
        [
            1.3888888888888888,
            0.0,
            -0.5
        ],
        [
            0.0,
            -1.3888888888888888,
            -0.5
        ],
        [
            0.0,
            0.0,
            -1.0
        ]
    ],
    "extrinsic_matrix_camera": [
        [
            0.9832413106475791,
            0.17422690019295908,
            -0.053679719496132546,
            -0.9835996627807617
        ],
        [
            -0.18230887262015197,
            0.939653040648683,
            -0.2895093058325648,
            -5.198734760284424
        ],
        [
            2.713486206685245e-09,
            0.2944437984553877,
            0.9556687969956762,
            19.73600959777832
        ],
        [
            0.0,
            0.0,
            0.0,
            1.0
        ]
    ],
    "matrix_probe_in_cam_coord_pre": [
        [
            -0.576751172542572,
            -0.4193705916404724,
            0.57164067029953,
            0.1936117708683014
        ],
        [
            0.6107358932495117,
            -0.1496019959449768,
            0.651227593421936,
            1.6099119186401367
        ],
        [
            -0.2934948801994324,
            0.774978756904602,
            0.6502349972724915,
            -12.06291675567627
        ],
        [
            0.0,
            0.0,
            0.0,
            1.0
        ]
    ]
}