{
    "matrix_probe_in_cam_coord": [
        [
            -0.5012649970618158,
            -0.2418667560018962,
            0.8308031506089377,
            0.09381322347451258
        ],
        [
            0.6076383494228352,
            -0.7819608102347508,
            0.13897095944011031,
            -1.3193202876848567
        ],
        [
            0.6160430496574978,
            0.5744891327067305,
            0.5389370996420252,
            -10.269375556596735
        ],
        [
            0.0,
            0.0,
            0.0,
            1.0
        ]
    ],
    "matrix_probe_in_world_coord": [
        [
            0.25338265859985826,
            -0.16422465637739,
            -0.9533244413936925,
            0.0
        ],
        [
            0.5847105210514857,
            0.8110903373454592,
            0.015686657914583672,
            0.0
        ],
        [
            0.7706561067639494,
            -0.5613935579453663,
            0.30154011044117324,
            17.183748245239258
        ],
        [
            0.0,
            0.0,
            0.0,
            1.0
        ]
    ],
    "intrinsic_matrix_camera": [
        [
            1.3888888888888888,
            0.0,
            -0.5
        ],
        [
            0.0,
            -1.3888888888888888,
            -0.5
        ],
        [
            0.0,
            0.0,
            -1.0
        ]
    ],
    "extrinsic_matrix_camera": [
        [
            -0.8793163221874327,
            0.14989785352718632,
            -0.4520325641396967,
            -4.361837387084961
        ],
        [
            -0.47623818151715486,
            -0.2767683315615433,
            0.8346235589233467,
            8.250594139099121
        ],
        [
            -1.8602599409994707e-08,
            0.949173284575889,
            0.3147539925837603,
            21.668338775634766
        ],
        [
            0.0,
            0.0,
            0.0,
            1.0
        ]
    ],
    "matrix_probe_in_cam_coord_pre": [
        [
            -0.025302112102508545,
            0.22232037782669067,
            0.7084457874298096,
            0.39972054958343506
        ],
        [
            -0.0742926150560379,
            -0.25311213731765747,
            0.2496781349182129,
            -1.44521164894104
        ],
        [
            0.45993733406066895,
            0.0007922635413706303,
            0.6553417444229126,
            -10.45610523223877
        ],
        [
            0.0,
            0.0,
            0.0,
            1.0
        ]
    ]
}