{
    "matrix_probe_in_cam_coord": [
        [
            -0.4756421053704152,
            -0.3225002160366802,
            -0.818387559934224,
            -0.9835882498591756
        ],
        [
            0.05699487519992523,
            0.9171137199597937,
            -0.394530111477506,
            0.6557063499005826
        ],
        [
            0.8777905056445665,
            -0.23429902969880764,
            -0.41783704106081043,
            -10.646750052159923
        ],
        [
            0.0,
            0.0,
            0.0,
            1.0
        ]
    ],
    "matrix_probe_in_world_coord": [
        [
            0.2472639937746588,
            -0.8059360119549119,
            -0.5378918683311892,
            0.0
        ],
        [
            -0.7623738011737944,
            0.18080799401911424,
            -0.6213651555909806,
            0.0
        ],
        [
            0.5980357051768942,
            0.563715898243961,
            -0.5697171942293642,
            9.177705764770508
        ],
        [
            0.0,
            0.0,
            0.0,
            1.0
        ]
    ],
    "intrinsic_matrix_camera": [
        [
            1.3888888888888888,
            0.0,
            -0.5
        ],
        [
            0.0,
            -1.3888888888888888,
            -0.5
        ],
        [
            0.0,
            0.0,
            -1.0
        ]
    ],
    "extrinsic_matrix_camera": [
        [
            0.5825093850179468,
            -0.5128276547313607,
            0.6306271583976907,
            7.623343467712402
        ],
        [
            0.8128239762494791,
            0.3675173564432928,
            -0.4519382439525563,
            -4.253172874450684
        ],
        [
            3.5739340930182523e-09,
            0.7758471429706152,
            0.6309209227346435,
            15.386235237121582
        ],
        [
            0.0,
            0.0,
            0.0,
            1.0
        ]
    ],
    "matrix_probe_in_cam_coord_pre": [
        [
            -0.10559367388486862,
            0.029861029237508774,
            -0.5856515765190125,
            -1.209256887435913
        ],
        [
            0.30418431758880615,
            0.352196604013443,
            -0.4517112076282501,
            0.7326884269714355
        ],
        [
            0.41979914903640747,
            -0.43029844760894775,
            -0.39715632796287537,
            -11.127530097961426
        ],
        [
            0.0,
            0.0,
            0.0,
            1.0
        ]
    ]
}