{
    "matrix_probe_in_cam_coord": [
        [
            0.13604154780853187,
            0.9621520497639409,
            0.23612736055973346,
            0.51948836985625
        ],
        [
            -0.48755255938307485,
            -0.14246283196504705,
            0.8613923863997823,
            1.5840962640464564
        ],
        [
            0.8624298227153746,
            -0.23230965249757957,
            0.4497188302123691,
            -9.226593909634335
        ],
        [
            0.0,
            0.0,
            0.0,
            1.0
        ]
    ],
    "matrix_probe_in_world_coord": [
        [
            0.9160735700040425,
            0.34749531230889835,
            -0.20014050630342176,
            0.0
        ],
        [
            -0.26457791143660225,
            0.898794328465452,
            0.34952436810354554,
            0.0
        ],
        [
            0.3013432314154314,
            -0.2672372785403986,
            0.9153013131414307,
            15.726168632507324
        ],
        [
            0.0,
            0.0,
            0.0,
            1.0
        ]
    ],
    "intrinsic_matrix_camera": [
        [
            1.3888888888888888,
            0.0,
            -0.5
        ],
        [
            0.0,
            -1.3888888888888888,
            -0.5
        ],
        [
            0.0,
            0.0,
            -1.0
        ]
    ],
    "extrinsic_matrix_camera": [
        [
            0.41170874389668904,
            -0.6685386882647306,
            0.6193156969529223,
            6.559326171875
        ],
        [
            0.911315483353054,
            0.30202848203542193,
            -0.27979078941303337,
            -3.5333759784698486
        ],
        [
            -1.2508657719387428e-08,
            0.679584298179889,
            0.7335974247960169,
            21.41824722290039
        ],
        [
            0.0,
            0.0,
            0.0,
            1.0
        ]
    ],
    "matrix_probe_in_cam_coord_pre": [
        [
            0.06169665604829788,
            0.5206246376037598,
            0.15655846893787384,
            0.6619669198989868
        ],
        [
            -0.04781898856163025,
            -0.07553378492593765,
            0.7981709837913513,
            1.3427855968475342
        ],
        [
            0.7933676838874817,
            -0.3046734035015106,
            0.33148065209388733,
            -9.773359298706055
        ],
        [
            0.0,
            0.0,
            0.0,
            1.0
        ]
    ]
}