{
    "matrix_probe_in_cam_coord": [
        [
            0.993612157250942,
            -0.10811682818660945,
            -0.03233624013389021,
            0.13925957371804215
        ],
        [
            0.05546185459047284,
            0.21830325038342027,
            0.9743036865153588,
            0.3702536598871031
        ],
        [
            -0.09827951795015424,
            -0.9698734156243796,
            0.2229051233520316,
            -10.759952659089896
        ],
        [
            0.0,
            0.0,
            0.0,
            1.0
        ]
    ],
    "matrix_probe_in_world_coord": [
        [
            0.9994776662938191,
            -0.0018898288269467844,
            -0.03226179050930293,
            0.0
        ],
        [
            0.001968902622310604,
            0.9999951349220177,
            0.0024194120689645985,
            0.0
        ],
        [
            0.032257061278504064,
            -0.0024816686524260392,
            0.999476524645964,
            14.097074508666992
        ],
        [
            0.0,
            0.0,
            0.0,
            1.0
        ]
    ],
    "intrinsic_matrix_camera": [
        [
            1.3888888888888888,
            0.0,
            -0.5
        ],
        [
            0.0,
            -1.3888888888888888,
            -0.5
        ],
        [
            0.0,
            0.0,
            -1.0
        ]
    ],
    "extrinsic_matrix_camera": [
        [
            0.9943407074339818,
            0.023587547792022105,
            -0.10358660689899896,
            -1.2617918252944946
        ],
        [
            -0.10623821129748297,
            0.22076862941001685,
            -0.9695229005695195,
            -10.498966217041016
        ],
        [
            5.477682764687145e-09,
            0.9750409426570672,
            0.22202513403310503,
            16.125041961669922
        ],
        [
            0.0,
            0.0,
            0.0,
            1.0
        ]
    ],
    "matrix_probe_in_cam_coord_pre": [
        [
            0.7688261270523071,
            -0.10474897921085358,
            -0.06756343692541122,
            0.3644723892211914
        ],
        [
            0.17710387706756592,
            0.14571736752986908,
            1.0802651643753052,
            0.3848360478878021
        ],
        [
            -0.06768783926963806,
            -0.825799286365509,
            0.19312185049057007,
            -10.685629844665527
        ],
        [
            0.0,
            0.0,
            0.0,
            1.0
        ]
    ]
}