{
    "matrix_probe_in_cam_coord": [
        [
            -0.6563536658544086,
            -0.6216640475925521,
            -0.4274735983079239,
            0.43279539733177586
        ],
        [
            0.5758673732020526,
            -0.04675606311627984,
            -0.8162050226770442,
            -0.635076370841535
        ],
        [
            0.48741833551975366,
            -0.7818872568936726,
            0.3886845555285691,
            -13.628852174015117
        ],
        [
            0.0,
            0.0,
            0.0,
            1.0
        ]
    ],
    "matrix_probe_in_world_coord": [
        [
            -0.6334141981964351,
            -0.6015800030680974,
            -0.48671136562829026,
            0.0
        ],
        [
            0.3656176272095685,
            0.32167374691352985,
            -0.873412703834937,
            0.0
        ],
        [
            0.6819898856997898,
            -0.7311822621311314,
            0.016195534816406214,
            3.621556043624878
        ],
        [
            0.0,
            0.0,
            0.0,
            1.0
        ]
    ],
    "intrinsic_matrix_camera": [
        [
            1.3888888888888888,
            0.0,
            -0.5
        ],
        [
            0.0,
            -1.3888888888888888,
            -0.5
        ],
        [
            0.0,
            0.0,
            -1.0
        ]
    ],
    "extrinsic_matrix_camera": [
        [
            0.9977806494510033,
            0.0606212033484922,
            -0.02754714659841891,
            -0.768771767616272
        ],
        [
            -0.06658660211434447,
            0.9083909003040156,
            -0.4127858968808479,
            -5.020081996917725
        ],
        [
            -4.948591564360345e-10,
            0.4137040511639217,
            0.9104114224077811,
            16.292152404785156
        ],
        [
            0.0,
            0.0,
            0.0,
            1.0
        ]
    ],
    "matrix_probe_in_cam_coord_pre": [
        [
            -0.433540940284729,
            -0.3168255686759949,
            -0.2165633589029312,
            0.5613199472427368
        ],
        [
            -0.015684470534324646,
            -0.11122135818004608,
            -0.33821481466293335,
            -0.250306099653244
        ],
        [
            0.1423848569393158,
            -0.6610510349273682,
            0.03325849771499634,
            -12.344989776611328
        ],
        [
            0.0,
            0.0,
            0.0,
            1.0
        ]
    ]
}