{
    "matrix_probe_in_cam_coord": [
        [
            -0.9926443062559103,
            -0.12030748435566908,
            0.013542173597076199,
            1.572667446554607
        ],
        [
            0.10091731666568257,
            -0.7604478072227373,
            0.6415098032665819,
            -1.0697014348692937
        ],
        [
            -0.06688031440357635,
            0.6381576934411597,
            0.7669952945404152,
            -10.253233915136626
        ],
        [
            0.0,
            0.0,
            0.0,
            1.0
        ]
    ],
    "matrix_probe_in_world_coord": [
        [
            0.7465378716628505,
            0.6650496300069768,
            0.019753374412611525,
            0.0
        ],
        [
            -0.6650444618768986,
            0.7449848812145791,
            0.052090214902284444,
            0.0
        ],
        [
            0.019926612857381672,
            -0.05202419042410005,
            0.9984470009523536,
            11.114606857299805
        ],
        [
            0.0,
            0.0,
            0.0,
            1.0
        ]
    ],
    "intrinsic_matrix_camera": [
        [
            1.3888888888888888,
            0.0,
            -0.5
        ],
        [
            0.0,
            -1.3888888888888888,
            -0.5
        ],
        [
            0.0,
            0.0,
            -1.0
        ]
    ],
    "extrinsic_matrix_camera": [
        [
            -0.820789512042918,
            -0.4177249507022882,
            0.3896285955639287,
            4.8389410972595215
        ],
        [
            0.5712307562801119,
            -0.6002202383756291,
            0.5598491658687672,
            4.199851989746094
        ],
        [
            3.2940948583872607e-09,
            0.682086160983401,
            0.731271816081357,
            19.34213638305664
        ],
        [
            0.0,
            0.0,
            0.0,
            1.0
        ]
    ],
    "matrix_probe_in_cam_coord_pre": [
        [
            -0.8864017724990845,
            -0.18212273716926575,
            0.030550388619303703,
            1.9282410144805908
        ],
        [
            0.16745398938655853,
            -0.6686503291130066,
            0.6188524961471558,
            -0.9691869020462036
        ],
        [
            -0.08186164498329163,
            0.5326108336448669,
            0.8001769781112671,
            -11.133366584777832
        ],
        [
            0.0,
            0.0,
            0.0,
            1.0
        ]
    ]
}