{
    "matrix_probe_in_cam_coord": [
        [
            -0.568172416810985,
            0.027924375228516422,
            -0.8224356108798189,
            3.13180924131296
        ],
        [
            0.6689309837920203,
            0.5977611057812106,
            -0.44182915175242093,
            0.195661432269139
        ],
        [
            0.47928221717293434,
            -0.8011877992601489,
            -0.35831085194070644,
            -11.059779417704538
        ],
        [
            0.0,
            0.0,
            0.0,
            1.0
        ]
    ],
    "matrix_probe_in_world_coord": [
        [
            -0.31433600466052775,
            -0.9342075787528656,
            0.16866853878173244,
            0.0
        ],
        [
            -0.5638910802018686,
            0.040811795919789715,
            -0.8248401341972703,
            0.0
        ],
        [
            0.7636882386437716,
            -0.3543876367969254,
            -0.5396199375881733,
            3.598635673522949
        ],
        [
            0.0,
            0.0,
            0.0,
            1.0
        ]
    ],
    "intrinsic_matrix_camera": [
        [
            1.3888888888888888,
            0.0,
            -0.5
        ],
        [
            0.0,
            -1.3888888888888888,
            -0.5
        ],
        [
            0.0,
            0.0,
            -1.0
        ]
    ],
    "extrinsic_matrix_camera": [
        [
            0.013790871759101628,
            -0.8432247255605738,
            0.5373842889957049,
            6.065147876739502
        ],
        [
            0.9999049014061908,
            0.011629906050682657,
            -0.007411708920912707,
            -3.215758800506592
        ],
        [
            7.426638534701995e-09,
            0.5374353984327302,
            0.8433049226178232,
            12.820246696472168
        ],
        [
            0.0,
            0.0,
            0.0,
            1.0
        ]
    ],
    "matrix_probe_in_cam_coord_pre": [
        [
            -0.00877651572227478,
            0.048007603734731674,
            -0.2587849795818329,
            2.204162120819092
        ],
        [
            0.17855636775493622,
            -0.1797814667224884,
            0.05689195543527603,
            -0.11709418147802353
        ],
        [
            -0.1272428035736084,
            -0.4039600193500519,
            0.6865900754928589,
            -11.685571670532227
        ],
        [
            0.0,
            0.0,
            0.0,
            1.0
        ]
    ]
}