{
    "matrix_probe_in_cam_coord": [
        [
            0.729017083507606,
            -0.03447080465367688,
            0.6836269857024319,
            -0.34692005487152644
        ],
        [
            -0.4734092015249116,
            0.6959560570078769,
            0.5399341576762806,
            -0.6199276174016362
        ],
        [
            -0.494386306308751,
            -0.7172565303575682,
            0.49104505882231697,
            -13.332513735816367
        ],
        [
            0.0,
            0.0,
            0.0,
            1.0
        ]
    ],
    "matrix_probe_in_world_coord": [
        [
            -0.60287336969789,
            0.42263823780135734,
            -0.6766983227829627,
            0.0
        ],
        [
            -0.4413578089607169,
            -0.8832353563098618,
            -0.1584253446693013,
            0.0
        ],
        [
            -0.6646404927316021,
            0.20315566768454907,
            0.7190137621138684,
            8.11987018585205
        ],
        [
            0.0,
            0.0,
            0.0,
            1.0
        ]
    ],
    "intrinsic_matrix_camera": [
        [
            1.3888888888888888,
            0.0,
            -0.5
        ],
        [
            0.0,
            -1.3888888888888888,
            -0.5
        ],
        [
            0.0,
            0.0,
            -1.0
        ]
    ],
    "extrinsic_matrix_camera": [
        [
            -0.9166829004699909,
            0.21417090317753013,
            -0.33737706534091155,
            -4.6833295822143555
        ],
        [
            -0.39961539007641417,
            -0.49128940308907465,
            0.773913601396471,
            9.875015258789062
        ],
        [
            -2.0548229327361945e-09,
            0.8442544324103379,
            0.5359425840101701,
            15.788708686828613
        ],
        [
            0.0,
            0.0,
            0.0,
            1.0
        ]
    ],
    "matrix_probe_in_cam_coord_pre": [
        [
            0.43344005942344666,
            -0.091710165143013,
            0.6530463099479675,
            -0.06986489146947861
        ],
        [
            -0.38213491439819336,
            0.6742395758628845,
            0.6341012120246887,
            -0.7522139549255371
        ],
        [
            -0.34729254245758057,
            -0.4796299338340759,
            0.548205554485321,
            -13.040993690490723
        ],
        [
            0.0,
            0.0,
            0.0,
            1.0
        ]
    ]
}