{
    "matrix_probe_in_cam_coord": [
        [
            0.5797367532944919,
            0.7628563847256312,
            0.28627859361625496,
            -0.3839245328406266
        ],
        [
            -0.4204187543812502,
            -0.020905703304708232,
            0.9070893134272133,
            -0.2938679405444393
        ],
        [
            0.6979637296049698,
            -0.6462299032485844,
            0.3085993264789243,
            -8.2852639289904
        ],
        [
            0.0,
            0.0,
            0.0,
            1.0
        ]
    ],
    "matrix_probe_in_world_coord": [
        [
            0.9781178729858688,
            0.018758691877099772,
            -0.20720409750933994,
            0.0
        ],
        [
            0.08103603852880722,
            0.8829248517005983,
            0.46246823318908525,
            0.0
        ],
        [
            0.19162094615453104,
            -0.4691394437995344,
            0.8620844478740501,
            13.999300956726074
        ],
        [
            0.0,
            0.0,
            0.0,
            1.0
        ]
    ],
    "intrinsic_matrix_camera": [
        [
            1.3888888888888888,
            0.0,
            -0.5
        ],
        [
            0.0,
            -1.3888888888888888,
            -0.5
        ],
        [
            0.0,
            0.0,
            -1.0
        ]
    ],
    "extrinsic_matrix_camera": [
        [
            0.5220429702651891,
            -0.5995638839945766,
            0.6066253260506332,
            5.050283432006836
        ],
        [
            0.8529191856188364,
            0.3669727567571054,
            -0.37129484052622047,
            -2.640977621078491
        ],
        [
            8.473568859068066e-09,
            0.711234240463315,
            0.7029550876070046,
            20.03247833251953
        ],
        [
            0.0,
            0.0,
            0.0,
            1.0
        ]
    ],
    "matrix_probe_in_cam_coord_pre": [
        [
            0.7421157360076904,
            0.61085444688797,
            0.2901762127876282,
            -0.22768977284431458
        ],
        [
            -0.4001515209674835,
            0.061148934066295624,
            0.9827705025672913,
            -0.4324837327003479
        ],
        [
            0.6307092308998108,
            -0.6706598997116089,
            0.374727725982666,
            -8.933109283447266
        ],
        [
            0.0,
            0.0,
            0.0,
            1.0
        ]
    ]
}