{
    "matrix_probe_in_cam_coord": [
        [
            -0.8264581689328009,
            -0.4250332529189396,
            0.3692067563268406,
            0.6419355965360724
        ],
        [
            -0.47546893429765563,
            0.8781079344921009,
            -0.05343919815891944,
            -0.6241652987668687
        ],
        [
            -0.3014899459718249,
            -0.21971160482587504,
            -0.9278095834721395,
            -14.771291531923973
        ],
        [
            0.0,
            0.0,
            0.0,
            1.0
        ]
    ],
    "matrix_probe_in_world_coord": [
        [
            -0.8355746807615223,
            -0.32675681422293557,
            0.441638921777914,
            0.0
        ],
        [
            -0.023362673837359946,
            0.8242978906161355,
            0.5656740872595802,
            0.0
        ],
        [
            -0.5488798942769261,
            0.4623450787936084,
            -0.6963963596787986,
            11.45056438446045
        ],
        [
            0.0,
            0.0,
            0.0,
            1.0
        ]
    ],
    "intrinsic_matrix_camera": [
        [
            1.3888888888888888,
            0.0,
            -0.5
        ],
        [
            0.0,
            -1.3888888888888888,
            -0.5
        ],
        [
            0.0,
            0.0,
            -1.0
        ]
    ],
    "extrinsic_matrix_camera": [
        [
            0.9925061061086877,
            0.08676122191368225,
            -0.08604719466092346,
            -1.8539998531341553
        ],
        [
            -0.12219504628654171,
            0.7047015741244926,
            -0.6989020404101651,
            -9.805394172668457
        ],
        [
            -1.4974022557395345e-09,
            0.7041790836133284,
            0.7100224068305824,
            22.378036499023438
        ],
        [
            0.0,
            0.0,
            0.0,
            1.0
        ]
    ],
    "matrix_probe_in_cam_coord_pre": [
        [
            0.44832587242126465,
            0.3285906910896301,
            0.07769718766212463,
            0.7730624675750732
        ],
        [
            0.36990946531295776,
            -0.2894870936870575,
            -0.034323640167713165,
            -0.6175664067268372
        ],
        [
            0.17148058116436005,
            0.10671645402908325,
            -0.85923832654953,
            -13.456867218017578
        ],
        [
            0.0,
            0.0,
            0.0,
            1.0
        ]
    ]
}