{
    "matrix_probe_in_cam_coord": [
        [
            0.4785112359611471,
            0.8759645937822601,
            0.060934616588731456,
            1.4198233921561085
        ],
        [
            -0.7261735118198316,
            0.35576079829912777,
            0.5883079849235606,
            -0.4629586827950254
        ],
        [
            0.4936588171907682,
            -0.32576108551121885,
            0.8063378245973358,
            -11.862011202491729
        ],
        [
            0.0,
            0.0,
            0.0,
            1.0
        ]
    ],
    "matrix_probe_in_world_coord": [
        [
            -0.9032455248545869,
            -0.4289545037999266,
            -0.012064638408192512,
            0.0
        ],
        [
            0.4283070059731639,
            -0.8994350460453234,
            -0.08700406070839987,
            0.0
        ],
        [
            0.026469425087557556,
            -0.08375339763380078,
            0.9961348994590685,
            13.870641708374023
        ],
        [
            0.0,
            0.0,
            0.0,
            1.0
        ]
    ],
    "intrinsic_matrix_camera": [
        [
            1.3888888888888888,
            0.0,
            -0.5
        ],
        [
            0.0,
            -1.3888888888888888,
            -0.5
        ],
        [
            0.0,
            0.0,
            -1.0
        ]
    ],
    "extrinsic_matrix_camera": [
        [
            -0.8086972442624017,
            0.49621005500257914,
            -0.31588660692839515,
            -2.3691184520721436
        ],
        [
            -0.588225099024512,
            -0.6821941162993929,
            0.43428380186704346,
            5.670827388763428
        ],
        [
            4.546844618547254e-09,
            0.5370165444386493,
            0.8435717106441941,
            24.125715255737305
        ],
        [
            0.0,
            0.0,
            0.0,
            1.0
        ]
    ],
    "matrix_probe_in_cam_coord_pre": [
        [
            0.3024614453315735,
            0.677990198135376,
            0.040599625557661057,
            1.5111427307128906
        ],
        [
            -0.5884847640991211,
            0.3189011812210083,
            0.7828994989395142,
            -0.6125898361206055
        ],
        [
            0.47435295581817627,
            -0.2859553098678589,
            0.8354555368423462,
            -11.481512069702148
        ],
        [
            0.0,
            0.0,
            0.0,
            1.0
        ]
    ]
}