{
    "matrix_probe_in_cam_coord": [
        [
            -0.05456245356179727,
            -0.9949349215041534,
            -0.08442417090407793,
            -0.8469575872903559
        ],
        [
            -0.03202656829299746,
            -0.08276282937046742,
            0.9960545231050201,
            -0.7238425520364764
        ],
        [
            -0.9979966120106272,
            0.057050995136974786,
            -0.02734860817647175,
            -13.20285951709858
        ],
        [
            0.0,
            0.0,
            0.0,
            1.0
        ]
    ],
    "matrix_probe_in_world_coord": [
        [
            0.4495317973403398,
            0.8879509549203447,
            0.09728445320816288,
            0.0
        ],
        [
            -0.8916021608536134,
            0.45266721146238215,
            -0.011746592188280653,
            0.0
        ],
        [
            -0.05446787990302537,
            -0.0814585619988385,
            0.9951872953047334,
            14.917851448059082
        ],
        [
            0.0,
            0.0,
            0.0,
            1.0
        ]
    ],
    "intrinsic_matrix_camera": [
        [
            1.3888888888888888,
            0.0,
            -0.5
        ],
        [
            0.0,
            -1.3888888888888888,
            -0.5
        ],
        [
            0.0,
            0.0,
            -1.0
        ]
    ],
    "extrinsic_matrix_camera": [
        [
            -0.9161941307541004,
            0.009014325466978938,
            -0.4006333195181267,
            -6.058958053588867
        ],
        [
            -0.40073471870021193,
            -0.02060930796931111,
            0.9159623036202351,
            11.738998413085938
        ],
        [
            6.855600088894988e-09,
            0.9997469671678934,
            0.02249448018066851,
            15.938502311706543
        ],
        [
            0.0,
            0.0,
            0.0,
            1.0
        ]
    ],
    "matrix_probe_in_cam_coord_pre": [
        [
            0.1005844846367836,
            -0.7561558485031128,
            -0.08706008642911911,
            -0.6860652565956116
        ],
        [
            0.027026699855923653,
            -0.0616152286529541,
            0.645024836063385,
            -0.4741124212741852
        ],
        [
            -0.27554431557655334,
            0.0930832028388977,
            -0.08305158466100693,
            -11.789379119873047
        ],
        [
            0.0,
            0.0,
            0.0,
            1.0
        ]
    ]
}