{
    "matrix_probe_in_cam_coord": [
        [
            -0.6630648295203725,
            0.17886167872284686,
            -0.7268793102968084,
            0.22091180600575552
        ],
        [
            -0.7174231985391418,
            -0.42899720880478004,
            0.5488764424126568,
            1.13295788502981
        ],
        [
            -0.21365623335392273,
            0.8854207444611586,
            0.41277247876628237,
            -11.415340616796804
        ],
        [
            0.0,
            0.0,
            0.0,
            1.0
        ]
    ],
    "matrix_probe_in_world_coord": [
        [
            0.5294734435166052,
            -0.5954753238050543,
            0.6042077551223037,
            0.0
        ],
        [
            0.4254235158608017,
            0.802583167310848,
            0.4181806926460394,
            0.0
        ],
        [
            -0.7339432571822581,
            0.03562861614703515,
            0.678275679166034,
            5.207386493682861
        ],
        [
            0.0,
            0.0,
            0.0,
            1.0
        ]
    ],
    "intrinsic_matrix_camera": [
        [
            1.3888888888888888,
            0.0,
            -0.5
        ],
        [
            0.0,
            -1.3888888888888888,
            -0.5
        ],
        [
            0.0,
            0.0,
            -1.0
        ]
    ],
    "extrinsic_matrix_camera": [
        [
            -0.8967690509339888,
            0.2072361235449422,
            -0.39097117334276554,
            -4.499752044677734
        ],
        [
            -0.44249889184827723,
            -0.4199851072274588,
            0.7923428805890711,
            9.61844253540039
        ],
        [
            -3.067494650720648e-09,
            0.8835528839889584,
            0.4683314010343473,
            9.552520751953125
        ],
        [
            0.0,
            0.0,
            0.0,
            1.0
        ]
    ],
    "matrix_probe_in_cam_coord_pre": [
        [
            -0.7465453147888184,
            -0.07545173913240433,
            -0.6538882851600647,
            0.519649863243103
        ],
        [
            -0.5027651190757751,
            -0.11813642084598541,
            0.6342635750770569,
            1.213358998298645
        ],
        [
            0.03330518305301666,
            0.9296033978462219,
            0.13066864013671875,
            -11.36880111694336
        ],
        [
            0.0,
            0.0,
            0.0,
            1.0
        ]
    ]
}