{
    "matrix_probe_in_cam_coord": [
        [
            0.23685958297272838,
            -0.9715280819926229,
            0.00554291022125169,
            0.04738002844647076
        ],
        [
            0.6730134445638414,
            0.16819069477749005,
            0.7202532843566757,
            -0.15556055894579135
        ],
        [
            -0.7006785578211301,
            -0.1668684394665474,
            0.6936890387772471,
            -13.00623520918289
        ],
        [
            0.0,
            0.0,
            0.0,
            1.0
        ]
    ],
    "matrix_probe_in_world_coord": [
        [
            0.9999989315242698,
            0.00017759580740094234,
            -0.0014510031179448058,
            0.0
        ],
        [
            -0.00018638365006977693,
            0.9999816297356182,
            -0.0060585024908936195,
            0.0
        ],
        [
            0.0014499004979923993,
            0.006058766460788131,
            0.9999805943804708,
            6.213159561157227
        ],
        [
            0.0,
            0.0,
            0.0,
            1.0
        ]
    ],
    "intrinsic_matrix_camera": [
        [
            1.3888888888888888,
            0.0,
            -0.5
        ],
        [
            0.0,
            -1.3888888888888888,
            -0.5
        ],
        [
            0.0,
            0.0,
            -1.0
        ]
    ],
    "extrinsic_matrix_camera": [
        [
            0.23667874779986467,
            0.6719975056662345,
            -0.7017139892564828,
            -9.033334732055664
        ],
        [
            -0.9715879632539128,
            0.16369851005026742,
            -0.1709374957914026,
            -2.151754379272461
        ],
        [
            -3.62739394369481e-08,
            0.722234138064438,
            0.6916486462173673,
            15.321255683898926
        ],
        [
            0.0,
            0.0,
            0.0,
            1.0
        ]
    ],
    "matrix_probe_in_cam_coord_pre": [
        [
            0.29071182012557983,
            -0.7970077991485596,
            0.010457096621394157,
            0.12647396326065063
        ],
        [
            0.5743811726570129,
            0.20177333056926727,
            0.7870534658432007,
            -0.17591455578804016
        ],
        [
            -0.5733517408370972,
            -0.18081533908843994,
            0.8535962104797363,
            -13.678224563598633
        ],
        [
            0.0,
            0.0,
            0.0,
            1.0
        ]
    ]
}