{
    "matrix_probe_in_cam_coord": [
        [
            -0.021621118379201724,
            0.9996080092088687,
            0.017786375839800753,
            1.0653205813353699
        ],
        [
            -0.9893175460908117,
            -0.023957125210138056,
            0.14379446842114932,
            -0.7713187024058139
        ],
        [
            0.14416421274674132,
            -0.014487376475672529,
            0.989447722563433,
            -17.49593280154481
        ],
        [
            0.0,
            0.0,
            0.0,
            1.0
        ]
    ],
    "matrix_probe_in_world_coord": [
        [
            0.9999220556834741,
            -0.008483660771588566,
            -0.009160243318165763,
            0.0
        ],
        [
            0.008643177471990521,
            0.9998092036772434,
            0.017517183719542632,
            0.0
        ],
        [
            0.009009885733074909,
            -0.017594991963315678,
            0.9998046000178674,
            11.904829025268555
        ],
        [
            0.0,
            0.0,
            0.0,
            1.0
        ]
    ],
    "intrinsic_matrix_camera": [
        [
            1.3888888888888888,
            0.0,
            -0.5
        ],
        [
            0.0,
            -1.3888888888888888,
            -0.5
        ],
        [
            0.0,
            0.0,
            -1.0
        ]
    ],
    "extrinsic_matrix_camera": [
        [
            -0.03026269592103906,
            -0.990354382606053,
            0.13521230006391513,
            1.6340259313583374
        ],
        [
            0.9995419797265099,
            -0.029984527284573948,
            0.004093762075392013,
            -1.0163360834121704
        ],
        [
            1.6877655331228769e-09,
            0.1352742583661213,
            0.9908081928524289,
            29.344282150268555
        ],
        [
            0.0,
            0.0,
            0.0,
            1.0
        ]
    ],
    "matrix_probe_in_cam_coord_pre": [
        [
            -0.16545702517032623,
            0.6376833319664001,
            0.010475410148501396,
            1.1783835887908936
        ],
        [
            -0.7790101766586304,
            -0.09340839833021164,
            -0.034480396658182144,
            -0.362246572971344
        ],
        [
            -0.028539925813674927,
            -0.03497590497136116,
            0.9476501941680908,
            -14.489413261413574
        ],
        [
            0.0,
            0.0,
            0.0,
            1.0
        ]
    ]
}