{
    "matrix_probe_in_cam_coord": [
        [
            -0.23113492502510066,
            0.12343920237841571,
            -0.9650592778424656,
            -0.599925503616378
        ],
        [
            -0.08828689085769229,
            0.9851652435485371,
            0.14715593024622797,
            -1.2737099908535061
        ],
        [
            0.9689076691492965,
            0.11921495803854197,
            -0.21680803131698245,
            -11.315647371532034
        ],
        [
            0.0,
            0.0,
            0.0,
            1.0
        ]
    ],
    "matrix_probe_in_world_coord": [
        [
            0.7785981891892682,
            0.09753702648388743,
            -0.6198962721745258,
            0.0
        ],
        [
            -0.6272194954759305,
            0.0902508710558612,
            -0.7735958148597866,
            0.0
        ],
        [
            -0.019508056953771318,
            0.9911313276949425,
            0.13144628931829402,
            9.328727722167969
        ],
        [
            0.0,
            0.0,
            0.0,
            1.0
        ]
    ],
    "intrinsic_matrix_camera": [
        [
            1.3888888888888888,
            0.0,
            -0.5
        ],
        [
            0.0,
            -1.3888888888888888,
            -0.5
        ],
        [
            0.0,
            0.0,
            -1.0
        ]
    ],
    "extrinsic_matrix_camera": [
        [
            0.4303153074305775,
            -0.063871337487962,
            0.9004161196016133,
            10.365594863891602
        ],
        [
            0.9026786450287433,
            0.03044806873483476,
            -0.42923673994590816,
            -4.276769638061523
        ],
        [
            -7.220265432837072e-09,
            0.9974935425143453,
            0.0707575624381049,
            11.39991283416748
        ],
        [
            0.0,
            0.0,
            0.0,
            1.0
        ]
    ],
    "matrix_probe_in_cam_coord_pre": [
        [
            -0.2509748935699463,
            0.0457301028072834,
            -1.0133302211761475,
            -0.4260207712650299
        ],
        [
            -0.1862144023180008,
            0.5588056445121765,
            0.19255147874355316,
            -1.3490759134292603
        ],
        [
            0.43003833293914795,
            0.18762271106243134,
            -0.3371769189834595,
            -11.062091827392578
        ],
        [
            0.0,
            0.0,
            0.0,
            1.0
        ]
    ]
}