{
    "matrix_probe_in_cam_coord": [
        [
            0.80562055401123,
            -0.5738526030007854,
            0.14720296526857793,
            0.5739479939807333
        ],
        [
            0.2772096597822971,
            0.5847354213811596,
            0.7623905111591968,
            0.4453127159282908
        ],
        [
            -0.5235745672566824,
            -0.5733913820519291,
            0.6301523589661131,
            -13.699026382797955
        ],
        [
            0.0,
            0.0,
            0.0,
            1.0
        ]
    ],
    "matrix_probe_in_world_coord": [
        [
            0.6776043426709639,
            0.2887353698853087,
            0.676375813413405,
            0.0
        ],
        [
            -0.5476764827960835,
            0.8119217204819968,
            0.20207322930478902,
            0.0
        ],
        [
            -0.4908185255117847,
            -0.5073608242530641,
            0.7082952555450935,
            12.509356498718262
        ],
        [
            0.0,
            0.0,
            0.0,
            1.0
        ]
    ],
    "intrinsic_matrix_camera": [
        [
            1.3888888888888888,
            0.0,
            -0.5
        ],
        [
            0.0,
            -1.3888888888888888,
            -0.5
        ],
        [
            0.0,
            0.0,
            -1.0
        ]
    ],
    "extrinsic_matrix_camera": [
        [
            0.4797649677263178,
            0.8723347696003189,
            -0.09411495890093,
            -1.9531052112579346
        ],
        [
            -0.87739704566551,
            0.4769968904691564,
            -0.05146251781821776,
            -0.413818895816803
        ],
        [
            -8.816312249266113e-10,
            0.10726610009277919,
            0.994230347440112,
            26.08157730102539
        ],
        [
            0.0,
            0.0,
            0.0,
            1.0
        ]
    ],
    "matrix_probe_in_cam_coord_pre": [
        [
            0.8599419593811035,
            -0.5137373208999634,
            0.11147119104862213,
            0.6673898696899414
        ],
        [
            0.3550122082233429,
            0.5982599258422852,
            0.8658636212348938,
            0.4681064784526825
        ],
        [
            -0.29109638929367065,
            -0.6202590465545654,
            0.6027663946151733,
            -13.575155258178711
        ],
        [
            0.0,
            0.0,
            0.0,
            1.0
        ]
    ]
}