{
    "matrix_probe_in_cam_coord": [
        [
            -0.6983642146324813,
            -0.7138461544987401,
            -0.05206814216119333,
            0.07797093759232486
        ],
        [
            0.3769914762603733,
            -0.42870152055866173,
            0.821031322848109,
            1.610613810969923
        ],
        [
            -0.608411744255304,
            0.5537496491900034,
            0.5685037163239709,
            -10.643264409006196
        ],
        [
            0.0,
            0.0,
            0.0,
            1.0
        ]
    ],
    "matrix_probe_in_world_coord": [
        [
            0.08302813886547351,
            0.9898632154087985,
            0.11522648539763039,
            0.0
        ],
        [
            -0.9953812940691767,
            0.0767833026090791,
            0.057622945582587196,
            0.0
        ],
        [
            0.04819136409883909,
            -0.1194786140738051,
            0.9916665030166624,
            12.356829643249512
        ],
        [
            0.0,
            0.0,
            0.0,
            1.0
        ]
    ],
    "intrinsic_matrix_camera": [
        [
            1.3888888888888888,
            0.0,
            -0.5
        ],
        [
            0.0,
            -1.3888888888888888,
            -0.5
        ],
        [
            0.0,
            0.0,
            -1.0
        ]
    ],
    "extrinsic_matrix_camera": [
        [
            -0.7705935598129304,
            -0.2984504112156372,
            0.5631277986567996,
            6.534290313720703
        ],
        [
            0.6373268906729387,
            -0.3608571388370517,
            0.6808792549163921,
            7.778286457061768
        ],
        [
            -7.395093821397414e-09,
            0.8835776578182327,
            0.4682846598004745,
            15.917804718017578
        ],
        [
            0.0,
            0.0,
            0.0,
            1.0
        ]
    ],
    "matrix_probe_in_cam_coord_pre": [
        [
            -0.7392630577087402,
            -0.5726754665374756,
            -0.08680887520313263,
            0.35522279143333435
        ],
        [
            0.17521409690380096,
            -0.04318302497267723,
            0.8687633872032166,
            1.445643663406372
        ],
        [
            -0.3642078638076782,
            0.7349497675895691,
            0.2843346893787384,
            -10.851980209350586
        ],
        [
            0.0,
            0.0,
            0.0,
            1.0
        ]
    ]
}