{
    "matrix_probe_in_cam_coord": [
        [
            0.4162744232364145,
            0.5948922404253054,
            -0.6876182275368731,
            2.800266850638749
        ],
        [
            0.9089465341347209,
            -0.2914510680117836,
            0.29811486551205263,
            -0.8952624019892319
        ],
        [
            -0.023060846551437687,
            -0.7491057984267318,
            -0.6620488653564629,
            -10.158972083470923
        ],
        [
            0.0,
            0.0,
            0.0,
            1.0
        ]
    ],
    "matrix_probe_in_world_coord": [
        [
            -0.45069673983191383,
            -0.8693580176859984,
            0.20270442962588509,
            0.0
        ],
        [
            0.06679913123940713,
            -0.25928277750474393,
            -0.9634886181762014,
            0.0
        ],
        [
            0.8901743226865986,
            -0.42070069927978093,
            0.17493026283338944,
            8.028656959533691
        ],
        [
            0.0,
            0.0,
            0.0,
            1.0
        ]
    ],
    "intrinsic_matrix_camera": [
        [
            1.3888888888888888,
            0.0,
            -0.5
        ],
        [
            0.0,
            -1.3888888888888888,
            -0.5
        ],
        [
            0.0,
            0.0,
            -1.0
        ]
    ],
    "extrinsic_matrix_camera": [
        [
            -0.8441711249142122,
            -0.09585471310022677,
            0.5274343426793014,
            7.636280059814453
        ],
        [
            0.5360737932981553,
            -0.15094519858590297,
            0.8305663339931307,
            6.801414966583252
        ],
        [
            -1.6058866340005793e-08,
            0.9838838452786668,
            0.1788087777478058,
            10.726004600524902
        ],
        [
            0.0,
            0.0,
            0.0,
            1.0
        ]
    ],
    "matrix_probe_in_cam_coord_pre": [
        [
            0.32685521245002747,
            -0.09393523633480072,
            -0.291923463344574,
            2.246303081512451
        ],
        [
            0.7145904898643494,
            0.15380825102329254,
            0.33929315209388733,
            -0.7370114326477051
        ],
        [
            0.29605329036712646,
            -0.8257260918617249,
            0.16249901056289673,
            -11.975740432739258
        ],
        [
            0.0,
            0.0,
            0.0,
            1.0
        ]
    ]
}