{
    "matrix_probe_in_cam_coord": [
        [
            0.8013227424303134,
            -0.3284726309071835,
            -0.4999875930549424,
            0.9203706164463205
        ],
        [
            0.5820222530410777,
            0.2348208892955065,
            0.7785301836894031,
            -1.02668405917872
        ],
        [
            -0.1383183264392296,
            -0.914857847261191,
            0.3793456996931296,
            -10.180671725441734
        ],
        [
            0.0,
            0.0,
            0.0,
            1.0
        ]
    ],
    "matrix_probe_in_world_coord": [
        [
            -0.2467023172953165,
            -0.8365657911918893,
            -0.48917853964438107,
            0.0
        ],
        [
            0.9301216035779706,
            -0.06269525530028497,
            -0.36186061891338317,
            0.0
        ],
        [
            0.2720510415320361,
            -0.5442673809538107,
            0.7935749799678755,
            8.299257278442383
        ],
        [
            0.0,
            0.0,
            0.0,
            1.0
        ]
    ],
    "intrinsic_matrix_camera": [
        [
            1.3888888888888888,
            0.0,
            -0.5
        ],
        [
            0.0,
            -1.3888888888888888,
            -0.5
        ],
        [
            0.0,
            0.0,
            -1.0
        ]
    ],
    "extrinsic_matrix_camera": [
        [
            0.3216839895116788,
            -0.7208696199108071,
            0.6138944550828739,
            5.21368408203125
        ],
        [
            0.9468470894985366,
            0.24490990159981155,
            -0.2085658869674542,
            -2.7433459758758545
        ],
        [
            -1.892242749334673e-08,
            0.6483564846502416,
            0.7613368957380041,
            16.715835571289062
        ],
        [
            0.0,
            0.0,
            0.0,
            1.0
        ]
    ],
    "matrix_probe_in_cam_coord_pre": [
        [
            0.7994818091392517,
            -0.4002075493335724,
            -0.4832703769207001,
            1.2266931533813477
        ],
        [
            0.6878244280815125,
            0.3491739332675934,
            0.726560652256012,
            -0.9771535396575928
        ],
        [
            -0.10525211691856384,
            -0.8583529591560364,
            0.5449510812759399,
            -10.864727020263672
        ],
        [
            0.0,
            0.0,
            0.0,
            1.0
        ]
    ]
}