{
    "matrix_probe_in_cam_coord": [
        [
            0.5733213512448543,
            -0.5142012349141288,
            0.6378869164825054,
            -2.4264226400454008
        ],
        [
            -0.6415920393207036,
            0.2024504303127925,
            0.7398469289971171,
            -1.2824174382213265
        ],
        [
            -0.5095706852705273,
            -0.8334332086489891,
            -0.21383826466274786,
            -8.708508771019122
        ],
        [
            0.0,
            0.0,
            0.0,
            1.0
        ]
    ],
    "matrix_probe_in_world_coord": [
        [
            0.6483672200621478,
            -0.09004411478561267,
            0.7559841303502065,
            0.0
        ],
        [
            0.023831040816687955,
            0.9948949510401731,
            0.09806180647104645,
            0.0
        ],
        [
            -0.76095468290988,
            -0.04556417218876059,
            0.647203118634542,
            15.727296829223633
        ],
        [
            0.0,
            0.0,
            0.0,
            1.0
        ]
    ],
    "intrinsic_matrix_camera": [
        [
            1.3888888888888888,
            0.0,
            -0.5
        ],
        [
            0.0,
            -1.3888888888888888,
            -0.5
        ],
        [
            0.0,
            0.0,
            -1.0
        ]
    ],
    "extrinsic_matrix_camera": [
        [
            0.9002559515472139,
            0.12509582047630607,
            -0.41700150767494915,
            -1.2866348028182983
        ],
        [
            -0.43536102455757425,
            0.25867783124690746,
            -0.8622914576392232,
            -8.233909606933594
        ],
        [
            -1.1751042074607592e-08,
            0.9578292203314518,
            0.2873381016837892,
            19.45792007446289
        ],
        [
            0.0,
            0.0,
            0.0,
            1.0
        ]
    ],
    "matrix_probe_in_cam_coord_pre": [
        [
            0.5083978176116943,
            0.18958957493305206,
            0.3082244396209717,
            -2.0288331508636475
        ],
        [
            -0.2473095953464508,
            0.08533743768930435,
            0.6032847762107849,
            -0.8462273478507996
        ],
        [
            0.06114770099520683,
            -0.6059096455574036,
            0.21655218303203583,
            -9.98336410522461
        ],
        [
            0.0,
            0.0,
            0.0,
            1.0
        ]
    ]
}