{
    "matrix_probe_in_cam_coord": [
        [
            0.6159651359686534,
            0.17258677241495005,
            -0.768635646622318,
            -0.22933877330200467
        ],
        [
            0.7877403430551451,
            -0.1260007923507363,
            0.6029833764295246,
            0.788860315121493
        ],
        [
            0.007218254254408086,
            -0.9769020454039276,
            -0.21356565850141207,
            -15.314445153498456
        ],
        [
            0.0,
            0.0,
            0.0,
            1.0
        ]
    ],
    "matrix_probe_in_world_coord": [
        [
            0.6652415933594145,
            0.25583529305128927,
            -0.7014284890806681,
            0.0
        ],
        [
            0.37980827225647273,
            0.6928681628205521,
            0.6129269004336705,
            0.0
        ],
        [
            0.6428058017707845,
            -0.6741528104065386,
            0.3637563599867157,
            8.947389602661133
        ],
        [
            0.0,
            0.0,
            0.0,
            1.0
        ]
    ],
    "intrinsic_matrix_camera": [
        [
            1.3888888888888888,
            0.0,
            -0.5
        ],
        [
            0.0,
            -1.3888888888888888,
            -0.5
        ],
        [
            0.0,
            0.0,
            -1.0
        ]
    ],
    "extrinsic_matrix_camera": [
        [
            0.9930623562670247,
            0.06885247266202998,
            -0.09532310094467841,
            -1.2863876819610596
        ],
        [
            -0.11758893045429462,
            0.5814730931004847,
            -0.8050229098819301,
            -12.81414794921875
        ],
        [
            4.5527846865321065e-10,
            0.8106468892239577,
            0.5855353285597039,
            17.27505111694336
        ],
        [
            0.0,
            0.0,
            0.0,
            1.0
        ]
    ],
    "matrix_probe_in_cam_coord_pre": [
        [
            0.32526901364326477,
            0.0033300044015049934,
            -0.7206249833106995,
            0.023637790232896805
        ],
        [
            0.5753505229949951,
            -0.023847877979278564,
            0.4302939772605896,
            0.6352551579475403
        ],
        [
            -0.05611202120780945,
            -0.7845911383628845,
            -0.018791232258081436,
            -13.830994606018066
        ],
        [
            0.0,
            0.0,
            0.0,
            1.0
        ]
    ]
}