{
    "matrix_probe_in_cam_coord": [
        [
            -0.6396144479639926,
            -0.7326202492971139,
            -0.23272500569460172,
            -0.14555887228722558
        ],
        [
            0.37368698344118856,
            -0.5609155347588374,
            0.7387366251058849,
            -0.6763787592381849
        ],
        [
            -0.6717524814709227,
            0.3855403133085342,
            0.6325403310869713,
            -12.013720736898202
        ],
        [
            0.0,
            0.0,
            0.0,
            1.0
        ]
    ],
    "matrix_probe_in_world_coord": [
        [
            0.6926490989156846,
            -0.7177120940567479,
            -0.0716001104466214,
            0.0
        ],
        [
            0.7120245344395654,
            0.6645413416014994,
            0.22672862117209625,
            0.0
        ],
        [
            -0.11514464002901094,
            -0.20802441045982514,
            0.9713225810849,
            13.302816390991211
        ],
        [
            0.0,
            0.0,
            0.0,
            1.0
        ]
    ],
    "intrinsic_matrix_camera": [
        [
            1.3888888888888888,
            0.0,
            -0.5
        ],
        [
            0.0,
            -1.3888888888888888,
            -0.5
        ],
        [
            0.0,
            0.0,
            -1.0
        ]
    ],
    "extrinsic_matrix_camera": [
        [
            0.09944517834711972,
            0.6085161914492394,
            -0.7872856541609419,
            -9.032167434692383
        ],
        [
            -0.9950430425381152,
            0.060815474836662706,
            -0.07868177372735054,
            -1.0489639043807983
        ],
        [
            1.760485212557325e-08,
            0.791207635683898,
            0.6115476083147541,
            21.184934616088867
        ],
        [
            0.0,
            0.0,
            0.0,
            1.0
        ]
    ],
    "matrix_probe_in_cam_coord_pre": [
        [
            -0.7128037810325623,
            -0.6776157021522522,
            -0.22255246341228485,
            -0.11482792347669601
        ],
        [
            0.3706789016723633,
            -0.5330581665039062,
            0.8680757880210876,
            -0.7822311520576477
        ],
        [
            -0.6050186157226562,
            0.43888747692108154,
            0.7119132280349731,
            -13.1408109664917
        ],
        [
            0.0,
            0.0,
            0.0,
            1.0
        ]
    ]
}