{
    "matrix_probe_in_cam_coord": [
        [
            0.28470305184400635,
            -0.6595004975054869,
            0.695703432549189,
            0.270655741473112
        ],
        [
            0.27306240101901313,
            -0.6398785523565357,
            -0.7183260842986531,
            0.9056369484009239
        ],
        [
            0.918902115255178,
            0.39448007810803215,
            -0.00209058734334857,
            -14.581120097285943
        ],
        [
            0.0,
            0.0,
            0.0,
            1.0
        ]
    ],
    "matrix_probe_in_world_coord": [
        [
            0.2815953156755697,
            -0.683943922389876,
            0.6729968716238787,
            0.0
        ],
        [
            -0.0974799411941393,
            -0.7181417697256345,
            -0.6890356011412768,
            0.0
        ],
        [
            0.954568876118619,
            0.12842550214534837,
            -0.26889617168035646,
            8.363642692565918
        ],
        [
            0.0,
            0.0,
            0.0,
            1.0
        ]
    ],
    "intrinsic_matrix_camera": [
        [
            1.3888888888888888,
            0.0,
            -0.5
        ],
        [
            0.0,
            -1.3888888888888888,
            -0.5
        ],
        [
            0.0,
            0.0,
            -1.0
        ]
    ],
    "extrinsic_matrix_camera": [
        [
            0.999438636523387,
            0.031102932427138658,
            -0.012450679447571698,
            -0.4802166223526001
        ],
        [
            -0.03350241520059916,
            0.927857654515318,
            -0.37142665646539136,
            -6.247051239013672
        ],
        [
            3.166483855093653e-11,
            0.37163527893859327,
            0.9283788124727074,
            21.563879013061523
        ],
        [
            0.0,
            0.0,
            0.0,
            1.0
        ]
    ],
    "matrix_probe_in_cam_coord_pre": [
        [
            0.0808061882853508,
            -0.6394370794296265,
            0.7602165937423706,
            0.5166984796524048
        ],
        [
            0.38040533661842346,
            -0.39421913027763367,
            -0.7113094329833984,
            0.7103724479675293
        ],
        [
            0.7867389917373657,
            0.25947311520576477,
            0.22590868175029755,
            -13.726085662841797
        ],
        [
            0.0,
            0.0,
            0.0,
            1.0
        ]
    ]
}