{
    "matrix_probe_in_cam_coord": [
        [
            -0.25201655951998736,
            0.6941700143019918,
            0.6742519150671215,
            -0.3041134869114593
        ],
        [
            0.8754255589391556,
            -0.13342241985573516,
            0.46457351262841756,
            0.7311470038998316
        ],
        [
            0.4124533240062142,
            0.7073375779101602,
            -0.5740695135542494,
            -10.192563133383015
        ],
        [
            0.0,
            0.0,
            0.0,
            1.0
        ]
    ],
    "matrix_probe_in_world_coord": [
        [
            -0.49185016896815725,
            -0.1738594031395141,
            -0.853144957920966,
            0.0
        ],
        [
            -0.6501950116869583,
            0.7250341642179893,
            0.22709449023284917,
            0.0
        ],
        [
            0.579076728994864,
            0.6664070592788565,
            -0.4696506928344888,
            16.39026641845703
        ],
        [
            0.0,
            0.0,
            0.0,
            1.0
        ]
    ],
    "intrinsic_matrix_camera": [
        [
            1.3888888888888888,
            0.0,
            -0.5
        ],
        [
            0.0,
            -1.3888888888888888,
            -0.5
        ],
        [
            0.0,
            0.0,
            -1.0
        ]
    ],
    "extrinsic_matrix_camera": [
        [
            -0.571968218689283,
            -0.8037300166842863,
            0.1639219847674049,
            2.084486722946167
        ],
        [
            0.8202757809477301,
            -0.5604310591675166,
            0.11430079225870278,
            1.8242324590682983
        ],
        [
            -6.125076100603437e-09,
            0.19983765461256903,
            0.9798290217170278,
            26.231124877929688
        ],
        [
            0.0,
            0.0,
            0.0,
            1.0
        ]
    ],
    "matrix_probe_in_cam_coord_pre": [
        [
            0.08701710402965546,
            0.232744961977005,
            0.5691825747489929,
            -0.48610174655914307
        ],
        [
            0.07617832720279694,
            -0.10801824182271957,
            0.21097368001937866,
            0.6668634414672852
        ],
        [
            0.2088378220796585,
            0.7063273191452026,
            -0.44275128841400146,
            -10.978327751159668
        ],
        [
            0.0,
            0.0,
            0.0,
            1.0
        ]
    ]
}