{
    "matrix_probe_in_cam_coord": [
        [
            -0.698431107610207,
            -0.7112374743792328,
            0.07959423949651939,
            0.7303963857264684
        ],
        [
            0.22693154701020712,
            -0.3255653188937632,
            -0.9178830514314753,
            0.4890749759181876
        ],
        [
            0.6787459472394171,
            -0.623015632365876,
            0.3887871666269531,
            -11.452963686576043
        ],
        [
            0.0,
            0.0,
            0.0,
            1.0
        ]
    ],
    "matrix_probe_in_world_coord": [
        [
            -0.2728708654220484,
            -0.10969021626633538,
            -0.9557769338393071,
            0.0
        ],
        [
            0.658210697333778,
            0.703276150716936,
            -0.2686286167707216,
            0.0
        ],
        [
            0.7016410540434505,
            -0.7024035252532651,
            -0.11970429813745974,
            13.173113822937012
        ],
        [
            0.0,
            0.0,
            0.0,
            1.0
        ]
    ],
    "intrinsic_matrix_camera": [
        [
            1.3888888888888888,
            0.0,
            -0.5
        ],
        [
            0.0,
            -1.3888888888888888,
            -0.5
        ],
        [
            0.0,
            0.0,
            -1.0
        ]
    ],
    "extrinsic_matrix_camera": [
        [
            0.19252295497540242,
            0.8510797711342785,
            -0.48846508060818816,
            -6.151232719421387
        ],
        [
            -0.9812924700656473,
            0.1669761019894103,
            -0.0958335513110251,
            -0.46250954270362854
        ],
        [
            -1.7988740200403308e-09,
            0.4977772639750098,
            0.8673049034045371,
            22.86287498474121
        ],
        [
            0.0,
            0.0,
            0.0,
            1.0
        ]
    ],
    "matrix_probe_in_cam_coord_pre": [
        [
            -1.014581561088562,
            -0.33296605944633484,
            0.051299989223480225,
            0.8886740207672119
        ],
        [
            0.1271323710680008,
            -0.5587463974952698,
            -0.9574205279350281,
            0.35657399892807007
        ],
        [
            0.22975794970989227,
            -0.7887899279594421,
            0.4907562732696533,
            -12.233579635620117
        ],
        [
            0.0,
            0.0,
            0.0,
            1.0
        ]
    ]
}