{
    "matrix_probe_in_cam_coord": [
        [
            -0.6148294622687827,
            -0.7777570136397804,
            -0.13068573013305435,
            -1.4217502679400968
        ],
        [
            0.5721699342561584,
            -0.5539330406353633,
            0.6047972824226013,
            1.959221004373605
        ],
        [
            -0.5427764720947127,
            0.29707274231506137,
            0.7855835328682916,
            -11.703630055780284
        ],
        [
            0.0,
            0.0,
            0.0,
            1.0
        ]
    ],
    "matrix_probe_in_world_coord": [
        [
            0.7222351417795145,
            0.6692166249206923,
            0.1747155084944717,
            0.0
        ],
        [
            -0.620419658226923,
            0.7384980075717023,
            -0.2640078417362144,
            0.0
        ],
        [
            -0.30570549171434985,
            0.08227880494017527,
            0.9485643629155083,
            18.176570892333984
        ],
        [
            0.0,
            0.0,
            0.0,
            1.0
        ]
    ],
    "intrinsic_matrix_camera": [
        [
            1.3888888888888888,
            0.0,
            -0.5
        ],
        [
            0.0,
            -1.3888888888888888,
            -0.5
        ],
        [
            0.0,
            0.0,
            -1.0
        ]
    ],
    "extrinsic_matrix_camera": [
        [
            -0.9873721913214959,
            0.14820749843795705,
            -0.05595259789992265,
            -2.3490164279937744
        ],
        [
            -0.15841766254110515,
            -0.9237351471165964,
            0.3487366085980833,
            5.666055202484131
        ],
        [
            -8.785819436195015e-10,
            0.35319670919792434,
            0.9355490818828038,
            28.433900833129883
        ],
        [
            0.0,
            0.0,
            0.0,
            1.0
        ]
    ],
    "matrix_probe_in_cam_coord_pre": [
        [
            -0.2900342643260956,
            -0.7427588701248169,
            -0.0529816672205925,
            -0.955297589302063
        ],
        [
            0.31786447763442993,
            -0.182449609041214,
            0.6017001867294312,
            1.6042753458023071
        ],
        [
            -0.6748161911964417,
            0.2837010622024536,
            0.750507652759552,
            -12.266751289367676
        ],
        [
            0.0,
            0.0,
            0.0,
            1.0
        ]
    ]
}