{
    "matrix_probe_in_cam_coord": [
        [
            -0.5565107083636548,
            -0.11951950104624144,
            0.8221988326106046,
            -0.37768069824057354
        ],
        [
            -0.408695437888393,
            0.900972740445115,
            -0.14565768096476628,
            -3.1674412793645867
        ],
        [
            -0.7233698020554895,
            -0.41708897113742605,
            -0.5502480528177504,
            -11.111332359074845
        ],
        [
            0.0,
            0.0,
            0.0,
            1.0
        ]
    ],
    "matrix_probe_in_world_coord": [
        [
            0.7869492469366386,
            0.3071064509313252,
            -0.5351602662214595,
            0.0
        ],
        [
            -0.40393108143691436,
            -0.3992273941710523,
            -0.8230778633838942,
            0.0
        ],
        [
            -0.46642316001144574,
            0.863888369837074,
            -0.19012185635844323,
            13.865914344787598
        ],
        [
            0.0,
            0.0,
            0.0,
            1.0
        ]
    ],
    "intrinsic_matrix_camera": [
        [
            1.3888888888888888,
            0.0,
            -0.5
        ],
        [
            0.0,
            -1.3888888888888888,
            -0.5
        ],
        [
            0.0,
            0.0,
            -1.0
        ]
    ],
    "extrinsic_matrix_camera": [
        [
            -0.9146590387892115,
            0.03302217695356349,
            -0.4028751401990985,
            -4.71733283996582
        ],
        [
            -0.40422622720599866,
            -0.07472059634853054,
            0.9116018811521421,
            9.73976993560791
        ],
        [
            7.900932913287913e-09,
            0.9966575983308249,
            0.08169229883797142,
            17.930479049682617
        ],
        [
            0.0,
            0.0,
            0.0,
            1.0
        ]
    ],
    "matrix_probe_in_cam_coord_pre": [
        [
            0.2398226410150528,
            0.047082748264074326,
            0.3003641963005066,
            -0.10577420890331268
        ],
        [
            0.14169977605342865,
            0.14077439904212952,
            -0.013865557499229908,
            -2.2432479858398438
        ],
        [
            0.05018182098865509,
            0.21170243620872498,
            -0.3710508644580841,
            -10.451955795288086
        ],
        [
            0.0,
            0.0,
            0.0,
            1.0
        ]
    ]
}