{
    "matrix_probe_in_cam_coord": [
        [
            0.08575412536546012,
            -0.8192575710101224,
            -0.5669773031836454,
            1.3247119045933085
        ],
        [
            0.994323771560215,
            0.03440073819161442,
            0.10068180829793244,
            -1.2575774124072208
        ],
        [
            -0.06297989594366285,
            -0.5723928909014037,
            0.8175572831015936,
            -13.701704507442823
        ],
        [
            0.0,
            0.0,
            0.0,
            1.0
        ]
    ],
    "matrix_probe_in_world_coord": [
        [
            0.5973204624825705,
            0.23775993306315873,
            -0.7659493973686582,
            0.0
        ],
        [
            0.09186151909978374,
            0.928477627359648,
            0.35984824134804255,
            0.0
        ],
        [
            0.7967243729222098,
            -0.28530599314140126,
            0.53275769714694,
            10.073870658874512
        ],
        [
            0.0,
            0.0,
            0.0,
            1.0
        ]
    ],
    "intrinsic_matrix_camera": [
        [
            1.3888888888888888,
            0.0,
            -0.5
        ],
        [
            0.0,
            -1.3888888888888888,
            -0.5
        ],
        [
            0.0,
            0.0,
            -1.0
        ]
    ],
    "extrinsic_matrix_camera": [
        [
            0.2907119922734523,
            0.5249918819037346,
            -0.7999187843047415,
            -10.685142517089844
        ],
        [
            -0.956810606937653,
            0.15951057955987008,
            -0.24304287165040417,
            -1.8620063066482544
        ],
        [
            -2.5685757518444982e-08,
            0.8360262549367989,
            0.5486894395341958,
            18.643218994140625
        ],
        [
            0.0,
            0.0,
            0.0,
            1.0
        ]
    ],
    "matrix_probe_in_cam_coord_pre": [
        [
            -0.01075522881001234,
            -0.7903074026107788,
            -0.3361526429653168,
            1.218501329421997
        ],
        [
            0.8467251062393188,
            -0.1488039791584015,
            0.09689757972955704,
            -1.097255825996399
        ],
        [
            0.13968916237354279,
            -0.32685741782188416,
            0.844139814376831,
            -13.546191215515137
        ],
        [
            0.0,
            0.0,
            0.0,
            1.0
        ]
    ]
}