{
    "matrix_probe_in_cam_coord": [
        [
            0.9173542686556645,
            0.24734580886854976,
            -0.3118993373099624,
            -0.5694622452639638
        ],
        [
            0.3457280833563695,
            -0.1066794780004189,
            0.9322508146160502,
            -1.4042673913627768
        ],
        [
            0.19731507331666798,
            -0.9630366243340491,
            -0.18337726694799694,
            -12.914607148336628
        ],
        [
            0.0,
            0.0,
            0.0,
            1.0
        ]
    ],
    "matrix_probe_in_world_coord": [
        [
            -0.6855538846755761,
            -0.6869264070282972,
            -0.2411389278681914,
            0.0
        ],
        [
            0.6103677970841781,
            -0.3617787312901638,
            -0.7046753166307776,
            0.0
        ],
        [
            0.39682114798588325,
            -0.6302763369453698,
            0.6672965724457846,
            8.823760986328125
        ],
        [
            0.0,
            0.0,
            0.0,
            1.0
        ]
    ],
    "intrinsic_matrix_camera": [
        [
            1.3888888888888888,
            0.0,
            -0.5
        ],
        [
            0.0,
            -1.3888888888888888,
            -0.5
        ],
        [
            0.0,
            0.0,
            -1.0
        ]
    ],
    "extrinsic_matrix_camera": [
        [
            -0.7235930784784701,
            -0.38853624200068093,
            0.5704845707203999,
            6.409916400909424
        ],
        [
            0.6902268154585496,
            -0.40731848313481483,
            0.5980623684187988,
            7.544814586639404
        ],
        [
            4.890182497642718e-09,
            0.8265175388028628,
            0.5629109681390638,
            17.254186630249023
        ],
        [
            0.0,
            0.0,
            0.0,
            1.0
        ]
    ],
    "matrix_probe_in_cam_coord_pre": [
        [
            0.8179628849029541,
            -0.19735263288021088,
            -0.3358477056026459,
            -0.45647311210632324
        ],
        [
            0.447333425283432,
            -0.05483612045645714,
            1.0031908750534058,
            -1.293230652809143
        ],
        [
            -0.05554446578025818,
            -0.8880094289779663,
            -0.07594728469848633,
            -12.803258895874023
        ],
        [
            0.0,
            0.0,
            0.0,
            1.0
        ]
    ]
}