{
    "matrix_probe_in_cam_coord": [
        [
            0.43811420590713157,
            0.8768378578620799,
            0.19801846783116506,
            -0.24085555762252236
        ],
        [
            0.1596821947758168,
            -0.2926955629817368,
            0.9427782899931362,
            0.08219161040376655
        ],
        [
            0.8846228231590803,
            -0.38142453831740153,
            -0.26824947775422703,
            -10.688831148946909
        ],
        [
            0.0,
            0.0,
            0.0,
            1.0
        ]
    ],
    "matrix_probe_in_world_coord": [
        [
            -0.7336866823755719,
            -0.6622602356724397,
            0.1520369440360177,
            0.0
        ],
        [
            0.41204944767678225,
            -0.6115525972501904,
            -0.6754396149662862,
            0.0
        ],
        [
            0.5402953865932831,
            -0.4329143114331413,
            0.721571960501781,
            12.986775398254395
        ],
        [
            0.0,
            0.0,
            0.0,
            1.0
        ]
    ],
    "intrinsic_matrix_camera": [
        [
            1.3888888888888888,
            0.0,
            -0.5
        ],
        [
            0.0,
            -1.3888888888888888,
            -0.5
        ],
        [
            0.0,
            0.0,
            -1.0
        ]
    ],
    "extrinsic_matrix_camera": [
        [
            -0.8720272819161252,
            0.22002106291510248,
            -0.4372175104769745,
            -4.901460647583008
        ],
        [
            -0.4894572704475589,
            -0.3919941132852582,
            0.778955836717159,
            8.240457534790039
        ],
        [
            8.262226473851388e-10,
            0.8932700302951022,
            0.44952047003066203,
            17.718204498291016
        ],
        [
            0.0,
            0.0,
            0.0,
            1.0
        ]
    ],
    "matrix_probe_in_cam_coord_pre": [
        [
            0.25708824396133423,
            0.39559245109558105,
            0.187379390001297,
            -0.07569410651922226
        ],
        [
            -0.11483169347047806,
            -0.05759652704000473,
            0.9869796633720398,
            0.14376911520957947
        ],
        [
            0.4168485403060913,
            -0.29963114857673645,
            -0.2642197906970978,
            -11.482300758361816
        ],
        [
            0.0,
            0.0,
            0.0,
            1.0
        ]
    ]
}