{
    "matrix_probe_in_cam_coord": [
        [
            -0.843931602732357,
            -0.14004899431634982,
            -0.5178472063268996,
            -1.7251885850188666
        ],
        [
            -0.5326190048756376,
            0.10357640336171023,
            0.8399934073026635,
            -0.9793291782515654
        ],
        [
            -0.06400348080285218,
            0.9847122462210124,
            -0.1620041560809093,
            -12.362748862333056
        ],
        [
            0.0,
            0.0,
            0.0,
            1.0
        ]
    ],
    "matrix_probe_in_world_coord": [
        [
            -0.9435319972622273,
            -0.3310842038498736,
            -0.011428915234983066,
            0.0
        ],
        [
            0.08181023080996634,
            -0.26629795195678924,
            0.9604126649094338,
            0.0
        ],
        [
            -0.3210209592490389,
            0.9052450777246543,
            0.27834671361112207,
            13.99190616607666
        ],
        [
            0.0,
            0.0,
            0.0,
            1.0
        ]
    ],
    "intrinsic_matrix_camera": [
        [
            1.3888888888888888,
            0.0,
            -0.5
        ],
        [
            0.0,
            -1.3888888888888888,
            -0.5
        ],
        [
            0.0,
            0.0,
            -1.0
        ]
    ],
    "extrinsic_matrix_camera": [
        [
            0.8485629122877599,
            0.4586503489554781,
            -0.26378180622009095,
            -1.347967505455017
        ],
        [
            -0.5290944942916298,
            0.7355844390049817,
            -0.4230538372406175,
            -5.422516822814941
        ],
        [
            1.870763167651592e-09,
            0.49855329754876215,
            0.8668590482329036,
            25.196914672851562
        ],
        [
            0.0,
            0.0,
            0.0,
            1.0
        ]
    ],
    "matrix_probe_in_cam_coord_pre": [
        [
            -0.7880910634994507,
            -0.06693009287118912,
            -0.5089319348335266,
            -1.598136305809021
        ],
        [
            -0.4878785312175751,
            -0.07143862545490265,
            0.9519667625427246,
            -1.0276674032211304
        ],
        [
            0.0608268603682518,
            1.095045804977417,
            -0.05329025536775589,
            -12.236724853515625
        ],
        [
            0.0,
            0.0,
            0.0,
            1.0
        ]
    ]
}