{
    "matrix_probe_in_cam_coord": [
        [
            0.753186291056053,
            -0.6529298178515089,
            -0.0799566377833766,
            0.46117000611636505
        ],
        [
            -0.43452028688703,
            -0.5850915422762721,
            0.6847335302439825,
            -2.269563625282969
        ],
        [
            -0.4938648916949251,
            -0.4809891268180277,
            -0.724394180425265,
            -9.868297565501527
        ],
        [
            0.0,
            0.0,
            0.0,
            1.0
        ]
    ],
    "matrix_probe_in_world_coord": [
        [
            -0.741052375144916,
            0.4038342432392826,
            -0.5364319912900748,
            0.0
        ],
        [
            0.2805828665468911,
            -0.5395735166297165,
            -0.7938095962837505,
            0.0
        ],
        [
            -0.6100119935643957,
            -0.738768112562526,
            0.2865432664858738,
            8.458109855651855
        ],
        [
            0.0,
            0.0,
            0.0,
            1.0
        ]
    ],
    "intrinsic_matrix_camera": [
        [
            1.3888888888888888,
            0.0,
            -0.5
        ],
        [
            0.0,
            -1.3888888888888888,
            -0.5
        ],
        [
            0.0,
            0.0,
            -1.0
        ]
    ],
    "extrinsic_matrix_camera": [
        [
            -0.7789346103711087,
            -0.2815906806864214,
            0.5603280836407959,
            5.249617576599121
        ],
        [
            0.6271051528778953,
            -0.3497670938561505,
            0.6959900195329056,
            5.785215854644775
        ],
        [
            2.206980064931238e-08,
            0.8935153432403835,
            0.4490326618343245,
            14.917187690734863
        ],
        [
            0.0,
            0.0,
            0.0,
            1.0
        ]
    ],
    "matrix_probe_in_cam_coord_pre": [
        [
            0.8232038617134094,
            -0.34425225853919983,
            -0.04855011776089668,
            0.3420703113079071
        ],
        [
            -0.09666641056537628,
            -0.49707674980163574,
            0.7011827826499939,
            -1.9694788455963135
        ],
        [
            -0.10816173255443573,
            -0.8279418349266052,
            -0.18760114908218384,
            -10.874826431274414
        ],
        [
            0.0,
            0.0,
            0.0,
            1.0
        ]
    ]
}