{
    "matrix_probe_in_cam_coord": [
        [
            0.46077994502978864,
            -0.7158346189091381,
            -0.524654782337447,
            0.19503994887798437
        ],
        [
            0.42165074211817416,
            0.6967414613216686,
            -0.5803119744986643,
            1.0955051535342317
        ],
        [
            0.7809561408488557,
            0.046175041381188865,
            0.6228766905446916,
            -9.318317499422081
        ],
        [
            0.0,
            0.0,
            0.0,
            1.0
        ]
    ],
    "matrix_probe_in_world_coord": [
        [
            -0.12606464541982287,
            0.13648844993218545,
            0.9825877101868737,
            0.0
        ],
        [
            0.5075060579268801,
            -0.8421863860783881,
            0.1820980292912102,
            0.0
        ],
        [
            0.8523762704009847,
            0.5216253388585849,
            0.036901212960740254,
            18.29676628112793
        ],
        [
            0.0,
            0.0,
            0.0,
            1.0
        ]
    ],
    "intrinsic_matrix_camera": [
        [
            1.3888888888888888,
            0.0,
            -0.5
        ],
        [
            0.0,
            -1.3888888888888888,
            -0.5
        ],
        [
            0.0,
            0.0,
            -1.0
        ]
    ],
    "extrinsic_matrix_camera": [
        [
            -0.6713105591449955,
            -0.5282655034535186,
            0.5198823819302153,
            5.554079055786133
        ],
        [
            0.7411761822808619,
            -0.47846953431743106,
            0.470876599067768,
            4.7673845291137695
        ],
        [
            1.75109718819841e-08,
            0.7014288720825951,
            0.7127394596968366,
            24.169879913330078
        ],
        [
            0.0,
            0.0,
            0.0,
            1.0
        ]
    ],
    "matrix_probe_in_cam_coord_pre": [
        [
            -0.2013593167066574,
            0.25936058163642883,
            -0.4580145478248596,
            -0.1295926719903946
        ],
        [
            -0.15725243091583252,
            -0.157574862241745,
            -0.4988720118999481,
            1.5220956802368164
        ],
        [
            0.6388770937919617,
            -0.01674998737871647,
            0.6576765775680542,
            -10.350135803222656
        ],
        [
            0.0,
            0.0,
            0.0,
            1.0
        ]
    ]
}