{
    "matrix_probe_in_cam_coord": [
        [
            0.9225755874348878,
            0.27321473184132095,
            -0.27241144574713844,
            0.1262592563481799
        ],
        [
            -0.16105759697187008,
            0.9143280315548304,
            0.37157058706350155,
            -0.31745615881075606
        ],
        [
            0.3505919792676635,
            -0.29892801979396905,
            0.8875400289875597,
            -16.003289539286747
        ],
        [
            0.0,
            0.0,
            0.0,
            1.0
        ]
    ],
    "matrix_probe_in_world_coord": [
        [
            0.9000811034806533,
            0.3597788999957044,
            -0.24579086694775767,
            0.0
        ],
        [
            -0.28336012590772147,
            0.9118446322204355,
            0.29706296594550213,
            0.0
        ],
        [
            0.33100006979245433,
            -0.1977334311861787,
            0.9226811171736046,
            15.858623504638672
        ],
        [
            0.0,
            0.0,
            0.0,
            1.0
        ]
    ],
    "intrinsic_matrix_camera": [
        [
            1.3888888888888888,
            0.0,
            -0.5
        ],
        [
            0.0,
            -1.3888888888888888,
            -0.5
        ],
        [
            0.0,
            0.0,
            -1.0
        ]
    ],
    "extrinsic_matrix_camera": [
        [
            0.9956459938838793,
            0.09266237709502621,
            -0.010136011744353744,
            -0.2585028111934662
        ],
        [
            -0.09321509997303289,
            0.989742269269489,
            -0.10826442425053585,
            -1.4066178798675537
        ],
        [
            3.593198125501096e-10,
            0.10873786963326848,
            0.9940704581203581,
            31.80154037475586
        ],
        [
            0.0,
            0.0,
            0.0,
            1.0
        ]
    ],
    "matrix_probe_in_cam_coord_pre": [
        [
            -0.5573939085006714,
            -0.3091212511062622,
            -0.2851058542728424,
            0.3364812731742859
        ],
        [
            0.3499784469604492,
            -0.3768441677093506,
            0.3861866593360901,
            -0.36419495940208435
        ],
        [
            -0.2370566874742508,
            0.10657094419002533,
            0.9297398328781128,
            -15.304170608520508
        ],
        [
            0.0,
            0.0,
            0.0,
            1.0
        ]
    ]
}