{
    "matrix_probe_in_cam_coord": [
        [
            0.2854259347852067,
            -0.43940003585874066,
            0.851739187920415,
            1.0860730581615163
        ],
        [
            -0.742598140884291,
            0.4604200008560031,
            0.4863758052853295,
            -0.22593264608043206
        ],
        [
            -0.6058713039146068,
            -0.771324206348469,
            -0.1948818405950611,
            -11.588680616307947
        ],
        [
            0.0,
            0.0,
            0.0,
            1.0
        ]
    ],
    "matrix_probe_in_world_coord": [
        [
            -0.013096999190551527,
            0.677458254196984,
            0.7354446154759566,
            0.0
        ],
        [
            -0.3063100565580748,
            0.6974286943059311,
            -0.64789456365223,
            0.0
        ],
        [
            -0.9518416979012804,
            -0.23375955633748774,
            0.19837805311402057,
            7.101933002471924
        ],
        [
            0.0,
            0.0,
            0.0,
            1.0
        ]
    ],
    "intrinsic_matrix_camera": [
        [
            1.3888888888888888,
            0.0,
            -0.5
        ],
        [
            0.0,
            -1.3888888888888888,
            -0.5
        ],
        [
            0.0,
            0.0,
            -1.0
        ]
    ],
    "extrinsic_matrix_camera": [
        [
            0.3249935951221345,
            0.6793436043222264,
            -0.6579296545954415,
            -7.824017524719238
        ],
        [
            -0.9457162170173411,
            0.2334551584271858,
            -0.226096275675093,
            -1.5402954816818237
        ],
        [
            1.2906573026339828e-08,
            0.6956945854829003,
            0.7183376947715997,
            15.583699226379395
        ],
        [
            0.0,
            0.0,
            0.0,
            1.0
        ]
    ],
    "matrix_probe_in_cam_coord_pre": [
        [
            0.2868039309978485,
            0.21687336266040802,
            0.7500379681587219,
            1.1134083271026611
        ],
        [
            -0.46036386489868164,
            -0.08839062601327896,
            0.4868885278701782,
            -0.33376577496528625
        ],
        [
            0.1847398281097412,
            -0.7304562926292419,
            -0.1549292653799057,
            -12.300284385681152
        ],
        [
            0.0,
            0.0,
            0.0,
            1.0
        ]
    ]
}