{
    "matrix_probe_in_cam_coord": [
        [
            0.11027987656474356,
            0.9909955413243837,
            0.07593540610319421,
            1.5245283892564816
        ],
        [
            -0.17254488639562424,
            -0.056152255829112145,
            0.9833998100182972,
            -0.797605097531183
        ],
        [
            0.9788087714173724,
            -0.12155147568209132,
            0.16479874925471957,
            -11.80249866929423
        ],
        [
            0.0,
            0.0,
            0.0,
            1.0
        ]
    ],
    "matrix_probe_in_world_coord": [
        [
            0.5628655385706473,
            -0.8127523180451018,
            -0.15038635244558948,
            0.0
        ],
        [
            0.815760234584506,
            0.5755470662530828,
            -0.0572783920697981,
            0.0
        ],
        [
            0.1331075698831857,
            -0.09043917314849467,
            0.9869666310468707,
            7.7815022468566895
        ],
        [
            0.0,
            0.0,
            0.0,
            1.0
        ]
    ],
    "intrinsic_matrix_camera": [
        [
            1.3888888888888888,
            0.0,
            -0.5
        ],
        [
            0.0,
            -1.3888888888888888,
            -0.5
        ],
        [
            0.0,
            0.0,
            -1.0
        ]
    ],
    "extrinsic_matrix_camera": [
        [
            -0.7547808300129681,
            -0.1993716047444491,
            0.6249454871159228,
            8.367583274841309
        ],
        [
            0.655977056492782,
            -0.22940108298798242,
            0.719075270384823,
            7.303857803344727
        ],
        [
            -1.903582587928321e-08,
            0.9526941305296072,
            0.30393073825204925,
            12.128518104553223
        ],
        [
            0.0,
            0.0,
            0.0,
            1.0
        ]
    ],
    "matrix_probe_in_cam_coord_pre": [
        [
            0.3138624131679535,
            0.5206962823867798,
            0.07923469692468643,
            1.7003194093704224
        ],
        [
            -0.24226097762584686,
            0.05048085004091263,
            0.9378547072410583,
            -0.830686628818512
        ],
        [
            0.6186774373054504,
            -0.2523849904537201,
            0.1691681295633316,
            -12.04694652557373
        ],
        [
            0.0,
            0.0,
            0.0,
            1.0
        ]
    ]
}