{
    "matrix_probe_in_cam_coord": [
        [
            0.07161803763446775,
            0.9854335997652691,
            -0.15424486098101045,
            0.7504686403907372
        ],
        [
            -0.04040997421458035,
            0.15738162564833896,
            0.9867107265517402,
            -0.964642943271651
        ],
        [
            0.9966132101619792,
            -0.06443325509354142,
            0.05109270954535211,
            -8.941442556883343
        ],
        [
            0.0,
            0.0,
            0.0,
            1.0
        ]
    ],
    "matrix_probe_in_world_coord": [
        [
            0.07902213560763917,
            0.9848150367816046,
            -0.1545795763121839,
            0.0
        ],
        [
            -0.9952317566232152,
            0.08683178822811335,
            0.044429620319977305,
            0.0
        ],
        [
            0.057177379204342224,
            0.15033157978932596,
            0.9869808323495285,
            3.5800540447235107
        ],
        [
            0.0,
            0.0,
            0.0,
            1.0
        ]
    ],
    "intrinsic_matrix_camera": [
        [
            1.3888888888888888,
            0.0,
            -0.5
        ],
        [
            0.0,
            -1.3888888888888888,
            -0.5
        ],
        [
            0.0,
            0.0,
            -1.0
        ]
    ],
    "extrinsic_matrix_camera": [
        [
            0.9999723423393428,
            -0.0007268170637232264,
            0.00740177636271803,
            -0.6849664449691772
        ],
        [
            0.0074373756371323985,
            0.09772220055831121,
            -0.9951859408983194,
            -8.809712409973145
        ],
        [
            2.4921705423901556e-10,
            0.9952134661744669,
            0.09772490340237185,
            5.413881301879883
        ],
        [
            0.0,
            0.0,
            0.0,
            1.0
        ]
    ],
    "matrix_probe_in_cam_coord_pre": [
        [
            0.22749894857406616,
            0.8405864238739014,
            -0.1262243241071701,
            0.9125630259513855
        ],
        [
            -0.20630888640880585,
            0.18122144043445587,
            1.0591005086898804,
            -1.0793849229812622
        ],
        [
            0.8778524994850159,
            -0.14906536042690277,
            0.21311506628990173,
            -10.16250991821289
        ],
        [
            0.0,
            0.0,
            0.0,
            1.0
        ]
    ]
}