{
    "matrix_probe_in_cam_coord": [
        [
            0.9173542686556645,
            0.24734580886854976,
            -0.3118993373099624,
            -0.5694622452639638
        ],
        [
            0.3457280833563695,
            -0.1066794780004189,
            0.9322508146160502,
            -1.4042673913627768
        ],
        [
            0.19731507331666798,
            -0.9630366243340491,
            -0.18337726694799694,
            -12.914607148336628
        ],
        [
            0.0,
            0.0,
            0.0,
            1.0
        ]
    ],
    "matrix_probe_in_world_coord": [
        [
            -0.6855538846755761,
            -0.6869264070282972,
            -0.2411389278681914,
            0.0
        ],
        [
            0.6103677970841781,
            -0.3617787312901638,
            -0.7046753166307776,
            0.0
        ],
        [
            0.39682114798588325,
            -0.6302763369453698,
            0.6672965724457846,
            8.823760986328125
        ],
        [
            0.0,
            0.0,
            0.0,
            1.0
        ]
    ],
    "intrinsic_matrix_camera": [
        [
            1.3888888888888888,
            0.0,
            -0.5
        ],
        [
            0.0,
            -1.3888888888888888,
            -0.5
        ],
        [
            0.0,
            0.0,
            -1.0
        ]
    ],
    "extrinsic_matrix_camera": [
        [
            -0.7235930784784701,
            -0.38853624200068093,
            0.5704845707203999,
            6.409916400909424
        ],
        [
            0.6902268154585496,
            -0.40731848313481483,
            0.5980623684187988,
            7.544814586639404
        ],
        [
            4.890182497642718e-09,
            0.8265175388028628,
            0.5629109681390638,
            17.254186630249023
        ],
        [
            0.0,
            0.0,
            0.0,
            1.0
        ]
    ],
    "matrix_probe_in_cam_coord_pre": [
        [
            0.8142393231391907,
            -0.0903673768043518,
            -0.29346707463264465,
            -0.4642520248889923
        ],
        [
            0.29441165924072266,
            0.035757601261138916,
            0.932720959186554,
            -1.3982876539230347
        ],
        [
            -0.04551941528916359,
            -0.9585489630699158,
            0.06729166209697723,
            -12.914788246154785
        ],
        [
            0.0,
            0.0,
            0.0,
            1.0
        ]
    ]
}