{
    "matrix_probe_in_cam_coord": [
        [
            0.9004591524081991,
            -0.35534676434569173,
            -0.2508026951875833,
            -0.5591257173638432
        ],
        [
            0.2752586263899163,
            0.9120513673704569,
            -0.30396544519997154,
            0.5275044340556558
        ],
        [
            0.3367580785107387,
            0.2046728617739241,
            0.9190772634610369,
            -11.984863852882572
        ],
        [
            0.0,
            0.0,
            0.0,
            1.0
        ]
    ],
    "matrix_probe_in_world_coord": [
        [
            -0.8199230742682845,
            0.5723965422977777,
            0.009399502539727234,
            0.0
        ],
        [
            -0.38330420990774183,
            -0.5611072920706013,
            0.7336460246278168,
            0.0
        ],
        [
            0.4252105771843495,
            0.5979304350430289,
            0.6794668203082526,
            15.353755950927734
        ],
        [
            0.0,
            0.0,
            0.0,
            1.0
        ]
    ],
    "intrinsic_matrix_camera": [
        [
            1.3888888888888888,
            0.0,
            -0.5
        ],
        [
            0.0,
            -1.3888888888888888,
            -0.5
        ],
        [
            0.0,
            0.0,
            -1.0
        ]
    ],
    "extrinsic_matrix_camera": [
        [
            -0.9440639162941068,
            0.2935070259381778,
            -0.15032281156351235,
            -2.4842751026153564
        ],
        [
            -0.3297625235702708,
            -0.8402695037783865,
            0.43035315622008685,
            5.416591167449951
        ],
        [
            7.062213033725892e-10,
            0.455851715742027,
            0.8900557360385078,
            25.780488967895508
        ],
        [
            0.0,
            0.0,
            0.0,
            1.0
        ]
    ],
    "matrix_probe_in_cam_coord_pre": [
        [
            0.6067347526550293,
            -0.3624535799026489,
            -0.3786134123802185,
            -0.4295675456523895
        ],
        [
            0.30632099509239197,
            0.7244678735733032,
            -0.17306001484394073,
            0.22276823222637177
        ],
        [
            0.3520369231700897,
            -0.061594653874635696,
            1.0336567163467407,
            -11.680880546569824
        ],
        [
            0.0,
            0.0,
            0.0,
            1.0
        ]
    ]
}