{
    "matrix_probe_in_cam_coord": [
        [
            -0.6326167838914487,
            0.2211746135314205,
            -0.7422114220813818,
            0.15087471185833445
        ],
        [
            -0.5053554209498963,
            0.6083236009719408,
            0.6120116788240926,
            -0.3704250118542891
        ],
        [
            0.5868661715036858,
            0.7622494256014615,
            -0.2730639300875325,
            -12.206585097188643
        ],
        [
            0.0,
            0.0,
            0.0,
            1.0
        ]
    ],
    "matrix_probe_in_world_coord": [
        [
            -0.6979417190545977,
            0.2123311111631109,
            -0.6839538405735812,
            0.0
        ],
        [
            -0.7125337133030596,
            -0.10996984085619885,
            0.6929663350471045,
            0.0
        ],
        [
            0.07192401691831754,
            0.9709902848815228,
            0.22804561485815214,
            3.5630016326904297
        ],
        [
            0.0,
            0.0,
            0.0,
            1.0
        ]
    ],
    "intrinsic_matrix_camera": [
        [
            1.3888888888888888,
            0.0,
            -0.5
        ],
        [
            0.0,
            -1.3888888888888888,
            -0.5
        ],
        [
            0.0,
            0.0,
            -1.0
        ]
    ],
    "extrinsic_matrix_camera": [
        [
            0.996130249754327,
            0.06328691916482437,
            -0.06098599336738772,
            -0.8712785243988037
        ],
        [
            -0.08788927991730318,
            0.717289015120063,
            -0.6912104912859091,
            -8.158357620239258
        ],
        [
            6.307223734778053e-10,
            0.6938956943595448,
            0.7200755275311647,
            12.609701156616211
        ],
        [
            0.0,
            0.0,
            0.0,
            1.0
        ]
    ],
    "matrix_probe_in_cam_coord_pre": [
        [
            -0.3332759737968445,
            0.22308000922203064,
            -0.6874816417694092,
            -0.08428435772657394
        ],
        [
            -0.3032926023006439,
            0.35624322295188904,
            0.6937137842178345,
            -0.7015590667724609
        ],
        [
            0.5520923137664795,
            0.4428032636642456,
            -0.16592690348625183,
            -11.943297386169434
        ],
        [
            0.0,
            0.0,
            0.0,
            1.0
        ]
    ]
}