{
    "matrix_probe_in_cam_coord": [
        [
            -0.8726984142064839,
            0.4867077206314934,
            -0.03889823285426035,
            0.2903008329466849
        ],
        [
            -0.05833218785229433,
            -0.024833027021488714,
            0.9979883148761386,
            -1.9426205827597638
        ],
        [
            0.4847626570826725,
            0.873211838814984,
            0.050062469490638264,
            -8.43440154003568
        ],
        [
            0.0,
            0.0,
            0.0,
            1.0
        ]
    ],
    "matrix_probe_in_world_coord": [
        [
            0.4580939067630126,
            -0.8867667825254688,
            0.061600698015756974,
            0.0
        ],
        [
            0.8888662344560407,
            0.45761041918421747,
            -0.0225725828824258,
            0.0
        ],
        [
            -0.008172504545092739,
            0.06509514316347192,
            0.9978455955236701,
            15.736101150512695
        ],
        [
            0.0,
            0.0,
            0.0,
            1.0
        ]
    ],
    "intrinsic_matrix_camera": [
        [
            1.3888888888888888,
            0.0,
            -0.5
        ],
        [
            0.0,
            -1.3888888888888888,
            -0.5
        ],
        [
            0.0,
            0.0,
            -1.0
        ]
    ],
    "extrinsic_matrix_camera": [
        [
            -0.8337702237398302,
            0.05677626045686132,
            -0.5491845502682761,
            -4.2797040939331055
        ],
        [
            -0.55211159560802,
            -0.08574053802200184,
            0.8293499539608502,
            6.988787651062012
        ],
        [
            1.0182594083178446e-08,
            0.9946984550044464,
            0.10283473932367208,
            18.5357723236084
        ],
        [
            0.0,
            0.0,
            0.0,
            1.0
        ]
    ],
    "matrix_probe_in_cam_coord_pre": [
        [
            -0.9049096703529358,
            0.034455932676792145,
            -0.03525521606206894,
            0.5710597038269043
        ],
        [
            0.05361013114452362,
            -0.22054962813854218,
            0.7391435503959656,
            -1.5389058589935303
        ],
        [
            -0.015850521624088287,
            0.658989667892456,
            0.36461520195007324,
            -9.23400592803955
        ],
        [
            0.0,
            0.0,
            0.0,
            1.0
        ]
    ]
}