{
    "matrix_probe_in_cam_coord": [
        [
            0.17502757668679253,
            -0.9845635083474544,
            0.00021314244298270319,
            -0.47794667823108383
        ],
        [
            0.20334066813906718,
            0.03636004139461163,
            0.9784326855080733,
            0.4754733394687971
        ],
        [
            -0.9633368673937,
            -0.17120936136886375,
            0.20656581154624573,
            -9.205728449318022
        ],
        [
            0.0,
            0.0,
            0.0,
            1.0
        ]
    ],
    "matrix_probe_in_world_coord": [
        [
            0.9999607170957997,
            -0.006242867771497446,
            -0.006292127401894511,
            0.0
        ],
        [
            0.006234328653948587,
            0.9999796199348793,
            -0.0013758128975257349,
            0.0
        ],
        [
            0.006300588185925887,
            0.0013365316614435579,
            0.9999792579206978,
            11.982499122619629
        ],
        [
            0.0,
            0.0,
            0.0,
            1.0
        ]
    ],
    "intrinsic_matrix_camera": [
        [
            1.3888888888888888,
            0.0,
            -0.5
        ],
        [
            0.0,
            -1.3888888888888888,
            -0.5
        ],
        [
            0.0,
            0.0,
            -1.0
        ]
    ],
    "extrinsic_matrix_camera": [
        [
            0.18116585977111388,
            0.19694926628509324,
            -0.9635299257226817,
            -8.87705135345459
        ],
        [
            -0.9834525566865912,
            0.03628085262040992,
            -0.17749582665444055,
            -2.1212668418884277
        ],
        [
            1.4402240945284919e-08,
            0.9797421529376489,
            0.20026311132382885,
            13.360225677490234
        ],
        [
            0.0,
            0.0,
            0.0,
            1.0
        ]
    ],
    "matrix_probe_in_cam_coord_pre": [
        [
            0.23440468311309814,
            -0.7697411775588989,
            0.00998951680958271,
            -0.5509700179100037
        ],
        [
            0.2656773626804352,
            0.08689969033002853,
            1.1110678911209106,
            0.3676239252090454
        ],
        [
            -0.5364151000976562,
            -0.08836603164672852,
            0.23862804472446442,
            -9.323298454284668
        ],
        [
            0.0,
            0.0,
            0.0,
            1.0
        ]
    ]
}