{
    "matrix_probe_in_cam_coord": [
        [
            -0.08683161271641597,
            0.16845036087782572,
            0.9818781731728211,
            -0.6093996248385023
        ],
        [
            0.773500652543746,
            -0.6097253305897719,
            0.1730079817568903,
            0.3654190460455111
        ],
        [
            0.6278192506983722,
            0.7745059697364015,
            -0.07735303029106791,
            -12.806357032220918
        ],
        [
            0.0,
            0.0,
            0.0,
            1.0
        ]
    ],
    "matrix_probe_in_world_coord": [
        [
            -0.18600908638579616,
            0.933343521438751,
            0.30703499925942157,
            0.0
        ],
        [
            0.0016973528952926459,
            -0.3121828363064136,
            0.950020523835581,
            0.0
        ],
        [
            0.982546558069932,
            0.17723359643136105,
            0.05648463083826581,
            5.77252197265625
        ],
        [
            0.0,
            0.0,
            0.0,
            1.0
        ]
    ],
    "intrinsic_matrix_camera": [
        [
            1.3888888888888888,
            0.0,
            -0.5
        ],
        [
            0.0,
            -1.3888888888888888,
            -0.5
        ],
        [
            0.0,
            0.0,
            -1.0
        ]
    ],
    "extrinsic_matrix_camera": [
        [
            0.47484448613308344,
            -0.6598418313109429,
            0.5823499563331563,
            7.988270282745361
        ],
        [
            0.8800697210954412,
            0.3560198200999041,
            -0.31420880590305567,
            -3.617652416229248
        ],
        [
            -1.2787820510305647e-08,
            0.6617088826275895,
            0.7497608649774585,
            15.132426261901855
        ],
        [
            0.0,
            0.0,
            0.0,
            1.0
        ]
    ],
    "matrix_probe_in_cam_coord_pre": [
        [
            -0.09500046074390411,
            -0.1325577348470688,
            1.071818232536316,
            -0.5562687516212463
        ],
        [
            0.35881906747817993,
            -0.3313957452774048,
            0.3117368519306183,
            0.30719923973083496
        ],
        [
            0.483401894569397,
            0.3153727948665619,
            0.07155401259660721,
            -12.363465309143066
        ],
        [
            0.0,
            0.0,
            0.0,
            1.0
        ]
    ]
}