{
    "matrix_probe_in_cam_coord": [
        [
            -0.23113492502510066,
            0.12343920237841571,
            -0.9650592778424656,
            -0.599925503616378
        ],
        [
            -0.08828689085769229,
            0.9851652435485371,
            0.14715593024622797,
            -1.2737099908535061
        ],
        [
            0.9689076691492965,
            0.11921495803854197,
            -0.21680803131698245,
            -11.315647371532034
        ],
        [
            0.0,
            0.0,
            0.0,
            1.0
        ]
    ],
    "matrix_probe_in_world_coord": [
        [
            0.7785981891892682,
            0.09753702648388743,
            -0.6198962721745258,
            0.0
        ],
        [
            -0.6272194954759305,
            0.0902508710558612,
            -0.7735958148597866,
            0.0
        ],
        [
            -0.019508056953771318,
            0.9911313276949425,
            0.13144628931829402,
            9.328727722167969
        ],
        [
            0.0,
            0.0,
            0.0,
            1.0
        ]
    ],
    "intrinsic_matrix_camera": [
        [
            1.3888888888888888,
            0.0,
            -0.5
        ],
        [
            0.0,
            -1.3888888888888888,
            -0.5
        ],
        [
            0.0,
            0.0,
            -1.0
        ]
    ],
    "extrinsic_matrix_camera": [
        [
            0.4303153074305775,
            -0.063871337487962,
            0.9004161196016133,
            10.365594863891602
        ],
        [
            0.9026786450287433,
            0.03044806873483476,
            -0.42923673994590816,
            -4.276769638061523
        ],
        [
            -7.220265432837072e-09,
            0.9974935425143453,
            0.0707575624381049,
            11.39991283416748
        ],
        [
            0.0,
            0.0,
            0.0,
            1.0
        ]
    ],
    "matrix_probe_in_cam_coord_pre": [
        [
            -0.23835159838199615,
            -0.05977220460772514,
            -1.0368536710739136,
            -0.4520522654056549
        ],
        [
            -0.23123471438884735,
            0.770058810710907,
            0.3013952076435089,
            -1.4283992052078247
        ],
        [
            0.7627047896385193,
            0.25342005491256714,
            -0.2924565076828003,
            -10.76504135131836
        ],
        [
            0.0,
            0.0,
            0.0,
            1.0
        ]
    ]
}