{
    "matrix_probe_in_cam_coord": [
        [
            0.4785112359611471,
            0.8759645937822601,
            0.060934616588731456,
            1.4198233921561085
        ],
        [
            -0.7261735118198316,
            0.35576079829912777,
            0.5883079849235606,
            -0.4629586827950254
        ],
        [
            0.4936588171907682,
            -0.32576108551121885,
            0.8063378245973358,
            -11.862011202491729
        ],
        [
            0.0,
            0.0,
            0.0,
            1.0
        ]
    ],
    "matrix_probe_in_world_coord": [
        [
            -0.9032455248545869,
            -0.4289545037999266,
            -0.012064638408192512,
            0.0
        ],
        [
            0.4283070059731639,
            -0.8994350460453234,
            -0.08700406070839987,
            0.0
        ],
        [
            0.026469425087557556,
            -0.08375339763380078,
            0.9961348994590685,
            13.870641708374023
        ],
        [
            0.0,
            0.0,
            0.0,
            1.0
        ]
    ],
    "intrinsic_matrix_camera": [
        [
            1.3888888888888888,
            0.0,
            -0.5
        ],
        [
            0.0,
            -1.3888888888888888,
            -0.5
        ],
        [
            0.0,
            0.0,
            -1.0
        ]
    ],
    "extrinsic_matrix_camera": [
        [
            -0.8086972442624017,
            0.49621005500257914,
            -0.31588660692839515,
            -2.3691184520721436
        ],
        [
            -0.588225099024512,
            -0.6821941162993929,
            0.43428380186704346,
            5.670827388763428
        ],
        [
            4.546844618547254e-09,
            0.5370165444386493,
            0.8435717106441941,
            24.125715255737305
        ],
        [
            0.0,
            0.0,
            0.0,
            1.0
        ]
    ],
    "matrix_probe_in_cam_coord_pre": [
        [
            0.3953336775302887,
            0.3122023940086365,
            0.05638621747493744,
            1.6043009757995605
        ],
        [
            -0.34461405873298645,
            0.27897384762763977,
            0.8477683663368225,
            -0.6588715314865112
        ],
        [
            0.1773887425661087,
            -0.3924974501132965,
            1.0224617719650269,
            -12.05697250366211
        ],
        [
            0.0,
            0.0,
            0.0,
            1.0
        ]
    ]
}