{
    "matrix_probe_in_cam_coord": [
        [
            -0.5646717911714852,
            -0.5027162374644134,
            0.6545396495589939,
            -1.9734390809610027
        ],
        [
            0.20949061554785506,
            0.6797977478217133,
            0.7028432997858821,
            -0.6813504686643803
        ],
        [
            -0.7982853188256488,
            0.5339956990895622,
            -0.27854827786450675,
            -13.256350429643772
        ],
        [
            0.0,
            0.0,
            0.0,
            1.0
        ]
    ],
    "matrix_probe_in_world_coord": [
        [
            0.7506361436510423,
            0.43014242838051137,
            -0.5015205590517787,
            0.0
        ],
        [
            -0.6501089979191338,
            0.3453736691506732,
            -0.6768126177029957,
            0.0
        ],
        [
            -0.11791382730312759,
            0.8340830414079394,
            0.5388894222068292,
            10.233911514282227
        ],
        [
            0.0,
            0.0,
            0.0,
            1.0
        ]
    ],
    "intrinsic_matrix_camera": [
        [
            1.3888888888888888,
            0.0,
            -0.5
        ],
        [
            0.0,
            -1.3888888888888888,
            -0.5
        ],
        [
            0.0,
            0.0,
            -1.0
        ]
    ],
    "extrinsic_matrix_camera": [
        [
            -0.9683677298911286,
            0.09717071720714673,
            -0.229829918467877,
            -4.891513347625732
        ],
        [
            -0.24952743277143294,
            -0.3771007052648236,
            0.8919255116786775,
            11.074312210083008
        ],
        [
            1.7319975119205724e-08,
            0.9210607525056214,
            0.389418913502899,
            16.02375030517578
        ],
        [
            0.0,
            0.0,
            0.0,
            1.0
        ]
    ],
    "matrix_probe_in_cam_coord_pre": [
        [
            -0.25311005115509033,
            -0.3355211019515991,
            0.5977671146392822,
            -1.7393436431884766
        ],
        [
            0.14146853983402252,
            0.32944363355636597,
            0.7318221926689148,
            -0.7827984094619751
        ],
        [
            -0.5607514977455139,
            0.17711907625198364,
            -0.14890731871128082,
            -12.960139274597168
        ],
        [
            0.0,
            0.0,
            0.0,
            1.0
        ]
    ]
}