{
    "matrix_probe_in_cam_coord": [
        [
            0.4751992871462887,
            -0.8767089123904885,
            -0.07461313845929665,
            0.09554596671929542
        ],
        [
            -0.041194096496453246,
            -0.10687412947562008,
            0.9934188275157005,
            -0.7909201281029645
        ],
        [
            -0.8789133540398055,
            -0.46899829784756736,
            -0.08690174167750919,
            -12.924890114714437
        ],
        [
            0.0,
            0.0,
            0.0,
            1.0
        ]
    ],
    "matrix_probe_in_world_coord": [
        [
            0.9408817399886669,
            0.33315382840478275,
            0.06123788023058189,
            0.0
        ],
        [
            -0.337477587041479,
            0.9375068959664778,
            0.08479208842787452,
            0.0
        ],
        [
            -0.029162126132356487,
            -0.10044573975304336,
            0.9945150696519909,
            11.321737289428711
        ],
        [
            0.0,
            0.0,
            0.0,
            1.0
        ]
    ],
    "intrinsic_matrix_camera": [
        [
            1.3888888888888888,
            0.0,
            -0.5
        ],
        [
            0.0,
            -1.3888888888888888,
            -0.5
        ],
        [
            0.0,
            0.0,
            -1.0
        ]
    ],
    "extrinsic_matrix_camera": [
        [
            0.15045825113549144,
            -0.01352943540286369,
            -0.988523782740167,
            -12.801637649536133
        ],
        [
            -0.9886163637454356,
            -0.0020590920292044342,
            -0.1504441606536034,
            -1.851644515991211
        ],
        [
            -3.68884183276868e-08,
            0.9999063528739552,
            -0.013685228617148996,
            11.93570327758789
        ],
        [
            0.0,
            0.0,
            0.0,
            1.0
        ]
    ],
    "matrix_probe_in_cam_coord_pre": [
        [
            0.328987181186676,
            -0.6692143082618713,
            -0.1823650747537613,
            0.17869964241981506
        ],
        [
            -0.061435043811798096,
            -0.04820741340517998,
            1.1016322374343872,
            -0.6579173803329468
        ],
        [
            -0.43233007192611694,
            -0.3422943949699402,
            -0.08032560348510742,
            -12.389546394348145
        ],
        [
            0.0,
            0.0,
            0.0,
            1.0
        ]
    ]
}