{
    "matrix_probe_in_cam_coord": [
        [
            -0.9236216296793393,
            -0.2483456043698086,
            -0.2919718239465502,
            -0.32570586037546373
        ],
        [
            0.022887046403972055,
            -0.7960933369878833,
            0.6047409213129193,
            -0.2788673909184549
        ],
        [
            -0.38262157322266,
            0.5518694225935068,
            0.7409729226570468,
            -12.408655877782664
        ],
        [
            0.0,
            0.0,
            0.0,
            1.0
        ]
    ],
    "matrix_probe_in_world_coord": [
        [
            0.9336253348934889,
            -0.24446041017682088,
            0.2618832600629553,
            0.0
        ],
        [
            0.21698452249470962,
            0.9675331226845765,
            0.12960468165145644,
            0.0
        ],
        [
            -0.2850639420248795,
            -0.06417760017648678,
            0.9563575610580088,
            9.260529518127441
        ],
        [
            0.0,
            0.0,
            0.0,
            1.0
        ]
    ],
    "intrinsic_matrix_camera": [
        [
            1.3888888888888888,
            0.0,
            -0.5
        ],
        [
            0.0,
            -1.3888888888888888,
            -0.5
        ],
        [
            0.0,
            0.0,
            -1.0
        ]
    ],
    "extrinsic_matrix_camera": [
        [
            -0.8780684181160394,
            0.3743527540296259,
            -0.29808701524493,
            -3.8804564476013184
        ],
        [
            -0.47853511167645424,
            -0.6869032828606223,
            0.5469625461474522,
            6.439653396606445
        ],
        [
            -1.3848511671046293e-08,
            0.6229156407939479,
            0.782289015936096,
            19.141395568847656
        ],
        [
            0.0,
            0.0,
            0.0,
            1.0
        ]
    ],
    "matrix_probe_in_cam_coord_pre": [
        [
            -1.019603967666626,
            -0.20891624689102173,
            -0.3676943778991699,
            -0.2393367886543274
        ],
        [
            -0.02559557557106018,
            -0.7883813977241516,
            0.767763078212738,
            -0.27815327048301697
        ],
        [
            -0.26829779148101807,
            0.586658775806427,
            0.7486001253128052,
            -12.641928672790527
        ],
        [
            0.0,
            0.0,
            0.0,
            1.0
        ]
    ]
}