{
    "matrix_probe_in_cam_coord": [
        [
            -0.345048440990517,
            -0.7464642267495275,
            -0.5689751589948753,
            -2.6813730448863202
        ],
        [
            -0.5107899596364558,
            -0.3592314438162382,
            0.781054663201167,
            -0.7693562526260944
        ],
        [
            -0.7874231330768744,
            0.5601284923630745,
            -0.25733418260788377,
            -8.356977577435147
        ],
        [
            0.0,
            0.0,
            0.0,
            1.0
        ]
    ],
    "matrix_probe_in_world_coord": [
        [
            0.5662350978859263,
            -0.450165988798577,
            0.6904552095908281,
            0.0
        ],
        [
            0.2090011376549224,
            0.8887222819329301,
            0.4080333688007308,
            0.0
        ],
        [
            -0.7973056743690358,
            -0.0867368902193552,
            0.5973109520961524,
            4.68742561340332
        ],
        [
            0.0,
            0.0,
            0.0,
            1.0
        ]
    ],
    "intrinsic_matrix_camera": [
        [
            1.3888888888888888,
            0.0,
            -0.5
        ],
        [
            0.0,
            -1.3888888888888888,
            -0.5
        ],
        [
            0.0,
            0.0,
            -1.0
        ]
    ],
    "extrinsic_matrix_camera": [
        [
            -0.25219759367796696,
            0.4117698365016359,
            -0.8756951384417175,
            -7.677602767944336
        ],
        [
            -0.9676757585798261,
            -0.10731630571366725,
            0.228225407842616,
            -0.769989550113678
        ],
        [
            -2.8316110385659195e-08,
            0.9049468560503354,
            0.42552460296040745,
            8.939751625061035
        ],
        [
            0.0,
            0.0,
            0.0,
            1.0
        ]
    ],
    "matrix_probe_in_cam_coord_pre": [
        [
            -0.2852169871330261,
            -0.3544709086418152,
            -0.19485688209533691,
            -2.2154781818389893
        ],
        [
            -0.2540603280067444,
            0.2305690050125122,
            0.47021833062171936,
            -0.9597273468971252
        ],
        [
            -0.19084349274635315,
            0.15594570338726044,
            -0.26163432002067566,
            -10.100284576416016
        ],
        [
            0.0,
            0.0,
            0.0,
            1.0
        ]
    ]
}