{
    "matrix_probe_in_cam_coord": [
        [
            0.5084921140731347,
            -0.8598963212408541,
            0.04487857664722256,
            0.3757972234949191
        ],
        [
            -0.8584764292284905,
            -0.5103130685486578,
            -0.050978353519445484,
            0.6694802245907678
        ],
        [
            0.06673822281522715,
            -0.012605109475894341,
            -0.9976908944310188,
            -12.446762426941486
        ],
        [
            0.0,
            0.0,
            0.0,
            1.0
        ]
    ],
    "matrix_probe_in_world_coord": [
        [
            0.11070171517057614,
            0.9806751618838734,
            -0.16131136699666182,
            0.0
        ],
        [
            0.9815573549403389,
            -0.13333517805179318,
            -0.13699229633969348,
            0.0
        ],
        [
            -0.1558534222300505,
            -0.14317107654109376,
            -0.977349350857331,
            17.891204833984375
        ],
        [
            0.0,
            0.0,
            0.0,
            1.0
        ]
    ],
    "intrinsic_matrix_camera": [
        [
            1.3888888888888888,
            0.0,
            -0.5
        ],
        [
            0.0,
            -1.3888888888888888,
            -0.5
        ],
        [
            0.0,
            0.0,
            -1.0
        ]
    ],
    "extrinsic_matrix_camera": [
        [
            -0.7942274394054409,
            -0.5872627763660557,
            0.15596539997803494,
            2.6328935623168945
        ],
        [
            0.607620584325018,
            -0.7676175275828063,
            0.20386406464157203,
            2.823010206222534
        ],
        [
            -1.8830759574371817e-09,
            0.2566822215161998,
            0.9664958547027029,
            29.74910545349121
        ],
        [
            0.0,
            0.0,
            0.0,
            1.0
        ]
    ],
    "matrix_probe_in_cam_coord_pre": [
        [
            -0.43095874786376953,
            0.040256112813949585,
            -0.01775868609547615,
            0.6112109422683716
        ],
        [
            -0.00505955470725894,
            0.42614760994911194,
            0.15841415524482727,
            0.7723816633224487
        ],
        [
            -0.11821527779102325,
            -0.11075224727392197,
            -0.9356369376182556,
            -13.315114974975586
        ],
        [
            0.0,
            0.0,
            0.0,
            1.0
        ]
    ]
}