{
    "matrix_probe_in_cam_coord": [
        [
            0.048348501039420524,
            -0.9888011692170957,
            0.14119019159327403,
            1.1082609385420343
        ],
        [
            0.6412189926163236,
            0.13910811599300493,
            0.7546437143268231,
            0.31850059796691355
        ],
        [
            -0.7658332886179262,
            0.05404794001422217,
            0.6407637585139088,
            -10.498871285445388
        ],
        [
            0.0,
            0.0,
            0.0,
            1.0
        ]
    ],
    "matrix_probe_in_world_coord": [
        [
            -0.5633800707942099,
            0.82356505485595,
            0.06590520656235845,
            0.0
        ],
        [
            -0.7585995112809887,
            -0.5472381156302969,
            0.35363431152201147,
            0.0
        ],
        [
            0.327306702216982,
            0.1492348659714548,
            0.933059096446911,
            11.528425216674805
        ],
        [
            0.0,
            0.0,
            0.0,
            1.0
        ]
    ],
    "intrinsic_matrix_camera": [
        [
            1.3888888888888888,
            0.0,
            -0.5
        ],
        [
            0.0,
            -1.3888888888888888,
            -0.5
        ],
        [
            0.0,
            0.0,
            -1.0
        ]
    ],
    "extrinsic_matrix_camera": [
        [
            -0.8322755023647541,
            -0.1969504684023949,
            0.5181968749033266,
            6.425589561462402
        ],
        [
            0.5543622355134734,
            -0.2956857673273443,
            0.7779797162115116,
            7.647706985473633
        ],
        [
            -2.89329975375953e-08,
            0.9347622371470283,
            0.3552739224934505,
            14.960678100585938
        ],
        [
            0.0,
            0.0,
            0.0,
            1.0
        ]
    ],
    "matrix_probe_in_cam_coord_pre": [
        [
            -0.11831187456846237,
            -0.8555740118026733,
            0.15868964791297913,
            1.3498377799987793
        ],
        [
            0.35903143882751465,
            0.12088147550821304,
            0.8727574348449707,
            0.3245161175727844
        ],
        [
            -0.6332380175590515,
            0.12370845675468445,
            0.5377638339996338,
            -11.186720848083496
        ],
        [
            0.0,
            0.0,
            0.0,
            1.0
        ]
    ]
}