{
    "matrix_probe_in_cam_coord": [
        [
            -0.9329492074637686,
            0.15065198412935668,
            0.32697057355458475,
            -0.06649186395985499
        ],
        [
            0.10356474195074516,
            -0.7575285914511043,
            0.6445345431850656,
            0.08424612027586065
        ],
        [
            0.3447899658015028,
            0.6351806143231971,
            0.6911334651647281,
            -11.614201829354313
        ],
        [
            0.0,
            0.0,
            0.0,
            1.0
        ]
    ],
    "matrix_probe_in_world_coord": [
        [
            0.7850932321131877,
            0.6031467986071071,
            -0.14086360857249774,
            0.0
        ],
        [
            -0.5414025568756994,
            0.7787415166025079,
            0.3169304682861537,
            0.0
        ],
        [
            0.30085193750169387,
            -0.17255604785003462,
            0.9379299131874691,
            17.422008514404297
        ],
        [
            0.0,
            0.0,
            0.0,
            1.0
        ]
    ],
    "intrinsic_matrix_camera": [
        [
            1.3888888888888888,
            0.0,
            -0.5
        ],
        [
            0.0,
            -1.3888888888888888,
            -0.5
        ],
        [
            0.0,
            0.0,
            -1.0
        ]
    ],
    "extrinsic_matrix_camera": [
        [
            -0.687645101641655,
            -0.4663844283986806,
            0.556443868809311,
            6.456219673156738
        ],
        [
            0.7260469779485607,
            -0.44171654567245505,
            0.5270125986074299,
            6.206319808959961
        ],
        [
            -5.969363946259606e-09,
            0.7664020212828446,
            0.6423612237468651,
            24.817955017089844
        ],
        [
            0.0,
            0.0,
            0.0,
            1.0
        ]
    ],
    "matrix_probe_in_cam_coord_pre": [
        [
            -0.9013875126838684,
            0.10498398542404175,
            0.3158075213432312,
            0.08197008073329926
        ],
        [
            0.15093828737735748,
            -0.5434346199035645,
            0.7862170338630676,
            0.08691621571779251
        ],
        [
            0.23058800399303436,
            0.6154336333274841,
            0.6191833019256592,
            -11.595169067382812
        ],
        [
            0.0,
            0.0,
            0.0,
            1.0
        ]
    ]
}