{
    "matrix_probe_in_cam_coord": [
        [
            0.31076207014724255,
            0.8248648689777415,
            0.47225510445535007,
            1.5465118345672424
        ],
        [
            -0.32110565435209726,
            -0.376533610902778,
            0.8689727260412875,
            1.3402274365193554
        ],
        [
            0.8946049935591192,
            -0.42168754758333643,
            0.14785640910099104,
            -12.586558848626176
        ],
        [
            0.0,
            0.0,
            0.0,
            1.0
        ]
    ],
    "matrix_probe_in_world_coord": [
        [
            0.29566112537022005,
            0.8262239245129172,
            0.4795190564589567,
            0.0
        ],
        [
            -0.9007298831838677,
            0.07389467158703887,
            0.4280481924393787,
            0.0
        ],
        [
            0.31822975424116257,
            -0.5584743539980298,
            0.7660523607705235,
            12.045942306518555
        ],
        [
            0.0,
            0.0,
            0.0,
            1.0
        ]
    ],
    "intrinsic_matrix_camera": [
        [
            1.3888888888888888,
            0.0,
            -0.5
        ],
        [
            0.0,
            -1.3888888888888888,
            -0.5
        ],
        [
            0.0,
            0.0,
            -1.0
        ]
    ],
    "extrinsic_matrix_camera": [
        [
            0.9998586747180915,
            0.01064944484029067,
            -0.013008455541507433,
            -1.7242976427078247
        ],
        [
            -0.01681162071252409,
            0.633367835676194,
            -0.7736682455289682,
            -10.560678482055664
        ],
        [
            2.636934948695569e-11,
            0.7737775998666847,
            0.6334573592157192,
            18.981952667236328
        ],
        [
            0.0,
            0.0,
            0.0,
            1.0
        ]
    ],
    "matrix_probe_in_cam_coord_pre": [
        [
            0.38859546184539795,
            0.03873753175139427,
            0.27562522888183594,
            1.5595424175262451
        ],
        [
            -0.26989632844924927,
            -0.12457607686519623,
            0.8579856157302856,
            1.1443238258361816
        ],
        [
            0.37554848194122314,
            -0.45577383041381836,
            0.05787932127714157,
            -11.667032241821289
        ],
        [
            0.0,
            0.0,
            0.0,
            1.0
        ]
    ]
}