{
    "matrix_probe_in_cam_coord": [
        [
            -0.545870792812528,
            0.8156932687271731,
            -0.19149299963027855,
            0.5509411288104757
        ],
        [
            -0.42756473958250124,
            -0.07463511308829794,
            0.9008984367619058,
            0.8254194874443419
        ],
        [
            0.7205646889904962,
            0.5736497984375807,
            0.3895028083756948,
            -10.013742705158151
        ],
        [
            0.0,
            0.0,
            0.0,
            1.0
        ]
    ],
    "matrix_probe_in_world_coord": [
        [
            0.4709465907682488,
            0.8821426404891678,
            0.005802626522788987,
            0.0
        ],
        [
            -0.8601727840728761,
            0.4606572201653427,
            -0.21885544784139305,
            0.0
        ],
        [
            -0.1957347444478914,
            0.0980779656209198,
            0.9757400383686122,
            5.863067150115967
        ],
        [
            0.0,
            0.0,
            0.0,
            1.0
        ]
    ],
    "intrinsic_matrix_camera": [
        [
            1.3888888888888888,
            0.0,
            -0.5
        ],
        [
            0.0,
            -1.3888888888888888,
            -0.5
        ],
        [
            0.0,
            0.0,
            -1.0
        ]
    ],
    "extrinsic_matrix_camera": [
        [
            0.46137066267062443,
            -0.2619713950085179,
            0.8476485709444451,
            8.450182914733887
        ],
        [
            0.887207479469638,
            0.13623181785895513,
            -0.44079902469943877,
            -5.015295505523682
        ],
        [
            2.9693598872542233e-08,
            0.9554118902338067,
            0.295276345141062,
            8.031272888183594
        ],
        [
            0.0,
            0.0,
            0.0,
            1.0
        ]
    ],
    "matrix_probe_in_cam_coord_pre": [
        [
            -0.4067116677761078,
            0.5812567472457886,
            -0.22160054743289948,
            0.7064870595932007
        ],
        [
            -0.2862224876880646,
            -0.023004598915576935,
            0.891806423664093,
            0.7270575761795044
        ],
        [
            0.6188403964042664,
            0.4592124819755554,
            0.2978958487510681,
            -10.110562324523926
        ],
        [
            0.0,
            0.0,
            0.0,
            1.0
        ]
    ]
}