{
    "matrix_probe_in_cam_coord": [
        [
            -0.6938708231424867,
            0.3791861521867696,
            0.6121773785279554,
            0.06714075903251901
        ],
        [
            -0.7198140875776524,
            -0.3891627075361114,
            -0.5748217692362688,
            -1.460570266845249
        ],
        [
            0.020272151250406125,
            -0.8395059553409698,
            0.542972182372841,
            -13.567490405740934
        ],
        [
            0.0,
            0.0,
            0.0,
            1.0
        ]
    ],
    "matrix_probe_in_world_coord": [
        [
            0.9455352857386303,
            0.10334507068169209,
            0.30867915347325064,
            0.0
        ],
        [
            -0.32003467142911185,
            0.46847058928077956,
            0.8234762389177841,
            0.0
        ],
        [
            -0.05950489481065358,
            -0.8774138723229278,
            0.47602947823518016,
            12.227436065673828
        ],
        [
            0.0,
            0.0,
            0.0,
            1.0
        ]
    ],
    "intrinsic_matrix_camera": [
        [
            1.3888888888888888,
            0.0,
            -0.5
        ],
        [
            0.0,
            -1.3888888888888888,
            -0.5
        ],
        [
            0.0,
            0.0,
            -1.0
        ]
    ],
    "extrinsic_matrix_camera": [
        [
            -0.4279259323469864,
            -0.8982631636192733,
            0.10001342564704753,
            0.07368599623441696
        ],
        [
            0.9038138062814501,
            -0.4252978864963352,
            0.0473530497094752,
            -0.03939814493060112
        ],
        [
            -1.6901062209268575e-09,
            0.11065711285970521,
            0.9938586435572992,
            25.873226165771484
        ],
        [
            0.0,
            0.0,
            0.0,
            1.0
        ]
    ],
    "matrix_probe_in_cam_coord_pre": [
        [
            -0.14610576629638672,
            0.18080675601959229,
            0.6139891743659973,
            -0.02017919532954693
        ],
        [
            -0.2769339680671692,
            0.1062813475728035,
            -0.5422854423522949,
            -1.2331701517105103
        ],
        [
            -0.1801174432039261,
            -0.508220911026001,
            0.511158287525177,
            -12.78193473815918
        ],
        [
            0.0,
            0.0,
            0.0,
            1.0
        ]
    ]
}