{
    "matrix_probe_in_cam_coord": [
        [
            -0.4446097534674358,
            -0.15652818624025797,
            0.8819416613551947,
            -0.23139939278443913
        ],
        [
            0.5841815158623282,
            0.6957197867186778,
            0.41797839046164825,
            -0.6914765704807699
        ],
        [
            -0.6790096638829366,
            0.7010512857704868,
            -0.21788292974239373,
            -9.760290671341117
        ],
        [
            0.0,
            0.0,
            0.0,
            1.0
        ]
    ],
    "matrix_probe_in_world_coord": [
        [
            -0.9010365478346727,
            0.3852541964861187,
            0.1992795613102623,
            0.0
        ],
        [
            0.02379147907798679,
            -0.41485157972943065,
            0.9095779968311004,
            0.0
        ],
        [
            0.4330901811279693,
            0.8243041737646553,
            0.3646306681077605,
            10.123786926269531
        ],
        [
            0.0,
            0.0,
            0.0,
            1.0
        ]
    ],
    "intrinsic_matrix_camera": [
        [
            1.3888888888888888,
            0.0,
            -0.5
        ],
        [
            0.0,
            -1.3888888888888888,
            -0.5
        ],
        [
            0.0,
            0.0,
            -1.0
        ]
    ],
    "extrinsic_matrix_camera": [
        [
            0.5160594441566102,
            -0.1750453786612533,
            0.8384758586304728,
            8.182144165039062
        ],
        [
            0.8565527713438149,
            0.10546203685791272,
            -0.5051683963640344,
            -4.659460067749023
        ],
        [
            2.1321883552198864e-08,
            0.9788957422479262,
            0.20436028432374248,
            12.795286178588867
        ],
        [
            0.0,
            0.0,
            0.0,
            1.0
        ]
    ],
    "matrix_probe_in_cam_coord_pre": [
        [
            -0.3091984987258911,
            -0.2842344045639038,
            0.9281304478645325,
            -0.17435035109519958
        ],
        [
            0.6335012316703796,
            0.4249756932258606,
            0.508293628692627,
            -1.015846848487854
        ],
        [
            -0.3926030397415161,
            0.874189555644989,
            -0.217806875705719,
            -9.758888244628906
        ],
        [
            0.0,
            0.0,
            0.0,
            1.0
        ]
    ]
}