{
    "matrix_probe_in_cam_coord": [
        [
            0.9936564724975072,
            -0.03817773411981575,
            0.10577937077373381,
            0.5642566317513447
        ],
        [
            0.015347330753476687,
            0.9778474335072139,
            0.20875549387285244,
            -0.5620136436572514
        ],
        [
            -0.11140589797023218,
            -0.20580781666601441,
            0.9722303577324741,
            -13.185162337594825
        ],
        [
            0.0,
            0.0,
            0.0,
            1.0
        ]
    ],
    "matrix_probe_in_world_coord": [
        [
            0.1254712514520134,
            -0.9911732058136182,
            -0.042809358044944984,
            0.0
        ],
        [
            0.9862194089941447,
            0.11992154740402607,
            0.11397411895454028,
            0.0
        ],
        [
            -0.10783432840383157,
            -0.056519895128871185,
            0.9925609598771835,
            17.205087661743164
        ],
        [
            0.0,
            0.0,
            0.0,
            1.0
        ]
    ],
    "intrinsic_matrix_camera": [
        [
            1.3888888888888888,
            0.0,
            -0.5
        ],
        [
            0.0,
            -1.3888888888888888,
            -0.5
        ],
        [
            0.0,
            0.0,
            -1.0
        ]
    ],
    "extrinsic_matrix_camera": [
        [
            0.15798772127867128,
            -0.9762272153509294,
            0.1483923985025601,
            1.3187792301177979
        ],
        [
            0.9874410766851724,
            0.15619353630765034,
            -0.023742352253680675,
            -0.7824340462684631
        ],
        [
            -3.056797395677399e-09,
            0.15027974987961767,
            0.9886435134951927,
            30.32497215270996
        ],
        [
            0.0,
            0.0,
            0.0,
            1.0
        ]
    ],
    "matrix_probe_in_cam_coord_pre": [
        [
            0.6251950860023499,
            -0.08096268773078918,
            0.03609849512577057,
            0.8743735551834106
        ],
        [
            -0.005774063989520073,
            0.5879167914390564,
            0.1736452877521515,
            -0.6690773963928223
        ],
        [
            -0.06877080351114273,
            -0.11484420299530029,
            1.063848614692688,
            -13.788294792175293
        ],
        [
            0.0,
            0.0,
            0.0,
            1.0
        ]
    ]
}