{
    "matrix_probe_in_cam_coord": [
        [
            -0.050521297242689375,
            0.9508326395556352,
            0.3055566888166242,
            0.9823131843181621
        ],
        [
            0.7628521936565613,
            -0.16072552683611985,
            0.6262777623839314,
            -1.0320393654822384
        ],
        [
            0.6445960976908628,
            0.2647349553400821,
            -0.7172247027694993,
            -13.032059837539602
        ],
        [
            0.0,
            0.0,
            0.0,
            1.0
        ]
    ],
    "matrix_probe_in_world_coord": [
        [
            -0.17097640396647049,
            -0.9506737983090867,
            0.2588173071787669,
            0.0
        ],
        [
            0.328987323469267,
            -0.30269384541335664,
            -0.8945075611449032,
            0.0
        ],
        [
            0.9287273067392937,
            -0.06779207296910764,
            0.36451313358962667,
            5.175013542175293
        ],
        [
            0.0,
            0.0,
            0.0,
            1.0
        ]
    ],
    "intrinsic_matrix_camera": [
        [
            1.3888888888888888,
            0.0,
            -0.5
        ],
        [
            0.0,
            -1.3888888888888888,
            -0.5
        ],
        [
            0.0,
            0.0,
            -1.0
        ]
    ],
    "extrinsic_matrix_camera": [
        [
            -0.8162103678863551,
            0.1844593462593435,
            -0.5475174745452389,
            -6.143136978149414
        ],
        [
            -0.5777548228745657,
            -0.2605908646614939,
            0.7734932229180513,
            10.378806114196777
        ],
        [
            2.1264751245443285e-09,
            0.9476640495621593,
            0.31926924243880644,
            10.313776016235352
        ],
        [
            0.0,
            0.0,
            0.0,
            1.0
        ]
    ],
    "matrix_probe_in_cam_coord_pre": [
        [
            -0.2224021703004837,
            0.6822198629379272,
            0.21374033391475677,
            1.2185368537902832
        ],
        [
            0.3763354420661926,
            -0.0179620161652565,
            0.5011611580848694,
            -1.0444161891937256
        ],
        [
            0.5050131678581238,
            0.14191855490207672,
            -0.4716026484966278,
            -13.090529441833496
        ],
        [
            0.0,
            0.0,
            0.0,
            1.0
        ]
    ]
}