{
    "matrix_probe_in_cam_coord": [
        [
            -0.942629521881115,
            -0.2892899622124277,
            -0.166616032365774,
            0.8203953079041288
        ],
        [
            0.09679000505267897,
            -0.714476173398307,
            0.6929325310360412,
            0.12695972566775815
        ],
        [
            -0.3195016109506851,
            0.6370518938118341,
            0.7014867106301251,
            -9.584184262337857
        ],
        [
            0.0,
            0.0,
            0.0,
            1.0
        ]
    ],
    "matrix_probe_in_world_coord": [
        [
            0.986729191748042,
            -0.16123105660958595,
            -0.019236645674651245,
            0.0
        ],
        [
            0.15604622845467023,
            0.9088423892097695,
            0.386852796500879,
            0.0
        ],
        [
            -0.04488960611687805,
            -0.3847207532224303,
            0.9219408144250026,
            15.892166137695312
        ],
        [
            0.0,
            0.0,
            0.0,
            1.0
        ]
    ],
    "intrinsic_matrix_camera": [
        [
            1.3888888888888888,
            0.0,
            -0.5
        ],
        [
            0.0,
            -1.3888888888888888,
            -0.5
        ],
        [
            0.0,
            0.0,
            -1.0
        ]
    ],
    "extrinsic_matrix_camera": [
        [
            -0.8802724063912023,
            0.19737157423832202,
            -0.43146836758785484,
            -3.438159227371216
        ],
        [
            -0.47446864021370444,
            -0.36617962980646723,
            0.8004948395639766,
            8.107831954956055
        ],
        [
            -4.621263306122294e-10,
            0.9093717283913576,
            0.4159844463468735,
            19.76358413696289
        ],
        [
            0.0,
            0.0,
            0.0,
            1.0
        ]
    ],
    "matrix_probe_in_cam_coord_pre": [
        [
            -1.0043798685073853,
            -0.18100997805595398,
            -0.15833799540996552,
            1.0984828472137451
        ],
        [
            0.10148939490318298,
            -0.5095436573028564,
            0.823258638381958,
            0.19699043035507202
        ],
        [
            -0.10181873291730881,
            0.710279107093811,
            0.5478818416595459,
            -9.829726219177246
        ],
        [
            0.0,
            0.0,
            0.0,
            1.0
        ]
    ]
}