{
    "matrix_probe_in_cam_coord": [
        [
            -0.09447744075703234,
            0.8523615936711757,
            0.5143478655757553,
            -0.4462894136306925
        ],
        [
            0.9887540625196758,
            0.020175831355950555,
            0.14818346628397364,
            1.241547559686866
        ],
        [
            0.11592849968337715,
            0.522563536293368,
            -0.8446821493897758,
            -11.440729952074616
        ],
        [
            0.0,
            0.0,
            0.0,
            1.0
        ]
    ],
    "matrix_probe_in_world_coord": [
        [
            0.06474290507157461,
            0.8125987215053414,
            0.5792164310953013,
            0.0
        ],
        [
            0.9000716765904402,
            -0.29819007940445563,
            0.31773204676966194,
            0.0
        ],
        [
            0.4309052485669759,
            0.5007654085024736,
            -0.7507027856647288,
            3.8221981525421143
        ],
        [
            0.0,
            0.0,
            0.0,
            1.0
        ]
    ],
    "intrinsic_matrix_camera": [
        [
            1.3888888888888888,
            0.0,
            -0.5
        ],
        [
            0.0,
            -1.3888888888888888,
            -0.5
        ],
        [
            0.0,
            0.0,
            -1.0
        ]
    ],
    "extrinsic_matrix_camera": [
        [
            0.9844299323393894,
            0.16623996366233207,
            -0.05711377063206218,
            -0.42047739028930664
        ],
        [
            -0.1757774397192805,
            0.9310159300734416,
            -0.31986189150197164,
            -4.893801689147949
        ],
        [
            1.0647580181248025e-09,
            0.3249209325836532,
            0.9457411842406828,
            14.238762855529785
        ],
        [
            0.0,
            0.0,
            0.0,
            1.0
        ]
    ],
    "matrix_probe_in_cam_coord_pre": [
        [
            -0.14768941700458527,
            0.3408466577529907,
            0.1627885103225708,
            -0.48306921124458313
        ],
        [
            0.26048582792282104,
            0.2481551319360733,
            0.08633290976285934,
            1.4339091777801514
        ],
        [
            -0.0100632905960083,
            0.5535979270935059,
            -0.9028825163841248,
            -11.653005599975586
        ],
        [
            0.0,
            0.0,
            0.0,
            1.0
        ]
    ]
}