{
    "matrix_probe_in_cam_coord": [
        [
            -0.40964353710797125,
            0.8951662887585153,
            -0.17569714845715842,
            -1.4193132671891335
        ],
        [
            -0.9122137065153683,
            -0.40357235860444174,
            0.0706788866348485,
            0.35134707474499105
        ],
        [
            -0.007637155960428999,
            0.18922649613823797,
            0.9819037666737418,
            -14.03940632826762
        ],
        [
            0.0,
            0.0,
            0.0,
            1.0
        ]
    ],
    "matrix_probe_in_world_coord": [
        [
            -0.47933337679860455,
            -0.8717708254767356,
            0.10126767368937628,
            0.0
        ],
        [
            0.8741349576655102,
            -0.46394224370999465,
            0.14368601284903354,
            0.0
        ],
        [
            -0.07827892228412196,
            0.15739511539100254,
            0.9844283559391661,
            4.072780132293701
        ],
        [
            0.0,
            0.0,
            0.0,
            1.0
        ]
    ],
    "intrinsic_matrix_camera": [
        [
            1.3888888888888888,
            0.0,
            -0.5
        ],
        [
            0.0,
            -1.3888888888888888,
            -0.5
        ],
        [
            0.0,
            0.0,
            -1.0
        ]
    ],
    "extrinsic_matrix_camera": [
        [
            -0.6018164760623815,
            0.796234570934636,
            -0.06186628474696607,
            -2.0024867057800293
        ],
        [
            -0.7986344151987546,
            -0.6000080567632601,
            0.04661976704488839,
            -0.2681874930858612
        ],
        [
            9.198697670030252e-10,
            0.07746508805721677,
            0.9969950652497169,
            18.042781829833984
        ],
        [
            0.0,
            0.0,
            0.0,
            1.0
        ]
    ],
    "matrix_probe_in_cam_coord_pre": [
        [
            0.1399059295654297,
            -0.2793160080909729,
            -0.07167111337184906,
            -1.430222511291504
        ],
        [
            0.14890718460083008,
            0.2426566183567047,
            0.18026791512966156,
            0.38725414872169495
        ],
        [
            0.20634867250919342,
            0.028082607313990593,
            1.0338677167892456,
            -12.759397506713867
        ],
        [
            0.0,
            0.0,
            0.0,
            1.0
        ]
    ]
}