{
    "matrix_probe_in_cam_coord": [
        [
            0.6106109132013656,
            -0.6678756444261436,
            -0.42555426946719405,
            -1.6702068304693045
        ],
        [
            0.582423297388284,
            0.014617982401429147,
            0.8127542169991302,
            -0.7999983539282889
        ],
        [
            -0.5365980016164357,
            -0.7441293154908456,
            0.39791223465529785,
            -12.518711780349049
        ],
        [
            0.0,
            0.0,
            0.0,
            1.0
        ]
    ],
    "matrix_probe_in_world_coord": [
        [
            0.7621962076064255,
            -0.4018030671520998,
            -0.5075541708404607,
            0.0
        ],
        [
            0.36193152907723064,
            0.9145636455115483,
            -0.18049627854458544,
            0.0
        ],
        [
            0.5367145511071972,
            -0.04612627814805784,
            0.8425021407058902,
            5.977666854858398
        ],
        [
            0.0,
            0.0,
            0.0,
            1.0
        ]
    ],
    "intrinsic_matrix_camera": [
        [
            1.3888888888888888,
            0.0,
            -0.5
        ],
        [
            0.0,
            -1.3888888888888888,
            -0.5
        ],
        [
            0.0,
            0.0,
            -1.0
        ]
    ],
    "extrinsic_matrix_camera": [
        [
            0.9497516491588271,
            0.02553048562042836,
            -0.31196153484696426,
            -2.2986505031585693
        ],
        [
            -0.31300448067094594,
            0.07746731832925748,
            -0.9465870322747852,
            -12.310858726501465
        ],
        [
            -3.0895018227228825e-09,
            0.9966679531794223,
            0.0815658697320234,
            7.7960991859436035
        ],
        [
            0.0,
            0.0,
            0.0,
            1.0
        ]
    ],
    "matrix_probe_in_cam_coord_pre": [
        [
            0.5023128390312195,
            -0.31540751457214355,
            -0.447131872177124,
            -1.4774657487869263
        ],
        [
            0.5761227011680603,
            0.0381411537528038,
            0.8395517468452454,
            -0.8824344277381897
        ],
        [
            -0.22700516879558563,
            -0.6799026727676392,
            0.31326794624328613,
            -11.48499584197998
        ],
        [
            0.0,
            0.0,
            0.0,
            1.0
        ]
    ]
}