{
    "matrix_probe_in_cam_coord": [
        [
            0.33465386030701155,
            0.878277743838561,
            0.3415186648771364,
            1.5229502682221039
        ],
        [
            -0.8374709030220627,
            0.11103809873509052,
            0.535082262106218,
            -2.127608108612824
        ],
        [
            0.43202925870017905,
            -0.46507928926919867,
            0.7726913836195086,
            -12.925138344155176
        ],
        [
            0.0,
            0.0,
            0.0,
            1.0
        ]
    ],
    "matrix_probe_in_world_coord": [
        [
            0.3666107414569083,
            0.86146699094876,
            0.3513846720534418,
            0.0
        ],
        [
            -0.8470101273887379,
            0.4653016477635879,
            -0.2570373916172579,
            0.0
        ],
        [
            -0.3849290952231717,
            -0.20339370711548302,
            0.9002558478324322,
            9.893534660339355
        ],
        [
            0.0,
            0.0,
            0.0,
            1.0
        ]
    ],
    "intrinsic_matrix_camera": [
        [
            1.3888888888888888,
            0.0,
            -0.5
        ],
        [
            0.0,
            -1.3888888888888888,
            -0.5
        ],
        [
            0.0,
            0.0,
            -1.0
        ]
    ],
    "extrinsic_matrix_camera": [
        [
            0.9992994091184232,
            -0.023350466715708007,
            0.029248019415487853,
            -1.1935292482376099
        ],
        [
            0.03742580574376642,
            0.623476397606608,
            -0.7809458948556658,
            -8.824317932128906
        ],
        [
            1.3422995317069693e-09,
            0.781493401975759,
            0.6239135057588949,
            19.62041473388672
        ],
        [
            0.0,
            0.0,
            0.0,
            1.0
        ]
    ],
    "matrix_probe_in_cam_coord_pre": [
        [
            0.2096916139125824,
            0.5079662799835205,
            0.3507814109325409,
            1.6378986835479736
        ],
        [
            -0.4973955750465393,
            0.022220268845558167,
            0.5199242830276489,
            -1.904299020767212
        ],
        [
            0.26889047026634216,
            -0.46398723125457764,
            0.8545288443565369,
            -12.146517753601074
        ],
        [
            0.0,
            0.0,
            0.0,
            1.0
        ]
    ]
}