{
    "matrix_probe_in_cam_coord": [
        [
            0.1946917168547808,
            0.14096657704749022,
            -0.9706820074275877,
            -1.8090060865580864
        ],
        [
            0.4225721016279091,
            0.8810170325396821,
            0.21270121603024453,
            0.4658867493765273
        ],
        [
            0.8851711440811375,
            -0.45159430081710145,
            0.1119581759212045,
            -13.063504574095019
        ],
        [
            0.0,
            0.0,
            0.0,
            1.0
        ]
    ],
    "matrix_probe_in_world_coord": [
        [
            0.23198192816684837,
            0.561929937548911,
            -0.7939893766860285,
            0.0
        ],
        [
            0.029049705128641832,
            0.8118904674971206,
            0.5830866002741323,
            0.0
        ],
        [
            0.9722862231030172,
            -0.15833071108784882,
            0.17202001712151396,
            15.914573669433594
        ],
        [
            0.0,
            0.0,
            0.0,
            1.0
        ]
    ],
    "intrinsic_matrix_camera": [
        [
            1.3888888888888888,
            0.0,
            -0.5
        ],
        [
            0.0,
            -1.3888888888888888,
            -0.5
        ],
        [
            0.0,
            0.0,
            -1.0
        ]
    ],
    "extrinsic_matrix_camera": [
        [
            0.8950895017486397,
            0.42421643106349605,
            -0.13731425080858242,
            -0.3722198009490967
        ],
        [
            -0.44588651455204625,
            0.8515881542986988,
            -0.27564983511470387,
            -4.80430793762207
        ],
        [
            1.293885021385422e-10,
            0.30795784626127926,
            0.9514000025888765,
            28.199718475341797
        ],
        [
            0.0,
            0.0,
            0.0,
            1.0
        ]
    ],
    "matrix_probe_in_cam_coord_pre": [
        [
            -0.11297323554754257,
            -0.14281108975410461,
            -0.9414844512939453,
            -1.2479174137115479
        ],
        [
            0.13551996648311615,
            0.24610178172588348,
            0.3289126455783844,
            0.6390290260314941
        ],
        [
            0.15901023149490356,
            -0.13387098908424377,
            0.023758474737405777,
            -11.772408485412598
        ],
        [
            0.0,
            0.0,
            0.0,
            1.0
        ]
    ]
}