{
    "matrix_probe_in_cam_coord": [
        [
            0.6106109132013656,
            -0.6678756444261436,
            -0.42555426946719405,
            -1.6702068304693045
        ],
        [
            0.582423297388284,
            0.014617982401429147,
            0.8127542169991302,
            -0.7999983539282889
        ],
        [
            -0.5365980016164357,
            -0.7441293154908456,
            0.39791223465529785,
            -12.518711780349049
        ],
        [
            0.0,
            0.0,
            0.0,
            1.0
        ]
    ],
    "matrix_probe_in_world_coord": [
        [
            0.7621962076064255,
            -0.4018030671520998,
            -0.5075541708404607,
            0.0
        ],
        [
            0.36193152907723064,
            0.9145636455115483,
            -0.18049627854458544,
            0.0
        ],
        [
            0.5367145511071972,
            -0.04612627814805784,
            0.8425021407058902,
            5.977666854858398
        ],
        [
            0.0,
            0.0,
            0.0,
            1.0
        ]
    ],
    "intrinsic_matrix_camera": [
        [
            1.3888888888888888,
            0.0,
            -0.5
        ],
        [
            0.0,
            -1.3888888888888888,
            -0.5
        ],
        [
            0.0,
            0.0,
            -1.0
        ]
    ],
    "extrinsic_matrix_camera": [
        [
            0.9497516491588271,
            0.02553048562042836,
            -0.31196153484696426,
            -2.2986505031585693
        ],
        [
            -0.31300448067094594,
            0.07746731832925748,
            -0.9465870322747852,
            -12.310858726501465
        ],
        [
            -3.0895018227228825e-09,
            0.9966679531794223,
            0.0815658697320234,
            7.7960991859436035
        ],
        [
            0.0,
            0.0,
            0.0,
            1.0
        ]
    ],
    "matrix_probe_in_cam_coord_pre": [
        [
            0.6449856758117676,
            -0.394814133644104,
            -0.4571213722229004,
            -1.4261587858200073
        ],
        [
            0.6455879211425781,
            0.17437627911567688,
            0.8473250269889832,
            -0.7897858023643494
        ],
        [
            -0.012084946036338806,
            -0.7288201451301575,
            0.29117438197135925,
            -11.46560287475586
        ],
        [
            0.0,
            0.0,
            0.0,
            1.0
        ]
    ]
}