{
    "matrix_probe_in_cam_coord": [
        [
            -0.6326167838914487,
            0.2211746135314205,
            -0.7422114220813818,
            0.15087471185833445
        ],
        [
            -0.5053554209498963,
            0.6083236009719408,
            0.6120116788240926,
            -0.3704250118542891
        ],
        [
            0.5868661715036858,
            0.7622494256014615,
            -0.2730639300875325,
            -12.206585097188643
        ],
        [
            0.0,
            0.0,
            0.0,
            1.0
        ]
    ],
    "matrix_probe_in_world_coord": [
        [
            -0.6979417190545977,
            0.2123311111631109,
            -0.6839538405735812,
            0.0
        ],
        [
            -0.7125337133030596,
            -0.10996984085619885,
            0.6929663350471045,
            0.0
        ],
        [
            0.07192401691831754,
            0.9709902848815228,
            0.22804561485815214,
            3.5630016326904297
        ],
        [
            0.0,
            0.0,
            0.0,
            1.0
        ]
    ],
    "intrinsic_matrix_camera": [
        [
            1.3888888888888888,
            0.0,
            -0.5
        ],
        [
            0.0,
            -1.3888888888888888,
            -0.5
        ],
        [
            0.0,
            0.0,
            -1.0
        ]
    ],
    "extrinsic_matrix_camera": [
        [
            0.996130249754327,
            0.06328691916482437,
            -0.06098599336738772,
            -0.8712785243988037
        ],
        [
            -0.08788927991730318,
            0.717289015120063,
            -0.6912104912859091,
            -8.158357620239258
        ],
        [
            6.307223734778053e-10,
            0.6938956943595448,
            0.7200755275311647,
            12.609701156616211
        ],
        [
            0.0,
            0.0,
            0.0,
            1.0
        ]
    ],
    "matrix_probe_in_cam_coord_pre": [
        [
            -0.5143193006515503,
            0.08584469556808472,
            -0.7887035012245178,
            0.15033334493637085
        ],
        [
            -0.28638333082199097,
            0.573888897895813,
            0.7557400465011597,
            -0.43959662318229675
        ],
        [
            0.6432279944419861,
            0.7957221269607544,
            -0.15899983048439026,
            -11.992463111877441
        ],
        [
            0.0,
            0.0,
            0.0,
            1.0
        ]
    ]
}