{
    "matrix_probe_in_cam_coord": [
        [
            -0.7514391123470647,
            0.20218212226304122,
            0.6280618201039349,
            1.437511575444392
        ],
        [
            -0.37194045236274537,
            -0.9160373823389025,
            -0.15011933271196842,
            1.42971660549054
        ],
        [
            0.544976660354598,
            -0.3464071356004421,
            0.7635460274756495,
            -12.735468479748402
        ],
        [
            0.0,
            0.0,
            0.0,
            1.0
        ]
    ],
    "matrix_probe_in_world_coord": [
        [
            -0.7892700781996456,
            -0.4749909509614991,
            -0.38914822389857506,
            0.0
        ],
        [
            0.57054320582711,
            -0.3329884450587123,
            -0.7507324062153602,
            0.0
        ],
        [
            0.2270092375725023,
            -0.8145565001656245,
            0.5338206759715096,
            5.49435567855835
        ],
        [
            0.0,
            0.0,
            0.0,
            1.0
        ]
    ],
    "intrinsic_matrix_camera": [
        [
            1.3888888888888888,
            0.0,
            -0.5
        ],
        [
            0.0,
            -1.3888888888888888,
            -0.5
        ],
        [
            0.0,
            0.0,
            -1.0
        ]
    ],
    "extrinsic_matrix_camera": [
        [
            0.25264458665135164,
            0.7870896089730958,
            -0.5627260970333143,
            -8.655075073242188
        ],
        [
            -0.967559152112039,
            0.2055212133591583,
            -0.14693644212247572,
            -0.7742640376091003
        ],
        [
            3.477072864687742e-09,
            0.5815934820009238,
            0.8134795766914136,
            15.0228853225708
        ],
        [
            0.0,
            0.0,
            0.0,
            1.0
        ]
    ],
    "matrix_probe_in_cam_coord_pre": [
        [
            -0.30174320936203003,
            0.31667816638946533,
            0.5941615700721741,
            1.3414489030838013
        ],
        [
            -0.29956966638565063,
            -0.13046011328697205,
            0.01741335541009903,
            1.3620868921279907
        ],
        [
            0.038043223321437836,
            -0.1540321260690689,
            0.7119327187538147,
            -12.517749786376953
        ],
        [
            0.0,
            0.0,
            0.0,
            1.0
        ]
    ]
}