{
    "matrix_probe_in_cam_coord": [
        [
            0.8934959126066683,
            0.3556493567163851,
            0.274187142700745,
            1.56250651953959
        ],
        [
            -0.4100032227254531,
            0.39697518551772115,
            0.8211626266689893,
            -1.3191534607615507
        ],
        [
            0.18320046809416093,
            -0.8461230626512863,
            0.5005130880803098,
            -12.428047827968012
        ],
        [
            0.0,
            0.0,
            0.0,
            1.0
        ]
    ],
    "matrix_probe_in_world_coord": [
        [
            0.9842691602844696,
            -0.03844104244497568,
            -0.17244276258703542,
            0.0
        ],
        [
            0.15296831969349406,
            0.673796908119818,
            0.7229096899186805,
            0.0
        ],
        [
            0.08840199818473608,
            -0.7379159930940089,
            0.6690777786274394,
            9.656096458435059
        ],
        [
            0.0,
            0.0,
            0.0,
            1.0
        ]
    ],
    "intrinsic_matrix_camera": [
        [
            1.3888888888888888,
            0.0,
            -0.5
        ],
        [
            0.0,
            -1.3888888888888888,
            -0.5
        ],
        [
            0.0,
            0.0,
            -1.0
        ]
    ],
    "extrinsic_matrix_camera": [
        [
            0.8184873512487462,
            -0.5604172195780237,
            0.12653456384027564,
            -0.4455905258655548
        ],
        [
            0.5745245476442339,
            0.7983895683709896,
            -0.18026547442750437,
            -2.084847927093506
        ],
        [
            1.561262248855377e-10,
            0.22024222373746144,
            0.9754452126507044,
            22.069509506225586
        ],
        [
            0.0,
            0.0,
            0.0,
            1.0
        ]
    ],
    "matrix_probe_in_cam_coord_pre": [
        [
            0.8691383600234985,
            0.333341121673584,
            0.21904312074184418,
            1.860831618309021
        ],
        [
            -0.3846546411514282,
            0.4028249680995941,
            0.874127984046936,
            -1.4233936071395874
        ],
        [
            0.3288813829421997,
            -0.8129320740699768,
            0.5575728416442871,
            -12.550727844238281
        ],
        [
            0.0,
            0.0,
            0.0,
            1.0
        ]
    ]
}