{
    "matrix_probe_in_cam_coord": [
        [
            0.25282101744716334,
            -0.9654158952066397,
            0.06366853555205544,
            1.300897505909273
        ],
        [
            0.38824623322008023,
            0.1615084241561031,
            0.9072926161481927,
            1.1024722162406366
        ],
        [
            -0.8861977180784207,
            -0.20466357323416035,
            0.4156518089262037,
            -11.547141033806291
        ],
        [
            0.0,
            0.0,
            0.0,
            1.0
        ]
    ],
    "matrix_probe_in_world_coord": [
        [
            0.9987450386348024,
            0.023988384511248587,
            0.0439648178764325,
            0.0
        ],
        [
            -0.0215571131114719,
            0.9982556066898084,
            -0.05496393896603438,
            0.0
        ],
        [
            -0.045206622044415085,
            0.05394720679426541,
            0.9975199547890912,
            17.427053451538086
        ],
        [
            0.0,
            0.0,
            0.0,
            1.0
        ]
    ],
    "intrinsic_matrix_camera": [
        [
            1.3888888888888888,
            0.0,
            -0.5
        ],
        [
            0.0,
            -1.3888888888888888,
            -0.5
        ],
        [
            0.0,
            0.0,
            -1.0
        ]
    ],
    "extrinsic_matrix_camera": [
        [
            0.23214414470047431,
            0.4315222800072551,
            -0.8717210665910429,
            -10.843623161315918
        ],
        [
            -0.9726813949496945,
            0.10298884599853449,
            -0.2080485556753676,
            -1.250549554824829
        ],
        [
            -4.041642782871621e-08,
            0.8962041170722383,
            0.44364195083734825,
            21.561809539794922
        ],
        [
            0.0,
            0.0,
            0.0,
            1.0
        ]
    ],
    "matrix_probe_in_cam_coord_pre": [
        [
            0.1889190822839737,
            -0.6074497699737549,
            0.0529986172914505,
            1.2218385934829712
        ],
        [
            0.38984414935112,
            0.0625188872218132,
            0.9629579782485962,
            1.001205325126648
        ],
        [
            -0.6756430268287659,
            -0.18897806107997894,
            0.29971757531166077,
            -11.567872047424316
        ],
        [
            0.0,
            0.0,
            0.0,
            1.0
        ]
    ]
}