{
    "matrix_probe_in_cam_coord": [
        [
            0.11517543158777963,
            -0.5581734774045697,
            0.8216915413223255,
            -0.8720755039911956
        ],
        [
            -0.9510066240877564,
            0.1769661107831781,
            0.25351409541775904,
            -1.2035684560250894
        ],
        [
            -0.28691640054165113,
            -0.8106326941077358,
            -0.51044452621598,
            -12.41989260741082
        ],
        [
            0.0,
            0.0,
            0.0,
            1.0
        ]
    ],
    "matrix_probe_in_world_coord": [
        [
            -0.5932929875588452,
            0.5609195658885257,
            0.5773843360508909,
            0.0
        ],
        [
            -0.1710984385969276,
            0.61300102072781,
            -0.7713333085614523,
            0.0
        ],
        [
            -0.786593131945095,
            -0.5564162014087036,
            -0.2677167450622307,
            8.20863151550293
        ],
        [
            0.0,
            0.0,
            0.0,
            1.0
        ]
    ],
    "intrinsic_matrix_camera": [
        [
            1.3888888888888888,
            0.0,
            -0.5
        ],
        [
            0.0,
            -1.3888888888888888,
            -0.5
        ],
        [
            0.0,
            0.0,
            -1.0
        ]
    ],
    "extrinsic_matrix_camera": [
        [
            0.0930086244886709,
            0.8098643828930825,
            -0.5791969242769961,
            -6.137725830078125
        ],
        [
            -0.9956653030866974,
            0.07565228903552552,
            -0.05410485553959463,
            -1.4492191076278687
        ],
        [
            -2.231920248351203e-08,
            0.5817184993490342,
            0.8133901815949757,
            19.010988235473633
        ],
        [
            0.0,
            0.0,
            0.0,
            1.0
        ]
    ],
    "matrix_probe_in_cam_coord_pre": [
        [
            0.09328299015760422,
            0.1922684758901596,
            0.8378671407699585,
            -0.9250297546386719
        ],
        [
            -0.3925666809082031,
            -0.05142813175916672,
            0.19303937256336212,
            -1.3402799367904663
        ],
        [
            0.1577177494764328,
            -0.7840911149978638,
            -0.43328309059143066,
            -12.580538749694824
        ],
        [
            0.0,
            0.0,
            0.0,
            1.0
        ]
    ]
}