{
    "matrix_probe_in_cam_coord": [
        [
            -0.7833172888233612,
            0.4587265713295651,
            -0.41950441926949966,
            1.4557793770798213
        ],
        [
            -0.6153533596322952,
            -0.6678195132529247,
            0.4187568990570467,
            -1.939713104700751
        ],
        [
            -0.08805832055896826,
            0.5861629726235253,
            0.8053935073648695,
            -15.212199839704923
        ],
        [
            0.0,
            0.0,
            0.0,
            1.0
        ]
    ],
    "matrix_probe_in_world_coord": [
        [
            0.8607152496784753,
            0.11016295919216104,
            0.49702452795907964,
            0.0
        ],
        [
            -0.12091060707424577,
            0.9926065788777811,
            -0.01062095407599829,
            0.0
        ],
        [
            -0.49451985204626214,
            -0.05095392026697627,
            0.8676714896443063,
            3.6265673637390137
        ],
        [
            0.0,
            0.0,
            0.0,
            1.0
        ]
    ],
    "intrinsic_matrix_camera": [
        [
            1.3888888888888888,
            0.0,
            -0.5
        ],
        [
            0.0,
            -1.3888888888888888,
            -0.5
        ],
        [
            0.0,
            0.0,
            -1.0
        ]
    ],
    "extrinsic_matrix_camera": [
        [
            -0.8321824452334978,
            -0.3950805442791739,
            0.3890806360862335,
            6.363903522491455
        ],
        [
            0.5545019187028989,
            -0.5929268918733857,
            0.5839223604625622,
            6.925403118133545
        ],
        [
            8.254401239302191e-09,
            0.7016758969962117,
            0.7124962705688793,
            15.826252937316895
        ],
        [
            0.0,
            0.0,
            0.0,
            1.0
        ]
    ],
    "matrix_probe_in_cam_coord_pre": [
        [
            -0.6450406312942505,
            0.32240283489227295,
            -0.23148229718208313,
            1.098388671875
        ],
        [
            -0.4268059730529785,
            -0.4502236545085907,
            0.26289206743240356,
            -1.4297466278076172
        ],
        [
            0.08560754358768463,
            0.259005606174469,
            0.9051498770713806,
            -13.283358573913574
        ],
        [
            0.0,
            0.0,
            0.0,
            1.0
        ]
    ]
}