{
    "matrix_probe_in_cam_coord": [
        [
            -0.6630648295203725,
            0.17886167872284686,
            -0.7268793102968084,
            0.22091180600575552
        ],
        [
            -0.7174231985391418,
            -0.42899720880478004,
            0.5488764424126568,
            1.13295788502981
        ],
        [
            -0.21365623335392273,
            0.8854207444611586,
            0.41277247876628237,
            -11.415340616796804
        ],
        [
            0.0,
            0.0,
            0.0,
            1.0
        ]
    ],
    "matrix_probe_in_world_coord": [
        [
            0.5294734435166052,
            -0.5954753238050543,
            0.6042077551223037,
            0.0
        ],
        [
            0.4254235158608017,
            0.802583167310848,
            0.4181806926460394,
            0.0
        ],
        [
            -0.7339432571822581,
            0.03562861614703515,
            0.678275679166034,
            5.207386493682861
        ],
        [
            0.0,
            0.0,
            0.0,
            1.0
        ]
    ],
    "intrinsic_matrix_camera": [
        [
            1.3888888888888888,
            0.0,
            -0.5
        ],
        [
            0.0,
            -1.3888888888888888,
            -0.5
        ],
        [
            0.0,
            0.0,
            -1.0
        ]
    ],
    "extrinsic_matrix_camera": [
        [
            -0.8967690509339888,
            0.2072361235449422,
            -0.39097117334276554,
            -4.499752044677734
        ],
        [
            -0.44249889184827723,
            -0.4199851072274588,
            0.7923428805890711,
            9.61844253540039
        ],
        [
            -3.067494650720648e-09,
            0.8835528839889584,
            0.4683314010343473,
            9.552520751953125
        ],
        [
            0.0,
            0.0,
            0.0,
            1.0
        ]
    ],
    "matrix_probe_in_cam_coord_pre": [
        [
            -0.3933791220188141,
            0.110432930290699,
            -0.6995378732681274,
            0.4779846668243408
        ],
        [
            -0.629831850528717,
            -0.10915852338075638,
            0.6009454727172852,
            0.9995529651641846
        ],
        [
            0.08214151114225388,
            0.8560929298400879,
            0.5597801208496094,
            -11.239846229553223
        ],
        [
            0.0,
            0.0,
            0.0,
            1.0
        ]
    ]
}