{
    "matrix_probe_in_cam_coord": [
        [
            0.5995238616075104,
            0.7613503541475269,
            0.24681324438257837,
            0.4539740189686865
        ],
        [
            -0.7934589606036638,
            0.6057898149679426,
            0.058664963298882745,
            1.6191123280039492
        ],
        [
            -0.10485235906250365,
            -0.2310072256890277,
            0.9672857098492079,
            -11.018615801487664
        ],
        [
            0.0,
            0.0,
            0.0,
            1.0
        ]
    ],
    "matrix_probe_in_world_coord": [
        [
            -0.9175516860899121,
            -0.3121055371077773,
            -0.24635145029048458,
            0.0
        ],
        [
            0.3383360774640881,
            -0.9383131346330214,
            -0.07139439796908412,
            0.0
        ],
        [
            -0.20887221461882813,
            -0.14885763360277918,
            0.9665473619427073,
            14.275293350219727
        ],
        [
            0.0,
            0.0,
            0.0,
            1.0
        ]
    ],
    "intrinsic_matrix_camera": [
        [
            1.3888888888888888,
            0.0,
            -0.5
        ],
        [
            0.0,
            -1.3888888888888888,
            -0.5
        ],
        [
            0.0,
            0.0,
            -1.0
        ]
    ],
    "extrinsic_matrix_camera": [
        [
            -0.8485185919820646,
            0.5245170527801324,
            -0.06998614436885661,
            -1.2351970672607422
        ],
        [
            -0.5291655686652096,
            -0.8410646823073065,
            0.11222299726230343,
            2.838547706604004
        ],
        [
            1.4986705910425554e-09,
            0.13225755750864826,
            0.9912153845062366,
            24.982975006103516
        ],
        [
            0.0,
            0.0,
            0.0,
            1.0
        ]
    ]
}