{
    "matrix_probe_in_cam_coord": [
        [
            -0.9478182454465615,
            -0.02402517160559406,
            -0.3179046472260568,
            1.1800720596194125
        ],
        [
            -0.08810260774251306,
            -0.9385866125271809,
            0.3336062069172587,
            0.8780129122690532
        ],
        [
            -0.30639599231643144,
            0.3442062781444782,
            0.8874928360152297,
            -15.144971487655493
        ],
        [
            0.0,
            0.0,
            0.0,
            1.0
        ]
    ],
    "matrix_probe_in_world_coord": [
        [
            0.8940377746994012,
            -0.4350066259385871,
            0.10707797532671733,
            0.0
        ],
        [
            0.3442384380233144,
            0.8200330971430622,
            0.45721506687468877,
            0.0
        ],
        [
            -0.2866990673124202,
            -0.37190718597451644,
            0.8828865667925324,
            14.492342948913574
        ],
        [
            0.0,
            0.0,
            0.0,
            1.0
        ]
    ],
    "intrinsic_matrix_camera": [
        [
            1.3888888888888888,
            0.0,
            -0.5
        ],
        [
            0.0,
            -1.3888888888888888,
            -0.5
        ],
        [
            0.0,
            0.0,
            -1.0
        ]
    ],
    "extrinsic_matrix_camera": [
        [
            -0.87097479211271,
            0.36524621328837215,
            -0.32863066683242825,
            -4.269979953765869
        ],
        [
            -0.49132770276488735,
            -0.6474706066772566,
            0.5825623588808011,
            9.971179962158203
        ],
        [
            -1.6411894415294822e-09,
            0.668862480011766,
            0.743386159968364,
            25.16363525390625
        ],
        [
            0.0,
            0.0,
            0.0,
            1.0
        ]
    ]
}