{
    "matrix_probe_in_cam_coord": [
        [
            0.25935961468025753,
            -0.9657295359604618,
            0.009952569843952815,
            0.21565952084573392
        ],
        [
            -0.9252562788172649,
            -0.2455097486098305,
            0.2891812266499423,
            -1.3401683758796272
        ],
        [
            -0.27682739890071534,
            -0.08421060925517805,
            -0.9572226305863938,
            -12.097583463517202
        ],
        [
            0.0,
            0.0,
            0.0,
            1.0
        ]
    ],
    "matrix_probe_in_world_coord": [
        [
            0.24312773375534016,
            -0.9633298962030965,
            0.11350954215537819,
            0.0
        ],
        [
            -0.1677887742942953,
            0.07348972643522722,
            0.9830799496120819,
            0.0
        ],
        [
            -0.9553720910199389,
            -0.25805962719845704,
            -0.1437685518824716,
            6.400486946105957
        ],
        [
            0.0,
            0.0,
            0.0,
            1.0
        ]
    ],
    "intrinsic_matrix_camera": [
        [
            1.3888888888888888,
            0.0,
            -0.5
        ],
        [
            0.0,
            -1.3888888888888888,
            -0.5
        ],
        [
            0.0,
            0.0,
            -1.0
        ]
    ],
    "extrinsic_matrix_camera": [
        [
            0.9945033606281826,
            0.04437624707038118,
            -0.09483572320175461,
            -1.3022855520248413
        ],
        [
            -0.10470465939609054,
            0.4214934383921171,
            -0.9007664601288946,
            -10.30964469909668
        ],
        [
            6.73181429998476e-11,
            0.905745013835759,
            0.4238230407984693,
            12.741572380065918
        ],
        [
            0.0,
            0.0,
            0.0,
            1.0
        ]
    ]
}