{
    "matrix_probe_in_cam_coord": [
        [
            0.49171345334468775,
            -0.7739913807890978,
            -0.3989426302916588,
            0.007984523021573492
        ],
        [
            0.19872303540745065,
            -0.34631768625160436,
            0.9168278002917363,
            -1.2514780063811113
        ],
        [
            -0.8477777037633688,
            -0.5300956542488543,
            -0.016479148891504973,
            -11.412913978837544
        ],
        [
            0.0,
            0.0,
            0.0,
            1.0
        ]
    ],
    "matrix_probe_in_world_coord": [
        [
            0.9152746922044168,
            0.3848859648298099,
            -0.11889084021545204,
            0.0
        ],
        [
            -0.3153836299592797,
            0.868278192844089,
            0.38291793609742386,
            0.0
        ],
        [
            0.25061006317348455,
            -0.31297887134506225,
            0.916099788411586,
            14.454320907592773
        ],
        [
            0.0,
            0.0,
            0.0,
            1.0
        ]
    ],
    "intrinsic_matrix_camera": [
        [
            1.3888888888888888,
            0.0,
            -0.5
        ],
        [
            0.0,
            -1.3888888888888888,
            -0.5
        ],
        [
            0.0,
            0.0,
            -1.0
        ]
    ],
    "extrinsic_matrix_camera": [
        [
            0.19958508481099904,
            -0.060409079253663574,
            -0.978016634349698,
            -11.239213943481445
        ],
        [
            -0.9798804998166794,
            -0.01230427798736466,
            -0.19920544877644336,
            -2.2810893058776855
        ],
        [
            2.9197592273578e-08,
            0.9980978648844683,
            -0.06164942913819154,
            14.999818801879883
        ],
        [
            0.0,
            0.0,
            0.0,
            1.0
        ]
    ]
}