{
    "matrix_probe_in_cam_coord": [
        [
            -0.6673305263759882,
            0.4472304246357258,
            -0.5955291057932391,
            0.02613201810349727
        ],
        [
            0.6803980227160619,
            0.6912783343322624,
            -0.24329569492057723,
            -1.688671384397594
        ],
        [
            0.30286713134775806,
            -0.5675554702079448,
            -0.7656058313428773,
            -9.708201889345153
        ],
        [
            0.0,
            0.0,
            0.0,
            1.0
        ]
    ],
    "matrix_probe_in_world_coord": [
        [
            -0.6934671885978879,
            -0.6319664361109365,
            -0.34600821083810035,
            0.0
        ],
        [
            -0.4331195185010765,
            0.7494362499388331,
            -0.5007522241298735,
            0.0
        ],
        [
            0.5757696944365319,
            -0.19739232737586582,
            -0.7934264477956365,
            13.336482048034668
        ],
        [
            0.0,
            0.0,
            0.0,
            1.0
        ]
    ],
    "intrinsic_matrix_camera": [
        [
            1.3888888888888888,
            0.0,
            -0.5
        ],
        [
            0.0,
            -1.3888888888888888,
            -0.5
        ],
        [
            0.0,
            0.0,
            -1.0
        ]
    ],
    "extrinsic_matrix_camera": [
        [
            0.38619516681161714,
            -0.8245161011450521,
            0.41355349361831006,
            2.6124320030212402
        ],
        [
            0.9224170928226273,
            0.3452062389107706,
            -0.17314548647230987,
            -1.122096061706543
        ],
        [
            -4.683373874995463e-09,
            0.4483367613408948,
            0.8938647260242222,
            22.771394729614258
        ],
        [
            0.0,
            0.0,
            0.0,
            1.0
        ]
    ]
}