{
    "matrix_probe_in_cam_coord": [
        [
            -0.8334231364320575,
            -0.4872238429198219,
            0.2608041459605118,
            -0.40759778038064237
        ],
        [
            0.4158513026230231,
            -0.24209558289074737,
            0.8766170331744206,
            -0.2309647219222284
        ],
        [
            -0.36396918793558075,
            0.839048661065155,
            0.4043807297563571,
            -13.759794384184028
        ],
        [
            0.0,
            0.0,
            0.0,
            1.0
        ]
    ],
    "matrix_probe_in_world_coord": [
        [
            0.21616256220389704,
            0.8455410801762067,
            -0.48819466244101833,
            0.0
        ],
        [
            -0.9760381605382149,
            0.17435379148889446,
            -0.1301931817209519,
            0.0
        ],
        [
            -0.024965093122678306,
            0.504639512055785,
            0.8629691228528835,
            4.621233940124512
        ],
        [
            0.0,
            0.0,
            0.0,
            1.0
        ]
    ],
    "intrinsic_matrix_camera": [
        [
            1.3888888888888888,
            0.0,
            -0.5
        ],
        [
            0.0,
            -1.3888888888888888,
            -0.5
        ],
        [
            0.0,
            0.0,
            -1.0
        ]
    ],
    "extrinsic_matrix_camera": [
        [
            -0.719445847001601,
            -0.5427700341931436,
            0.43335708510894694,
            5.544299125671387
        ],
        [
            0.6945485391476606,
            -0.5622265839490712,
            0.448891518152002,
            6.329896926879883
        ],
        [
            8.934555911513444e-09,
            0.623940668880409,
            0.7814717152380298,
            15.518232345581055
        ],
        [
            0.0,
            0.0,
            0.0,
            1.0
        ]
    ]
}