{
    "matrix_probe_in_cam_coord": [
        [
            -0.8787939591803129,
            -0.47678060040791875,
            -0.020035877391694924,
            -2.0307696826862
        ],
        [
            0.42690998562701404,
            -0.8042474467246015,
            0.41344154194868027,
            -0.9221038332592117
        ],
        [
            -0.21323470983902537,
            0.35477641340938115,
            0.9103101971351538,
            -11.47388453499507
        ],
        [
            0.0,
            0.0,
            0.0,
            1.0
        ]
    ],
    "matrix_probe_in_world_coord": [
        [
            0.7133617389721616,
            -0.6992387853536769,
            -0.04669208099590748,
            0.0
        ],
        [
            0.7007428620921163,
            0.712543088646626,
            0.03523901316546439,
            0.0
        ],
        [
            0.008629634845280789,
            -0.05785730618548769,
            0.9982875645441026,
            11.380319595336914
        ],
        [
            0.0,
            0.0,
            0.0,
            1.0
        ]
    ],
    "intrinsic_matrix_camera": [
        [
            1.3888888888888888,
            0.0,
            -0.5
        ],
        [
            0.0,
            -1.3888888888888888,
            -0.5
        ],
        [
            0.0,
            0.0,
            -1.0
        ]
    ],
    "extrinsic_matrix_camera": [
        [
            -0.2925789821996717,
            0.8475978115392325,
            -0.44269118926053597,
            -4.891974925994873
        ],
        [
            -0.9562413603139136,
            -0.2593375626014527,
            0.1354492135412142,
            -0.6269134879112244
        ],
        [
            2.964277550252671e-09,
            0.4629492180551136,
            0.8863848044174487,
            21.97748374938965
        ],
        [
            0.0,
            0.0,
            0.0,
            1.0
        ]
    ]
}