{
    "matrix_probe_in_cam_coord": [
        [
            0.6749323718838439,
            0.11740364373416996,
            -0.7284797030948694,
            -1.7768575638152257
        ],
        [
            -0.6828238651348146,
            -0.27482070261961367,
            -0.6769232974377632,
            -0.09102933834362226
        ],
        [
            -0.27967456549640224,
            0.9543007732626032,
            -0.10531937886636347,
            -9.613101427671335
        ],
        [
            0.0,
            0.0,
            0.0,
            1.0
        ]
    ],
    "matrix_probe_in_world_coord": [
        [
            -0.19037183227299123,
            0.671358492853715,
            0.7162655510006136,
            0.0
        ],
        [
            0.689885258960575,
            0.6105682727781613,
            -0.3889276459003568,
            0.0
        ],
        [
            -0.6984388985057495,
            0.42010017656492515,
            -0.5793953285143005,
            6.233702659606934
        ],
        [
            0.0,
            0.0,
            0.0,
            1.0
        ]
    ],
    "intrinsic_matrix_camera": [
        [
            1.3888888888888888,
            0.0,
            -0.5
        ],
        [
            0.0,
            -1.3888888888888888,
            -0.5
        ],
        [
            0.0,
            0.0,
            -1.0
        ]
    ],
    "extrinsic_matrix_camera": [
        [
            -0.5714530949129862,
            -0.5393696210146739,
            0.6184834454056602,
            4.881054878234863
        ],
        [
            0.8206347301414737,
            -0.37559273621755407,
            0.430684032889822,
            5.5641703605651855
        ],
        [
            5.968317597393364e-09,
            0.7536647188419382,
            0.657259074926244,
            12.620606422424316
        ],
        [
            0.0,
            0.0,
            0.0,
            1.0
        ]
    ]
}