{
    "matrix_probe_in_cam_coord": [
        [
            0.12758929266701763,
            -0.9814046875354044,
            0.14340785083203944,
            -0.04631657646713434
        ],
        [
            0.4293236444414406,
            -0.07569366300006437,
            -0.899973153880243,
            -2.1469020081440418
        ],
        [
            0.8940929374065365,
            0.17639531928361096,
            0.41168253620305945,
            -14.315589897205044
        ],
        [
            0.0,
            0.0,
            0.0,
            1.0
        ]
    ],
    "matrix_probe_in_world_coord": [
        [
            0.10596572738907777,
            -0.9713427580296309,
            0.21275457936856046,
            0.0
        ],
        [
            0.2989529217752808,
            -0.17294021018676886,
            -0.9384662137032843,
            0.0
        ],
        [
            0.9483661820103698,
            0.1630488580884443,
            0.2720600203909569,
            7.868344306945801
        ],
        [
            0.0,
            0.0,
            0.0,
            1.0
        ]
    ],
    "intrinsic_matrix_camera": [
        [
            1.3888888888888888,
            0.0,
            -0.5
        ],
        [
            0.0,
            -1.3888888888888888,
            -0.5
        ],
        [
            0.0,
            0.0,
            -1.0
        ]
    ],
    "extrinsic_matrix_camera": [
        [
            0.9973111051202869,
            -0.07245532614437286,
            0.010990237352524898,
            0.047969281673431396
        ],
        [
            0.07328410198502998,
            0.9860324340386135,
            -0.1495642986147931,
            -0.020791880786418915
        ],
        [
            -4.516830049253754e-10,
            0.149967545613042,
            0.9886909199860188,
            22.344003677368164
        ],
        [
            0.0,
            0.0,
            0.0,
            1.0
        ]
    ]
}