{
    "matrix_probe_in_cam_coord": [
        [
            -0.9562584798862331,
            -0.2506714009216162,
            -0.15077655124609027,
            -0.7288111162980617
        ],
        [
            0.248180921996283,
            -0.9680657452412249,
            0.03542517251372279,
            -0.06749020815598428
        ],
        [
            -0.15484169206885284,
            -0.0035442418859944406,
            0.9879329373731338,
            -13.400246436176856
        ],
        [
            0.0,
            0.0,
            0.0,
            1.0
        ]
    ],
    "matrix_probe_in_world_coord": [
        [
            -0.7283774573047636,
            0.08439687438333134,
            0.6799584158495072,
            0.0
        ],
        [
            -0.6576021083629546,
            -0.3648030733265162,
            -0.6591495921019183,
            0.0
        ],
        [
            0.19242075451167995,
            -0.927251791740438,
            0.32121389750025325,
            4.410823345184326
        ],
        [
            0.0,
            0.0,
            0.0,
            1.0
        ]
    ],
    "intrinsic_matrix_camera": [
        [
            1.3888888888888888,
            0.0,
            -0.5
        ],
        [
            0.0,
            -1.3888888888888888,
            -0.5
        ],
        [
            0.0,
            0.0,
            -1.0
        ]
    ],
    "extrinsic_matrix_camera": [
        [
            0.572839452438034,
            -0.23838346782750772,
            0.7842373900784283,
            10.910377502441406
        ],
        [
            0.8196675922168042,
            0.166598573473345,
            -0.5480784191939626,
            -6.735759258270264
        ],
        [
            3.757349927965001e-09,
            0.9567749147961488,
            0.29082943870389383,
            8.37258243560791
        ],
        [
            0.0,
            0.0,
            0.0,
            1.0
        ]
    ]
}