{
    "matrix_probe_in_cam_coord": [
        [
            -0.5014026740456582,
            0.8633193604457626,
            0.057227968157037526,
            0.9327213519955228
        ],
        [
            -0.658709531727801,
            -0.4237799258794927,
            0.62170115588803,
            0.878506933955054
        ],
        [
            0.5609787083934686,
            0.27402601391307907,
            0.7811610796936215,
            -10.797199412528958
        ],
        [
            0.0,
            0.0,
            0.0,
            1.0
        ]
    ],
    "matrix_probe_in_world_coord": [
        [
            0.8938669494163818,
            -0.4432531853096155,
            0.06729405957386922,
            0.0
        ],
        [
            0.42303880409093764,
            0.883585489512557,
            0.20078558951320294,
            0.0
        ],
        [
            -0.1484589066858605,
            -0.1510076039003826,
            0.9773211634820481,
            5.795229911804199
        ],
        [
            0.0,
            0.0,
            0.0,
            1.0
        ]
    ],
    "intrinsic_matrix_camera": [
        [
            1.3888888888888888,
            0.0,
            -0.5
        ],
        [
            0.0,
            -1.3888888888888888,
            -0.5
        ],
        [
            0.0,
            0.0,
            -1.0
        ]
    ],
    "extrinsic_matrix_camera": [
        [
            -0.8270052328370021,
            -0.35912008303919263,
            0.43254492346823326,
            5.757128715515137
        ],
        [
            0.562194223431917,
            -0.5282768527132395,
            0.6362870594528687,
            6.809842586517334
        ],
        [
            9.199409437853527e-09,
            0.7693869851026323,
            0.6387829577835356,
            12.016385078430176
        ],
        [
            0.0,
            0.0,
            0.0,
            1.0
        ]
    ]
}