{
    "matrix_probe_in_cam_coord": [
        [
            0.8266439626047593,
            -0.42864017101901414,
            -0.3645920499378601,
            -0.2368128984119515
        ],
        [
            0.5484480723128089,
            0.46867726889129396,
            0.692492837219968,
            -0.08569526465597033
        ],
        [
            -0.125954241951055,
            -0.772404830003922,
            0.6225161102502867,
            -9.738015391761406
        ],
        [
            0.0,
            0.0,
            0.0,
            1.0
        ]
    ],
    "matrix_probe_in_world_coord": [
        [
            -0.5036707210464775,
            0.7441180859440762,
            0.4388668122921182,
            0.0
        ],
        [
            -0.8434683102598624,
            -0.533398843113013,
            -0.06361512204713245,
            0.0
        ],
        [
            0.18675388710250074,
            -0.4022113229841041,
            0.8962974045011414,
            13.52252197265625
        ],
        [
            0.0,
            0.0,
            0.0,
            1.0
        ]
    ],
    "intrinsic_matrix_camera": [
        [
            1.3888888888888888,
            0.0,
            -0.5
        ],
        [
            0.0,
            -1.3888888888888888,
            -0.5
        ],
        [
            0.0,
            0.0,
            -1.0
        ]
    ],
    "extrinsic_matrix_camera": [
        [
            -0.8953226150545448,
            0.3764261202203961,
            -0.2381192789080956,
            -2.498575210571289
        ],
        [
            -0.445418247237236,
            -0.7566434981954601,
            0.47863681603763564,
            4.4906511306762695
        ],
        [
            -4.525111219191616e-09,
            0.5345970376408355,
            0.84510709815126,
            21.79800033569336
        ],
        [
            0.0,
            0.0,
            0.0,
            1.0
        ]
    ]
}