{
    "matrix_probe_in_cam_coord": [
        [
            0.5524957875347418,
            0.796111695614741,
            0.2468897990233447,
            1.5391875981637966
        ],
        [
            -0.4361770118172952,
            0.023736358037175057,
            0.8995477750899429,
            -0.631046927214008
        ],
        [
            0.7102802398479776,
            -0.6046840112096178,
            0.3603598582929933,
            -13.962998359224837
        ],
        [
            0.0,
            0.0,
            0.0,
            1.0
        ]
    ],
    "matrix_probe_in_world_coord": [
        [
            0.7340116096186935,
            0.6702440078073615,
            -0.10954417804383888,
            0.0
        ],
        [
            -0.2853191615963078,
            0.4507090072426166,
            0.8458453563248751,
            0.0
        ],
        [
            0.6162953293437771,
            -0.5896052584472942,
            0.522059102248342,
            3.704920530319214
        ],
        [
            0.0,
            0.0,
            0.0,
            1.0
        ]
    ],
    "intrinsic_matrix_camera": [
        [
            1.3888888888888888,
            0.0,
            -0.5
        ],
        [
            0.0,
            -1.3888888888888888,
            -0.5
        ],
        [
            0.0,
            0.0,
            -1.0
        ]
    ],
    "extrinsic_matrix_camera": [
        [
            0.9120820757456408,
            -0.4027900604144897,
            0.07659278252429985,
            -0.5885799527168274
        ],
        [
            0.4100076671277294,
            0.8960261580379851,
            -0.17038438017660107,
            -2.444720983505249
        ],
        [
            -1.873668797014835e-09,
            0.18680816722771845,
            0.9823964111584593,
            17.54000473022461
        ],
        [
            0.0,
            0.0,
            0.0,
            1.0
        ]
    ]
}