{
    "matrix_probe_in_cam_coord": [
        [
            0.7312789179174694,
            -0.6298849447608269,
            0.26167938507476113,
            2.479756576640076
        ],
        [
            -0.6729047732315855,
            -0.603526845935222,
            0.4277318229891613,
            -0.16603279818104077
        ],
        [
            -0.1114913017755366,
            -0.48887657194749345,
            -0.8651990447459262,
            -10.488891737074562
        ],
        [
            0.0,
            0.0,
            0.0,
            1.0
        ]
    ],
    "matrix_probe_in_world_coord": [
        [
            -0.7977387309191512,
            0.38526765601189905,
            0.46387686989394,
            0.0
        ],
        [
            -0.23838674530779497,
            0.5051149461704912,
            -0.8294761303477864,
            0.0
        ],
        [
            -0.5538814646231256,
            -0.7722873327889554,
            -0.3111070535373033,
            15.900032043457031
        ],
        [
            0.0,
            0.0,
            0.0,
            1.0
        ]
    ],
    "intrinsic_matrix_camera": [
        [
            1.3888888888888888,
            0.0,
            -0.5
        ],
        [
            0.0,
            -1.3888888888888888,
            -0.5
        ],
        [
            0.0,
            0.0,
            -1.0
        ]
    ],
    "extrinsic_matrix_camera": [
        [
            -0.704656798088349,
            0.5026977257557276,
            -0.5007532260783699,
            -3.4215047359466553
        ],
        [
            -0.7095483048446211,
            -0.4992321888639126,
            0.49730114085357946,
            6.89275598526001
        ],
        [
            2.338705289421754e-08,
            0.705735232308949,
            0.7084756748667053,
            23.448331832885742
        ],
        [
            0.0,
            0.0,
            0.0,
            1.0
        ]
    ]
}