{
    "matrix_probe_in_cam_coord": [
        [
            0.8060809643467995,
            0.5121496601706984,
            0.2965403927035421,
            -0.8014188994088229
        ],
        [
            -0.06571476631326319,
            0.5754394859065388,
            -0.815199955561831,
            0.2290497413179362
        ],
        [
            -0.5881454313400098,
            0.6376300837057927,
            0.497506610958304,
            -11.290779764796323
        ],
        [
            0.0,
            0.0,
            0.0,
            1.0
        ]
    ],
    "matrix_probe_in_world_coord": [
        [
            0.10070685284004723,
            0.21282477812634112,
            0.9718866927818935,
            0.0
        ],
        [
            0.8630668780647678,
            0.46727454270676977,
            -0.19175522346396243,
            0.0
        ],
        [
            -0.49494817282073894,
            0.8581142788426567,
            -0.13662426822405715,
            4.623136520385742
        ],
        [
            0.0,
            0.0,
            0.0,
            1.0
        ]
    ],
    "intrinsic_matrix_camera": [
        [
            1.3888888888888888,
            0.0,
            -0.5
        ],
        [
            0.0,
            -1.3888888888888888,
            -0.5
        ],
        [
            0.0,
            0.0,
            -1.0
        ]
    ],
    "extrinsic_matrix_camera": [
        [
            0.4783796763878362,
            -0.6764321351542677,
            0.5599932604502557,
            6.861079692840576
        ],
        [
            0.8781531103509621,
            0.36849083407422406,
            -0.30506002685408334,
            -2.8249998092651367
        ],
        [
            2.1695866916831385e-08,
            0.6376943403652893,
            0.7702895093833736,
            13.17424201965332
        ],
        [
            0.0,
            0.0,
            0.0,
            1.0
        ]
    ]
}