{
    "matrix_probe_in_cam_coord": [
        [
            -0.17883002246359106,
            0.9644940764047956,
            0.19434762577847942,
            -1.7530327758168325
        ],
        [
            -0.7446647595789028,
            -0.26178441699166716,
            0.6139570952938227,
            -0.7131693506746988
        ],
        [
            0.6430351614857204,
            -0.03492986688198646,
            0.7650396626924908,
            -10.62122716665526
        ],
        [
            0.0,
            0.0,
            0.0,
            1.0
        ]
    ],
    "matrix_probe_in_world_coord": [
        [
            0.3600336639732785,
            0.9326580596953175,
            -0.0229064290395036,
            0.0
        ],
        [
            -0.8584574622092083,
            0.34080353838558713,
            0.3832802288159269,
            0.0
        ],
        [
            0.3652759865954809,
            -0.11832959016758716,
            0.9233480176550274,
            15.238789558410645
        ],
        [
            0.0,
            0.0,
            0.0,
            1.0
        ]
    ],
    "intrinsic_matrix_camera": [
        [
            1.3888888888888888,
            0.0,
            -0.5
        ],
        [
            0.0,
            -1.3888888888888888,
            -0.5
        ],
        [
            0.0,
            0.0,
            -1.0
        ]
    ],
    "extrinsic_matrix_camera": [
        [
            0.8307065355724428,
            -0.5263232928695387,
            0.1814123566359122,
            3.0077199935913086
        ],
        [
            0.5567105637198109,
            0.7853635800671451,
            -0.2706979780990011,
            -1.3391156196594238
        ],
        [
            -6.669805194062649e-09,
            0.3258647549016043,
            0.945416395834617,
            25.51266860961914
        ],
        [
            0.0,
            0.0,
            0.0,
            1.0
        ]
    ]
}