{
    "matrix_probe_in_cam_coord": [
        [
            0.5320619936841221,
            -0.8467044018579916,
            -0.001300288882515752,
            -0.38509624378805213
        ],
        [
            0.6313536860316572,
            0.39571318010590406,
            0.6669359806043698,
            0.18649883151705593
        ],
        [
            -0.5641830890864393,
            -0.35567222967891815,
            0.7451138886265037,
            -12.791247529963153
        ],
        [
            0.0,
            0.0,
            0.0,
            1.0
        ]
    ],
    "matrix_probe_in_world_coord": [
        [
            -0.2574612899348291,
            0.9550483297320519,
            0.14695704154994327,
            0.0
        ],
        [
            -0.8886903379310265,
            -0.17431788746551813,
            -0.42407871601578523,
            0.0
        ],
        [
            -0.3793984283746204,
            -0.23978315617569307,
            0.8936223310556263,
            12.40499210357666
        ],
        [
            0.0,
            0.0,
            0.0,
            1.0
        ]
    ],
    "intrinsic_matrix_camera": [
        [
            1.3888888888888888,
            0.0,
            -0.5
        ],
        [
            0.0,
            -1.3888888888888888,
            -0.5
        ],
        [
            0.0,
            0.0,
            -1.0
        ]
    ],
    "extrinsic_matrix_camera": [
        [
            -0.9458200785977967,
            0.3133870159151112,
            -0.08492913032098938,
            -1.5090276002883911
        ],
        [
            -0.32469120548801095,
            -0.9128911605112254,
            0.2473971506287211,
            3.2097339630126953
        ],
        [
            2.4414990935633586e-09,
            0.26156893415749843,
            0.9651847971677291,
            24.70212745666504
        ],
        [
            0.0,
            0.0,
            0.0,
            1.0
        ]
    ]
}