{
    "matrix_probe_in_cam_coord": [
        [
            -0.8249144044094779,
            -0.5517077766627887,
            -0.12302339032703316,
            -0.6373948419390002
        ],
        [
            0.01513750369400972,
            -0.2391247231516519,
            0.9708708579206397,
            0.22721322762269303
        ],
        [
            -0.56505493660322,
            0.7990230884945988,
            0.20560890708547316,
            -13.869267435068569
        ],
        [
            0.0,
            0.0,
            0.0,
            1.0
        ]
    ],
    "matrix_probe_in_world_coord": [
        [
            -0.696402819057525,
            -0.7144232151183131,
            -0.06798958235453811,
            0.0
        ],
        [
            0.6776633134341178,
            -0.6858240219187325,
            0.26536360825234917,
            0.0
        ],
        [
            -0.23621081100200403,
            0.13872591920483454,
            0.9617481853929067,
            16.278730392456055
        ],
        [
            0.0,
            0.0,
            0.0,
            1.0
        ]
    ],
    "intrinsic_matrix_camera": [
        [
            1.3888888888888888,
            0.0,
            -0.5
        ],
        [
            0.0,
            -1.3888888888888888,
            -0.5
        ],
        [
            0.0,
            0.0,
            -1.0
        ]
    ],
    "extrinsic_matrix_camera": [
        [
            0.9769898692493006,
            0.09428534913206121,
            -0.19131405678433663,
            -2.0520803928375244
        ],
        [
            -0.213285713033562,
            0.43188940428734823,
            -0.8763451072951141,
            -12.38834285736084
        ],
        [
            9.614889579370893e-09,
            0.8969848468081082,
            0.4420612905431046,
            22.205989837646484
        ],
        [
            0.0,
            0.0,
            0.0,
            1.0
        ]
    ]
}