{
    "matrix_probe_in_cam_coord": [
        [
            -0.988136127263587,
            -0.13414061892766346,
            0.07478829019454787,
            0.39882991090559405
        ],
        [
            0.07614139228494679,
            -0.0049784169167841836,
            0.9970846021004999,
            1.161887043442249
        ],
        [
            -0.1333772183599221,
            0.9909498018157662,
            0.01513300709917151,
            -10.333631405386313
        ],
        [
            0.0,
            0.0,
            0.0,
            1.0
        ]
    ],
    "matrix_probe_in_world_coord": [
        [
            0.6219816249467325,
            0.6223072284144608,
            -0.47526053033229504,
            0.0
        ],
        [
            -0.7826221642147885,
            0.47442459040974533,
            -0.4030184314573044,
            0.0
        ],
        [
            -0.025326000639321063,
            0.6226194836958264,
            0.7821148075659734,
            12.051108360290527
        ],
        [
            0.0,
            0.0,
            0.0,
            1.0
        ]
    ],
    "intrinsic_matrix_camera": [
        [
            1.3888888888888888,
            0.0,
            -0.5
        ],
        [
            0.0,
            -1.3888888888888888,
            -0.5
        ],
        [
            0.0,
            0.0,
            -1.0
        ]
    ],
    "extrinsic_matrix_camera": [
        [
            -0.7336231133471579,
            -0.429614514714727,
            0.5265249246799745,
            6.232668876647949
        ],
        [
            0.6795565668602012,
            -0.4637952969917806,
            0.5684160403485135,
            6.1416521072387695
        ],
        [
            2.4851304269553257e-09,
            0.7748066153787896,
            0.6321983144277311,
            17.683774948120117
        ],
        [
            0.0,
            0.0,
            0.0,
            1.0
        ]
    ]
}