{
    "matrix_probe_in_cam_coord": [
        [
            0.3992052058910886,
            0.9108402957787213,
            0.10490547733643558,
            1.0664447654616838
        ],
        [
            -0.8622325395948981,
            0.33404930950229167,
            0.3807441483263725,
            -1.474238821166041
        ],
        [
            0.31175351041036575,
            -0.24244796226566653,
            0.918710364772293,
            -12.600238633368063
        ],
        [
            0.0,
            0.0,
            0.0,
            1.0
        ]
    ],
    "matrix_probe_in_world_coord": [
        [
            0.6637680099813039,
            0.7445742189462935,
            0.07086085947811044,
            0.0
        ],
        [
            -0.7466604332483009,
            0.6541168968978317,
            0.12095157135899896,
            0.0
        ],
        [
            0.043706136261618636,
            -0.13319278386334732,
            0.9901259798529742,
            11.264542579650879
        ],
        [
            0.0,
            0.0,
            0.0,
            1.0
        ]
    ],
    "intrinsic_matrix_camera": [
        [
            1.3888888888888888,
            0.0,
            -0.5
        ],
        [
            0.0,
            -1.3888888888888888,
            -0.5
        ],
        [
            0.0,
            0.0,
            -1.0
        ]
    ],
    "extrinsic_matrix_camera": [
        [
            0.950601539190778,
            -0.296618015644146,
            0.09151211112990815,
            -0.2979753911495209
        ],
        [
            0.31041377818667054,
            0.9083538223430302,
            -0.2802438576430949,
            -2.523048162460327
        ],
        [
            1.01502312048627e-09,
            0.2948068625899605,
            0.9555568605634435,
            23.739402770996094
        ],
        [
            0.0,
            0.0,
            0.0,
            1.0
        ]
    ]
}