{
    "matrix_probe_in_cam_coord": [
        [
            0.714950524232383,
            0.6863709785010621,
            0.1331939479531074,
            -0.5732265207292163
        ],
        [
            -0.35178113286448265,
            0.18849811948568174,
            0.9169070255543595,
            0.41899544386188836
        ],
        [
            0.6042315636082096,
            -0.7023982764940815,
            0.37621918972551366,
            -14.272263536602413
        ],
        [
            0.0,
            0.0,
            0.0,
            1.0
        ]
    ],
    "matrix_probe_in_world_coord": [
        [
            0.9535781421871173,
            -0.12253511175951755,
            -0.2750888458826502,
            0.0
        ],
        [
            0.21741539400080814,
            0.9121901104197035,
            0.3473323320739989,
            0.0
        ],
        [
            0.20837291857254214,
            -0.39101706975344674,
            0.8964855704176109,
            13.998786926269531
        ],
        [
            0.0,
            0.0,
            0.0,
            1.0
        ]
    ],
    "intrinsic_matrix_camera": [
        [
            1.3888888888888888,
            0.0,
            -0.5
        ],
        [
            0.0,
            -1.3888888888888888,
            -0.5
        ],
        [
            0.0,
            0.0,
            -1.0
        ]
    ],
    "extrinsic_matrix_camera": [
        [
            0.5610164786731303,
            -0.6107793327124721,
            0.558756760485731,
            8.552227020263672
        ],
        [
            0.8278046331455273,
            0.4139349423045978,
            -0.37867842938578955,
            -5.103515625
        ],
        [
            1.0998894516228922e-08,
            0.674986274134961,
            0.7378302851804087,
            24.246479034423828
        ],
        [
            0.0,
            0.0,
            0.0,
            1.0
        ]
    ]
}