{
    "matrix_probe_in_cam_coord": [
        [
            -0.36392165956797884,
            -0.2423426184296956,
            0.8993503660920624,
            0.1286830523821735
        ],
        [
            0.7380190552797301,
            0.5140295797455158,
            0.4371515357295027,
            -0.27833268583578974
        ],
        [
            -0.5682331385455291,
            0.8228266199141147,
            -0.008213027420518668,
            -12.26363077301691
        ],
        [
            0.0,
            0.0,
            0.0,
            1.0
        ]
    ],
    "matrix_probe_in_world_coord": [
        [
            0.5531771263025809,
            -0.09481274842109327,
            -0.8276506567824717,
            0.0
        ],
        [
            -0.37993304020024976,
            0.8554495141678038,
            -0.35193325173143786,
            0.0
        ],
        [
            0.7413811111026594,
            0.5091332550982175,
            0.4371926081869173,
            4.776586055755615
        ],
        [
            0.0,
            0.0,
            0.0,
            1.0
        ]
    ],
    "intrinsic_matrix_camera": [
        [
            1.3888888888888888,
            0.0,
            -0.5
        ],
        [
            0.0,
            -1.3888888888888888,
            -0.5
        ],
        [
            0.0,
            0.0,
            -1.0
        ]
    ],
    "extrinsic_matrix_camera": [
        [
            -0.922683889299849,
            -0.002290052729214282,
            -0.38555051041984284,
            -4.610152721405029
        ],
        [
            -0.3855573114680928,
            0.0054803693943621164,
            0.9226676135666612,
            11.366394996643066
        ],
        [
            1.7306796350255791e-09,
            0.9999823604493225,
            -0.005939595120985886,
            4.982072830200195
        ],
        [
            0.0,
            0.0,
            0.0,
            1.0
        ]
    ]
}