{
    "matrix_probe_in_cam_coord": [
        [
            -0.9339140138067304,
            -0.35683854192264347,
            0.021699534878054233,
            1.1091833180176602
        ],
        [
            0.28471439160151696,
            -0.7791139621372719,
            -0.5584972240018202,
            -0.4171965556337671
        ],
        [
            0.21619974567603023,
            -0.5154102142966155,
            0.8292225159559626,
            -13.641166955285554
        ],
        [
            0.0,
            0.0,
            0.0,
            1.0
        ]
    ],
    "matrix_probe_in_world_coord": [
        [
            0.7449883622788245,
            0.4398544964136579,
            0.5015180575550617,
            0.0
        ],
        [
            -0.5683455047302256,
            0.024907930887685344,
            0.8224129025202846,
            0.0
        ],
        [
            0.3492502359656469,
            -0.8977235749180154,
            0.2685454444118505,
            11.91535472869873
        ],
        [
            0.0,
            0.0,
            0.0,
            1.0
        ]
    ],
    "intrinsic_matrix_camera": [
        [
            1.3888888888888888,
            0.0,
            -0.5
        ],
        [
            0.0,
            -1.3888888888888888,
            -0.5
        ],
        [
            0.0,
            0.0,
            -1.0
        ]
    ],
    "extrinsic_matrix_camera": [
        [
            -0.8418294002315979,
            -0.4106843140796008,
            0.35023085968354645,
            5.53996467590332
        ],
        [
            0.5397436992737461,
            -0.6405375843621278,
            0.5462493406072192,
            6.585573673248291
        ],
        [
            -6.932939864982338e-09,
            0.648883654585703,
            0.7608876413843912,
            22.565462112426758
        ],
        [
            0.0,
            0.0,
            0.0,
            1.0
        ]
    ]
}