{
    "matrix_probe_in_cam_coord": [
        [
            -0.8722672574619749,
            0.31145546912691047,
            -0.3770216470054483,
            0.6873034143485214
        ],
        [
            -0.4511235071186369,
            -0.21486169323543414,
            0.8662113103077005,
            -0.2863715851513682
        ],
        [
            0.18877874055291777,
            0.9256510916813842,
            0.3279217034359204,
            -12.237608161838033
        ],
        [
            0.0,
            0.0,
            0.0,
            1.0
        ]
    ],
    "matrix_probe_in_world_coord": [
        [
            0.39539441431185857,
            -0.6747616462409972,
            0.6231853479448323,
            0.0
        ],
        [
            0.9132296843626125,
            0.3614520219154154,
            -0.18805312933376359,
            0.0
        ],
        [
            -0.09836056491269986,
            0.6434665155354997,
            0.7591284757237454,
            10.383176803588867
        ],
        [
            0.0,
            0.0,
            0.0,
            1.0
        ]
    ],
    "intrinsic_matrix_camera": [
        [
            1.3888888888888888,
            0.0,
            -0.5
        ],
        [
            0.0,
            -1.3888888888888888,
            -0.5
        ],
        [
            0.0,
            0.0,
            -1.0
        ]
    ],
    "extrinsic_matrix_camera": [
        [
            -0.7900021727382489,
            0.5064189117700381,
            -0.34559579405787966,
            -3.5412707328796387
        ],
        [
            -0.6131040426133609,
            -0.6525353190342876,
            0.4453101058183774,
            5.684051513671875
        ],
        [
            -2.5437233888468742e-09,
            0.5636821295858782,
            0.8259918018876031,
            20.65276336669922
        ],
        [
            0.0,
            0.0,
            0.0,
            1.0
        ]
    ]
}