{
    "matrix_probe_in_cam_coord": [
        [
            0.9440280382034743,
            -0.32982866555899837,
            -0.0049106477445025765,
            -0.6558450028222979
        ],
        [
            0.17760831442942152,
            0.4956890648381223,
            0.8501456567232745,
            -0.04128160978350515
        ],
        [
            -0.27796825309959394,
            -0.8034335083723346,
            0.5265246887784865,
            -13.148210203356264
        ],
        [
            0.0,
            0.0,
            0.0,
            1.0
        ]
    ],
    "matrix_probe_in_world_coord": [
        [
            0.15994943147139085,
            -0.9868869094620721,
            0.02168887512941104,
            0.0
        ],
        [
            0.9870308550267992,
            0.15959174940434698,
            -0.017336803255689263,
            0.0
        ],
        [
            0.013648098660444023,
            0.024180600787830908,
            0.9996144396458542,
            11.047626495361328
        ],
        [
            0.0,
            0.0,
            0.0,
            1.0
        ]
    ],
    "intrinsic_matrix_camera": [
        [
            1.3888888888888888,
            0.0,
            -0.5
        ],
        [
            0.0,
            -1.3888888888888888,
            -0.5
        ],
        [
            0.0,
            0.0,
            -1.0
        ]
    ],
    "extrinsic_matrix_camera": [
        [
            0.47639383398348223,
            -0.442341997344179,
            0.7598568762129359,
            10.284937858581543
        ],
        [
            0.8792320029107892,
            0.239673963479971,
            -0.41171285659702644,
            -4.82675313949585
        ],
        [
            -2.188005787048778e-08,
            0.8642279494527842,
            0.503100438664722,
            17.69817352294922
        ],
        [
            0.0,
            0.0,
            0.0,
            1.0
        ]
    ]
}