{
    "matrix_probe_in_cam_coord": [
        [
            0.1385961053182653,
            -0.989993468429792,
            -0.02653397928994705,
            -0.5404153386696037
        ],
        [
            0.9853064892270389,
            0.13514067074071479,
            0.104441952293305,
            -1.8164352892512134
        ],
        [
            -0.09981103084176417,
            -0.04061934979908882,
            0.9941769593710184,
            -13.8332368744259
        ],
        [
            0.0,
            0.0,
            0.0,
            1.0
        ]
    ],
    "matrix_probe_in_world_coord": [
        [
            0.9977349090263541,
            0.05570594027223972,
            -0.037708083066613156,
            0.0
        ],
        [
            -0.054846939619150034,
            0.9982194978183724,
            0.023444559915895495,
            0.0
        ],
        [
            0.03894694499683187,
            -0.021323282899740472,
            0.9990137401866861,
            16.785146713256836
        ],
        [
            0.0,
            0.0,
            0.0,
            1.0
        ]
    ],
    "intrinsic_matrix_camera": [
        [
            1.3888888888888888,
            0.0,
            -0.5
        ],
        [
            0.0,
            -1.3888888888888888,
            -0.5
        ],
        [
            0.0,
            0.0,
            -1.0
        ]
    ],
    "extrinsic_matrix_camera": [
        [
            0.08413420100402211,
            0.9866645127119335,
            -0.13933619621741472,
            -0.0897909551858902
        ],
        [
            -0.9964544325865659,
            0.0833076025689157,
            -0.011764656085275244,
            -0.5499196648597717
        ],
        [
            -4.205656739284556e-09,
            0.13983198028041613,
            0.9901752457473665,
            30.73647117614746
        ],
        [
            0.0,
            0.0,
            0.0,
            1.0
        ]
    ]
}