{
    "matrix_probe_in_cam_coord": [
        [
            0.03376603917349893,
            -0.8866118324402807,
            -0.4612800810520883,
            1.0526446402592924
        ],
        [
            0.8148765744323601,
            -0.2428013662900095,
            0.5263303762553388,
            -0.3226830217717893
        ],
        [
            -0.5786501732825418,
            -0.3936584244044475,
            0.7142807724246061,
            -11.157749367887453
        ],
        [
            0.0,
            0.0,
            0.0,
            1.0
        ]
    ],
    "matrix_probe_in_world_coord": [
        [
            -0.39521650112729156,
            0.39349724051648616,
            0.8300384563034486,
            0.0
        ],
        [
            -0.3909023999080374,
            -0.8897477035563129,
            0.2356784626613222,
            0.0
        ],
        [
            0.8312636350658184,
            -0.23132000718091392,
            0.5054619899606533,
            7.342166423797607
        ],
        [
            0.0,
            0.0,
            0.0,
            1.0
        ]
    ],
    "intrinsic_matrix_camera": [
        [
            1.3888888888888888,
            0.0,
            -0.5
        ],
        [
            0.0,
            -1.3888888888888888,
            -0.5
        ],
        [
            0.0,
            0.0,
            -1.0
        ]
    ],
    "extrinsic_matrix_camera": [
        [
            -0.7451044117335982,
            0.01928011678609309,
            0.6666691028627645,
            8.22907829284668
        ],
        [
            0.6669478357526385,
            0.021539483430234607,
            0.744793014896374,
            7.615105152130127
        ],
        [
            -1.1785893429343218e-08,
            0.9995820765451295,
            -0.028907996293873448,
            7.342166423797607
        ],
        [
            0.0,
            0.0,
            0.0,
            1.0
        ]
    ]
}