{
    "matrix_probe_in_cam_coord": [
        [
            -0.5098696720424603,
            -0.6765178942673575,
            0.5313722388941434,
            0.27734673807092197
        ],
        [
            0.7497563913111861,
            -0.04661389479069618,
            0.6600700709019232,
            -0.40217173864834166
        ],
        [
            -0.42177988479696604,
            0.7349494428520255,
            0.5309906263128905,
            -13.88925994942609
        ],
        [
            0.0,
            0.0,
            0.0,
            1.0
        ]
    ],
    "matrix_probe_in_world_coord": [
        [
            -0.8816235803847646,
            0.2481716491212398,
            0.4014357919792313,
            0.0
        ],
        [
            -0.08461607905426416,
            -0.9199184128133945,
            0.3828710395581882,
            0.0
        ],
        [
            0.4643059138919414,
            0.303580214011601,
            0.8320210766474848,
            16.3113956451416
        ],
        [
            0.0,
            0.0,
            0.0,
            1.0
        ]
    ],
    "intrinsic_matrix_camera": [
        [
            1.3888888888888888,
            0.0,
            -0.5
        ],
        [
            0.0,
            -1.3888888888888888,
            -0.5
        ],
        [
            0.0,
            0.0,
            -1.0
        ]
    ],
    "extrinsic_matrix_camera": [
        [
            0.49493239987156856,
            -0.40759540959199864,
            0.7674033500297616,
            10.357473373413086
        ],
        [
            0.8689314815089665,
            0.23216124825974693,
            -0.43710323179897537,
            -6.218667030334473
        ],
        [
            -4.886253122856383e-08,
            0.8831574813621901,
            0.469076606871405,
            23.181703567504883
        ],
        [
            0.0,
            0.0,
            0.0,
            1.0
        ]
    ]
}