{
    "matrix_probe_in_cam_coord": [
        [
            0.9738880496442632,
            0.1199437171730356,
            -0.1927578052137136,
            1.3269623492777485
        ],
        [
            -0.13019302478688427,
            -0.4005024165652766,
            -0.906999223054913,
            -0.9790131322574638
        ],
        [
            -0.18598882508617257,
            0.9084114260818655,
            -0.3744286820036314,
            -12.372080779841989
        ],
        [
            0.0,
            0.0,
            0.0,
            1.0
        ]
    ],
    "matrix_probe_in_world_coord": [
        [
            -0.7939010626814097,
            0.4419973686681489,
            0.41756368228542196,
            0.0
        ],
        [
            0.5645687066963392,
            0.7908450011481619,
            0.23627602412895585,
            0.0
        ],
        [
            -0.2257947698520747,
            0.4233231747133581,
            -0.8773905696199682,
            16.010456085205078
        ],
        [
            0.0,
            0.0,
            0.0,
            1.0
        ]
    ],
    "intrinsic_matrix_camera": [
        [
            1.3888888888888888,
            0.0,
            -0.5
        ],
        [
            0.0,
            -1.3888888888888888,
            -0.5
        ],
        [
            0.0,
            0.0,
            -1.0
        ]
    ],
    "extrinsic_matrix_camera": [
        [
            -0.8006446091008421,
            -0.4523905689438988,
            0.3928243666683309,
            5.479583740234375
        ],
        [
            0.5991395579643859,
            -0.60454041202469,
            0.5249406445601811,
            5.107719421386719
        ],
        [
            7.624653432261208e-09,
            0.6556475145683337,
            0.7550671073754744,
            25.994094848632812
        ],
        [
            0.0,
            0.0,
            0.0,
            1.0
        ]
    ]
}