{
    "matrix_probe_in_cam_coord": [
        [
            0.7381190521101603,
            -0.5359741565575923,
            0.409770629028456,
            -1.2316181745677117
        ],
        [
            -0.4389518181951475,
            0.07972812581473578,
            0.8949663274432419,
            0.3808240030158476
        ],
        [
            -0.5123490667652016,
            -0.840461259937927,
            -0.1764179818736733,
            -16.231268947981746
        ],
        [
            0.0,
            0.0,
            0.0,
            1.0
        ]
    ],
    "matrix_probe_in_world_coord": [
        [
            0.7626674456958255,
            -0.34485348658422144,
            0.5471877557717384,
            0.0
        ],
        [
            0.013568324180802852,
            0.8543484131373928,
            0.5195235216508907,
            0.0
        ],
        [
            -0.6466484886356187,
            -0.38879925637830776,
            0.6562628058826321,
            16.620399475097656
        ],
        [
            0.0,
            0.0,
            0.0,
            1.0
        ]
    ],
    "intrinsic_matrix_camera": [
        [
            1.3888888888888888,
            0.0,
            -0.5
        ],
        [
            0.0,
            -1.3888888888888888,
            -0.5
        ],
        [
            0.0,
            0.0,
            -1.0
        ]
    ],
    "extrinsic_matrix_camera": [
        [
            0.9719933995794569,
            0.1274458320724736,
            -0.19744971780512907,
            -2.0562691688537598
        ],
        [
            -0.23500815129260982,
            0.5271158153954905,
            -0.8166517531885772,
            -13.74547290802002
        ],
        [
            6.801897544224089e-09,
            0.8401824070089197,
            0.5423039027636606,
            25.102718353271484
        ],
        [
            0.0,
            0.0,
            0.0,
            1.0
        ]
    ]
}