{
    "matrix_probe_in_cam_coord": [
        [
            0.08499375143966724,
            0.1657630941581183,
            -0.9824961368022466,
            -1.5020863666204565
        ],
        [
            0.9662595999133894,
            0.22691265377103842,
            0.12187302053285208,
            0.6180393864854565
        ],
        [
            0.24314285469951238,
            -0.9597047692773601,
            -0.14088402334849795,
            -11.206305858759121
        ],
        [
            0.0,
            0.0,
            0.0,
            1.0
        ]
    ],
    "matrix_probe_in_world_coord": [
        [
            0.022825927619025695,
            0.9862785041571226,
            0.16350440136558886,
            0.0
        ],
        [
            -0.08488549976246375,
            -0.16104441649683468,
            0.9832899612246994,
            0.0
        ],
        [
            0.9961292230219971,
            -0.03632365830671003,
            0.08004475553594753,
            17.803329467773438
        ],
        [
            0.0,
            0.0,
            0.0,
            1.0
        ]
    ],
    "intrinsic_matrix_camera": [
        [
            1.3888888888888888,
            0.0,
            -0.5
        ],
        [
            0.0,
            -1.3888888888888888,
            -0.5
        ],
        [
            0.0,
            0.0,
            -1.0
        ]
    ],
    "extrinsic_matrix_camera": [
        [
            0.0047861950773014535,
            0.2657816196892748,
            -0.9640213809724492,
            -10.960192680358887
        ],
        [
            -0.9999885461027449,
            0.0012720726728536625,
            -0.004614054012862622,
            -1.5545618534088135
        ],
        [
            -2.5494090721569632e-08,
            0.9640324229332025,
            0.2657846638418753,
            20.185983657836914
        ],
        [
            0.0,
            0.0,
            0.0,
            1.0
        ]
    ]
}