{
    "matrix_probe_in_cam_coord": [
        [
            0.7217466486661294,
            0.20644222354975958,
            -0.6606537546060286,
            -1.014420165878832
        ],
        [
            -0.03721612059865978,
            0.9646787907137384,
            0.26078686913774174,
            -0.749326351290545
        ],
        [
            0.6911560862112097,
            -0.16363507901092217,
            0.7039366629252183,
            -10.979547920220998
        ],
        [
            0.0,
            0.0,
            0.0,
            1.0
        ]
    ],
    "matrix_probe_in_world_coord": [
        [
            0.5156165036019962,
            0.27296644028946226,
            -0.8121754389840612,
            0.0
        ],
        [
            -0.8554541111245928,
            0.21749513046482039,
            -0.4699937573884613,
            0.0
        ],
        [
            0.04835168014956371,
            0.9371153561327392,
            0.3456543422653968,
            16.65212631225586
        ],
        [
            0.0,
            0.0,
            0.0,
            1.0
        ]
    ],
    "intrinsic_matrix_camera": [
        [
            1.3888888888888888,
            0.0,
            -0.5
        ],
        [
            0.0,
            -1.3888888888888888,
            -0.5
        ],
        [
            0.0,
            0.0,
            -1.0
        ]
    ],
    "extrinsic_matrix_camera": [
        [
            0.9650630355231261,
            0.032330999619936795,
            -0.26001546863689656,
            -1.8516464233398438
        ],
        [
            -0.262017818987353,
            0.1190814223055416,
            -0.9576879854079824,
            -10.691546440124512
        ],
        [
            1.9344800736770898e-09,
            0.992357960277069,
            0.12339237689069409,
            18.750518798828125
        ],
        [
            0.0,
            0.0,
            0.0,
            1.0
        ]
    ],
    "matrix_probe_in_cam_coord_pre": [
        [
            -0.035034969449043274,
            -0.04899546504020691,
            -0.49690717458724976,
            -0.9430443644523621
        ],
        [
            0.07270441204309464,
            0.6256458759307861,
            0.23737505078315735,
            -0.6130276918411255
        ],
        [
            0.4740332365036011,
            0.24968062341213226,
            0.2257671356201172,
            -10.9549560546875
        ],
        [
            0.0,
            0.0,
            0.0,
            1.0
        ]
    ]
}