{
    "matrix_probe_in_cam_coord": [
        [
            0.33177885735358503,
            -0.5406226854219234,
            -0.7730781990331493,
            -1.1615902000358824
        ],
        [
            0.7174312828718269,
            0.6767229621524636,
            -0.1653432395124768,
            -0.4259684925731335
        ],
        [
            0.6125480749868002,
            -0.4997730930160041,
            0.6123819978797402,
            -12.483914598150761
        ],
        [
            0.0,
            0.0,
            0.0,
            1.0
        ]
    ],
    "matrix_probe_in_world_coord": [
        [
            0.1901238053952562,
            -0.3263901657311203,
            -0.9259170580219585,
            0.0
        ],
        [
            -0.5080894769192613,
            0.7742831525429401,
            -0.3772673894362959,
            0.0
        ],
        [
            0.840058344441586,
            0.5421762254121608,
            -0.018625749163016576,
            14.655670166015625
        ],
        [
            0.0,
            0.0,
            0.0,
            1.0
        ]
    ],
    "intrinsic_matrix_camera": [
        [
            1.3888888888888888,
            0.0,
            -0.5
        ],
        [
            0.0,
            -1.3888888888888888,
            -0.5
        ],
        [
            0.0,
            0.0,
            -1.0
        ]
    ],
    "extrinsic_matrix_camera": [
        [
            0.9553392784723059,
            0.06861917173140748,
            -0.28743394420094104,
            -2.4493584632873535
        ],
        [
            -0.2955111893110208,
            0.2218345156255575,
            -0.9292268747023842,
            -11.849157333374023
        ],
        [
            -8.706482683798416e-09,
            0.9726668787144291,
            0.23220495914585892,
            17.968822479248047
        ],
        [
            0.0,
            0.0,
            0.0,
            1.0
        ]
    ],
    "matrix_probe_in_cam_coord_pre": [
        [
            0.03207210451364517,
            -0.4067355990409851,
            -0.8406314849853516,
            -0.8466641902923584
        ],
        [
            0.38676220178604126,
            0.2143031805753708,
            -0.004350232891738415,
            -0.5406504273414612
        ],
        [
            0.1481630653142929,
            -0.2990018129348755,
            0.5049737691879272,
            -12.496763229370117
        ],
        [
            0.0,
            0.0,
            0.0,
            1.0
        ]
    ]
}