{
    "matrix_probe_in_cam_coord": [
        [
            -0.9601461503425353,
            -0.23762627118988444,
            -0.14715000925179064,
            -0.1792447407404318
        ],
        [
            0.015650137979624956,
            -0.5713607652145781,
            0.820549784689894,
            -0.16010985863904814
        ],
        [
            -0.27905992754895725,
            0.785544798985904,
            0.5523087231092475,
            -11.477999814864207
        ],
        [
            0.0,
            0.0,
            0.0,
            1.0
        ]
    ],
    "matrix_probe_in_world_coord": [
        [
            -0.6794477820378695,
            0.7045543523645899,
            0.20482645348668677,
            0.0
        ],
        [
            -0.7311199498153172,
            -0.6266226579458684,
            -0.2698289523585339,
            0.0
        ],
        [
            -0.06176026607672921,
            -0.3330873896036436,
            0.9408711178589567,
            10.248978614807129
        ],
        [
            0.0,
            0.0,
            0.0,
            1.0
        ]
    ],
    "intrinsic_matrix_camera": [
        [
            1.3888888888888888,
            0.0,
            -0.5
        ],
        [
            0.0,
            -1.3888888888888888,
            -0.5
        ],
        [
            0.0,
            0.0,
            -1.0
        ]
    ],
    "extrinsic_matrix_camera": [
        [
            0.4548083341538552,
            -0.24511786313384065,
            0.8561930929158998,
            9.869660377502441
        ],
        [
            0.8905893437405339,
            0.12517738448958307,
            -0.4372427737860877,
            -4.838996887207031
        ],
        [
            2.391900171301855e-09,
            0.9613781023016108,
            0.27523107458089313,
            13.562006950378418
        ],
        [
            0.0,
            0.0,
            0.0,
            1.0
        ]
    ],
    "matrix_probe_in_cam_coord_pre": [
        [
            -1.0705240964889526,
            -0.3264435827732086,
            -0.23449964821338654,
            -0.00039309822022914886
        ],
        [
            -0.007871225476264954,
            -0.33087480068206787,
            0.9981046915054321,
            -0.1262173056602478
        ],
        [
            -0.22473739087581635,
            0.8551679849624634,
            0.3800763487815857,
            -11.142998695373535
        ],
        [
            0.0,
            0.0,
            0.0,
            1.0
        ]
    ]
}