{
    "matrix_probe_in_cam_coord": [
        [
            -0.5646717911714852,
            -0.5027162374644134,
            0.6545396495589939,
            -1.9734390809610027
        ],
        [
            0.20949061554785506,
            0.6797977478217133,
            0.7028432997858821,
            -0.6813504686643803
        ],
        [
            -0.7982853188256488,
            0.5339956990895622,
            -0.27854827786450675,
            -13.256350429643772
        ],
        [
            0.0,
            0.0,
            0.0,
            1.0
        ]
    ],
    "matrix_probe_in_world_coord": [
        [
            0.7506361436510423,
            0.43014242838051137,
            -0.5015205590517787,
            0.0
        ],
        [
            -0.6501089979191338,
            0.3453736691506732,
            -0.6768126177029957,
            0.0
        ],
        [
            -0.11791382730312759,
            0.8340830414079394,
            0.5388894222068292,
            10.233911514282227
        ],
        [
            0.0,
            0.0,
            0.0,
            1.0
        ]
    ],
    "intrinsic_matrix_camera": [
        [
            1.3888888888888888,
            0.0,
            -0.5
        ],
        [
            0.0,
            -1.3888888888888888,
            -0.5
        ],
        [
            0.0,
            0.0,
            -1.0
        ]
    ],
    "extrinsic_matrix_camera": [
        [
            -0.9683677298911286,
            0.09717071720714673,
            -0.229829918467877,
            -4.891513347625732
        ],
        [
            -0.24952743277143294,
            -0.3771007052648236,
            0.8919255116786775,
            11.074312210083008
        ],
        [
            1.7319975119205724e-08,
            0.9210607525056214,
            0.389418913502899,
            16.02375030517578
        ],
        [
            0.0,
            0.0,
            0.0,
            1.0
        ]
    ],
    "matrix_probe_in_cam_coord_pre": [
        [
            -0.434012234210968,
            -0.582617461681366,
            0.5585325360298157,
            -1.523356556892395
        ],
        [
            0.26854920387268066,
            0.4418080449104309,
            0.8312584161758423,
            -0.709936797618866
        ],
        [
            -0.5677995681762695,
            0.5856920480728149,
            -0.15057846903800964,
            -13.294441223144531
        ],
        [
            0.0,
            0.0,
            0.0,
            1.0
        ]
    ]
}