{
    "matrix_probe_in_cam_coord": [
        [
            0.14732256190021215,
            -0.9883993479239696,
            0.036916009787482024,
            0.8039441017970325
        ],
        [
            0.6641321361622827,
            0.1265102029780739,
            0.7368335458290217,
            1.2674142822396721
        ],
        [
            -0.7329560481172666,
            -0.0840350972268007,
            0.675065577527399,
            -13.808598642947132
        ],
        [
            0.0,
            0.0,
            0.0,
            1.0
        ]
    ],
    "matrix_probe_in_world_coord": [
        [
            0.14532940429025137,
            -0.988701813717569,
            0.03671631517772381,
            0.0
        ],
        [
            0.9840133885293263,
            0.1483022518830699,
            0.0986108172638459,
            0.0
        ],
        [
            -0.10294180610264121,
            0.021798294382813173,
            0.9944484998823853,
            10.074658393859863
        ],
        [
            0.0,
            0.0,
            0.0,
            1.0
        ]
    ],
    "intrinsic_matrix_camera": [
        [
            1.3888888888888888,
            0.0,
            -0.5
        ],
        [
            0.0,
            -1.3888888888888888,
            -0.5
        ],
        [
            0.0,
            0.0,
            -1.0
        ]
    ],
    "extrinsic_matrix_camera": [
        [
            0.9999979479796244,
            -0.0015091267175446304,
            0.001351507710379069,
            -0.7833673357963562
        ],
        [
            0.0020258421806303435,
            0.744936419865718,
            -0.667132390400216,
            -10.15793514251709
        ],
        [
            -6.983164090040023e-13,
            0.6671337593722847,
            0.7449379484935661,
            19.51567268371582
        ],
        [
            0.0,
            0.0,
            0.0,
            1.0
        ]
    ],
    "matrix_probe_in_cam_coord_pre": [
        [
            0.09071888774633408,
            -0.9165706634521484,
            -0.014249655418097973,
            0.8648077249526978
        ],
        [
            0.4336661696434021,
            0.12305117398500443,
            0.8132383823394775,
            1.2541534900665283
        ],
        [
            -0.6958884000778198,
            -0.0840676948428154,
            0.6552953720092773,
            -13.212891578674316
        ],
        [
            0.0,
            0.0,
            0.0,
            1.0
        ]
    ]
}