{
    "matrix_probe_in_cam_coord": [
        [
            0.6238497580523015,
            -0.7776288554365111,
            0.07813349199023044,
            -1.6798218159189784
        ],
        [
            0.26700687371227794,
            0.3060222406149888,
            0.9138149252662588,
            -0.6611090571791127
        ],
        [
            -0.734519440701525,
            -0.5492210406034026,
            0.3985441503648437,
            -11.647193052565738
        ],
        [
            0.0,
            0.0,
            0.0,
            1.0
        ]
    ],
    "matrix_probe_in_world_coord": [
        [
            0.7666645873143096,
            0.6419097800553576,
            0.013313332695531692,
            0.0
        ],
        [
            -0.6391891847716009,
            0.7650415487477675,
            -0.0784131032457825,
            0.0
        ],
        [
            -0.06051939052234215,
            0.05160681116771219,
            0.9968320522595091,
            13.694255828857422
        ],
        [
            0.0,
            0.0,
            0.0,
            1.0
        ]
    ],
    "intrinsic_matrix_camera": [
        [
            1.3888888888888888,
            0.0,
            -0.5
        ],
        [
            0.0,
            -1.3888888888888888,
            -0.5
        ],
        [
            0.0,
            0.0,
            -1.0
        ]
    ],
    "extrinsic_matrix_camera": [
        [
            -0.01984383308112099,
            0.4133093059321347,
            -0.9103744503876113,
            -10.363398551940918
        ],
        [
            -0.9998030917578961,
            -0.008203241107651955,
            0.01806888338225126,
            -1.4744625091552734
        ],
        [
            1.653491122256096e-08,
            0.9105537460607289,
            0.4133907056705229,
            19.111072540283203
        ],
        [
            0.0,
            0.0,
            0.0,
            1.0
        ]
    ],
    "matrix_probe_in_cam_coord_pre": [
        [
            0.7900825142860413,
            -0.2584686279296875,
            0.0012869210913777351,
            -1.255211591720581
        ],
        [
            0.053834229707717896,
            0.3822944164276123,
            0.9135012030601501,
            -0.41555407643318176
        ],
        [
            0.15244688093662262,
            -0.6628835201263428,
            0.5269191265106201,
            -9.85330581665039
        ],
        [
            0.0,
            0.0,
            0.0,
            1.0
        ]
    ]
}