{
    "matrix_probe_in_cam_coord": [
        [
            0.26251328822211395,
            -0.9191143891877381,
            0.2937950188394359,
            -1.4026069845307854
        ],
        [
            -0.23965602893657365,
            0.23282912850525167,
            0.9425261718986043,
            0.39235503273620687
        ],
        [
            -0.9346934049736125,
            -0.31783539215690904,
            -0.15915056453339504,
            -9.793802492925874
        ],
        [
            0.0,
            0.0,
            0.0,
            1.0
        ]
    ],
    "matrix_probe_in_world_coord": [
        [
            0.6581935322921685,
            0.4189911274423678,
            0.625481981493737,
            0.0
        ],
        [
            -0.2814212359974119,
            0.9075210534165632,
            -0.31178137458061894,
            0.0
        ],
        [
            -0.6982716963893403,
            0.02918857191204749,
            0.7152374887345377,
            3.648334264755249
        ],
        [
            0.0,
            0.0,
            0.0,
            1.0
        ]
    ],
    "intrinsic_matrix_camera": [
        [
            1.3888888888888888,
            0.0,
            -0.5
        ],
        [
            0.0,
            -1.3888888888888888,
            -0.5
        ],
        [
            0.0,
            0.0,
            -1.0
        ]
    ],
    "extrinsic_matrix_camera": [
        [
            -0.028552735189048162,
            0.5293464284418072,
            -0.8479251735908813,
            -8.552151679992676
        ],
        [
            -0.9995922875418871,
            -0.01512047360804714,
            0.02422044517850236,
            -1.158892273902893
        ],
        [
            -2.4058368885415766e-08,
            0.8482710238914037,
            0.5295623381871377,
            8.50193977355957
        ],
        [
            0.0,
            0.0,
            0.0,
            1.0
        ]
    ]
}