{
    "matrix_probe_in_cam_coord": [
        [
            -0.473421573042687,
            0.572233814855991,
            0.6696420501380919,
            -0.5085193690278502
        ],
        [
            -0.14855792466694595,
            -0.8012156635684888,
            0.579641271366313,
            -0.778339154062766
        ],
        [
            0.8682180355166766,
            0.17493404925246897,
            0.46432264775228976,
            -11.04226919834452
        ],
        [
            0.0,
            0.0,
            0.0,
            1.0
        ]
    ],
    "matrix_probe_in_world_coord": [
        [
            0.13556795192806628,
            0.9805117032540274,
            0.1421904715229385,
            0.0
        ],
        [
            -0.6870916876684913,
            -0.01035513150858608,
            0.7264969263447052,
            0.0
        ],
        [
            0.7138111396909504,
            -0.1961875914356614,
            0.6722976169969518,
            5.4455461502075195
        ],
        [
            0.0,
            0.0,
            0.0,
            1.0
        ]
    ],
    "intrinsic_matrix_camera": [
        [
            1.3888888888888888,
            0.0,
            -0.5
        ],
        [
            0.0,
            -1.3888888888888888,
            -0.5
        ],
        [
            0.0,
            0.0,
            -1.0
        ]
    ],
    "extrinsic_matrix_camera": [
        [
            0.5921178782687596,
            -0.7233215628593952,
            0.35524967971434485,
            3.660876512527466
        ],
        [
            0.8058513623705691,
            0.5314772107690952,
            -0.2610278839484407,
            -2.0588796138763428
        ],
        [
            -1.1933727423489008e-08,
            0.4408377151920478,
            0.8975868252510477,
            15.70006275177002
        ],
        [
            0.0,
            0.0,
            0.0,
            1.0
        ]
    ]
}