{
    "matrix_probe_in_cam_coord": [
        [
            -0.9750872302573701,
            0.17522528985669047,
            0.1360183487021129,
            0.3128242919010455
        ],
        [
            0.15498741450768744,
            0.976863014161931,
            -0.14736876503075422,
            0.5294288022886757
        ],
        [
            -0.15869402866281093,
            -0.1226162687293418,
            -0.9796843654512714,
            -13.211408660721046
        ],
        [
            0.0,
            0.0,
            0.0,
            1.0
        ]
    ],
    "matrix_probe_in_world_coord": [
        [
            -0.9296292450009712,
            0.29711378812906886,
            0.21797445662856707,
            0.0
        ],
        [
            0.36821199555599793,
            0.7721984987910303,
            0.5178121327214619,
            0.0
        ],
        [
            -0.014470423891304303,
            0.5616341116496345,
            -0.8272591682561953,
            8.539146423339844
        ],
        [
            0.0,
            0.0,
            0.0,
            1.0
        ]
    ],
    "intrinsic_matrix_camera": [
        [
            1.3888888888888888,
            0.0,
            -0.5
        ],
        [
            0.0,
            -1.3888888888888888,
            -0.5
        ],
        [
            0.0,
            0.0,
            -1.0
        ]
    ],
    "extrinsic_matrix_camera": [
        [
            0.9881799809694405,
            0.11403601100579588,
            -0.10245054126319865,
            -1.723016619682312
        ],
        [
            -0.15329815788598494,
            0.7350910437251612,
            -0.6604095942851048,
            -9.066164016723633
        ],
        [
            -4.5485701771466244e-10,
            0.6683090195627612,
            0.7438837640189904,
            18.013076782226562
        ],
        [
            0.0,
            0.0,
            0.0,
            1.0
        ]
    ]
}