{
    "matrix_probe_in_cam_coord": [
        [
            -0.8628057699162599,
            -0.13173540128631972,
            -0.48806965429858756,
            1.0476322166855065
        ],
        [
            0.17510418358600055,
            -0.9835629461682642,
            -0.04407330048322653,
            -0.5972783770990815
        ],
        [
            -0.4742412131920745,
            -0.12348973630523662,
            0.8716912049214289,
            -14.389931799505165
        ],
        [
            0.0,
            0.0,
            0.0,
            1.0
        ]
    ],
    "matrix_probe_in_world_coord": [
        [
            0.6287258397249615,
            0.6281063352334306,
            0.4584607399786501,
            0.0
        ],
        [
            -0.6226569126123724,
            0.7598073494829577,
            -0.18705924421880685,
            0.0
        ],
        [
            -0.46583493604298365,
            -0.16785476850930395,
            0.8688052653215895,
            14.056964874267578
        ],
        [
            0.0,
            0.0,
            0.0,
            1.0
        ]
    ],
    "intrinsic_matrix_camera": [
        [
            1.3888888888888888,
            0.0,
            -0.5
        ],
        [
            0.0,
            -1.3888888888888888,
            -0.5
        ],
        [
            0.0,
            0.0,
            -1.0
        ]
    ],
    "extrinsic_matrix_camera": [
        [
            -0.8489728972034521,
            -0.5278954706775236,
            0.023903804135163003,
            0.9180849194526672
        ],
        [
            0.5284363914549948,
            -0.8481038672363058,
            0.038403262424508235,
            -0.507540762424469
        ],
        [
            4.3555271382824594e-10,
            0.04523496896183175,
            0.9989763748873254,
            28.459184646606445
        ],
        [
            0.0,
            0.0,
            0.0,
            1.0
        ]
    ]
}