{
    "matrix_probe_in_cam_coord": [
        [
            0.2686837141977025,
            0.14904095128220587,
            -0.9516280032480251,
            -1.7042181557185112
        ],
        [
            -0.8571314685209926,
            -0.4137587630800867,
            -0.3068050384942919,
            -1.2302009407415717
        ],
        [
            -0.4394709403316385,
            0.8981038251868948,
            0.016577448196077985,
            -13.973288989424091
        ],
        [
            0.0,
            0.0,
            0.0,
            1.0
        ]
    ],
    "matrix_probe_in_world_coord": [
        [
            -0.5586679883282706,
            -0.8107571456216162,
            -0.17482256616562128,
            0.0
        ],
        [
            -0.21142026977722242,
            -0.06461030066773621,
            0.9752573909358245,
            0.0
        ],
        [
            -0.8019922370849796,
            0.5818061187982767,
            -0.13531478775180394,
            9.800230026245117
        ],
        [
            0.0,
            0.0,
            0.0,
            1.0
        ]
    ],
    "intrinsic_matrix_camera": [
        [
            1.3888888888888888,
            0.0,
            -0.5
        ],
        [
            0.0,
            -1.3888888888888888,
            -0.5
        ],
        [
            0.0,
            0.0,
            -1.0
        ]
    ],
    "extrinsic_matrix_camera": [
        [
            -0.10457495678680416,
            0.8679462311243348,
            -0.48552385965068756,
            -5.894835472106934
        ],
        [
            -0.9945170076037098,
            -0.0912658369721381,
            0.05105358546407607,
            -1.093762755393982
        ],
        [
            2.5667966039734217e-08,
            0.4882006625137225,
            0.8727314094961641,
            22.59574317932129
        ],
        [
            0.0,
            0.0,
            0.0,
            1.0
        ]
    ]
}