{
    "matrix_probe_in_cam_coord": [
        [
            -0.9511550257857436,
            0.16892957951384216,
            0.25839294512001953,
            0.03666002732998262
        ],
        [
            -0.2200776963924512,
            -0.9580108393120952,
            -0.18379618959904115,
            -0.42681861026132006
        ],
        [
            0.21649462920154164,
            -0.23168519358347248,
            0.9483944572808698,
            -13.77437394177293
        ],
        [
            0.0,
            0.0,
            0.0,
            1.0
        ]
    ],
    "matrix_probe_in_world_coord": [
        [
            0.6644683859939696,
            -0.6113264921663645,
            -0.4298391373410953,
            0.0
        ],
        [
            0.7299340481875474,
            0.6542441638808882,
            0.1978910289132301,
            0.0
        ],
        [
            0.16024371847628954,
            -0.44524655417348885,
            0.8809525848111953,
            16.375391006469727
        ],
        [
            0.0,
            0.0,
            0.0,
            1.0
        ]
    ],
    "intrinsic_matrix_camera": [
        [
            1.3888888888888888,
            0.0,
            -0.5
        ],
        [
            0.0,
            -1.3888888888888888,
            -0.5
        ],
        [
            0.0,
            0.0,
            -1.0
        ]
    ],
    "extrinsic_matrix_camera": [
        [
            -0.8463509727066562,
            0.5184255297226873,
            -0.12216792185450474,
            -1.430485725402832
        ],
        [
            -0.5326256011482149,
            -0.8237868214681873,
            0.19412687031125853,
            2.3418946266174316
        ],
        [
            1.5446252693690997e-09,
            0.22936922833521622,
            0.9733394870716526,
            29.88043212890625
        ],
        [
            0.0,
            0.0,
            0.0,
            1.0
        ]
    ]
}