{
    "matrix_probe_in_cam_coord": [
        [
            -0.7961845323090811,
            0.3164096540377297,
            -0.5157277589421522,
            1.5859397327488174
        ],
        [
            -0.2781295653695978,
            -0.9483663512409792,
            -0.15246379472251895,
            -1.191544936010347
        ],
        [
            -0.5373398695230877,
            0.022049822348401086,
            0.8430774993767274,
            -12.965897831199277
        ],
        [
            0.0,
            0.0,
            0.0,
            1.0
        ]
    ],
    "matrix_probe_in_world_coord": [
        [
            0.9004029842697805,
            -0.43483023112598546,
            0.014040513416393393,
            0.0
        ],
        [
            0.04000030347563923,
            0.11487848805025841,
            0.9925738807288573,
            0.0
        ],
        [
            -0.4332140829196699,
            -0.8931548595188905,
            0.12083027467427468,
            12.074163436889648
        ],
        [
            0.0,
            0.0,
            0.0,
            1.0
        ]
    ],
    "intrinsic_matrix_camera": [
        [
            1.3888888888888888,
            0.0,
            -0.5
        ],
        [
            0.0,
            -1.3888888888888888,
            -0.5
        ],
        [
            0.0,
            0.0,
            -1.0
        ]
    ],
    "extrinsic_matrix_camera": [
        [
            -0.8617124944348884,
            0.1598089990744638,
            -0.48157311049270607,
            -4.686984062194824
        ],
        [
            -0.5073968633474216,
            -0.2714037399670139,
            0.8178559977142157,
            11.085548400878906
        ],
        [
            5.1264873225228994e-09,
            0.9491054176153118,
            0.31495857863100735,
            17.288785934448242
        ],
        [
            0.0,
            0.0,
            0.0,
            1.0
        ]
    ]
}