{
    "matrix_probe_in_cam_coord": [
        [
            0.20272922592351042,
            -0.11891103417406139,
            0.9719881824940617,
            1.2586662311457535
        ],
        [
            0.5207088076948962,
            -0.8275429911636353,
            -0.2098450270197091,
            -0.4289795122180404
        ],
        [
            0.8293148970960387,
            0.5486645274916161,
            -0.10584912719048763,
            -10.928885728006971
        ],
        [
            0.0,
            0.0,
            0.0,
            1.0
        ]
    ],
    "matrix_probe_in_world_coord": [
        [
            -0.38656456033040265,
            -0.3721533947510244,
            -0.8438422195362415,
            0.0
        ],
        [
            0.24535031390479467,
            0.8405009462249289,
            -0.48307492468748336,
            0.0
        ],
        [
            0.8890281571262977,
            -0.39377659931779496,
            -0.23359992651182823,
            16.237972259521484
        ],
        [
            0.0,
            0.0,
            0.0,
            1.0
        ]
    ],
    "intrinsic_matrix_camera": [
        [
            1.3888888888888888,
            0.0,
            -0.5
        ],
        [
            0.0,
            -1.3888888888888888,
            -0.5
        ],
        [
            0.0,
            0.0,
            -1.0
        ]
    ],
    "extrinsic_matrix_camera": [
        [
            -0.8543194543227992,
            0.2837614555161721,
            -0.4354511526324601,
            -3.561964988708496
        ],
        [
            -0.5197482755773168,
            -0.4664237270703204,
            0.7157587839909733,
            8.276549339294434
        ],
        [
            4.775865016616428e-09,
            0.8378116394447949,
            0.5459593911737624,
            22.564104080200195
        ],
        [
            0.0,
            0.0,
            0.0,
            1.0
        ]
    ]
}