{
    "matrix_probe_in_cam_coord": [
        [
            0.1176905523007239,
            -0.44026613909081935,
            0.890120587712257,
            0.3347679098967207
        ],
        [
            -0.8658550225740316,
            -0.48439953856439705,
            -0.1251086204940439,
            0.0031857031560074134
        ],
        [
            0.48625509126637856,
            -0.7559912789236808,
            -0.4382158970289228,
            -13.829497207982108
        ],
        [
            0.0,
            0.0,
            0.0,
            1.0
        ]
    ],
    "matrix_probe_in_world_coord": [
        [
            -0.8819062442092459,
            -0.3917917412035934,
            0.26218430149304944,
            0.0
        ],
        [
            -0.40291620935025774,
            0.3376907995893353,
            -0.8506605974861738,
            0.0
        ],
        [
            0.24474457025143798,
            -0.8558411975345495,
            -0.4556708679903369,
            13.827549934387207
        ],
        [
            0.0,
            0.0,
            0.0,
            1.0
        ]
    ],
    "intrinsic_matrix_camera": [
        [
            1.3888888888888888,
            0.0,
            -0.5
        ],
        [
            0.0,
            -1.3888888888888888,
            -0.5
        ],
        [
            0.0,
            0.0,
            -1.0
        ]
    ],
    "extrinsic_matrix_camera": [
        [
            0.30207624880285316,
            0.9205851733653482,
            -0.2475335906277938,
            -3.5273232460021973
        ],
        [
            -0.9532837667290871,
            0.2917147299040286,
            -0.07843836081805165,
            -0.7665635943412781
        ],
        [
            2.5399814322928124e-09,
            0.2596641194638009,
            0.9656989929906153,
            27.181854248046875
        ],
        [
            0.0,
            0.0,
            0.0,
            1.0
        ]
    ]
}