{
    "matrix_probe_in_cam_coord": [
        [
            -0.6150539421977947,
            0.3255356949782907,
            0.718147031938414,
            -0.9342905862182602
        ],
        [
            0.03779983625137115,
            -0.8975727958869743,
            0.4392428126480954,
            0.5393381447296832
        ],
        [
            0.7875784535945111,
            0.29730386371293854,
            0.5397504905556243,
            -12.5058199064131
        ],
        [
            0.0,
            0.0,
            0.0,
            1.0
        ]
    ],
    "matrix_probe_in_world_coord": [
        [
            0.2507460620635527,
            0.8048266484568075,
            0.5379409617173647,
            0.0
        ],
        [
            -0.8499446721044013,
            -0.08296199727005324,
            0.5202992997980156,
            0.0
        ],
        [
            0.46337939824830643,
            -0.5876830548371682,
            0.6632557277071125,
            17.84530258178711
        ],
        [
            0.0,
            0.0,
            0.0,
            1.0
        ]
    ],
    "intrinsic_matrix_camera": [
        [
            1.3888888888888888,
            0.0,
            -0.5
        ],
        [
            0.0,
            -1.3888888888888888,
            -0.5
        ],
        [
            0.0,
            0.0,
            -1.0
        ]
    ],
    "extrinsic_matrix_camera": [
        [
            0.4940981533950955,
            -0.47662564390968437,
            0.7271141659871819,
            9.81185245513916
        ],
        [
            0.8694061276593099,
            0.2708743902758925,
            -0.41323123052488053,
            -4.501610279083252
        ],
        [
            -5.0402295701838856e-09,
            0.8363342993446712,
            0.5482197914519849,
            24.250173568725586
        ],
        [
            0.0,
            0.0,
            0.0,
            1.0
        ]
    ]
}