{
    "matrix_probe_in_cam_coord": [
        [
            -0.7331265349993233,
            0.43970268543590674,
            0.5188323737974899,
            0.8364660850037937
        ],
        [
            0.4577794945445239,
            -0.24513336197566052,
            0.85460374982858,
            1.6267796855924672
        ],
        [
            0.5029546878740137,
            0.8640435077396056,
            -0.021573100810768363,
            -10.091413466732616
        ],
        [
            0.0,
            0.0,
            0.0,
            1.0
        ]
    ],
    "matrix_probe_in_world_coord": [
        [
            0.7103447543274697,
            -0.7037789343062664,
            0.010273345423118635,
            0.0
        ],
        [
            0.2603397158593876,
            0.24915182446702924,
            -0.9328164882285283,
            0.0
        ],
        [
            0.6539369712332375,
            0.6652958589916869,
            0.3602052993263888,
            17.387908935546875
        ],
        [
            0.0,
            0.0,
            0.0,
            1.0
        ]
    ],
    "intrinsic_matrix_camera": [
        [
            1.3888888888888888,
            0.0,
            -0.5
        ],
        [
            0.0,
            -1.3888888888888888,
            -0.5
        ],
        [
            0.0,
            0.0,
            -1.0
        ]
    ],
    "extrinsic_matrix_camera": [
        [
            -0.824895931570011,
            0.506480598364407,
            -0.25104602279198923,
            -2.667344093322754
        ],
        [
            -0.5652846204163383,
            -0.7390857095800248,
            0.3663408410419831,
            5.372067928314209
        ],
        [
            4.838032246216591e-10,
            0.44410552504446904,
            0.8959744877087609,
            25.707096099853516
        ],
        [
            0.0,
            0.0,
            0.0,
            1.0
        ]
    ]
}