{
    "matrix_probe_in_cam_coord": [
        [
            -0.05414947633393639,
            -0.8037052741902362,
            -0.5925585763884933,
            -0.7628376721495004
        ],
        [
            0.8794788817174332,
            0.24262613012403186,
            -0.4094501893931536,
            -1.2624987275108448
        ],
        [
            0.47284747099441427,
            -0.5433142674546967,
            0.6937037378840862,
            -12.512946436517783
        ],
        [
            0.0,
            0.0,
            0.0,
            1.0
        ]
    ],
    "matrix_probe_in_world_coord": [
        [
            0.23271043505335867,
            0.8906344478844115,
            0.39066114941072166,
            0.0
        ],
        [
            -0.6036381824620368,
            -0.18267736622337388,
            0.7760476303318117,
            0.0
        ],
        [
            0.7625397026327254,
            -0.41641236786546215,
            0.4951100299907827,
            4.757835388183594
        ],
        [
            0.0,
            0.0,
            0.0,
            1.0
        ]
    ],
    "intrinsic_matrix_camera": [
        [
            1.3888888888888888,
            0.0,
            -0.5
        ],
        [
            0.0,
            -1.3888888888888888,
            -0.5
        ],
        [
            0.0,
            0.0,
            -1.0
        ]
    ],
    "extrinsic_matrix_camera": [
        [
            -0.959898365880902,
            0.2607988210152868,
            -0.10285476234093559,
            -1.690004587173462
        ],
        [
            -0.2803482248546866,
            -0.8929621853191522,
            0.35216957337463206,
            3.065455198287964
        ],
        [
            -3.81688330660149e-09,
            0.36688214803541574,
            0.9302674289971241,
            16.86141014099121
        ],
        [
            0.0,
            0.0,
            0.0,
            1.0
        ]
    ]
}