{
    "matrix_probe_in_cam_coord": [
        [
            0.5295418470420784,
            0.8415202325576292,
            -0.10690711121070312,
            0.18060744434392492
        ],
        [
            0.016650448235445574,
            0.11569206565719131,
            0.993145562602749,
            0.575037195647037
        ],
        [
            0.8481203893344521,
            -0.5276921869235186,
            0.04725210106494171,
            -12.899720822373563
        ],
        [
            0.0,
            0.0,
            0.0,
            1.0
        ]
    ],
    "matrix_probe_in_world_coord": [
        [
            0.45670361847163193,
            0.04014223434650267,
            -0.8887127803157714,
            0.0
        ],
        [
            0.38789849805585536,
            0.8900310240768422,
            0.23954025003480972,
            0.0
        ],
        [
            0.8005976268269409,
            -0.4541292516480281,
            0.3909092768362915,
            4.135111331939697
        ],
        [
            0.0,
            0.0,
            0.0,
            1.0
        ]
    ],
    "intrinsic_matrix_camera": [
        [
            1.3888888888888888,
            0.0,
            -0.5
        ],
        [
            0.0,
            -1.3888888888888888,
            -0.5
        ],
        [
            0.0,
            0.0,
            -1.0
        ]
    ],
    "extrinsic_matrix_camera": [
        [
            0.37063389609851194,
            -0.8703726962290156,
            0.3241633611651252,
            4.615174293518066
        ],
        [
            0.9287790453400838,
            0.3473265479237456,
            -0.1293590122277403,
            -2.036165237426758
        ],
        [
            1.1057339189431788e-08,
            0.3490209718146002,
            0.9371149135690842,
            16.022932052612305
        ],
        [
            0.0,
            0.0,
            0.0,
            1.0
        ]
    ]
}