{
    "matrix_probe_in_cam_coord": [
        [
            -0.08941294063573206,
            -0.5632271165154261,
            0.8214502670695224,
            0.4462883923826257
        ],
        [
            0.9066249150414072,
            0.29543352041107085,
            0.3012479019739102,
            0.5885061393019271
        ],
        [
            -0.4123549314280505,
            0.771682739368479,
            0.4842201568374944,
            -12.927297053418721
        ],
        [
            0.0,
            0.0,
            0.0,
            1.0
        ]
    ],
    "matrix_probe_in_world_coord": [
        [
            0.4844524969025617,
            0.31302357719931084,
            -0.8168978016632316,
            0.0
        ],
        [
            -0.7523494886187531,
            0.625574868750234,
            -0.20646145055004386,
            0.0
        ],
        [
            0.4464034332528974,
            0.7146134085682093,
            0.5385644353970576,
            4.603867053985596
        ],
        [
            0.0,
            0.0,
            0.0,
            1.0
        ]
    ],
    "intrinsic_matrix_camera": [
        [
            1.3888888888888888,
            0.0,
            -0.5
        ],
        [
            0.0,
            -1.3888888888888888,
            -0.5
        ],
        [
            0.0,
            0.0,
            -1.0
        ]
    ],
    "extrinsic_matrix_camera": [
        [
            -0.89066060647846,
            0.2856056123513938,
            -0.3537698662418935,
            -4.34387731552124
        ],
        [
            -0.45466876302141296,
            -0.5594790842615388,
            0.6930075542203334,
            9.490884780883789
        ],
        [
            6.0828984057239555e-09,
            0.7780826360144887,
            0.628161930980177,
            12.266396522521973
        ],
        [
            0.0,
            0.0,
            0.0,
            1.0
        ]
    ]
}