{
    "matrix_probe_in_cam_coord": [
        [
            -0.7145235734573329,
            -0.6556118451835973,
            -0.2441908504197544,
            0.5816018345801143
        ],
        [
            0.23853690132829794,
            -0.5564228423126645,
            0.7959232169357732,
            -1.336769983496962
        ],
        [
            -0.6576900559370331,
            0.5104573723707543,
            0.5539648556667541,
            -13.825409840620695
        ],
        [
            0.0,
            0.0,
            0.0,
            1.0
        ]
    ],
    "matrix_probe_in_world_coord": [
        [
            0.7208566275555507,
            0.6418801560867227,
            0.2614490155485825,
            0.0
        ],
        [
            -0.2677475124858263,
            0.6058435220398921,
            -0.7491761450820168,
            0.0
        ],
        [
            -0.6392784933555098,
            0.4700462658338895,
            0.6085881332302875,
            10.107147216796875
        ],
        [
            0.0,
            0.0,
            0.0,
            1.0
        ]
    ],
    "intrinsic_matrix_camera": [
        [
            1.3888888888888888,
            0.0,
            -0.5
        ],
        [
            0.0,
            -1.3888888888888888,
            -0.5
        ],
        [
            0.0,
            0.0,
            -1.0
        ]
    ],
    "extrinsic_matrix_camera": [
        [
            -0.9997367444383608,
            0.022887466885315795,
            -0.0016142116840476256,
            0.5897268652915955
        ],
        [
            -0.02294431998964761,
            -0.9972595239421009,
            0.07033491371279642,
            -0.34735313057899475
        ],
        [
            3.290805948490212e-11,
            0.07035343464499393,
            0.9975221271899949,
            23.992345809936523
        ],
        [
            0.0,
            0.0,
            0.0,
            1.0
        ]
    ]
}