{
    "matrix_probe_in_cam_coord": [
        [
            0.5863955987203966,
            0.5004588208806593,
            -0.6369310562408516,
            -0.7278365616646492
        ],
        [
            -0.40357638542279645,
            0.8622723727962179,
            0.3059615273877582,
            -0.09900392990769813
        ],
        [
            0.702329198403724,
            0.07763584040325537,
            0.7076060862898669,
            -12.187423251370925
        ],
        [
            0.0,
            0.0,
            0.0,
            1.0
        ]
    ],
    "matrix_probe_in_world_coord": [
        [
            -0.7263497198309128,
            0.6788260471545179,
            -0.10775565974057445,
            0.0
        ],
        [
            -0.5737215762174304,
            -0.5124655028063683,
            0.6389230481176924,
            0.0
        ],
        [
            0.37849654884046363,
            0.5259033239465103,
            0.7616863241373513,
            11.590065956115723
        ],
        [
            0.0,
            0.0,
            0.0,
            1.0
        ]
    ],
    "intrinsic_matrix_camera": [
        [
            1.3888888888888888,
            0.0,
            -0.5
        ],
        [
            0.0,
            -1.3888888888888888,
            -0.5
        ],
        [
            0.0,
            0.0,
            -1.0
        ]
    ],
    "extrinsic_matrix_camera": [
        [
            -0.0175708695241178,
            0.8455014546391231,
            -0.5336839464957643,
            -6.433312892913818
        ],
        [
            -0.999845620355546,
            -0.014858493426822732,
            0.009378732799194586,
            -0.6148926615715027
        ],
        [
            -7.186617459739169e-09,
            0.5337663490481697,
            0.845632003074498,
            21.948986053466797
        ],
        [
            0.0,
            0.0,
            0.0,
            1.0
        ]
    ]
}