{
    "matrix_probe_in_cam_coord": [
        [
            0.40656409822171224,
            0.913614400714999,
            0.003789570337105079,
            -0.037969913411124545
        ],
        [
            -0.18566530011374827,
            0.07855949276638902,
            0.979467611730965,
            -0.7486765974650034
        ],
        [
            0.8945580083878508,
            -0.39891995801471447,
            0.2015659612303145,
            -9.976609260630408
        ],
        [
            0.0,
            0.0,
            0.0,
            1.0
        ]
    ],
    "matrix_probe_in_world_coord": [
        [
            0.9999332960043136,
            -0.01150440312723485,
            -0.0010257926868293514,
            0.0
        ],
        [
            0.011508976045303636,
            0.9999233289968991,
            0.004569419891886516,
            0.0
        ],
        [
            0.0009731455897812099,
            -0.004580920916781924,
            0.9999890340154814,
            7.676068305969238
        ],
        [
            0.0,
            0.0,
            0.0,
            1.0
        ]
    ],
    "intrinsic_matrix_camera": [
        [
            1.3888888888888888,
            0.0,
            -0.5
        ],
        [
            0.0,
            -1.3888888888888888,
            -0.5
        ],
        [
            0.0,
            0.0,
            -1.0
        ]
    ],
    "extrinsic_matrix_camera": [
        [
            0.3960225030896475,
            -0.18756142628372569,
            0.8988809089178748,
            8.842397689819336
        ],
        [
            0.9182408055878424,
            0.08089225082832427,
            -0.387672886218933,
            -3.772233247756958
        ],
        [
            -2.0478225269343297e-08,
            0.9789163167126912,
            0.20426170682156158,
            10.446799278259277
        ],
        [
            0.0,
            0.0,
            0.0,
            1.0
        ]
    ]
}