{
    "matrix_probe_in_cam_coord": [
        [
            -0.8125376827941322,
            0.05390569291966864,
            -0.5804107944468235,
            -0.24762427974415574
        ],
        [
            -0.25681708515022394,
            -0.926972733876513,
            0.2734347004760843,
            -0.9397698258633995
        ],
        [
            -0.5232852939023654,
            0.3712354063399042,
            0.7670441801259961,
            -13.72886413384768
        ],
        [
            0.0,
            0.0,
            0.0,
            1.0
        ]
    ],
    "matrix_probe_in_world_coord": [
        [
            0.7087371811216343,
            -0.4325550435851177,
            0.5573039945710393,
            0.0
        ],
        [
            0.4113271722116243,
            0.8951703695678765,
            0.1716973117090082,
            0.0
        ],
        [
            -0.5731505609315486,
            0.10754600744234294,
            0.8123621672548906,
            9.89403247833252
        ],
        [
            0.0,
            0.0,
            0.0,
            1.0
        ]
    ],
    "intrinsic_matrix_camera": [
        [
            1.3888888888888888,
            0.0,
            -0.5
        ],
        [
            0.0,
            -1.3888888888888888,
            -0.5
        ],
        [
            0.0,
            0.0,
            -1.0
        ]
    ],
    "extrinsic_matrix_camera": [
        [
            -0.922658100446336,
            0.37133716514058374,
            -0.1039747058957791,
            -1.3069556951522827
        ],
        [
            -0.3856190214197932,
            -0.8884863671743549,
            0.24877689937885786,
            2.4849629402160645
        ],
        [
            -1.515534357810877e-10,
            0.26963064575576745,
            0.9629638180478682,
            23.367822647094727
        ],
        [
            0.0,
            0.0,
            0.0,
            1.0
        ]
    ]
}