{
    "matrix_probe_in_cam_coord": [
        [
            0.6809757115936739,
            -0.7158645429310433,
            0.15430501091545365,
            2.0118147803500217
        ],
        [
            0.6757026101482124,
            0.5330022051015667,
            -0.5092490863965888,
            0.7374033462807947
        ],
        [
            0.28230845339518734,
            0.45105055762186597,
            0.8466730960710992,
            -10.145177683447628
        ],
        [
            0.0,
            0.0,
            0.0,
            1.0
        ]
    ],
    "matrix_probe_in_world_coord": [
        [
            -0.5597128690279938,
            0.6891427482498033,
            0.4602214431979026,
            0.0
        ],
        [
            0.38845230109634443,
            -0.27237853925295646,
            0.8802924179654057,
            0.0
        ],
        [
            0.7320015806112763,
            0.671485073467113,
            -0.11524531267456857,
            15.300520896911621
        ],
        [
            0.0,
            0.0,
            0.0,
            1.0
        ]
    ],
    "intrinsic_matrix_camera": [
        [
            1.3888888888888888,
            0.0,
            -0.5
        ],
        [
            0.0,
            -1.3888888888888888,
            -0.5
        ],
        [
            0.0,
            0.0,
            -1.0
        ]
    ],
    "extrinsic_matrix_camera": [
        [
            -0.8034692529483849,
            -0.2452521915775126,
            0.5424836606691408,
            7.30087423324585
        ],
        [
            0.5953462518287692,
            -0.33098823788601733,
            0.73212678329272,
            6.473901748657227
        ],
        [
            1.2811700883900739e-08,
            0.9112069736934284,
            0.4119488452374439,
            18.80788803100586
        ],
        [
            0.0,
            0.0,
            0.0,
            1.0
        ]
    ]
}