{
    "matrix_probe_in_cam_coord": [
        [
            -0.5013139721787322,
            0.8410466161876798,
            0.20328524466284806,
            -0.6741506901243706
        ],
        [
            0.08910383349026103,
            -0.18351106490248834,
            0.9789709882911207,
            0.7139954923072747
        ],
        [
            0.8606653287751985,
            0.5088853293794263,
            0.017056183238680953,
            -13.225734514776352
        ],
        [
            0.0,
            0.0,
            0.0,
            1.0
        ]
    ],
    "matrix_probe_in_world_coord": [
        [
            0.30165647589062844,
            0.8875061703977878,
            -0.3483334150768477,
            0.0
        ],
        [
            -0.7745426250166961,
            0.44116464137569467,
            0.4532741788720158,
            0.0
        ],
        [
            0.5559560167724532,
            0.13306598628390137,
            0.8204915299433627,
            11.552568435668945
        ],
        [
            0.0,
            0.0,
            0.0,
            1.0
        ]
    ],
    "intrinsic_matrix_camera": [
        [
            1.3888888888888888,
            0.0,
            -0.5
        ],
        [
            0.0,
            -1.3888888888888888,
            -0.5
        ],
        [
            0.0,
            0.0,
            -1.0
        ]
    ],
    "extrinsic_matrix_camera": [
        [
            0.524398411788435,
            -0.4769967616508129,
            0.7053229012930213,
            10.022510528564453
        ],
        [
            0.8514730211308914,
            0.2937689606304083,
            -0.4343886417211696,
            -5.380837440490723
        ],
        [
            -2.2278178681895936e-10,
            0.828356135454291,
            0.5602018500997947,
            18.370206832885742
        ],
        [
            0.0,
            0.0,
            0.0,
            1.0
        ]
    ]
}