{
    "matrix_probe_in_cam_coord": [
        [
            0.9143521569948686,
            -0.33252739513228124,
            0.23105338016434612,
            0.08851179060006725
        ],
        [
            -0.10933692804333238,
            0.34666513125355025,
            0.9315947203258536,
            0.7706443346792593
        ],
        [
            -0.38987891603019176,
            -0.8770683087761738,
            0.2806164866425781,
            -13.9736392893664
        ],
        [
            0.0,
            0.0,
            0.0,
            1.0
        ]
    ],
    "matrix_probe_in_world_coord": [
        [
            0.4554928555761318,
            -0.6708150337392429,
            -0.5852635722719461,
            0.0
        ],
        [
            0.792848442524053,
            0.006689821063597676,
            0.6093821407633476,
            0.0
        ],
        [
            -0.4048673927427158,
            -0.7415945231752696,
            0.5349018204214303,
            11.531238555908203
        ],
        [
            0.0,
            0.0,
            0.0,
            1.0
        ]
    ],
    "intrinsic_matrix_camera": [
        [
            1.3888888888888888,
            0.0,
            -0.5
        ],
        [
            0.0,
            -1.3888888888888888,
            -0.5
        ],
        [
            0.0,
            0.0,
            -1.0
        ]
    ],
    "extrinsic_matrix_camera": [
        [
            0.5043181241161793,
            -0.827578825220043,
            0.24652893894095285,
            4.038037300109863
        ],
        [
            0.8635179382548683,
            0.4833286995835554,
            -0.143979646030025,
            -2.4608256816864014
        ],
        [
            -5.150918765096224e-09,
            0.28549370607122554,
            0.9583805840028883,
            24.703289031982422
        ],
        [
            0.0,
            0.0,
            0.0,
            1.0
        ]
    ]
}