{
    "matrix_probe_in_cam_coord": [
        [
            0.9966718013820036,
            0.004319645313099398,
            0.08140430574804614,
            0.8515826649817606
        ],
        [
            -0.07920878165665521,
            0.2873576800834485,
            0.9545425776808111,
            0.20716021726667755
        ],
        [
            -0.01926886707672967,
            -0.9578136062728635,
            0.2867434504921635,
            -11.078693440566417
        ],
        [
            0.0,
            0.0,
            0.0,
            1.0
        ]
    ],
    "matrix_probe_in_world_coord": [
        [
            0.457527003019205,
            -0.8872892680699752,
            0.05819618781425657,
            0.0
        ],
        [
            0.8854544072646907,
            0.4606225977614089,
            0.061622358661988744,
            0.0
        ],
        [
            -0.08148333672475519,
            0.023336177908542904,
            0.9964014696079192,
            12.875423431396484
        ],
        [
            0.0,
            0.0,
            0.0,
            1.0
        ]
    ],
    "intrinsic_matrix_camera": [
        [
            1.3888888888888888,
            0.0,
            -0.5
        ],
        [
            0.0,
            -1.3888888888888888,
            -0.5
        ],
        [
            0.0,
            0.0,
            -1.0
        ]
    ],
    "extrinsic_matrix_camera": [
        [
            0.45690890761808095,
            -0.23565880299228395,
            0.8577290823514705,
            9.162240982055664
        ],
        [
            0.8895134907010972,
            0.12104884135476404,
            -0.4405824870185128,
            -5.663649082183838
        ],
        [
            2.9895215701190116e-08,
            0.9642676529775914,
            0.26492997833594834,
            15.610743522644043
        ],
        [
            0.0,
            0.0,
            0.0,
            1.0
        ]
    ]
}