{
    "matrix_probe_in_cam_coord": [
        [
            0.8941688493373556,
            0.34254981845297733,
            -0.2883083258467253,
            -1.1620579290239827
        ],
        [
            0.1857179471043375,
            -0.869692564588892,
            -0.457322301251695,
            -0.26818693870001553
        ],
        [
            -0.4073952785662346,
            0.3553793254771976,
            -0.8412696488197537,
            -11.802803561702156
        ],
        [
            0.0,
            0.0,
            0.0,
            1.0
        ]
    ],
    "matrix_probe_in_world_coord": [
        [
            0.2683794720968054,
            0.9165357092194825,
            -0.2965379447601609,
            0.0
        ],
        [
            0.9397927245560157,
            -0.31672094650761534,
            -0.1283646248578673,
            0.0
        ],
        [
            -0.21157054102265926,
            -0.24423377278513395,
            -0.9463549917459719,
            14.819209098815918
        ],
        [
            0.0,
            0.0,
            0.0,
            1.0
        ]
    ],
    "intrinsic_matrix_camera": [
        [
            1.3888888888888888,
            0.0,
            -0.5
        ],
        [
            0.0,
            -1.3888888888888888,
            -0.5
        ],
        [
            0.0,
            0.0,
            -1.0
        ]
    ],
    "extrinsic_matrix_camera": [
        [
            0.6394300629532029,
            -0.6116479915794615,
            0.46584968497195967,
            6.077351093292236
        ],
        [
            0.7688492664961469,
            0.5086902333746751,
            -0.3874339322743371,
            -3.5429351329803467
        ],
        [
            1.5794263444524527e-09,
            0.6059050922925386,
            0.7955369376301584,
            24.37127113342285
        ],
        [
            0.0,
            0.0,
            0.0,
            1.0
        ]
    ]
}