{
    "matrix_probe_in_cam_coord": [
        [
            0.13475945957906285,
            -0.9907784396632736,
            -0.014070236400561887,
            -0.07133431579169698
        ],
        [
            0.3600972610419285,
            0.03573938961436061,
            0.9322299387061618,
            -0.822648085233741
        ],
        [
            -0.9231304624179945,
            -0.13069345633352006,
            0.3615928232522572,
            -11.184226256831408
        ],
        [
            0.0,
            0.0,
            0.0,
            1.0
        ]
    ],
    "matrix_probe_in_world_coord": [
        [
            0.9994430077022955,
            0.03137007320841559,
            -0.011383886062661129,
            0.0
        ],
        [
            -0.03122201148149109,
            0.9994284627403844,
            0.012958929872543698,
            0.0
        ],
        [
            0.011783902326421519,
            -0.012596284027065809,
            0.9998512255704199,
            10.281777381896973
        ],
        [
            0.0,
            0.0,
            0.0,
            1.0
        ]
    ],
    "intrinsic_matrix_camera": [
        [
            1.3888888888888888,
            0.0,
            -0.5
        ],
        [
            0.0,
            -1.3888888888888888,
            -0.5
        ],
        [
            0.0,
            0.0,
            -1.0
        ]
    ],
    "extrinsic_matrix_camera": [
        [
            0.10376378138053655,
            0.35040543750329767,
            -0.9308324806546744,
            -10.114978790283203
        ],
        [
            -0.9946019694700045,
            0.03655670480363433,
            -0.09711091421816759,
            -1.1269863843917847
        ],
        [
            -2.4166034624237474e-08,
            0.9358844141783869,
            0.3523072001790156,
            14.991964340209961
        ],
        [
            0.0,
            0.0,
            0.0,
            1.0
        ]
    ]
}