{
    "matrix_probe_in_cam_coord": [
        [
            0.8468262894297128,
            -0.2754180552914369,
            -0.45500563771253094,
            -0.31319743247094484
        ],
        [
            0.5303892080683663,
            0.5010746206833031,
            0.6838212576921655,
            -0.5842565938530537
        ],
        [
            0.03965505636505012,
            -0.8204078981376074,
            0.5704019259943972,
            -9.922063044731564
        ],
        [
            0.0,
            0.0,
            0.0,
            1.0
        ]
    ],
    "matrix_probe_in_world_coord": [
        [
            0.13418986865144192,
            -0.9103283968091402,
            -0.39152942305043836,
            0.0
        ],
        [
            0.9214034924746702,
            0.2600302633130168,
            -0.28879034993718766,
            0.0
        ],
        [
            0.3647035552428697,
            -0.3220038386793914,
            0.873673190998183,
            6.480360984802246
        ],
        [
            0.0,
            0.0,
            0.0,
            1.0
        ]
    ],
    "intrinsic_matrix_camera": [
        [
            1.3888888888888888,
            0.0,
            -0.5
        ],
        [
            0.0,
            -1.3888888888888888,
            -0.5
        ],
        [
            0.0,
            0.0,
            -1.0
        ]
    ],
    "extrinsic_matrix_camera": [
        [
            0.5425044800931902,
            -0.6527057404573818,
            0.528832776454711,
            5.035675525665283
        ],
        [
            0.8400529084997072,
            0.4215160539374083,
            -0.3415191461605315,
            -2.8791985511779785
        ],
        [
            2.0511290818900615e-09,
            0.6295231788004448,
            0.7769817033579254,
            14.557425498962402
        ],
        [
            0.0,
            0.0,
            0.0,
            1.0
        ]
    ]
}