{
    "matrix_probe_in_cam_coord": [
        [
            -0.4818828472108382,
            0.7445635035188893,
            -0.4619676512394059,
            1.0826103019359992
        ],
        [
            0.3466281278236523,
            0.6461937339672129,
            0.6799136703898379,
            0.21240151265088753
        ],
        [
            0.8047595060422997,
            0.16750775328082115,
            -0.5694763296444952,
            -12.481245530002386
        ],
        [
            0.0,
            0.0,
            0.0,
            1.0
        ]
    ],
    "matrix_probe_in_world_coord": [
        [
            -0.14106878824215563,
            0.9575103132390697,
            0.25154243583282093,
            0.0
        ],
        [
            0.5194879965529637,
            -0.14469782046147697,
            0.842137021031071,
            0.0
        ],
        [
            0.8427525250162577,
            0.24947252512955645,
            -0.4770027681095833,
            4.517509937286377
        ],
        [
            0.0,
            0.0,
            0.0,
            1.0
        ]
    ],
    "intrinsic_matrix_camera": [
        [
            1.3888888888888888,
            0.0,
            -0.5
        ],
        [
            0.0,
            -1.3888888888888888,
            -0.5
        ],
        [
            0.0,
            0.0,
            -1.0
        ]
    ],
    "extrinsic_matrix_camera": [
        [
            0.6647013945427359,
            0.7408658954672336,
            -0.09638351013776186,
            -2.0799598693847656
        ],
        [
            -0.7471091326526146,
            0.6591467997114939,
            -0.08575220310379007,
            -0.40147003531455994
        ],
        [
            -4.885114466770461e-10,
            0.12900860964923894,
            0.991643473551039,
            16.867053985595703
        ],
        [
            0.0,
            0.0,
            0.0,
            1.0
        ]
    ]
}