{
    "matrix_probe_in_cam_coord": [
        [
            0.9867829881472392,
            0.13113462695214054,
            -0.0952000205742004,
            -0.2837570455115627
        ],
        [
            -0.02092747518499745,
            0.6856901018749616,
            0.7275926916710238,
            -0.13328024373952374
        ],
        [
            0.16069030800140544,
            -0.7159837943730482,
            0.6793716443225947,
            -10.334926913741231
        ],
        [
            0.0,
            0.0,
            0.0,
            1.0
        ]
    ],
    "matrix_probe_in_world_coord": [
        [
            0.9450328619262269,
            0.30013749448472415,
            -0.12973193239891806,
            0.0
        ],
        [
            -0.32036852210392147,
            0.9292936763022832,
            -0.18378594404778886,
            0.0
        ],
        [
            0.06539801162477678,
            0.2152457841376225,
            0.9743676680219362,
            16.44130516052246
        ],
        [
            0.0,
            0.0,
            0.0,
            1.0
        ]
    ],
    "intrinsic_matrix_camera": [
        [
            1.3888888888888888,
            0.0,
            -0.5
        ],
        [
            0.0,
            -1.3888888888888888,
            -0.5
        ],
        [
            0.0,
            0.0,
            -1.0
        ]
    ],
    "extrinsic_matrix_camera": [
        [
            0.984251252396012,
            0.09163215151294593,
            -0.15117215671541817,
            -1.2708522081375122
        ],
        [
            -0.17677520232454108,
            0.5101906701508238,
            -0.8416982879477489,
            -8.681053161621094
        ],
        [
            -1.1066307764080982e-09,
            0.8551660826413561,
            0.5183540981798427,
            21.912433624267578
        ],
        [
            0.0,
            0.0,
            0.0,
            1.0
        ]
    ]
}