{
    "matrix_probe_in_cam_coord": [
        [
            0.7482062837557556,
            0.4527668603657875,
            0.48496342862416897,
            1.3359610439414242
        ],
        [
            -0.1382403315013925,
            0.8212994432152452,
            -0.553495108669186,
            0.2677191865290407
        ],
        [
            -0.6489044364887538,
            0.3470870131953026,
            0.6770920451285608,
            -12.676555280098134
        ],
        [
            0.0,
            0.0,
            0.0,
            1.0
        ]
    ],
    "matrix_probe_in_world_coord": [
        [
            -0.22057265857333136,
            -0.48316415797685525,
            -0.8472898552068291,
            0.0
        ],
        [
            -0.9438452689581968,
            -0.11333824156693631,
            0.31033941300412415,
            0.0
        ],
        [
            -0.24597522345781522,
            0.8681629106596477,
            -0.43103288737618,
            9.129058837890625
        ],
        [
            0.0,
            0.0,
            0.0,
            1.0
        ]
    ],
    "intrinsic_matrix_camera": [
        [
            1.3888888888888888,
            0.0,
            -0.5
        ],
        [
            0.0,
            -1.3888888888888888,
            -0.5
        ],
        [
            0.0,
            0.0,
            -1.0
        ]
    ],
    "extrinsic_matrix_camera": [
        [
            -0.7946991612373188,
            0.10264037399536938,
            -0.59826264863753,
            -6.54970121383667
        ],
        [
            -0.6070034951536127,
            -0.13437849895216666,
            0.7832554984745786,
            10.775890350341797
        ],
        [
            5.943014486483055e-10,
            0.9856000064151039,
            0.16909354616468003,
            11.008718490600586
        ],
        [
            0.0,
            0.0,
            0.0,
            1.0
        ]
    ]
}