{
    "matrix_probe_in_cam_coord": [
        [
            -0.6009070529912282,
            -0.09220588105674454,
            -0.7939828645279108,
            -3.561055511327451
        ],
        [
            -0.4049986024532252,
            0.8915010423281552,
            0.20298281587057404,
            0.02520467845360308
        ],
        [
            0.6891203419406017,
            0.4435357561982603,
            -0.5730525170499698,
            -11.153274985745458
        ],
        [
            0.0,
            0.0,
            0.0,
            1.0
        ]
    ],
    "matrix_probe_in_world_coord": [
        [
            0.783471249907854,
            -0.5412644468473249,
            -0.30529592061946104,
            0.0
        ],
        [
            -0.4685929225596144,
            -0.1918953192378548,
            -0.8623206244672807,
            0.0
        ],
        [
            0.4081586376580363,
            0.818662925161303,
            -0.4039771546405499,
            16.82418441772461
        ],
        [
            0.0,
            0.0,
            0.0,
            1.0
        ]
    ],
    "intrinsic_matrix_camera": [
        [
            1.3888888888888888,
            0.0,
            -0.5
        ],
        [
            0.0,
            -1.3888888888888888,
            -0.5
        ],
        [
            0.0,
            0.0,
            -1.0
        ]
    ],
    "extrinsic_matrix_camera": [
        [
            -0.1784859050971082,
            -0.8618124054556624,
            0.4747864356575396,
            4.681547164916992
        ],
        [
            0.9839424686848647,
            -0.15633166689996594,
            0.08612565380078113,
            4.46839714050293
        ],
        [
            -1.9656562212062057e-09,
            0.4825347528696798,
            0.8758768248292662,
            26.580917358398438
        ],
        [
            0.0,
            0.0,
            0.0,
            1.0
        ]
    ]
}