{
    "matrix_probe_in_cam_coord": [
        [
            0.7624799869230261,
            0.4855006816328184,
            -0.4276837121938722,
            2.366090528199581
        ],
        [
            0.6239675886052565,
            -0.3769241563631813,
            0.6845382595005526,
            -1.4686652924922372
        ],
        [
            0.1711394691823124,
            -0.7888074977356472,
            -0.5903338153994091,
            -12.053028170868393
        ],
        [
            0.0,
            0.0,
            0.0,
            1.0
        ]
    ],
    "matrix_probe_in_world_coord": [
        [
            0.7656340572272372,
            0.3992087832617373,
            -0.5044173250201097,
            0.0
        ],
        [
            0.01694652442128676,
            0.7713484743278375,
            0.6361873516992901,
            0.0
        ],
        [
            0.6430531126771711,
            -0.49563482375515217,
            0.5838054605409244,
            4.3697614669799805
        ],
        [
            0.0,
            0.0,
            0.0,
            1.0
        ]
    ],
    "intrinsic_matrix_camera": [
        [
            1.3888888888888888,
            0.0,
            -0.5
        ],
        [
            0.0,
            -1.3888888888888888,
            -0.5
        ],
        [
            0.0,
            0.0,
            -1.0
        ]
    ],
    "extrinsic_matrix_camera": [
        [
            0.993327856389332,
            -0.018033555132754772,
            0.1139059287756714,
            -1.0038775205612183
        ],
        [
            0.1153246275561921,
            0.1553287914788411,
            -0.9811081473602938,
            -11.87006664276123
        ],
        [
            -2.3923832336716174e-09,
            0.9876982117160061,
            0.1563721285044218,
            7.705117225646973
        ],
        [
            0.0,
            0.0,
            0.0,
            1.0
        ]
    ]
}