{
    "matrix_probe_in_cam_coord": [
        [
            0.3924021923950971,
            -0.9043969763912196,
            0.16759065754970115,
            -0.43316666884851923
        ],
        [
            0.48715599626225053,
            0.3589019258211039,
            0.7961585538996847,
            -0.09451814717087803
        ],
        [
            -0.7801919986190935,
            -0.2307715683014761,
            0.5814163125974551,
            -13.541167052562367
        ],
        [
            0.0,
            0.0,
            0.0,
            1.0
        ]
    ],
    "matrix_probe_in_world_coord": [
        [
            0.7889727030073973,
            0.41439641778652253,
            0.4536492949789514,
            0.0
        ],
        [
            -0.3838698188531605,
            0.9089437683682535,
            -0.16268124697752062,
            0.0
        ],
        [
            -0.47975622568429843,
            -0.045791209529965654,
            0.8762060996403414,
            11.494367599487305
        ],
        [
            0.0,
            0.0,
            0.0,
            1.0
        ]
    ],
    "intrinsic_matrix_camera": [
        [
            1.3888888888888888,
            0.0,
            -0.5
        ],
        [
            0.0,
            -1.3888888888888888,
            -0.5
        ],
        [
            0.0,
            0.0,
            -1.0
        ]
    ],
    "extrinsic_matrix_camera": [
        [
            0.010843134768985747,
            0.8942572222222923,
            -0.44742200094726203,
            -5.969395637512207
        ],
        [
            -0.9999412114861462,
            0.009697118551816266,
            -0.004851748490024698,
            -0.49792298674583435
        ],
        [
            -6.9417342391098e-09,
            0.4474483058355034,
            0.8943097973325229,
            23.646657943725586
        ],
        [
            0.0,
            0.0,
            0.0,
            1.0
        ]
    ]
}