{
    "matrix_probe_in_cam_coord": [
        [
            0.6841442749431187,
            0.675986637877269,
            0.273840604136678,
            -0.2882239393882113
        ],
        [
            -0.05365737266404432,
            -0.32779315621410493,
            0.9432245401271044,
            1.5208615025021515
        ],
        [
            0.7273702615733934,
            -0.6599952364605229,
            -0.18798614424492033,
            -13.82051481793711
        ],
        [
            0.0,
            0.0,
            0.0,
            1.0
        ]
    ],
    "matrix_probe_in_world_coord": [
        [
            0.6263247470426351,
            0.6810009140591731,
            0.3794141092428565,
            0.0
        ],
        [
            -0.5186030027996178,
            0.000600819971039532,
            0.8550149498708092,
            0.0
        ],
        [
            0.5820380028221518,
            -0.7322823185533933,
            0.3535454273567511,
            9.874579429626465
        ],
        [
            0.0,
            0.0,
            0.0,
            1.0
        ]
    ],
    "intrinsic_matrix_camera": [
        [
            1.3888888888888888,
            0.0,
            -0.5
        ],
        [
            0.0,
            -1.3888888888888888,
            -0.5
        ],
        [
            0.0,
            0.0,
            -1.0
        ]
    ],
    "extrinsic_matrix_camera": [
        [
            0.9927429971236662,
            0.10103831934340149,
            -0.06521195968671095,
            -0.7687958478927612
        ],
        [
            -0.12025531864296228,
            0.8341010128049807,
            -0.5383439038159388,
            -8.743402481079102
        ],
        [
            -1.6486450541970025e-09,
            0.5422792255489471,
            0.8401983346436923,
            20.661821365356445
        ],
        [
            0.0,
            0.0,
            0.0,
            1.0
        ]
    ]
}