{
    "matrix_probe_in_cam_coord": [
        [
            -0.4787339525669438,
            -0.8434324333183754,
            -0.24379403825006843,
            0.07418968851353872
        ],
        [
            -0.8093217005916559,
            0.3163172419550159,
            0.4949159397245176,
            -0.5042802647826239
        ],
        [
            -0.34031189754556296,
            0.4342408696433541,
            -0.8340399747735848,
            -15.153648998345604
        ],
        [
            0.0,
            0.0,
            0.0,
            1.0
        ]
    ],
    "matrix_probe_in_world_coord": [
        [
            -0.08924826178825329,
            0.860802819897341,
            0.501052146013328,
            0.0
        ],
        [
            0.9290725045753694,
            0.2532557731078143,
            -0.26960303156606713,
            0.0
        ],
        [
            -0.3589693984308773,
            0.44145217027935124,
            -0.8223508693652758,
            11.66524887084961
        ],
        [
            0.0,
            0.0,
            0.0,
            1.0
        ]
    ],
    "intrinsic_matrix_camera": [
        [
            1.3888888888888888,
            0.0,
            -0.5
        ],
        [
            0.0,
            -1.3888888888888888,
            -0.5
        ],
        [
            0.0,
            0.0,
            -1.0
        ]
    ],
    "extrinsic_matrix_camera": [
        [
            -0.8054563699181656,
            0.592496022557518,
            -0.013729508795730152,
            0.1504884511232376
        ],
        [
            -0.5926550735109343,
            -0.8052402094373364,
            0.018659285813329245,
            -0.0793415829539299
        ],
        [
            9.001599990926573e-11,
            0.023166103661072173,
            0.9997316298093026,
            26.826513290405273
        ],
        [
            0.0,
            0.0,
            0.0,
            1.0
        ]
    ]
}