{
    "matrix_probe_in_cam_coord": [
        [
            -0.9503586361794109,
            0.25370248668680423,
            0.18014858003365478,
            -0.5307926427218211
        ],
        [
            -0.22812413397397807,
            -0.9618358676914878,
            0.15109977869204588,
            0.4484294470411445
        ],
        [
            0.2116077553820577,
            0.10250274079796423,
            0.9719646835101944,
            -12.507572226961983
        ],
        [
            0.0,
            0.0,
            0.0,
            1.0
        ]
    ],
    "matrix_probe_in_world_coord": [
        [
            0.7309545686266141,
            -0.46173645728339047,
            -0.5024986195197595,
            0.0
        ],
        [
            0.6746409785502228,
            0.3780225268364055,
            0.6340019867989508,
            0.0
        ],
        [
            -0.10278603341251343,
            -0.80243280916199,
            0.5878236284088271,
            11.552958488464355
        ],
        [
            0.0,
            0.0,
            0.0,
            1.0
        ]
    ],
    "intrinsic_matrix_camera": [
        [
            1.3888888888888888,
            0.0,
            -0.5
        ],
        [
            0.0,
            -1.3888888888888888,
            -0.5
        ],
        [
            0.0,
            0.0,
            -1.0
        ]
    ],
    "extrinsic_matrix_camera": [
        [
            -0.9023370871312067,
            0.20143887789120019,
            -0.38106450853038437,
            -5.335476875305176
        ],
        [
            -0.4310310675433606,
            -0.42169995418611056,
            0.797735148687748,
            9.938044548034668
        ],
        [
            -1.2583186138801367e-08,
            0.8840766522838199,
            0.46734192288583903,
            17.0018253326416
        ],
        [
            0.0,
            0.0,
            0.0,
            1.0
        ]
    ]
}