{
    "matrix_probe_in_cam_coord": [
        [
            -0.797912445676513,
            0.41301884725397864,
            0.4390343504186434,
            0.5811948075925112
        ],
        [
            0.060483856526316625,
            -0.6698211048948122,
            0.7400549915629222,
            -1.5137268641737336
        ],
        [
            0.599731133204063,
            0.6170535789139282,
            0.5094776232723893,
            -12.752582404172482
        ],
        [
            0.0,
            0.0,
            0.0,
            1.0
        ]
    ],
    "matrix_probe_in_world_coord": [
        [
            -0.6569408923109156,
            -0.7342460096110116,
            -0.1712059034614291,
            0.0
        ],
        [
            0.7097375302039659,
            -0.5256554290987612,
            -0.4689978764120066,
            0.0
        ],
        [
            0.2543645066232957,
            -0.4296151385010815,
            0.8664464960636542,
            12.977838516235352
        ],
        [
            0.0,
            0.0,
            0.0,
            1.0
        ]
    ],
    "intrinsic_matrix_camera": [
        [
            1.3888888888888888,
            0.0,
            -0.5
        ],
        [
            0.0,
            -1.3888888888888888,
            -0.5
        ],
        [
            0.0,
            0.0,
            -1.0
        ]
    ],
    "extrinsic_matrix_camera": [
        [
            0.14575860094431403,
            0.3253773713037805,
            -0.9342826106131904,
            -11.506697654724121
        ],
        [
            -0.989320185910889,
            0.047938543789971776,
            -0.1376497939284369,
            -1.1078367233276367
        ],
        [
            1.9732147697216157e-08,
            0.9443682874084341,
            0.3288898565435865,
            18.60154914855957
        ],
        [
            0.0,
            0.0,
            0.0,
            1.0
        ]
    ]
}