{
    "matrix_probe_in_cam_coord": [
        [
            0.028366891534403256,
            0.664281989715196,
            0.7469436107262017,
            0.7816846426638796
        ],
        [
            -0.011188909260542206,
            -0.7469864948905076,
            0.6647450524530085,
            -1.023486730009778
        ],
        [
            0.9995349557540422,
            -0.027214235084122865,
            -0.013757093971887416,
            -12.100032606660342
        ],
        [
            0.0,
            0.0,
            0.0,
            1.0
        ]
    ],
    "matrix_probe_in_world_coord": [
        [
            0.5294331310022868,
            -0.3131356038667057,
            -0.7884457200011608,
            0.0
        ],
        [
            0.7095785508016272,
            0.6728383110578254,
            0.20925316584251524,
            0.0
        ],
        [
            0.4649718701592363,
            -0.6702497301483129,
            0.5784172016777646,
            4.2274088859558105
        ],
        [
            0.0,
            0.0,
            0.0,
            1.0
        ]
    ],
    "intrinsic_matrix_camera": [
        [
            1.3888888888888888,
            0.0,
            -0.5
        ],
        [
            0.0,
            -1.3888888888888888,
            -0.5
        ],
        [
            0.0,
            0.0,
            -1.0
        ]
    ],
    "extrinsic_matrix_camera": [
        [
            -0.7819164627446702,
            -0.29613110360301803,
            0.5485553889697203,
            6.945663928985596
        ],
        [
            0.6233832250621301,
            -0.3714405349193396,
            0.6880590699423795,
            7.458083629608154
        ],
        [
            1.5385696309414573e-08,
            0.8799649416298886,
            0.47503863158937537,
            10.87602424621582
        ],
        [
            0.0,
            0.0,
            0.0,
            1.0
        ]
    ]
}