{
    "matrix_probe_in_cam_coord": [
        [
            0.9202923342792237,
            -0.09324469496616523,
            0.3799571638060844,
            -1.5354691719488083
        ],
        [
            -0.33612303754156464,
            -0.6854349441012928,
            0.6459103970665658,
            -1.5897659370964092
        ],
        [
            0.20020819938436268,
            -0.7221387430857893,
            -0.6621422148101923,
            -11.007557691665733
        ],
        [
            0.0,
            0.0,
            0.0,
            1.0
        ]
    ],
    "matrix_probe_in_world_coord": [
        [
            0.7386586003976783,
            0.06895579575928652,
            0.67054348873861,
            0.0
        ],
        [
            -0.6305362086446116,
            0.4224093447162833,
            0.6511485507043987,
            0.0
        ],
        [
            -0.23834336921051882,
            -0.9037784262348618,
            0.355495421385163,
            10.676413536071777
        ],
        [
            0.0,
            0.0,
            0.0,
            1.0
        ]
    ],
    "intrinsic_matrix_camera": [
        [
            1.3888888888888888,
            0.0,
            -0.5
        ],
        [
            0.0,
            -1.3888888888888888,
            -0.5
        ],
        [
            0.0,
            0.0,
            -1.0
        ]
    ],
    "extrinsic_matrix_camera": [
        [
            0.9281298876434397,
            0.13756612657796083,
            -0.34590529409263565,
            -2.163759708404541
        ],
        [
            -0.3722565132579634,
            0.3429872390808965,
            -0.8624296157743472,
            -9.519562721252441
        ],
        [
            1.1610268932945133e-10,
            0.9292122010854146,
            0.36954659429360137,
            16.22144889831543
        ],
        [
            0.0,
            0.0,
            0.0,
            1.0
        ]
    ]
}