{
    "matrix_probe_in_cam_coord": [
        [
            0.5598970193999749,
            0.33269090059232775,
            -0.7588360114873902,
            0.8090881006735992
        ],
        [
            0.6926555488591806,
            -0.6905285670442572,
            0.20832327937701225,
            1.3564507359276545
        ],
        [
            -0.4546906842036817,
            -0.6422515572257272,
            -0.6170650848488489,
            -10.326313277293835
        ],
        [
            0.0,
            0.0,
            0.0,
            1.0
        ]
    ],
    "matrix_probe_in_world_coord": [
        [
            -0.9581103719344009,
            -0.021974587254366188,
            0.2855549556682996,
            0.0
        ],
        [
            -0.259763521130186,
            0.4865696777614573,
            -0.8341300029211028,
            0.0
        ],
        [
            -0.12061272023203722,
            -0.8733653681009524,
            -0.47189565109260795,
            9.818059921264648
        ],
        [
            0.0,
            0.0,
            0.0,
            1.0
        ]
    ],
    "intrinsic_matrix_camera": [
        [
            1.3888888888888888,
            0.0,
            -0.5
        ],
        [
            0.0,
            -1.3888888888888888,
            -0.5
        ],
        [
            0.0,
            0.0,
            -1.0
        ]
    ],
    "extrinsic_matrix_camera": [
        [
            -0.7604432703458627,
            -0.5889786404845717,
            0.2735510804925371,
            4.238960266113281
        ],
        [
            0.649404367544359,
            -0.6896856042891081,
            0.32032442094020647,
            3.717869520187378
        ],
        [
            2.9406340898737796e-10,
            0.4212338166497475,
            0.9069520779570917,
            18.61214828491211
        ],
        [
            0.0,
            0.0,
            0.0,
            1.0
        ]
    ]
}