{
    "matrix_probe_in_cam_coord": [
        [
            -0.8406293655579872,
            -0.47840077695626676,
            0.2539192122885086,
            -0.9908182992339947
        ],
        [
            0.4174668099492355,
            -0.2736432393875938,
            0.8665107270705151,
            -1.13441836703822
        ],
        [
            -0.3450561292781005,
            0.8344172062853839,
            0.4297489889487937,
            -11.129941535313774
        ],
        [
            0.0,
            0.0,
            0.0,
            1.0
        ]
    ],
    "matrix_probe_in_world_coord": [
        [
            0.4690819469422413,
            -0.8814736490594772,
            -0.05446405297667494,
            0.0
        ],
        [
            0.847060374632642,
            0.4665047552429189,
            -0.25468026045014264,
            0.0
        ],
        [
            0.24990167822582637,
            0.07333157130127566,
            0.9654903582482849,
            3.95811128616333
        ],
        [
            0.0,
            0.0,
            0.0,
            1.0
        ]
    ],
    "intrinsic_matrix_camera": [
        [
            1.3888888888888888,
            0.0,
            -0.5
        ],
        [
            0.0,
            -1.3888888888888888,
            -0.5
        ],
        [
            0.0,
            0.0,
            -1.0
        ]
    ],
    "extrinsic_matrix_camera": [
        [
            0.013544149693890863,
            0.3898417626141667,
            -0.9207822522892962,
            -9.79258918762207
        ],
        [
            -0.9999082737976864,
            0.005280542364743245,
            -0.012472363980618292,
            -1.12355375289917
        ],
        [
            -1.8666252320898793e-08,
            0.9208667199949262,
            0.38987752436603185,
            9.342073440551758
        ],
        [
            0.0,
            0.0,
            0.0,
            1.0
        ]
    ]
}