{
    "matrix_probe_in_cam_coord": [
        [
            0.9603403299498243,
            -0.20151799864037473,
            0.1927094883388982,
            -0.43162225491514034
        ],
        [
            0.2780297005953924,
            0.6397263344961229,
            -0.7165540471862472,
            -1.1777234309152087
        ],
        [
            0.02111720290896645,
            0.7417147114464777,
            0.6703829879741647,
            -10.976306747600313
        ],
        [
            0.0,
            0.0,
            0.0,
            1.0
        ]
    ],
    "matrix_probe_in_world_coord": [
        [
            0.20966064899333164,
            -0.2625974427787124,
            -0.941851896695959,
            0.0
        ],
        [
            -0.9475970642535426,
            0.18289620048248204,
            -0.2619327846359419,
            0.0
        ],
        [
            0.24104401274821566,
            0.947413089890124,
            -0.2104904297660239,
            5.601656913757324
        ],
        [
            0.0,
            0.0,
            0.0,
            1.0
        ]
    ],
    "intrinsic_matrix_camera": [
        [
            1.3888888888888888,
            0.0,
            -0.5
        ],
        [
            0.0,
            -1.3888888888888888,
            -0.5
        ],
        [
            0.0,
            0.0,
            -1.0
        ]
    ],
    "extrinsic_matrix_camera": [
        [
            0.07275989084529788,
            0.5651891763769035,
            -0.8217464287665497,
            -8.322699546813965
        ],
        [
            -0.9973494865312663,
            0.04123238479008878,
            -0.0599490797288978,
            -1.0399373769760132
        ],
        [
            -6.045745401315917e-09,
            0.8239302672865707,
            0.5666911986691521,
            12.792195320129395
        ],
        [
            0.0,
            0.0,
            0.0,
            1.0
        ]
    ]
}