{
    "matrix_probe_in_cam_coord": [
        [
            -0.9892059735047596,
            -0.0017736063041839574,
            0.1465209756423268,
            -0.06336837179004147
        ],
        [
            0.14002621564690496,
            0.28319235606447707,
            0.9487859339167382,
            0.7118281243661055
        ],
        [
            -0.04317639301873206,
            0.9590614911398164,
            -0.2798872188910452,
            -11.343593776261386
        ],
        [
            0.0,
            0.0,
            0.0,
            1.0
        ]
    ],
    "matrix_probe_in_world_coord": [
        [
            0.6225454649892339,
            0.6999981043895288,
            -0.34991398639152027,
            0.0
        ],
        [
            -0.7704902231992631,
            0.6265450983861403,
            -0.11741403511783262,
            0.0
        ],
        [
            0.1370472910191532,
            0.3427008805640397,
            0.929394505301674,
            8.122660636901855
        ],
        [
            0.0,
            0.0,
            0.0,
            1.0
        ]
    ],
    "intrinsic_matrix_camera": [
        [
            1.3888888888888888,
            0.0,
            -0.5
        ],
        [
            0.0,
            -1.3888888888888888,
            -0.5
        ],
        [
            0.0,
            0.0,
            -1.0
        ]
    ],
    "extrinsic_matrix_camera": [
        [
            -0.6683369524734913,
            -0.04658667041568369,
            0.7423984106246634,
            8.412276268005371
        ],
        [
            0.7438586679998057,
            -0.041856832519116774,
            0.6670249527664024,
            7.643392086029053
        ],
        [
            -2.569759034912956e-08,
            0.9980369170081068,
            0.0626283664879763,
            8.122660636901855
        ],
        [
            0.0,
            0.0,
            0.0,
            1.0
        ]
    ]
}