{
    "matrix_probe_in_cam_coord": [
        [
            0.06525216392923906,
            -0.9096099890820301,
            0.4103069861271444,
            -1.3797021232951112
        ],
        [
            0.4656004412571637,
            0.3914331997577594,
            0.7937230494502074,
            2.17629677454277
        ],
        [
            -0.8825861908072696,
            0.13924696725455482,
            0.449056675606457,
            -13.232518150743433
        ],
        [
            0.0,
            0.0,
            0.0,
            1.0
        ]
    ],
    "matrix_probe_in_world_coord": [
        [
            -0.669391692689647,
            -0.7351432869537872,
            -0.10714060577050465,
            0.0
        ],
        [
            0.558083662639516,
            -0.5927912839617566,
            0.5806385443232602,
            0.0
        ],
        [
            -0.4903645452650017,
            0.32888119633958013,
            0.807081019130852,
            12.196720123291016
        ],
        [
            0.0,
            0.0,
            0.0,
            1.0
        ]
    ],
    "intrinsic_matrix_camera": [
        [
            1.3888888888888888,
            0.0,
            -0.5
        ],
        [
            0.0,
            -1.3888888888888888,
            -0.5
        ],
        [
            0.0,
            0.0,
            -1.0
        ]
    ],
    "extrinsic_matrix_camera": [
        [
            0.5810538817099741,
            -0.6844685249150443,
            0.44031718675336146,
            8.117793083190918
        ],
        [
            0.8138650911236893,
            0.48867200654229936,
            -0.3143617080246124,
            -4.100400924682617
        ],
        [
            1.1415554845323674e-08,
            0.5410198780290296,
            0.8410098046856848,
            22.147977828979492
        ],
        [
            0.0,
            0.0,
            0.0,
            1.0
        ]
    ]
}