{
    "matrix_probe_in_cam_coord": [
        [
            0.2333201153847115,
            0.9450461596835221,
            -0.22901851415178587,
            0.22549523802727162
        ],
        [
            -0.5244671148154859,
            0.3206276147879024,
            0.7887535598097423,
            -0.8351553617514202
        ],
        [
            0.8188381825696608,
            -0.06391939222839436,
            0.57045450481451,
            -12.264345263712961
        ],
        [
            0.0,
            0.0,
            0.0,
            1.0
        ]
    ],
    "matrix_probe_in_world_coord": [
        [
            -0.9084895758784447,
            0.36106436293942157,
            -0.21042627292083432,
            0.0
        ],
        [
            -0.40088898054619354,
            -0.8951829704454991,
            0.1947703126788228,
            0.0
        ],
        [
            -0.11804539718615664,
            0.26130437279066415,
            0.9580111215239834,
            12.60524845123291
        ],
        [
            0.0,
            0.0,
            0.0,
            1.0
        ]
    ],
    "intrinsic_matrix_camera": [
        [
            1.3888888888888888,
            0.0,
            -0.5
        ],
        [
            0.0,
            -1.3888888888888888,
            -0.5
        ],
        [
            0.0,
            0.0,
            -1.0
        ]
    ],
    "extrinsic_matrix_camera": [
        [
            0.17744510928753912,
            0.42626564033128805,
            -0.887023583149225,
            -10.56277847290039
        ],
        [
            -0.9841306992416867,
            0.0768584838463719,
            -0.15993605056679902,
            -1.6754053831100464
        ],
        [
            4.472991179580705e-08,
            0.9013270091003565,
            0.4331392647477299,
            18.670166015625
        ],
        [
            0.0,
            0.0,
            0.0,
            1.0
        ]
    ]
}