{
    "matrix_probe_in_cam_coord": [
        [
            -0.7851034747474402,
            0.6155362745300759,
            0.06875775357827264,
            1.2992664958984481
        ],
        [
            0.10929005713695915,
            0.028407801880688602,
            0.9936038849578377,
            -1.7163306646042145
        ],
        [
            0.6096459770641445,
            0.7875964014201327,
            -0.08957505857972843,
            -8.902972998935537
        ],
        [
            0.0,
            0.0,
            0.0,
            1.0
        ]
    ],
    "matrix_probe_in_world_coord": [
        [
            0.9986713878693433,
            0.031509818717052565,
            -0.04077487431664079,
            0.0
        ],
        [
            -0.029098428850019568,
            0.997866819482016,
            0.05843878861942419,
            0.0
        ],
        [
            0.042529289784567506,
            -0.057174661356792285,
            0.9974579277388878,
            4.761259078979492
        ],
        [
            0.0,
            0.0,
            0.0,
            1.0
        ]
    ],
    "intrinsic_matrix_camera": [
        [
            1.3888888888888888,
            0.0,
            -0.5
        ],
        [
            0.0,
            -1.3888888888888888,
            -0.5
        ],
        [
            0.0,
            0.0,
            -1.0
        ]
    ],
    "extrinsic_matrix_camera": [
        [
            -0.7674685290833064,
            0.0695259041990154,
            0.6373054256100567,
            6.790388584136963
        ],
        [
            0.6410866219682845,
            0.08323204136403332,
            0.7629419181193742,
            6.102362632751465
        ],
        [
            -4.837318427475482e-09,
            0.9941018941414834,
            -0.10845009942049293,
            5.501938343048096
        ],
        [
            0.0,
            0.0,
            0.0,
            1.0
        ]
    ]
}