{
    "matrix_probe_in_cam_coord": [
        [
            0.10010597797912794,
            -0.9441046633925386,
            -0.3140782987302755,
            0.2067756615233886
        ],
        [
            -0.5360433012907059,
            0.21476157232164683,
            -0.8164159762004267,
            -0.4707858268644598
        ],
        [
            0.8382340796664165,
            0.2500876878504735,
            -0.48458206329929326,
            -12.172286310088348
        ],
        [
            0.0,
            0.0,
            0.0,
            1.0
        ]
    ],
    "matrix_probe_in_world_coord": [
        [
            -0.6696336253710863,
            -0.1071509333090054,
            -0.7349214143453603,
            0.0
        ],
        [
            -0.28781133605119597,
            0.9496536390407524,
            0.12378449295885965,
            0.0
        ],
        [
            0.6846571715923242,
            0.2944089729401356,
            -0.6667592624325014,
            14.086637496948242
        ],
        [
            0.0,
            0.0,
            0.0,
            1.0
        ]
    ],
    "intrinsic_matrix_camera": [
        [
            1.3888888888888888,
            0.0,
            -0.5
        ],
        [
            0.0,
            -1.3888888888888888,
            -0.5
        ],
        [
            0.0,
            0.0,
            -1.0
        ]
    ],
    "extrinsic_matrix_camera": [
        [
            0.26495023438645193,
            0.9359423002093724,
            -0.2319771195125782,
            -2.4378488063812256
        ],
        [
            -0.9642620874526613,
            0.2571688097496551,
            -0.06374033254840705,
            -0.4554082155227661
        ],
        [
            6.252736800401355e-09,
            0.24057475755102506,
            0.9706306125551909,
            26.014690399169922
        ],
        [
            0.0,
            0.0,
            0.0,
            1.0
        ]
    ]
}