{
    "matrix_probe_in_cam_coord": [
        [
            0.34522578347523253,
            -0.6411451679433494,
            0.6853845869632655,
            -1.7596048040142753
        ],
        [
            -0.3180506227902433,
            0.6071475671081705,
            0.7281590712868774,
            -1.6095237416644264
        ],
        [
            -0.8829852545578835,
            -0.4693662806141103,
            0.005686374576662148,
            -14.289566659158611
        ],
        [
            0.0,
            0.0,
            0.0,
            1.0
        ]
    ],
    "matrix_probe_in_world_coord": [
        [
            0.35421306225515,
            -0.6797155056357033,
            0.642277150400222,
            0.0
        ],
        [
            -0.143222972782419,
            0.6392737192941417,
            0.7555238526262433,
            0.0
        ],
        [
            -0.9241321802616743,
            -0.3596052602760909,
            0.12908822636696665,
            7.334446907043457
        ],
        [
            0.0,
            0.0,
            0.0,
            1.0
        ]
    ],
    "intrinsic_matrix_camera": [
        [
            1.3888888888888888,
            0.0,
            -0.5
        ],
        [
            0.0,
            -1.3888888888888888,
            -0.5
        ],
        [
            0.0,
            0.0,
            -1.0
        ]
    ],
    "extrinsic_matrix_camera": [
        [
            0.9982866533916965,
            -0.057665367278899204,
            0.009922856272085124,
            1.8055695295333862
        ],
        [
            0.05851288456405818,
            0.9838271859403571,
            -0.16929356321098335,
            -0.7326788902282715
        ],
        [
            -2.6214123665367576e-10,
            0.16958411960224246,
            0.9855157159471036,
            21.68998908996582
        ],
        [
            0.0,
            0.0,
            0.0,
            1.0
        ]
    ]
}