{
    "matrix_probe_in_cam_coord": [
        [
            0.5731319876827085,
            -0.8122797975588827,
            -0.10826474575118324,
            -1.4928101534931968
        ],
        [
            0.5258953045115339,
            0.26326523215095843,
            0.8087802830393573,
            0.9558985181573285
        ],
        [
            -0.6284535411528752,
            -0.5204737726516127,
            0.5780598572762239,
            -13.302094386011753
        ],
        [
            0.0,
            0.0,
            0.0,
            1.0
        ]
    ],
    "matrix_probe_in_world_coord": [
        [
            -0.321741504482786,
            0.9111287593942559,
            0.2575398767139521,
            0.0
        ],
        [
            -0.8746677192086911,
            -0.181863330919717,
            -0.4493129308633924,
            0.0
        ],
        [
            -0.36254487345350717,
            -0.36982443493023787,
            0.8554478955851786,
            10.270610809326172
        ],
        [
            0.0,
            0.0,
            0.0,
            1.0
        ]
    ],
    "intrinsic_matrix_camera": [
        [
            1.3888888888888888,
            0.0,
            -0.5
        ],
        [
            0.0,
            -1.3888888888888888,
            -0.5
        ],
        [
            0.0,
            0.0,
            -1.0
        ]
    ],
    "extrinsic_matrix_camera": [
        [
            -0.9523743214883134,
            0.278959352270001,
            -0.12314557056904786,
            -3.326464891433716
        ],
        [
            -0.30493138862648245,
            -0.8712573779709271,
            0.3846133507323301,
            5.4937920570373535
        ],
        [
            4.2719631226311305e-09,
            0.4038468287758698,
            0.9148266168447842,
            22.05368423461914
        ],
        [
            0.0,
            0.0,
            0.0,
            1.0
        ]
    ]
}