{
    "matrix_probe_in_cam_coord": [
        [
            0.6398347470273162,
            -0.7626482830227099,
            0.09475807564003784,
            1.9977787779198797
        ],
        [
            0.726602971277917,
            0.6404876706692273,
            0.24864365234369107,
            1.2028431836340971
        ],
        [
            -0.2503190336881978,
            -0.09023934908464441,
            0.9639487752210627,
            -11.761961301758884
        ],
        [
            0.0,
            0.0,
            0.0,
            1.0
        ]
    ],
    "matrix_probe_in_world_coord": [
        [
            -0.7415597563531032,
            -0.6708335339806631,
            0.008455616153815168,
            0.0
        ],
        [
            0.6684474045905223,
            -0.7377308505426583,
            0.09450534087447436,
            0.0
        ],
        [
            -0.05715938290185454,
            0.0757334922251736,
            0.9954884444842436,
            4.809529781341553
        ],
        [
            0.0,
            0.0,
            0.0,
            1.0
        ]
    ],
    "intrinsic_matrix_camera": [
        [
            1.3888888888888888,
            0.0,
            -0.5
        ],
        [
            0.0,
            -1.3888888888888888,
            -0.5
        ],
        [
            0.0,
            0.0,
            -1.0
        ]
    ],
    "extrinsic_matrix_camera": [
        [
            0.037935581687669764,
            -0.9663776946490726,
            0.2543128839181404,
            4.077832221984863
        ],
        [
            0.9992801867554554,
            0.036686509394605146,
            -0.00965444904805417,
            -2.154024124145508
        ],
        [
            -7.790866450445546e-09,
            0.2544960732765497,
            0.9670738072592064,
            15.878095626831055
        ],
        [
            0.0,
            0.0,
            0.0,
            1.0
        ]
    ]
}