{
    "matrix_probe_in_cam_coord": [
        [
            -0.4711617037141331,
            -0.7897959785617062,
            0.3927199526392215,
            -0.45562218179090336
        ],
        [
            -0.6806737672055894,
            0.04240121410034834,
            -0.7313585712090671,
            -0.6138798078853434
        ],
        [
            0.5609722556342223,
            -0.6119023200565376,
            -0.5575712323264891,
            -10.44597647071172
        ],
        [
            0.0,
            0.0,
            0.0,
            1.0
        ]
    ],
    "matrix_probe_in_world_coord": [
        [
            -0.9245048961059075,
            0.26110680344715803,
            -0.27769395792817086,
            0.0
        ],
        [
            0.3625643196338379,
            0.827219881029131,
            -0.42924862557567106,
            0.0
        ],
        [
            0.11763422633170054,
            -0.4975243769140942,
            -0.8594368407111629,
            8.509703636169434
        ],
        [
            0.0,
            0.0,
            0.0,
            1.0
        ]
    ],
    "intrinsic_matrix_camera": [
        [
            1.3888888888888888,
            0.0,
            -0.5
        ],
        [
            0.0,
            -1.3888888888888888,
            -0.5
        ],
        [
            0.0,
            0.0,
            -1.0
        ]
    ],
    "extrinsic_matrix_camera": [
        [
            0.12031424059790038,
            0.8434513322121779,
            -0.5235592933936449,
            -4.8964924812316895
        ],
        [
            -0.9927358578742637,
            0.10222176747856368,
            -0.06345255506445849,
            -1.0523844957351685
        ],
        [
            1.4249142146736356e-08,
            0.5273903302517602,
            0.8496231161856056,
            17.708600997924805
        ],
        [
            0.0,
            0.0,
            0.0,
            1.0
        ]
    ]
}