{
    "matrix_probe_in_cam_coord": [
        [
            0.8967918196584608,
            0.29987692405795846,
            0.3253279308808329,
            -0.7347578075596852
        ],
        [
            -0.2883603025883093,
            -0.16154650551384256,
            0.943796091561861,
            -2.1158746810734854
        ],
        [
            0.3355782592553416,
            -0.9402002749275307,
            -0.05840098407862014,
            -10.40519654193309
        ],
        [
            0.0,
            0.0,
            0.0,
            1.0
        ]
    ],
    "matrix_probe_in_world_coord": [
        [
            -0.9887935903218569,
            -0.002162614036489386,
            -0.1492734364813155,
            0.0
        ],
        [
            0.08142824423076249,
            -0.8458746814225614,
            -0.5271294569361267,
            0.0
        ],
        [
            -0.1251266429658666,
            -0.5333773021312491,
            0.8365715610701113,
            15.131361961364746
        ],
        [
            0.0,
            0.0,
            0.0,
            1.0
        ]
    ],
    "intrinsic_matrix_camera": [
        [
            1.3888888888888888,
            0.0,
            -0.5
        ],
        [
            0.0,
            -1.3888888888888888,
            -0.5
        ],
        [
            0.0,
            0.0,
            -1.0
        ]
    ],
    "extrinsic_matrix_camera": [
        [
            -0.9359533394024855,
            0.14459449571788813,
            -0.32106662590407237,
            -3.7225165367126465
        ],
        [
            -0.35212404981957124,
            -0.38433529546261047,
            0.8534020355028056,
            7.807884693145752
        ],
        [
            4.3812239968305647e-10,
            0.9117997655569767,
            0.4106351026522725,
            21.333354949951172
        ],
        [
            0.0,
            0.0,
            0.0,
            1.0
        ]
    ]
}