{
    "matrix_probe_in_cam_coord": [
        [
            0.39332033319333237,
            0.9144749556661068,
            0.09505088614082818,
            0.3560341587927853
        ],
        [
            -0.6548945866127408,
            0.20610122637448722,
            0.7270731496295674,
            0.40481335309775535
        ],
        [
            0.6453000820719091,
            -0.3482209642545996,
            0.6799485010878277,
            -10.374772007917548
        ],
        [
            0.0,
            0.0,
            0.0,
            1.0
        ]
    ],
    "matrix_probe_in_world_coord": [
        [
            0.99545641965915,
            -0.022891152275197925,
            0.09242570912305706,
            0.0
        ],
        [
            0.016924374244466005,
            0.9977526028040565,
            0.06483293263584185,
            0.0
        ],
        [
            -0.09370209237695552,
            -0.06297411170666921,
            0.9936066521209167,
            4.5941057205200195
        ],
        [
            0.0,
            0.0,
            0.0,
            1.0
        ]
    ],
    "intrinsic_matrix_camera": [
        [
            1.3888888888888888,
            0.0,
            -0.5
        ],
        [
            0.0,
            -1.3888888888888888,
            -0.5
        ],
        [
            0.0,
            0.0,
            -1.0
        ]
    ],
    "extrinsic_matrix_camera": [
        [
            0.3793850107521122,
            -0.5894366635618744,
            0.7131840108034292,
            7.502659320831299
        ],
        [
            0.9252388954300507,
            0.24169263851300712,
            -0.2924340179801269,
            -3.461193323135376
        ],
        [
            6.5538294415395815e-09,
            0.7708106694498118,
            0.6370642917809265,
            10.891468048095703
        ],
        [
            0.0,
            0.0,
            0.0,
            1.0
        ]
    ]
}