{
    "matrix_probe_in_cam_coord": [
        [
            0.6168582830392494,
            -0.7121473042547253,
            -0.3351597763583765,
            2.229317457749886
        ],
        [
            0.782201653014035,
            0.6019897490210921,
            0.16052699491248673,
            0.08995365535554978
        ],
        [
            0.08744388296490502,
            -0.3611849375545033,
            0.9283851615659146,
            -13.050487092575157
        ],
        [
            0.0,
            0.0,
            0.0,
            1.0
        ]
    ],
    "matrix_probe_in_world_coord": [
        [
            0.9473523632728097,
            -0.14386933503700408,
            -0.2860508944880829,
            0.0
        ],
        [
            0.20026968159090586,
            0.963292739478615,
            0.1787712300770514,
            0.0
        ],
        [
            0.249831051786801,
            -0.22664666885660403,
            0.9413903191871613,
            13.195124626159668
        ],
        [
            0.0,
            0.0,
            0.0,
            1.0
        ]
    ],
    "intrinsic_matrix_camera": [
        [
            1.3888888888888888,
            0.0,
            -0.5
        ],
        [
            0.0,
            -1.3888888888888888,
            -0.5
        ],
        [
            0.0,
            0.0,
            -1.0
        ]
    ],
    "extrinsic_matrix_camera": [
        [
            0.7827110651769027,
            0.6084938291637864,
            -0.13076179992349127,
            -3.506152868270874
        ],
        [
            -0.622385241188798,
            0.7652412388026506,
            -0.1644459120384154,
            -0.8274412155151367
        ],
        [
            -9.45069785858116e-10,
            0.21009784935923884,
            0.9776803637665137,
            25.9354305267334
        ],
        [
            0.0,
            0.0,
            0.0,
            1.0
        ]
    ]
}