{
    "matrix_probe_in_cam_coord": [
        [
            0.8884604632807973,
            -0.45720125798352834,
            -0.04006263702192427,
            -0.8695989332713746
        ],
        [
            0.3275689695519661,
            0.5705603518559569,
            0.7530998971429159,
            -0.0742670105843577
        ],
        [
            -0.3214600680855003,
            -0.6822227602391221,
            0.656685259495125,
            -10.528716017823232
        ],
        [
            0.0,
            0.0,
            0.0,
            1.0
        ]
    ],
    "matrix_probe_in_world_coord": [
        [
            0.9820428865006586,
            -0.1687858942851497,
            -0.08427983723179149,
            0.0
        ],
        [
            0.1567907524386091,
            0.9786414091619751,
            -0.13295733234086396,
            0.0
        ],
        [
            0.10492106091338288,
            0.1173555033384733,
            0.98753190166849,
            4.281630039215088
        ],
        [
            0.0,
            0.0,
            0.0,
            1.0
        ]
    ],
    "intrinsic_matrix_camera": [
        [
            1.3888888888888888,
            0.0,
            -0.5
        ],
        [
            0.0,
            -1.3888888888888888,
            -0.5
        ],
        [
            0.0,
            0.0,
            -1.0
        ]
    ],
    "extrinsic_matrix_camera": [
        [
            0.9530518736263157,
            0.16191310040471782,
            -0.2558833212515052,
            -1.8533251285552979
        ],
        [
            -0.30280707748890096,
            0.5096036186535571,
            -0.805364529686918,
            -8.704928398132324
        ],
        [
            -1.4947385998969593e-09,
            0.8450374546566155,
            0.5347071163052426,
            9.974167823791504
        ],
        [
            0.0,
            0.0,
            0.0,
            1.0
        ]
    ]
}