{
    "matrix_probe_in_cam_coord": [
        [
            -0.9550978461526982,
            -0.28850392103027367,
            -0.06748030693939414,
            -0.39353727090158225
        ],
        [
            0.04442550128999721,
            -0.36461862424144437,
            0.9300965722393612,
            0.5858030309880409
        ],
        [
            -0.29294108470750513,
            0.8853353863968356,
            0.36106339399606324,
            -10.691123745199265
        ],
        [
            0.0,
            0.0,
            0.0,
            1.0
        ]
    ],
    "matrix_probe_in_world_coord": [
        [
            -0.8761314343755515,
            -0.4809317082474786,
            0.03314214388359252,
            0.0
        ],
        [
            0.445962141167284,
            -0.7824793854309562,
            0.43456159519806214,
            0.0
        ],
        [
            -0.18306140593945552,
            0.395513215174607,
            0.9000321206922088,
            9.38611888885498
        ],
        [
            0.0,
            0.0,
            0.0,
            1.0
        ]
    ],
    "intrinsic_matrix_camera": [
        [
            1.3888888888888888,
            0.0,
            -0.5
        ],
        [
            0.0,
            -1.3888888888888888,
            -0.5
        ],
        [
            0.0,
            0.0,
            -1.0
        ]
    ],
    "extrinsic_matrix_camera": [
        [
            0.9733054874540538,
            0.16725947407001826,
            -0.15716455206453947,
            -1.3952147960662842
        ],
        [
            -0.22951345950036667,
            0.7093028988114296,
            -0.666493037957544,
            -7.6313934326171875
        ],
        [
            -2.6303298187190537e-09,
            0.6847727112491585,
            0.7287567042082538,
            16.77620506286621
        ],
        [
            0.0,
            0.0,
            0.0,
            1.0
        ]
    ]
}