{
    "matrix_probe_in_cam_coord": [
        [
            -0.8259151263992907,
            0.5000822865263576,
            -0.2603495932153795,
            -1.077914913983496
        ],
        [
            -0.5313315254331651,
            -0.5359666967820516,
            0.6560689826698118,
            1.3375023704481652
        ],
        [
            0.18854976548834293,
            0.6801892432574234,
            0.7083724862607134,
            -10.888059377399959
        ],
        [
            0.0,
            0.0,
            0.0,
            1.0
        ]
    ],
    "matrix_probe_in_world_coord": [
        [
            0.6787558818989857,
            -0.6691604018334426,
            0.302514147447083,
            0.0
        ],
        [
            0.7273560675751416,
            0.6693615407558025,
            -0.15135481068880483,
            0.0
        ],
        [
            -0.10121068989566222,
            0.3227684686816906,
            0.9410509613595431,
            16.153594970703125
        ],
        [
            0.0,
            0.0,
            0.0,
            1.0
        ]
    ],
    "intrinsic_matrix_camera": [
        [
            1.3888888888888888,
            0.0,
            -0.5
        ],
        [
            0.0,
            -1.3888888888888888,
            -0.5
        ],
        [
            0.0,
            0.0,
            -1.0
        ]
    ],
    "extrinsic_matrix_camera": [
        [
            -0.9739894490243726,
            0.19647344102073233,
            -0.11288374622890532,
            -2.5417463779449463
        ],
        [
            -0.2265933652806257,
            -0.8445218995403869,
            0.48521975228498027,
            6.168403148651123
        ],
        [
            -1.4098126719700845e-09,
            0.4981776271272823,
            0.8670749978115102,
            24.92804527282715
        ],
        [
            0.0,
            0.0,
            0.0,
            1.0
        ]
    ]
}