{
    "matrix_probe_in_cam_coord": [
        [
            0.9340007633280281,
            0.35010107644339417,
            -0.07121664395236331,
            0.6383264971746383
        ],
        [
            -0.3509469721030283,
            0.9363950901769514,
            0.0006766566450894511,
            -0.38496788076222743
        ],
        [
            0.0669238139557015,
            0.024361267735396867,
            0.9974606417097103,
            -13.412755395019566
        ],
        [
            0.0,
            0.0,
            0.0,
            1.0
        ]
    ],
    "matrix_probe_in_world_coord": [
        [
            -0.935554948260466,
            0.3169292117069769,
            -0.15586152043449,
            0.0
        ],
        [
            -0.3498323894920249,
            -0.892192990894328,
            0.2856728308070857,
            0.0
        ],
        [
            -0.04852049100799481,
            0.3217880385686016,
            0.945567670865769,
            6.116169452667236
        ],
        [
            0.0,
            0.0,
            0.0,
            1.0
        ]
    ],
    "intrinsic_matrix_camera": [
        [
            1.3888888888888888,
            0.0,
            -0.5
        ],
        [
            0.0,
            -1.3888888888888888,
            -0.5
        ],
        [
            0.0,
            0.0,
            -1.0
        ]
    ],
    "extrinsic_matrix_camera": [
        [
            -0.7517518432289629,
            0.6249956693705648,
            -0.21035584011359496,
            -2.100985050201416
        ],
        [
            -0.6594461056082269,
            -0.7124792159086577,
            0.2398003350630012,
            3.3630435466766357
        ],
        [
            6.902045028937786e-09,
            0.31898868344539105,
            0.9477585240100856,
            18.95102310180664
        ],
        [
            0.0,
            0.0,
            0.0,
            1.0
        ]
    ]
}