{
    "matrix_probe_in_cam_coord": [
        [
            -0.4689302890697433,
            -0.04478013621095991,
            -0.8820992707138438,
            -2.2222596695507875
        ],
        [
            0.07246755675397527,
            -0.9972973216795613,
            0.01210394104756045,
            -0.7330354347983548
        ],
        [
            -0.8802572562672096,
            -0.05824767438878005,
            0.470908028405996,
            -10.050403058641804
        ],
        [
            0.0,
            0.0,
            0.0,
            1.0
        ]
    ],
    "matrix_probe_in_world_coord": [
        [
            -0.11612162403715066,
            -0.505825519930969,
            -0.8547843656838485,
            0.0
        ],
        [
            0.6696884964584954,
            -0.6754340364050107,
            0.3087169904245544,
            0.0
        ],
        [
            -0.7335073865627627,
            -0.5365905383550845,
            0.41717802915022517,
            12.445512771606445
        ],
        [
            0.0,
            0.0,
            0.0,
            1.0
        ]
    ],
    "intrinsic_matrix_camera": [
        [
            1.3888888888888888,
            0.0,
            -0.5
        ],
        [
            0.0,
            -1.3888888888888888,
            -0.5
        ],
        [
            0.0,
            0.0,
            -1.0
        ]
    ],
    "extrinsic_matrix_camera": [
        [
            0.8311085479957957,
            0.48569712631343737,
            -0.2708447580057419,
            -0.5191267728805542
        ],
        [
            -0.5561102241897015,
            0.7258759368550021,
            -0.4047783873263901,
            -4.771914482116699
        ],
        [
            -7.058530925480885e-09,
            0.48703431684609444,
            0.8733828337071081,
            21.58037567138672
        ],
        [
            0.0,
            0.0,
            0.0,
            1.0
        ]
    ]
}