{
    "matrix_probe_in_cam_coord": [
        [
            -0.33845230875173454,
            -0.940909661580674,
            -0.01179166844689691,
            -2.3064022518357086
        ],
        [
            -0.019507330522859044,
            -0.005512691182637975,
            0.9997945160340683,
            0.04417721978526945
        ],
        [
            -0.940781323558505,
            0.33861278620286317,
            -0.016488852702406475,
            -10.062676348584459
        ],
        [
            0.0,
            0.0,
            0.0,
            1.0
        ]
    ],
    "matrix_probe_in_world_coord": [
        [
            0.6082924671310437,
            0.7935124104151019,
            0.017841775383717225,
            0.0
        ],
        [
            -0.793336199146143,
            0.608542622519131,
            -0.017133350573950473,
            0.0
        ],
        [
            -0.024453007094826965,
            -0.0037324381780880216,
            0.9996940128605688,
            7.086069107055664
        ],
        [
            0.0,
            0.0,
            0.0,
            1.0
        ]
    ],
    "intrinsic_matrix_camera": [
        [
            1.3888888888888888,
            0.0,
            -0.5
        ],
        [
            0.0,
            -1.3888888888888888,
            -0.5
        ],
        [
            0.0,
            0.0,
            -1.0
        ]
    ],
    "extrinsic_matrix_camera": [
        [
            -0.9527118677403579,
            0.0015975581058523451,
            -0.3038709345672557,
            -5.255162239074707
        ],
        [
            -0.30387513400520116,
            -0.00500866604205294,
            0.9526987016878948,
            8.886061668395996
        ],
        [
            3.5021825997329993e-09,
            0.9999861804407987,
            0.005257273763308908,
            7.094794750213623
        ],
        [
            0.0,
            0.0,
            0.0,
            1.0
        ]
    ]
}