{
    "matrix_probe_in_cam_coord": [
        [
            -0.5290442605850016,
            0.7617442101240836,
            -0.3739758397069315,
            -0.023607553659019245
        ],
        [
            -0.4287571036060762,
            0.14036574384924363,
            0.8924487683116473,
            -0.2395552298511454
        ],
        [
            0.7323110790158764,
            0.6324896965928254,
            0.2523435500553136,
            -13.05285217231142
        ],
        [
            0.0,
            0.0,
            0.0,
            1.0
        ]
    ],
    "matrix_probe_in_world_coord": [
        [
            0.9584115026999692,
            -0.1667430136351791,
            0.23161208711171638,
            0.0
        ],
        [
            0.23318214174588373,
            0.9254313727035406,
            -0.2986684837522079,
            0.0
        ],
        [
            -0.16454020865183508,
            0.34025511284901916,
            0.9258255655991099,
            9.830513000488281
        ],
        [
            0.0,
            0.0,
            0.0,
            1.0
        ]
    ],
    "intrinsic_matrix_camera": [
        [
            1.3888888888888888,
            0.0,
            -0.5
        ],
        [
            0.0,
            -1.3888888888888888,
            -0.5
        ],
        [
            0.0,
            0.0,
            -1.0
        ]
    ],
    "extrinsic_matrix_camera": [
        [
            -0.7206749547611836,
            -0.22762882523201122,
            0.6548379398778452,
            8.475959777832031
        ],
        [
            0.693273113267755,
            -0.23662595715483278,
            0.6807206084882356,
            8.845026969909668
        ],
        [
            2.1883497072907826e-08,
            0.9445598309922214,
            0.32833934530595893,
            14.342552185058594
        ],
        [
            0.0,
            0.0,
            0.0,
            1.0
        ]
    ]
}