{
    "matrix_probe_in_cam_coord": [
        [
            -0.8799011958925842,
            -0.19554090767756038,
            -0.4330561613595121,
            -1.8034520576270612
        ],
        [
            -0.359326869949343,
            0.8701681492898573,
            0.3371818389146607,
            0.2290790704668222
        ],
        [
            0.3108988356350147,
            0.45229541826786174,
            -0.8359250974906135,
            -12.989069251145656
        ],
        [
            0.0,
            0.0,
            0.0,
            1.0
        ]
    ],
    "matrix_probe_in_world_coord": [
        [
            -0.4726870066359706,
            -0.5583613116374667,
            -0.6817621575183045,
            0.0
        ],
        [
            -0.8605681901061705,
            0.45902811138110283,
            0.22071606905544436,
            0.0
        ],
        [
            0.18970868175946962,
            0.6910324439766814,
            -0.6974846073116586,
            15.978386878967285
        ],
        [
            0.0,
            0.0,
            0.0,
            1.0
        ]
    ],
    "intrinsic_matrix_camera": [
        [
            1.3888888888888888,
            0.0,
            -0.5
        ],
        [
            0.0,
            -1.3888888888888888,
            -0.5
        ],
        [
            0.0,
            0.0,
            -1.0
        ]
    ],
    "extrinsic_matrix_camera": [
        [
            0.820341643006556,
            -0.5458969045968528,
            0.17039999501431607,
            3.817837715148926
        ],
        [
            0.5718737524570474,
            0.7830783663234643,
            -0.24443543819763527,
            -2.323028802871704
        ],
        [
            -6.314726830948092e-10,
            0.29796785354757466,
            0.9545759049191694,
            28.309181213378906
        ],
        [
            0.0,
            0.0,
            0.0,
            1.0
        ]
    ]
}