{
    "matrix_probe_in_cam_coord": [
        [
            0.8215629065056108,
            -0.5700067048862484,
            0.011258198735792672,
            -0.39142947412657464
        ],
        [
            0.42198265247468847,
            0.6212539143192471,
            0.6602834353165616,
            -0.8003707733299112
        ],
        [
            -0.38336018528856086,
            -0.5377136136715668,
            0.7509321127823645,
            -10.86275968214155
        ],
        [
            0.0,
            0.0,
            0.0,
            1.0
        ]
    ],
    "matrix_probe_in_world_coord": [
        [
            0.9323037399785944,
            -0.3616203581775362,
            0.006360265204833016,
            0.0
        ],
        [
            0.36167128556318856,
            0.9320542015821046,
            -0.021652863834048977,
            0.0
        ],
        [
            0.0019020044678971341,
            0.02248737122688588,
            0.9997453178256491,
            6.98057222366333
        ],
        [
            0.0,
            0.0,
            0.0,
            1.0
        ]
    ],
    "intrinsic_matrix_camera": [
        [
            1.3888888888888888,
            0.0,
            -0.5
        ],
        [
            0.0,
            -1.3888888888888888,
            -0.5
        ],
        [
            0.0,
            0.0,
            -1.0
        ]
    ],
    "extrinsic_matrix_camera": [
        [
            0.9721438042771156,
            0.1729575198518884,
            -0.1581838175424414,
            -1.1993569135665894
        ],
        [
            -0.23438520389652745,
            0.7173643021796802,
            -0.6560884347042275,
            -6.644518852233887
        ],
        [
            -4.582499487277583e-09,
            0.6748882531834021,
            0.7379199453294752,
            15.536580085754395
        ],
        [
            0.0,
            0.0,
            0.0,
            1.0
        ]
    ]
}