{
    "matrix_probe_in_cam_coord": [
        [
            -0.7205687098584325,
            0.6662700490907366,
            -0.19200248971714384,
            -0.6466799953187239
        ],
        [
            -0.5235128224130191,
            -0.34119360329255344,
            0.7807184190483784,
            0.32444996212069643
        ],
        [
            0.45465927807767137,
            0.6630770292785534,
            0.5946543484252171,
            -13.978327028020212
        ],
        [
            0.0,
            0.0,
            0.0,
            1.0
        ]
    ],
    "matrix_probe_in_world_coord": [
        [
            -0.6446329576756161,
            -0.59109839588853,
            0.484820622763094,
            0.0
        ],
        [
            0.7352032600700986,
            -0.6531843580059259,
            0.18118046483737055,
            0.0
        ],
        [
            0.2095817650958368,
            0.4732366013257992,
            0.8556416322882615,
            10.846338272094727
        ],
        [
            0.0,
            0.0,
            0.0,
            1.0
        ]
    ],
    "intrinsic_matrix_camera": [
        [
            1.3888888888888888,
            0.0,
            -0.5
        ],
        [
            0.0,
            -1.3888888888888888,
            -0.5
        ],
        [
            0.0,
            0.0,
            -1.0
        ]
    ],
    "extrinsic_matrix_camera": [
        [
            -0.022415585238292454,
            0.9176610008125221,
            -0.3967314319866587,
            -5.857872486114502
        ],
        [
            -0.9997487392032183,
            -0.020575082933893,
            0.008895191051277593,
            -0.5155020356178284
        ],
        [
            -1.2193073639696734e-08,
            0.39683113984417023,
            0.9178916311035722,
            23.548175811767578
        ],
        [
            0.0,
            0.0,
            0.0,
            1.0
        ]
    ]
}