{
    "matrix_probe_in_cam_coord": [
        [
            0.14702082477782394,
            0.9162000050619451,
            -0.3727766460041994,
            -0.5590737005469577
        ],
        [
            -0.5599817691816305,
            0.3877568753478598,
            0.7321646152366801,
            0.8094004886213568
        ],
        [
            0.8153559316432669,
            0.10110468013379115,
            0.570063635385721,
            -9.462530863875333
        ],
        [
            0.0,
            0.0,
            0.0,
            1.0
        ]
    ],
    "matrix_probe_in_world_coord": [
        [
            0.5954115123340938,
            -0.5009916928650671,
            0.6280863433161255,
            0.0
        ],
        [
            0.6378849258039315,
            0.7700725221440714,
            0.00954631189421077,
            0.0
        ],
        [
            -0.4884546574781944,
            0.39496282650252434,
            0.7780850938483508,
            13.621675491333008
        ],
        [
            0.0,
            0.0,
            0.0,
            1.0
        ]
    ],
    "intrinsic_matrix_camera": [
        [
            1.3888888888888888,
            0.0,
            -0.5
        ],
        [
            0.0,
            -1.3888888888888888,
            -0.5
        ],
        [
            0.0,
            0.0,
            -1.0
        ]
    ],
    "extrinsic_matrix_camera": [
        [
            -0.6056066203758242,
            -0.0678199695790847,
            0.7928688877003967,
            7.218861103057861
        ],
        [
            0.7957641744618641,
            -0.0516135425331938,
            0.6034031992541985,
            6.196388244628906
        ],
        [
            -1.455877164543339e-08,
            0.9963616281016979,
            0.08522620516328042,
            13.621675491333008
        ],
        [
            0.0,
            0.0,
            0.0,
            1.0
        ]
    ]
}