{
    "matrix_probe_in_cam_coord": [
        [
            0.6415358959155881,
            0.6833779364456342,
            -0.3484627530039475,
            0.8867628907419344
        ],
        [
            0.06272720012590922,
            0.40600774255851674,
            0.9117143255137,
            0.031621857719645874
        ],
        [
            0.7645240301103345,
            -0.6067555594816115,
            0.21760215628988736,
            -10.132602366719535
        ],
        [
            0.0,
            0.0,
            0.0,
            1.0
        ]
    ],
    "matrix_probe_in_world_coord": [
        [
            0.8804911775616888,
            -0.4463001118941901,
            -0.15984835425885277,
            0.0
        ],
        [
            0.3832582106119463,
            0.8686051843779181,
            -0.3140671547142927,
            0.0
        ],
        [
            0.27901331551479636,
            0.21527016466532428,
            0.9358473839095799,
            9.911894798278809
        ],
        [
            0.0,
            0.0,
            0.0,
            1.0
        ]
    ],
    "intrinsic_matrix_camera": [
        [
            1.3888888888888888,
            0.0,
            -0.5
        ],
        [
            0.0,
            -1.3888888888888888,
            -0.5
        ],
        [
            0.0,
            0.0,
            -1.0
        ]
    ],
    "extrinsic_matrix_camera": [
        [
            0.315576244529292,
            -0.2717065891173491,
            0.9091683910690058,
            8.94099235534668
        ],
        [
            0.948900223357961,
            0.090361620434508,
            -0.30236260295159145,
            -3.908026933670044
        ],
        [
            -1.7540209670354263e-08,
            0.9581285440809423,
            0.28633842392758563,
            12.782950401306152
        ],
        [
            0.0,
            0.0,
            0.0,
            1.0
        ]
    ]
}