{
    "matrix_probe_in_cam_coord": [
        [
            -0.739923076196423,
            0.6725978746367983,
            0.011222314649131851,
            -0.6412764282095833
        ],
        [
            -0.4974218409412884,
            -0.5582910923424473,
            0.6639898857404803,
            -2.0091437602259177
        ],
        [
            0.4528635042334525,
            0.48571921440801413,
            0.7476573354741193,
            -14.274407784147122
        ],
        [
            0.0,
            0.0,
            0.0,
            1.0
        ]
    ],
    "matrix_probe_in_world_coord": [
        [
            0.9967755078802167,
            0.07368123077267007,
            0.03177519664708094,
            0.0
        ],
        [
            -0.07508598560750954,
            0.9961362276973571,
            0.0455489915829972,
            0.0
        ],
        [
            -0.028296318762075695,
            -0.04778799117669225,
            0.9984566221142566,
            6.744553565979004
        ],
        [
            0.0,
            0.0,
            0.0,
            1.0
        ]
    ],
    "intrinsic_matrix_camera": [
        [
            1.3888888888888888,
            0.0,
            -0.5
        ],
        [
            0.0,
            -1.3888888888888888,
            -0.5
        ],
        [
            0.0,
            0.0,
            -1.0
        ]
    ],
    "extrinsic_matrix_camera": [
        [
            -0.6876227695948487,
            -0.5158550737570986,
            0.5109485978195537,
            5.816105365753174
        ],
        [
            0.7260681281634043,
            -0.4885405037764756,
            0.48389384107996036,
            6.391360282897949
        ],
        [
            -7.698260038051971e-09,
            0.7037199151998513,
            0.7104775020724541,
            18.300073623657227
        ],
        [
            0.0,
            0.0,
            0.0,
            1.0
        ]
    ]
}