{
    "matrix_probe_in_cam_coord": [
        [
            0.927915038028137,
            -0.12903556947703124,
            0.3497477719885854,
            -0.20408496773431367
        ],
        [
            -0.3680268959030173,
            -0.46659812143027585,
            0.8042651285302175,
            -1.0273234926990966
        ],
        [
            0.05941284451388429,
            -0.8750062941987767,
            -0.4804519736865415,
            -8.778457715024553
        ],
        [
            0.0,
            0.0,
            0.0,
            1.0
        ]
    ],
    "matrix_probe_in_world_coord": [
        [
            0.5783218221280841,
            -0.7466445269693177,
            -0.3287336617951019,
            0.0
        ],
        [
            0.7345781179049775,
            0.30130376952265736,
            0.6079564352538909,
            0.0
        ],
        [
            -0.3548786535502434,
            -0.5930750279839822,
            0.7227192763695771,
            16.587997436523438
        ],
        [
            0.0,
            0.0,
            0.0,
            1.0
        ]
    ],
    "intrinsic_matrix_camera": [
        [
            1.3888888888888888,
            0.0,
            -0.5
        ],
        [
            0.0,
            -1.3888888888888888,
            -0.5
        ],
        [
            0.0,
            0.0,
            -1.0
        ]
    ],
    "extrinsic_matrix_camera": [
        [
            0.5180033515163909,
            -0.1288440721265418,
            0.8456191417509639,
            7.3965840339660645
        ],
        [
            0.8553785874206732,
            0.07802588317026116,
            -0.5120931885289186,
            -4.240660667419434
        ],
        [
            -8.642466459188802e-09,
            0.9885904949135164,
            0.1506281294003503,
            18.92588233947754
        ],
        [
            0.0,
            0.0,
            0.0,
            1.0
        ]
    ]
}