{
    "matrix_probe_in_cam_coord": [
        [
            0.25711831308554695,
            0.4698449127982451,
            -0.8444737598017196,
            0.8253399071361883
        ],
        [
            -0.6563675608858943,
            0.7262712133044306,
            0.2042345459074246,
            1.0273848039375748
        ],
        [
            0.7092755445472123,
            0.5017727400356855,
            0.4951285886154585,
            -9.188913248147582
        ],
        [
            0.0,
            0.0,
            0.0,
            1.0
        ]
    ],
    "matrix_probe_in_world_coord": [
        [
            0.27632489975901126,
            0.4707093563069454,
            -0.8379005022425237,
            0.0
        ],
        [
            -0.9425097351168082,
            -0.037764157035143985,
            -0.33203805151438404,
            0.0
        ],
        [
            -0.18793602364426076,
            0.8814797617237311,
            0.43321297382264273,
            6.198614597320557
        ],
        [
            0.0,
            0.0,
            0.0,
            1.0
        ]
    ],
    "intrinsic_matrix_camera": [
        [
            1.3888888888888888,
            0.0,
            -0.5
        ],
        [
            0.0,
            -1.3888888888888888,
            -0.5
        ],
        [
            0.0,
            0.0,
            -1.0
        ]
    ],
    "extrinsic_matrix_camera": [
        [
            0.9997935760254176,
            -0.010636273739173484,
            0.01731112414757177,
            -0.6551715731620789
        ],
        [
            0.020317611530573022,
            0.5233921551254704,
            -0.851849661979629,
            -8.38206672668457
        ],
        [
            -3.8580442716760013e-10,
            0.8520255404822444,
            0.5235002181145096,
            10.133654594421387
        ],
        [
            0.0,
            0.0,
            0.0,
            1.0
        ]
    ]
}