{
    "matrix_probe_in_cam_coord": [
        [
            -0.6448849361150665,
            -0.7242126787990106,
            -0.24421182411715434,
            0.8919336113058518
        ],
        [
            -0.3778131003593776,
            0.024319773047969,
            0.9255624289240194,
            -0.6711100393433416
        ],
        [
            -0.6643648699086229,
            0.6891476942612931,
            -0.2893004927849966,
            -11.200679609121305
        ],
        [
            0.0,
            0.0,
            0.0,
            1.0
        ]
    ],
    "matrix_probe_in_world_coord": [
        [
            0.13306882984100787,
            0.9904809483190005,
            0.0352161545577942,
            0.0
        ],
        [
            -0.9192505859994516,
            0.13662609943808898,
            -0.36920410221447714,
            0.0
        ],
        [
            -0.3705010751191008,
            0.016757087140280735,
            0.9286808673415015,
            10.039360046386719
        ],
        [
            0.0,
            0.0,
            0.0,
            1.0
        ]
    ],
    "intrinsic_matrix_camera": [
        [
            1.3888888888888888,
            0.0,
            -0.5
        ],
        [
            0.0,
            -1.3888888888888888,
            -0.5
        ],
        [
            0.0,
            0.0,
            -1.0
        ]
    ],
    "extrinsic_matrix_camera": [
        [
            -0.811733146055363,
            0.006407874257905279,
            0.5839933550500017,
            7.269434928894043
        ],
        [
            0.5840285092314091,
            0.008906184020047678,
            0.8116842860935148,
            8.576478004455566
        ],
        [
            1.8555844471600017e-08,
            0.9999398077052916,
            -0.010971826024128035,
            10.58753776550293
        ],
        [
            0.0,
            0.0,
            0.0,
            1.0
        ]
    ]
}