{
    "matrix_probe_in_cam_coord": [
        [
            -0.7471439553924965,
            0.61355780294622,
            -0.25558312222105506,
            0.2921882674669449
        ],
        [
            -0.5757394854805785,
            -0.40528549088178717,
            0.7101180998533045,
            -0.4195394304399329
        ],
        [
            0.3321143700278778,
            0.6777097412052715,
            0.656056058501459,
            -10.2891584510592
        ],
        [
            0.0,
            0.0,
            0.0,
            1.0
        ]
    ],
    "matrix_probe_in_world_coord": [
        [
            0.8834123125363457,
            0.08549616572136698,
            0.46073104052812686,
            0.0
        ],
        [
            -0.15452515168399775,
            0.9813689260465986,
            0.11417972012219703,
            0.0
        ],
        [
            -0.44238519816583305,
            -0.1720623045210377,
            0.8801647003866302,
            17.415300369262695
        ],
        [
            0.0,
            0.0,
            0.0,
            1.0
        ]
    ],
    "intrinsic_matrix_camera": [
        [
            1.3888888888888888,
            0.0,
            -0.5
        ],
        [
            0.0,
            -1.3888888888888888,
            -0.5
        ],
        [
            0.0,
            0.0,
            -1.0
        ]
    ],
    "extrinsic_matrix_camera": [
        [
            -0.7253344076728437,
            -0.21609225473650936,
            0.6536008984761086,
            6.846278190612793
        ],
        [
            0.6883966858184928,
            -0.2276872697096182,
            0.6886715546371107,
            6.789185523986816
        ],
        [
            1.5039348058016822e-08,
            0.9494538665227874,
            0.3139066029011314,
            21.043468475341797
        ],
        [
            0.0,
            0.0,
            0.0,
            1.0
        ]
    ]
}