{
    "matrix_probe_in_cam_coord": [
        [
            -0.04608675569760923,
            -0.8330535325405237,
            0.5512692834459612,
            -0.0001829082165332295
        ],
        [
            -0.9571309367606474,
            -0.12115456272054914,
            -0.2631006306105669,
            1.2540569599174631
        ],
        [
            0.2859656987209381,
            -0.5397623401588397,
            -0.7917576872385252,
            -12.199107096477329
        ],
        [
            0.0,
            0.0,
            0.0,
            1.0
        ]
    ],
    "matrix_probe_in_world_coord": [
        [
            -0.12858140272128696,
            -0.8061955502031909,
            0.5775080585643809,
            0.0
        ],
        [
            -0.9052612084467254,
            0.3332006411075442,
            0.26358960003591897,
            0.0
        ],
        [
            -0.40493081798722164,
            -0.4889029224683524,
            -0.7726609638425534,
            17.43048667907715
        ],
        [
            0.0,
            0.0,
            0.0,
            1.0
        ]
    ],
    "intrinsic_matrix_camera": [
        [
            1.3888888888888888,
            0.0,
            -0.5
        ],
        [
            0.0,
            -1.3888888888888888,
            -0.5
        ],
        [
            0.0,
            0.0,
            -1.0
        ]
    ],
    "extrinsic_matrix_camera": [
        [
            0.9958924043387457,
            0.06880077339777074,
            -0.05886231867893857,
            -0.8041656613349915
        ],
        [
            -0.09054456902759168,
            0.7567341404902616,
            -0.6474219038896296,
            -8.846973419189453
        ],
        [
            -1.5694932712389075e-09,
            0.6500922197629608,
            0.7598553189941268,
            25.884790420532227
        ],
        [
            0.0,
            0.0,
            0.0,
            1.0
        ]
    ]
}