{
    "matrix_probe_in_cam_coord": [
        [
            0.6255168098199213,
            0.7035117551464322,
            -0.3373424536038931,
            -1.393491318061299
        ],
        [
            -0.3694011473120786,
            0.6478856695440212,
            0.6661733644960713,
            1.4456410399672226
        ],
        [
            0.6872201343072164,
            -0.2920879483482364,
            0.6651414266398461,
            -9.135666176443204
        ],
        [
            0.0,
            0.0,
            0.0,
            1.0
        ]
    ],
    "matrix_probe_in_world_coord": [
        [
            0.2429659760580948,
            -0.7365573545892439,
            0.631229592049226,
            0.0
        ],
        [
            0.9398919107700422,
            0.3397121843908242,
            0.03462409342428834,
            0.0
        ],
        [
            -0.239939014224816,
            0.5848751107517824,
            0.774822801855956,
            8.666372299194336
        ],
        [
            0.0,
            0.0,
            0.0,
            1.0
        ]
    ],
    "intrinsic_matrix_camera": [
        [
            1.3888888888888888,
            0.0,
            -0.5
        ],
        [
            0.0,
            -1.3888888888888888,
            -0.5
        ],
        [
            0.0,
            0.0,
            -1.0
        ]
    ],
    "extrinsic_matrix_camera": [
        [
            -0.5791379944237196,
            -0.146448524044369,
            0.8019675886344146,
            6.731196403503418
        ],
        [
            0.8152295280562842,
            -0.10403684534239994,
            0.5697167290823832,
            6.491157054901123
        ],
        [
            3.890875348929326e-09,
            0.9837322626692833,
            0.17964085109899852,
            8.885387420654297
        ],
        [
            0.0,
            0.0,
            0.0,
            1.0
        ]
    ]
}