{
    "matrix_probe_in_cam_coord": [
        [
            -0.38829966835797974,
            -0.25323566940883785,
            -0.8860559030287767,
            -1.1396266243979134
        ],
        [
            -0.5266921618127316,
            0.8499698611893374,
            -0.012107921159732247,
            -1.343645451273698
        ],
        [
            0.7561869704233964,
            0.4619771972823298,
            -0.46342025738313275,
            -14.05674377951993
        ],
        [
            0.0,
            0.0,
            0.0,
            1.0
        ]
    ],
    "matrix_probe_in_world_coord": [
        [
            -0.8966694008973708,
            -0.19737144127867962,
            0.3962682168202827,
            0.0
        ],
        [
            0.34650203324404416,
            0.2442213044372751,
            0.9056998925784957,
            0.0
        ],
        [
            -0.27553643398304545,
            0.9494211229093928,
            -0.15059616502877599,
            15.419907569885254
        ],
        [
            0.0,
            0.0,
            0.0,
            1.0
        ]
    ],
    "intrinsic_matrix_camera": [
        [
            1.3888888888888888,
            0.0,
            -0.5
        ],
        [
            0.0,
            -1.3888888888888888,
            -0.5
        ],
        [
            0.0,
            0.0,
            -1.0
        ]
    ],
    "extrinsic_matrix_camera": [
        [
            0.04704212735329238,
            0.2997109843162166,
            -0.9528695420330533,
            -12.93792724609375
        ],
        [
            -0.9988929062988059,
            0.014114700376498628,
            -0.04487468082567447,
            -1.7501916885375977
        ],
        [
            3.332254908617907e-08,
            0.9539256266153486,
            0.30004316170596634,
            20.919275283813477
        ],
        [
            0.0,
            0.0,
            0.0,
            1.0
        ]
    ]
}