{
    "matrix_probe_in_cam_coord": [
        [
            -0.08902913922920569,
            -0.9354877652483571,
            -0.3419597248781524,
            1.4651295853853716
        ],
        [
            0.41233985221483294,
            -0.34713794876690396,
            0.8423010689779258,
            0.5156393776562371
        ],
        [
            -0.9066695421395585,
            -0.06601428327673772,
            0.41664427964380146,
            -12.804886489466078
        ],
        [
            0.0,
            0.0,
            0.0,
            1.0
        ]
    ],
    "matrix_probe_in_world_coord": [
        [
            0.00021959111038668972,
            -0.9438221376734032,
            -0.3304538155587745,
            0.0
        ],
        [
            0.9885652644809024,
            -0.04962539382581035,
            0.14239395404804678,
            0.0
        ],
        [
            -0.15079346683974168,
            -0.32670643202306493,
            0.9330188838567046,
            14.22750473022461
        ],
        [
            0.0,
            0.0,
            0.0,
            1.0
        ]
    ],
    "intrinsic_matrix_camera": [
        [
            1.3888888888888888,
            0.0,
            -0.5
        ],
        [
            0.0,
            -1.3888888888888888,
            -0.5
        ],
        [
            0.0,
            0.0,
            -1.0
        ]
    ],
    "extrinsic_matrix_camera": [
        [
            0.9959164082098929,
            0.04938542494575399,
            -0.0755750465513152,
            -2.4523415565490723
        ],
        [
            -0.09028016314953223,
            0.5447902921908774,
            -0.8336984045062533,
            -10.824056625366211
        ],
        [
            1.7098917426350807e-09,
            0.8371168480788724,
            0.5470241152476684,
            20.80043601989746
        ],
        [
            0.0,
            0.0,
            0.0,
            1.0
        ]
    ]
}