{
    "matrix_probe_in_cam_coord": [
        [
            -0.9930660120400578,
            -0.10508167643609014,
            0.05270424089422469,
            1.0337151623876841
        ],
        [
            -0.017348143700920398,
            -0.31242214501368337,
            -0.9497849468249016,
            0.49701871038974677
        ],
        [
            0.11627096645761499,
            -0.9441134701837645,
            0.30843284159859236,
            -13.023306527186097
        ],
        [
            0.0,
            0.0,
            0.0,
            1.0
        ]
    ],
    "matrix_probe_in_world_coord": [
        [
            -0.9905155497465229,
            -0.11469889592500987,
            0.07565123253409253,
            0.0
        ],
        [
            -0.11436873607083367,
            0.38311205560775635,
            -0.9165942095919871,
            0.0
        ],
        [
            0.07614944464606145,
            -0.9165529532556115,
            -0.3925964161305007,
            10.818384170532227
        ],
        [
            0.0,
            0.0,
            0.0,
            1.0
        ]
    ],
    "intrinsic_matrix_camera": [
        [
            1.3888888888888888,
            0.0,
            -0.5
        ],
        [
            0.0,
            -1.3888888888888888,
            -0.5
        ],
        [
            0.0,
            0.0,
            -1.0
        ]
    ],
    "extrinsic_matrix_camera": [
        [
            0.9996872199030356,
            -0.018834320679039663,
            0.016453897018609522,
            -0.8097466826438904
        ],
        [
            0.02500924554119752,
            0.7528587776920108,
            -0.6577067724218382,
            -8.965554237365723
        ],
        [
            -5.331315233937835e-10,
            0.6579125543844339,
            0.7530943306009874,
            20.29916763305664
        ],
        [
            0.0,
            0.0,
            0.0,
            1.0
        ]
    ]
}