{
    "matrix_probe_in_cam_coord": [
        [
            -0.039215002200448885,
            0.6012095762946552,
            -0.7981285792239369,
            -1.048995537172504
        ],
        [
            -0.27285974334630847,
            -0.774829098215797,
            -0.5702520749800757,
            -0.32635738675594617
        ],
        [
            -0.9612542556802576,
            0.19541472290924297,
            0.19443081547660687,
            -13.783574963874685
        ],
        [
            0.0,
            0.0,
            0.0,
            1.0
        ]
    ],
    "matrix_probe_in_world_coord": [
        [
            -0.4141297745673786,
            0.9095321773932695,
            -0.03532347807096938,
            0.0
        ],
        [
            0.2549826630244545,
            0.07867040373573625,
            -0.9637400111715886,
            0.0
        ],
        [
            -0.8737736385207153,
            -0.4081203080738746,
            -0.26449469326237146,
            6.803074359893799
        ],
        [
            0.0,
            0.0,
            0.0,
            1.0
        ]
    ],
    "intrinsic_matrix_camera": [
        [
            1.3888888888888888,
            0.0,
            -0.5
        ],
        [
            0.0,
            -1.3888888888888888,
            -0.5
        ],
        [
            0.0,
            0.0,
            -1.0
        ]
    ],
    "extrinsic_matrix_camera": [
        [
            0.5912522323839245,
            -0.5715893661418742,
            0.5689520139823357,
            8.275871276855469
        ],
        [
            0.8064867002629521,
            0.41904411913847545,
            -0.41711057108929067,
            -4.766515731811523
        ],
        [
            -2.8591286619105225e-08,
            0.7054697886720518,
            0.7087399927131314,
            16.80228042602539
        ],
        [
            0.0,
            0.0,
            0.0,
            1.0
        ]
    ]
}