{
    "matrix_probe_in_cam_coord": [
        [
            -0.16409217466524995,
            0.27906612172685635,
            0.9461479048848338,
            0.8058858068466526
        ],
        [
            0.07661071975891669,
            -0.9526469015776552,
            0.29426973771102216,
            -1.4921704252996104
        ],
        [
            0.9834655844673211,
            0.12077243319079253,
            0.13494244532216584,
            -12.52458955719431
        ],
        [
            0.0,
            0.0,
            0.0,
            1.0
        ]
    ],
    "matrix_probe_in_world_coord": [
        [
            0.35669286269200684,
            0.23130908765018424,
            -0.9051333093390278,
            0.0
        ],
        [
            0.2646002048508888,
            0.9041766373662307,
            0.33533765078494143,
            0.0
        ],
        [
            0.8959670380641513,
            -0.35911100569536303,
            0.26130892118528243,
            5.738935470581055
        ],
        [
            0.0,
            0.0,
            0.0,
            1.0
        ]
    ],
    "intrinsic_matrix_camera": [
        [
            1.3888888888888888,
            0.0,
            -0.5
        ],
        [
            0.0,
            -1.3888888888888888,
            -0.5
        ],
        [
            0.0,
            0.0,
            -1.0
        ]
    ],
    "extrinsic_matrix_camera": [
        [
            -0.8503699617885877,
            -0.4593827302457045,
            0.25659001391261876,
            3.213508367538452
        ],
        [
            0.5261852602341456,
            -0.7424101373827444,
            0.4146760902483514,
            3.6618001461029053
        ],
        [
            -7.025994234223785e-09,
            0.487641974263226,
            0.873043701619033,
            17.401094436645508
        ],
        [
            0.0,
            0.0,
            0.0,
            1.0
        ]
    ]
}