{
    "matrix_probe_in_cam_coord": [
        [
            0.4458786794620947,
            0.2144581095086849,
            -0.8690223946867532,
            -0.16017256031564955
        ],
        [
            0.6627879480359757,
            0.5734122265990765,
            0.4815709234629408,
            2.1222989373644476
        ],
        [
            0.6015848561420069,
            -0.7906997771927406,
            0.11353203604247984,
            -9.862976992565757
        ],
        [
            0.0,
            0.0,
            0.0,
            1.0
        ]
    ],
    "matrix_probe_in_world_coord": [
        [
            0.23712979426584962,
            -0.7265391506216358,
            -0.6449110971951312,
            0.0
        ],
        [
            0.3777580338003203,
            0.6805610525212485,
            -0.6278021357804435,
            0.0
        ],
        [
            0.895024205578124,
            -0.09474975675516245,
            0.43583730338749765,
            6.064372539520264
        ],
        [
            0.0,
            0.0,
            0.0,
            1.0
        ]
    ],
    "intrinsic_matrix_camera": [
        [
            1.3888888888888888,
            0.0,
            -0.5
        ],
        [
            0.0,
            -1.3888888888888888,
            -0.5
        ],
        [
            0.0,
            0.0,
            -1.0
        ]
    ],
    "extrinsic_matrix_camera": [
        [
            0.510361092846588,
            -0.5700100949374565,
            0.6439099677577826,
            7.6423468589782715
        ],
        [
            0.8599602054214116,
            0.3382842462596447,
            -0.38214161488132653,
            -4.349252223968506
        ],
        [
            -1.99239557607471e-08,
            0.7487671603388709,
            0.6628331159485499,
            11.012772560119629
        ],
        [
            0.0,
            0.0,
            0.0,
            1.0
        ]
    ]
}