{
    "matrix_probe_in_cam_coord": [
        [
            0.13485257973032302,
            -0.8800844749372551,
            0.4552648665496752,
            0.7004044734272885
        ],
        [
            -0.9587733705527769,
            9.13288946934117e-05,
            0.28417180644444817,
            -0.3945252757183768
        ],
        [
            -0.2501367739036881,
            -0.47481713178175194,
            -0.8437892424697094,
            -11.164975390515034
        ],
        [
            0.0,
            0.0,
            0.0,
            1.0
        ]
    ],
    "matrix_probe_in_world_coord": [
        [
            0.9093426770233042,
            -0.05662476367606151,
            -0.4121765785227503,
            0.0
        ],
        [
            0.14868058253861485,
            -0.8810460975037077,
            0.4490566316729612,
            0.0
        ],
        [
            -0.3885742916355493,
            -0.4696290133840941,
            -0.7927538140354884,
            13.148148536682129
        ],
        [
            0.0,
            0.0,
            0.0,
            1.0
        ]
    ],
    "intrinsic_matrix_camera": [
        [
            1.3888888888888888,
            0.0,
            -0.5
        ],
        [
            0.0,
            -1.3888888888888888,
            -0.5
        ],
        [
            0.0,
            0.0,
            -1.0
        ]
    ],
    "extrinsic_matrix_camera": [
        [
            -0.015187733752298293,
            -0.988987677807099,
            0.14721652722840245,
            1.2641258239746094
        ],
        [
            0.9998846597200445,
            -0.015022214004192541,
            0.002236144660558867,
            -0.6812838315963745
        ],
        [
            -1.338107759989095e-09,
            0.14723350920267406,
            0.989101761078134,
            24.24953269958496
        ],
        [
            0.0,
            0.0,
            0.0,
            1.0
        ]
    ]
}