{
    "matrix_probe_in_cam_coord": [
        [
            0.1763690982931358,
            0.9069579379302511,
            0.3825195942596582,
            1.2305471095023712
        ],
        [
            -0.5670491040893948,
            -0.224031613656671,
            0.7926317869186189,
            -0.5879869603959378
        ],
        [
            0.8045801729589668,
            -0.3567031467588917,
            0.47477743246033044,
            -11.219518813440487
        ],
        [
            0.0,
            0.0,
            0.0,
            1.0
        ]
    ],
    "matrix_probe_in_world_coord": [
        [
            0.9802542343431174,
            0.0831816182084827,
            0.17939468900891892,
            0.0
        ],
        [
            -0.14162514724917258,
            0.9284631655019853,
            0.34336346336307144,
            0.0
        ],
        [
            -0.1379998323152557,
            -0.36199028812697637,
            0.9219105583421365,
            14.40450668334961
        ],
        [
            0.0,
            0.0,
            0.0,
            1.0
        ]
    ],
    "intrinsic_matrix_camera": [
        [
            1.3888888888888888,
            0.0,
            -0.5
        ],
        [
            0.0,
            -1.3888888888888888,
            -0.5
        ],
        [
            0.0,
            0.0,
            -1.0
        ]
    ],
    "extrinsic_matrix_camera": [
        [
            0.3169507679852199,
            -0.43229366460507057,
            0.8441945262887564,
            8.827250480651855
        ],
        [
            0.9484419912011376,
            0.1444641072040185,
            -0.2821132947171524,
            -4.247334957122803
        ],
        [
            -1.853973641732168e-08,
            0.8900855628938514,
            0.4557934737662827,
            20.041648864746094
        ],
        [
            0.0,
            0.0,
            0.0,
            1.0
        ]
    ]
}