{
    "matrix_probe_in_cam_coord": [
        [
            -0.8291886631882033,
            0.4361497052036934,
            -0.34959919263478206,
            -1.3917840277217939
        ],
        [
            0.17040629020576123,
            -0.39842176364771414,
            -0.9012334850138197,
            1.1173485129221143
        ],
        [
            -0.5323606457078417,
            -0.8068664901348774,
            0.25604415634603667,
            -10.168175827273386
        ],
        [
            0.0,
            0.0,
            0.0,
            1.0
        ]
    ],
    "matrix_probe_in_world_coord": [
        [
            0.5666120898625623,
            0.683812023377325,
            -0.4597301994715902,
            0.0
        ],
        [
            0.8230823442488768,
            -0.44360387371458443,
            0.3546139560299176,
            0.0
        ],
        [
            0.03855118944147968,
            -0.5793243650236226,
            -0.8141849211835255,
            8.97259521484375
        ],
        [
            0.0,
            0.0,
            0.0,
            1.0
        ]
    ],
    "intrinsic_matrix_camera": [
        [
            1.3888888888888888,
            0.0,
            -0.5
        ],
        [
            0.0,
            -1.3888888888888888,
            -0.5
        ],
        [
            0.0,
            0.0,
            -1.0
        ]
    ],
    "extrinsic_matrix_camera": [
        [
            -0.01086260236355542,
            0.23843292169758656,
            -0.9710982163100927,
            -10.155828475952148
        ],
        [
            -0.9999410001944565,
            -0.0025901248837450317,
            0.010549283539476808,
            -1.281540870666504
        ],
        [
            3.084150852475793e-08,
            0.9711555143764767,
            0.23844698969825534,
            10.312047004699707
        ],
        [
            0.0,
            0.0,
            0.0,
            1.0
        ]
    ]
}