{
    "matrix_probe_in_cam_coord": [
        [
            0.25509214241127914,
            0.9661579842041005,
            0.0382981518965693,
            0.29017216976009114
        ],
        [
            0.9588363042318003,
            -0.24765189280786234,
            -0.13892977245999352,
            0.34819887127326776
        ],
        [
            -0.12474349909765317,
            0.07216155172494568,
            -0.9895614027868719,
            -9.810353699045974
        ],
        [
            0.0,
            0.0,
            0.0,
            1.0
        ]
    ],
    "matrix_probe_in_world_coord": [
        [
            -0.12067156889987489,
            -0.8944076843942255,
            0.4306660731422922,
            0.0
        ],
        [
            -0.3119871234743004,
            -0.3776832432763393,
            -0.8717909167538379,
            0.0
        ],
        [
            0.9423918544031853,
            -0.23956264701498223,
            -0.23346805115411542,
            5.236860752105713
        ],
        [
            0.0,
            0.0,
            0.0,
            1.0
        ]
    ],
    "intrinsic_matrix_camera": [
        [
            1.3888888888888888,
            0.0,
            -0.5
        ],
        [
            0.0,
            -1.3888888888888888,
            -0.5
        ],
        [
            0.0,
            0.0,
            -1.0
        ]
    ],
    "extrinsic_matrix_camera": [
        [
            -0.8784277797638792,
            0.04596513528442053,
            -0.47565937610582926,
            -4.427496433258057
        ],
        [
            -0.47787512567521423,
            -0.08449289666351104,
            0.8743547990800459,
            8.745816230773926
        ],
        [
            -1.8860433262947855e-09,
            0.9953633290169445,
            0.09618650242266748,
            5.833899974822998
        ],
        [
            0.0,
            0.0,
            0.0,
            1.0
        ]
    ]
}