{
    "matrix_probe_in_cam_coord": [
        [
            0.1434820488772572,
            -0.9893557794968243,
            -0.02424960259913852,
            -0.510107332005661
        ],
        [
            0.305851984208228,
            0.02102616818412499,
            0.9518468700412809,
            0.5437399525503767
        ],
        [
            -0.9412053258486559,
            -0.1439897282021349,
            0.3056133059380779,
            -13.538415569064593
        ],
        [
            0.0,
            0.0,
            0.0,
            1.0
        ]
    ],
    "matrix_probe_in_world_coord": [
        [
            0.0022533343225343287,
            0.9634384337965269,
            0.26792033660796727,
            0.0
        ],
        [
            -0.5161102679940132,
            0.23060052816690751,
            -0.824896107203987,
            0.0
        ],
        [
            -0.856519184697914,
            -0.13641767001689653,
            0.4977600883473708,
            3.7811782360076904
        ],
        [
            0.0,
            0.0,
            0.0,
            1.0
        ]
    ],
    "intrinsic_matrix_camera": [
        [
            1.3888888888888888,
            0.0,
            -0.5
        ],
        [
            0.0,
            -1.3888888888888888,
            -0.5
        ],
        [
            0.0,
            0.0,
            -1.0
        ]
    ],
    "extrinsic_matrix_camera": [
        [
            -0.9593570313315299,
            0.27596573913838723,
            -0.058966068688335746,
            -1.4377357959747314
        ],
        [
            -0.2821951212100484,
            -0.9381794817989755,
            0.20046239920905892,
            3.0801191329956055
        ],
        [
            -1.598563221434584e-09,
            0.20895494909958376,
            0.9779252677207959,
            16.907119750976562
        ],
        [
            0.0,
            0.0,
            0.0,
            1.0
        ]
    ]
}