{
    "matrix_probe_in_cam_coord": [
        [
            0.4043990259866498,
            0.9145607709667195,
            -0.006326451596936858,
            1.446881322761124
        ],
        [
            -0.8385082747872501,
            0.3735145896808195,
            0.39672499846729936,
            -1.4437295971918802
        ],
        [
            0.36519214243238945,
            -0.15513042095065846,
            0.9179157105101278,
            -16.30868829471286
        ],
        [
            0.0,
            0.0,
            0.0,
            1.0
        ]
    ],
    "matrix_probe_in_world_coord": [
        [
            0.9780375827734424,
            -0.20839404694971422,
            0.0037957711472103297,
            0.0
        ],
        [
            0.2084170046551016,
            0.9780131236743567,
            -0.007258242991431348,
            0.0
        ],
        [
            -0.002199739365707393,
            0.007889937683379632,
            0.9999664544523857,
            7.7002482414245605
        ],
        [
            0.0,
            0.0,
            0.0,
            1.0
        ]
    ],
    "intrinsic_matrix_camera": [
        [
            1.3888888888888888,
            0.0,
            -0.5
        ],
        [
            0.0,
            -1.3888888888888888,
            -0.5
        ],
        [
            0.0,
            0.0,
            -1.0
        ]
    ],
    "extrinsic_matrix_camera": [
        [
            0.2049044118462762,
            -0.8964249458442402,
            0.3929840944288747,
            4.818387508392334
        ],
        [
            0.9787819890077316,
            0.1876632611423575,
            -0.08226979039406837,
            -2.4869587421417236
        ],
        [
            1.566102089082669e-08,
            0.4015031966069093,
            0.9158576216391024,
            23.216346740722656
        ],
        [
            0.0,
            0.0,
            0.0,
            1.0
        ]
    ]
}