{
    "matrix_probe_in_cam_coord": [
        [
            -0.023954211807351234,
            0.9666690872575192,
            -0.25490600518113254,
            -0.14415456359422685
        ],
        [
            -0.686091779045911,
            0.16955768142180633,
            0.7074802212051433,
            0.5877630782969643
        ],
        [
            0.7271205309041313,
            0.19183604565246895,
            0.659162093210857,
            -12.464522123312639
        ],
        [
            0.0,
            0.0,
            0.0,
            1.0
        ]
    ],
    "matrix_probe_in_world_coord": [
        [
            -0.4833018358065762,
            -0.8500449411494049,
            0.20938704241738162,
            0.0
        ],
        [
            0.8749961936325387,
            -0.46129725280712935,
            0.14692346878958643,
            0.0
        ],
        [
            -0.02830188394016239,
            0.25422124730026113,
            0.9667318970565405,
            15.523163795471191
        ],
        [
            0.0,
            0.0,
            0.0,
            1.0
        ]
    ],
    "intrinsic_matrix_camera": [
        [
            1.3888888888888888,
            0.0,
            -0.5
        ],
        [
            0.0,
            -1.3888888888888888,
            -0.5
        ],
        [
            0.0,
            0.0,
            -1.0
        ]
    ],
    "extrinsic_matrix_camera": [
        [
            -0.8635090673662812,
            0.3355949581059994,
            -0.37646794640453474,
            -5.014222145080566
        ],
        [
            -0.5043333129748768,
            -0.5745987395804908,
            0.644580637233462,
            8.299415588378906
        ],
        [
            4.451800761984967e-09,
            0.7464665515388776,
            0.665422938764254,
            23.378597259521484
        ],
        [
            0.0,
            0.0,
            0.0,
            1.0
        ]
    ]
}