{
    "matrix_probe_in_cam_coord": [
        [
            0.47251263746090005,
            -0.6581281013602601,
            -0.586173361421076,
            0.6604594878753106
        ],
        [
            0.3653261287389587,
            0.7515354955567563,
            -0.5493006631880821,
            0.9300698302291952
        ],
        [
            0.802040290197662,
            0.045407060224158156,
            0.595541410635272,
            -11.276469951807044
        ],
        [
            0.0,
            0.0,
            0.0,
            1.0
        ]
    ],
    "matrix_probe_in_world_coord": [
        [
            -0.4097641799154017,
            0.20867431798886935,
            -0.8880024469955805,
            0.0
        ],
        [
            -0.5603525207534323,
            0.7105711674257771,
            0.4255510175154593,
            0.0
        ],
        [
            0.7197905037881042,
            0.6719699733135767,
            -0.17423543159018687,
            15.02083683013916
        ],
        [
            0.0,
            0.0,
            0.0,
            1.0
        ]
    ],
    "intrinsic_matrix_camera": [
        [
            1.3888888888888888,
            0.0,
            -0.5
        ],
        [
            0.0,
            -1.3888888888888888,
            -0.5
        ],
        [
            0.0,
            0.0,
            -1.0
        ]
    ],
    "extrinsic_matrix_camera": [
        [
            0.18957019321604934,
            0.4949089284826574,
            -0.8480143243791215,
            -10.148111343383789
        ],
        [
            -0.9818671711815341,
            0.09555258116210072,
            -0.16372709729678972,
            -1.2866507768630981
        ],
        [
            -4.472986997296859e-08,
            0.863675203268803,
            0.5040487508749426,
            19.90144920349121
        ],
        [
            0.0,
            0.0,
            0.0,
            1.0
        ]
    ]
}