{
    "matrix_probe_in_cam_coord": [
        [
            0.5411084401693134,
            0.12008865502792568,
            0.8323342903612205,
            0.5118350368805433
        ],
        [
            -0.6280650880205872,
            0.7158875879501169,
            0.30502328866605555,
            -0.4551888169034042
        ],
        [
            -0.559227951006765,
            -0.6878107852836766,
            0.462796307742648,
            -11.775225028429677
        ],
        [
            0.0,
            0.0,
            0.0,
            1.0
        ]
    ],
    "matrix_probe_in_world_coord": [
        [
            -0.5789541499202889,
            0.4388111516597241,
            -0.687209477138625,
            0.0
        ],
        [
            -0.10667449076480245,
            -0.876349645809428,
            -0.4697146488132559,
            0.0
        ],
        [
            -0.8083518078845039,
            -0.19863552418627667,
            0.5541762203677613,
            13.267237663269043
        ],
        [
            0.0,
            0.0,
            0.0,
            1.0
        ]
    ],
    "intrinsic_matrix_camera": [
        [
            1.3888888888888888,
            0.0,
            -0.5
        ],
        [
            0.0,
            -1.3888888888888888,
            -0.5
        ],
        [
            0.0,
            0.0,
            -1.0
        ]
    ],
    "extrinsic_matrix_camera": [
        [
            -0.8325687484625296,
            0.46814545133755936,
            -0.29608970849303384,
            -2.847290515899658
        ],
        [
            -0.5539217264953026,
            -0.7036432176233441,
            0.44503588979893544,
            5.2036237716674805
        ],
        [
            1.230213861243803e-08,
            0.5345334963167602,
            0.8451472897166387,
            23.462350845336914
        ],
        [
            0.0,
            0.0,
            0.0,
            1.0
        ]
    ]
}