{
    "matrix_probe_in_cam_coord": [
        [
            0.6953434864183445,
            0.7182877558273046,
            0.023667186654846243,
            -0.8911742033247311
        ],
        [
            -0.6936851325352684,
            0.6621894200896895,
            0.28338332488134654,
            1.1242652406529676
        ],
        [
            0.1878786118617754,
            -0.21346632462722195,
            0.9587146371340312,
            -12.760151569843757
        ],
        [
            0.0,
            0.0,
            0.0,
            1.0
        ]
    ],
    "matrix_probe_in_world_coord": [
        [
            0.9809412900030161,
            -0.19385052497595928,
            0.01327251045443502,
            0.0
        ],
        [
            0.1935750978291841,
            0.9808896257717871,
            0.019601621200932076,
            0.0
        ],
        [
            -0.016818652372883477,
            -0.016658812077336656,
            0.9997197691916128,
            10.263265609741211
        ],
        [
            0.0,
            0.0,
            0.0,
            1.0
        ]
    ],
    "intrinsic_matrix_camera": [
        [
            1.3888888888888888,
            0.0,
            -0.5
        ],
        [
            0.0,
            -1.3888888888888888,
            -0.5
        ],
        [
            0.0,
            0.0,
            -1.0
        ]
    ],
    "extrinsic_matrix_camera": [
        [
            0.5431648009937828,
            -0.8050689473408723,
            0.23840299702152293,
            4.4312238693237305
        ],
        [
            0.8396261066459192,
            0.5208093376576323,
            -0.15422592145042985,
            -1.8052208423614502
        ],
        [
            -6.739600224887819e-09,
            0.28393947213460546,
            0.9588422060818567,
            22.179014205932617
        ],
        [
            0.0,
            0.0,
            0.0,
            1.0
        ]
    ]
}