{
    "matrix_probe_in_cam_coord": [
        [
            0.9691778996714824,
            0.010932007192043822,
            0.24611925972407567,
            0.0979606365689021
        ],
        [
            0.09764773221816371,
            0.900145503062428,
            -0.42450323168279647,
            -0.41987354808480193
        ],
        [
            -0.22618381723948264,
            0.43545213805335853,
            0.8713336423458781,
            -13.697421223808648
        ],
        [
            0.0,
            0.0,
            0.0,
            1.0
        ]
    ],
    "matrix_probe_in_world_coord": [
        [
            0.25768381807093615,
            -0.7562611062583161,
            0.601388550826612,
            0.0
        ],
        [
            0.9433043390422193,
            0.331678128969593,
            0.012905142670716513,
            0.0
        ],
        [
            -0.2092270867944831,
            0.563966983008915,
            0.7988524696258475,
            15.216265678405762
        ],
        [
            0.0,
            0.0,
            0.0,
            1.0
        ]
    ],
    "intrinsic_matrix_camera": [
        [
            1.3888888888888888,
            0.0,
            -0.5
        ],
        [
            0.0,
            -1.3888888888888888,
            -0.5
        ],
        [
            0.0,
            0.0,
            -1.0
        ]
    ],
    "extrinsic_matrix_camera": [
        [
            0.38948731466061975,
            -0.9108741767984261,
            0.13641065119795054,
            1.447867751121521
        ],
        [
            0.9210318299160237,
            0.3851918309861191,
            -0.05768554084952086,
            -0.718636155128479
        ],
        [
            1.0335318841803927e-09,
            0.1481063380931102,
            0.988971441759897,
            28.824810028076172
        ],
        [
            0.0,
            0.0,
            0.0,
            1.0
        ]
    ]
}