{
    "matrix_probe_in_cam_coord": [
        [
            -0.4687519430969077,
            0.8833006431016294,
            0.007182599746691062,
            -1.7616490658349668
        ],
        [
            -0.6446643689105332,
            -0.3476482304740282,
            0.6808440051182509,
            -1.0013013173634366
        ],
        [
            0.6038869656649806,
            0.3145165842122236,
            0.7323932351922826,
            -11.121288840328646
        ],
        [
            0.0,
            0.0,
            0.0,
            1.0
        ]
    ],
    "matrix_probe_in_world_coord": [
        [
            0.9966409208717297,
            -0.07765417718633626,
            -0.02601352743216007,
            0.0
        ],
        [
            0.07747025340026586,
            0.9969625142055267,
            -0.008006566498418403,
            0.0
        ],
        [
            0.026556255045643108,
            0.0059643972460002494,
            0.9996295270166057,
            9.781373977661133
        ],
        [
            0.0,
            0.0,
            0.0,
            1.0
        ]
    ],
    "intrinsic_matrix_camera": [
        [
            1.3888888888888888,
            0.0,
            -0.5
        ],
        [
            0.0,
            -1.3888888888888888,
            -0.5
        ],
        [
            0.0,
            0.0,
            -1.0
        ]
    ],
    "extrinsic_matrix_camera": [
        [
            -0.5359561976322783,
            -0.6332137072006052,
            0.5583828034895205,
            4.631731986999512
        ],
        [
            0.8442457901698713,
            -0.4019857887321399,
            0.3544805656701775,
            5.027036666870117
        ],
        [
            -1.4433823061371486e-09,
            0.6613983872604057,
            0.7500347814130586,
            18.78498649597168
        ],
        [
            0.0,
            0.0,
            0.0,
            1.0
        ]
    ]
}