{
    "matrix_probe_in_cam_coord": [
        [
            0.9104923729141011,
            -0.09200559414163335,
            -0.40316077377628756,
            1.9440252261324888
        ],
        [
            0.37146337703144033,
            0.6103733225598926,
            0.6996137267318273,
            -0.6435459401294845
        ],
        [
            0.1817102044180458,
            -0.7867524246888868,
            0.5899169635266558,
            -13.269176034345236
        ],
        [
            0.0,
            0.0,
            0.0,
            1.0
        ]
    ],
    "matrix_probe_in_world_coord": [
        [
            0.25211097925297427,
            -0.9667746908318727,
            -0.04226998115736306,
            0.0
        ],
        [
            0.8767261175534367,
            0.24668230346318995,
            -0.4129154343903517,
            0.0
        ],
        [
            0.4096234477416846,
            0.06704131804366696,
            0.9097879383324358,
            3.504655599594116
        ],
        [
            0.0,
            0.0,
            0.0,
            1.0
        ]
    ],
    "intrinsic_matrix_camera": [
        [
            1.3888888888888888,
            0.0,
            -0.5
        ],
        [
            0.0,
            -1.3888888888888888,
            -0.5
        ],
        [
            0.0,
            0.0,
            -1.0
        ]
    ],
    "extrinsic_matrix_camera": [
        [
            0.33553540187973,
            -0.5260161435162366,
            0.7814876907832357,
            9.37889289855957
        ],
        [
            0.9420275973056238,
            0.18735863566069264,
            -0.27835363758707615,
            -5.404274940490723
        ],
        [
            3.9446497644955964e-08,
            0.829580471324916,
            0.558387178932619,
            11.447866439819336
        ],
        [
            0.0,
            0.0,
            0.0,
            1.0
        ]
    ]
}