{
    "matrix_probe_in_cam_coord": [
        [
            0.6601701415302592,
            0.6543938001606044,
            -0.36870603269173674,
            1.4329780519644642
        ],
        [
            0.7448189656610399,
            -0.5069072803009873,
            0.4339236310337051,
            -0.7796814622617099
        ],
        [
            0.09705716162929903,
            -0.5610826708152898,
            -0.8220499643496402,
            -13.718057244639763
        ],
        [
            0.0,
            0.0,
            0.0,
            1.0
        ]
    ],
    "matrix_probe_in_world_coord": [
        [
            -0.8158974055475077,
            -0.5010760100242855,
            -0.288503476233802,
            0.0
        ],
        [
            0.061499120810617286,
            0.4209338855582182,
            -0.9050041558624922,
            0.0
        ],
        [
            0.5749167607231215,
            -0.7561332529171052,
            -0.31262313105819606,
            8.902037620544434
        ],
        [
            0.0,
            0.0,
            0.0,
            1.0
        ]
    ],
    "intrinsic_matrix_camera": [
        [
            1.3888888888888888,
            0.0,
            -0.5
        ],
        [
            0.0,
            -1.3888888888888888,
            -0.5
        ],
        [
            0.0,
            0.0,
            -1.0
        ]
    ],
    "extrinsic_matrix_camera": [
        [
            -0.7601591679236351,
            -0.47888526019315747,
            0.4391206519754892,
            6.739795684814453
        ],
        [
            0.6497369001539368,
            -0.5602714289760619,
            0.5137488554259513,
            5.679744243621826
        ],
        [
            8.706137486740018e-10,
            0.6758437936704411,
            0.7370448877491428,
            19.539804458618164
        ],
        [
            0.0,
            0.0,
            0.0,
            1.0
        ]
    ]
}