{
    "matrix_probe_in_cam_coord": [
        [
            -0.21910835499878265,
            -0.04107999833769245,
            0.9748353514857278,
            1.138461575657604
        ],
        [
            0.39074903870855077,
            -0.9191872548591379,
            0.04909153952429824,
            -0.6259940805374207
        ],
        [
            0.894039550309756,
            0.39167234296168707,
            0.21745357720863479,
            -9.321655985044034
        ],
        [
            0.0,
            0.0,
            0.0,
            1.0
        ]
    ],
    "matrix_probe_in_world_coord": [
        [
            -0.3763104926350853,
            -0.1648805914720357,
            -0.9117043400623752,
            0.0
        ],
        [
            0.8657438065972292,
            0.2878829290691277,
            -0.4094033225184171,
            0.0
        ],
        [
            0.3299667778296459,
            -0.9433651518401618,
            0.0344109840357681,
            18.086042404174805
        ],
        [
            0.0,
            0.0,
            0.0,
            1.0
        ]
    ],
    "intrinsic_matrix_camera": [
        [
            1.3888888888888888,
            0.0,
            -0.5
        ],
        [
            0.0,
            -1.3888888888888888,
            -0.5
        ],
        [
            0.0,
            0.0,
            -1.0
        ]
    ],
    "extrinsic_matrix_camera": [
        [
            -0.7995355533621251,
            -0.040243794643015605,
            -0.5992690012862766,
            -4.701131343841553
        ],
        [
            -0.600618763368179,
            0.05357200151509752,
            0.7977387678580915,
            8.153563499450684
        ],
        [
            4.692406069195505e-09,
            0.9977527136752861,
            -0.06700389804782106,
            18.086042404174805
        ],
        [
            0.0,
            0.0,
            0.0,
            1.0
        ]
    ]
}