{
    "matrix_probe_in_cam_coord": [
        [
            -0.06956066403006995,
            -0.9106438662067717,
            -0.4072948108676062,
            0.20884579473764478
        ],
        [
            0.7982724516252143,
            -0.2956679117433624,
            0.524730005756855,
            -2.0025655885861626
        ],
        [
            -0.5982661673502572,
            -0.2886316595685626,
            0.7475087679075957,
            -10.685104137197833
        ],
        [
            0.0,
            0.0,
            0.0,
            1.0
        ]
    ],
    "matrix_probe_in_world_coord": [
        [
            0.7984559756082374,
            0.09190268138532648,
            -0.5949974387925422,
            0.0
        ],
        [
            0.1527014564976764,
            0.9250500461276244,
            0.34779976616261277,
            0.0
        ],
        [
            0.5823661392963932,
            -0.3685597771236941,
            0.724578063763696,
            5.832931041717529
        ],
        [
            0.0,
            0.0,
            0.0,
            1.0
        ]
    ],
    "intrinsic_matrix_camera": [
        [
            1.3888888888888888,
            0.0,
            -0.5
        ],
        [
            0.0,
            -1.3888888888888888,
            -0.5
        ],
        [
            0.0,
            0.0,
            -1.0
        ]
    ],
    "extrinsic_matrix_camera": [
        [
            0.1031076283461293,
            0.29799972579185013,
            -0.9489810221520862,
            -9.564730644226074
        ],
        [
            -0.9946702051317485,
            0.03089072394922612,
            -0.09837147044269395,
            -0.7815160155296326
        ],
        [
            3.957069062750439e-08,
            0.9540659969844197,
            0.2995965176668841,
            10.944730758666992
        ],
        [
            0.0,
            0.0,
            0.0,
            1.0
        ]
    ]
}