{
    "matrix_probe_in_cam_coord": [
        [
            0.8280870070511264,
            -0.13341929818267628,
            0.5444916892162356,
            1.0926189535820432
        ],
        [
            -0.21710010474723962,
            0.8191556768805672,
            0.5308969029416888,
            -0.937477883820093
        ],
        [
            -0.5168553504336055,
            -0.5578380301725422,
            0.6493668291662064,
            -11.428774862546923
        ],
        [
            0.0,
            0.0,
            0.0,
            1.0
        ]
    ],
    "matrix_probe_in_world_coord": [
        [
            0.029589511326025567,
            -0.951292450399163,
            0.30686663981776,
            0.0
        ],
        [
            0.8636412731643313,
            0.1788935145596693,
            0.4712969994977497,
            0.0
        ],
        [
            -0.5032377292161028,
            0.25107724759931005,
            0.8268687946895655,
            8.620471000671387
        ],
        [
            0.0,
            0.0,
            0.0,
            1.0
        ]
    ],
    "intrinsic_matrix_camera": [
        [
            1.3888888888888888,
            0.0,
            -0.5
        ],
        [
            0.0,
            -1.3888888888888888,
            -0.5
        ],
        [
            0.0,
            0.0,
            -1.0
        ]
    ],
    "extrinsic_matrix_camera": [
        [
            0.31850979605129087,
            -0.622765948431028,
            0.7146426262784547,
            7.235650539398193
        ],
        [
            0.9479195692775652,
            0.20925514453971986,
            -0.2401265805034837,
            -3.583895444869995
        ],
        [
            1.1594608587521863e-08,
            0.7539063986719194,
            0.6569818430075041,
            16.835739135742188
        ],
        [
            0.0,
            0.0,
            0.0,
            1.0
        ]
    ]
}