{
    "matrix_probe_in_cam_coord": [
        [
            -0.6423074511806801,
            0.766400353847807,
            -0.008463792278590593,
            -0.9021155061538652
        ],
        [
            -0.600610934729753,
            -0.4964405487071251,
            0.626748184426905,
            -0.8633455700622399
        ],
        [
            0.4761382606353239,
            0.40764847506316676,
            0.7791758964045561,
            -11.934269754441086
        ],
        [
            0.0,
            0.0,
            0.0,
            1.0
        ]
    ],
    "matrix_probe_in_world_coord": [
        [
            0.9989455602427955,
            -0.024105742492931456,
            0.039072763532576334,
            0.0
        ],
        [
            0.023214927966410392,
            0.9994637119631343,
            0.023094492598621206,
            0.0
        ],
        [
            -0.039608519168513795,
            -0.0221630694565954,
            0.9989694507649071,
            12.675162315368652
        ],
        [
            0.0,
            0.0,
            0.0,
            1.0
        ]
    ],
    "intrinsic_matrix_camera": [
        [
            1.3888888888888888,
            0.0,
            -0.5
        ],
        [
            0.0,
            -1.3888888888888888,
            -0.5
        ],
        [
            0.0,
            0.0,
            -1.0
        ]
    ],
    "extrinsic_matrix_camera": [
        [
            -0.6604355299984429,
            -0.563521775046794,
            0.496254087906373,
            4.840126991271973
        ],
        [
            0.7508827543070061,
            -0.4956430218589812,
            0.43647804545798363,
            5.4585185050964355
        ],
        [
            -7.205650983876489e-09,
            0.6608942456479764,
            0.750479044390576,
            22.20216178894043
        ],
        [
            0.0,
            0.0,
            0.0,
            1.0
        ]
    ]
}