{
    "matrix_probe_in_cam_coord": [
        [
            -0.31681885635561263,
            -0.9242177036669025,
            0.21318407183980542,
            -1.6404680053430458
        ],
        [
            0.4086491326846327,
            0.06982479693982566,
            0.9100166944009379,
            0.2587036632303459
        ],
        [
            -0.8559390741247997,
            0.3754279344441352,
            0.3555589507035242,
            -10.617820723577102
        ],
        [
            0.0,
            0.0,
            0.0,
            1.0
        ]
    ],
    "matrix_probe_in_world_coord": [
        [
            0.4418543928540883,
            0.8890050055875948,
            -0.12014489400613416,
            0.0
        ],
        [
            -0.7496371113439876,
            0.29233807252202215,
            -0.5937867063600789,
            0.0
        ],
        [
            -0.4927564274683657,
            0.35243233590904954,
            0.7956020059013827,
            16.573955535888672
        ],
        [
            0.0,
            0.0,
            0.0,
            1.0
        ]
    ],
    "intrinsic_matrix_camera": [
        [
            1.3888888888888888,
            0.0,
            -0.5
        ],
        [
            0.0,
            -1.3888888888888888,
            -0.5
        ],
        [
            0.0,
            0.0,
            -1.0
        ]
    ],
    "extrinsic_matrix_camera": [
        [
            -0.9872349459472739,
            0.13330414911374722,
            -0.08716171940446348,
            -2.5794811248779297
        ],
        [
            -0.15927071764917297,
            -0.8262819245283228,
            0.5402693954845933,
            5.688967227935791
        ],
        [
            -1.1974454487454493e-09,
            0.5472551370492836,
            0.8369658385938874,
            25.31913185119629
        ],
        [
            0.0,
            0.0,
            0.0,
            1.0
        ]
    ]
}