{
    "matrix_probe_in_cam_coord": [
        [
            0.5087214421938014,
            -0.4304675628786386,
            -0.7455871321056875,
            -0.45873533502351943
        ],
        [
            0.6143992945869248,
            -0.425132225202451,
            0.664662393930559,
            1.7139659673034373
        ],
        [
            -0.6030887174067742,
            -0.7962162196311614,
            0.048205088247137276,
            -9.697648851612561
        ],
        [
            0.0,
            0.0,
            0.0,
            1.0
        ]
    ],
    "matrix_probe_in_world_coord": [
        [
            0.6613682726334954,
            -0.29331504406235437,
            -0.6903320164098473,
            0.0
        ],
        [
            0.6516808831284344,
            0.6803809320129262,
            0.3352518663902795,
            0.0
        ],
        [
            0.37135432476104313,
            -0.6716011258774967,
            0.6411301686875673,
            8.49386215209961
        ],
        [
            0.0,
            0.0,
            0.0,
            1.0
        ]
    ],
    "intrinsic_matrix_camera": [
        [
            1.3888888888888888,
            0.0,
            -0.5
        ],
        [
            0.0,
            -1.3888888888888888,
            -0.5
        ],
        [
            0.0,
            0.0,
            -1.0
        ]
    ],
    "extrinsic_matrix_camera": [
        [
            0.9774175019642518,
            0.07220414690189711,
            -0.1985990635026541,
            -1.6013234853744507
        ],
        [
            -0.21131736051248123,
            0.3339697233625725,
            -0.9185908757565389,
            -9.577523231506348
        ],
        [
            3.7621799339492405e-09,
            0.939814229008742,
            0.3416858424821022,
            10.196601867675781
        ],
        [
            0.0,
            0.0,
            0.0,
            1.0
        ]
    ]
}