{
    "matrix_probe_in_cam_coord": [
        [
            -0.33244730472690487,
            0.9070234500974977,
            -0.25843229394378875,
            -1.1025353612043538
        ],
        [
            -0.7902731864762368,
            -0.41745782808844656,
            -0.44855016721028246,
            1.092242045160511
        ],
        [
            -0.5147301043425688,
            0.05511281829946049,
            0.8555790419023711,
            -10.82353605524997
        ],
        [
            0.0,
            0.0,
            0.0,
            1.0
        ]
    ],
    "matrix_probe_in_world_coord": [
        [
            -0.5266493393922973,
            -0.3670141052919386,
            -0.7667731866950062,
            0.0
        ],
        [
            0.31144976291723014,
            -0.9225845064592254,
            0.22767712581677768,
            0.0
        ],
        [
            -0.7909737786402644,
            -0.11890531930130578,
            0.6001849769407733,
            11.420140266418457
        ],
        [
            0.0,
            0.0,
            0.0,
            1.0
        ]
    ],
    "intrinsic_matrix_camera": [
        [
            1.3888888888888888,
            0.0,
            -0.5
        ],
        [
            0.0,
            -1.3888888888888888,
            -0.5
        ],
        [
            0.0,
            0.0,
            -1.0
        ]
    ],
    "extrinsic_matrix_camera": [
        [
            0.04035170697301314,
            0.9133460039745589,
            -0.40517998070989264,
            -5.33858585357666
        ],
        [
            -0.9991855381981687,
            0.03688511487157954,
            -0.0163630240648347,
            -1.3190306425094604
        ],
        [
            7.48959245084578e-09,
            0.4055102530449943,
            0.9140904958894303,
            20.87091636657715
        ],
        [
            0.0,
            0.0,
            0.0,
            1.0
        ]
    ]
}