{
    "matrix_probe_in_cam_coord": [
        [
            -0.20088992730370275,
            -0.29977519759327187,
            0.9326189296898427,
            0.10932216287305142
        ],
        [
            0.5051623339214608,
            -0.8473830340548627,
            -0.16356347386564626,
            0.14081844593972903
        ],
        [
            0.8393177309546934,
            0.438265700807045,
            0.3216658545776566,
            -11.021459337398731
        ],
        [
            0.0,
            0.0,
            0.0,
            1.0
        ]
    ],
    "matrix_probe_in_world_coord": [
        [
            0.5080761184498933,
            0.4328920936562061,
            0.7446227857854177,
            0.0
        ],
        [
            -0.49171101784310944,
            -0.5640176933919155,
            0.6634035849108416,
            0.0
        ],
        [
            0.7071625928968408,
            -0.7031987462949643,
            -0.07370610840769877,
            6.228623867034912
        ],
        [
            0.0,
            0.0,
            0.0,
            1.0
        ]
    ],
    "intrinsic_matrix_camera": [
        [
            1.3888888888888888,
            0.0,
            -0.5
        ],
        [
            0.0,
            -1.3888888888888888,
            -0.5
        ],
        [
            0.0,
            0.0,
            -1.0
        ]
    ],
    "extrinsic_matrix_camera": [
        [
            0.4626116180893646,
            -0.23195758749743087,
            0.8556787764173607,
            9.412919044494629
        ],
        [
            0.8865610474235487,
            0.12103654397560389,
            -0.44649710437325557,
            -5.035014629364014
        ],
        [
            -1.069582185097622e-08,
            0.9651662202050035,
            0.26163747318606045,
            8.976337432861328
        ],
        [
            0.0,
            0.0,
            0.0,
            1.0
        ]
    ]
}