{
    "matrix_probe_in_cam_coord": [
        [
            -0.049976697122315526,
            0.18408814328473147,
            0.9816383678558638,
            0.6134454891063356
        ],
        [
            -0.9688371218946409,
            -0.24768196406611112,
            -0.002876789054106199,
            -0.8446466787764955
        ],
        [
            0.2426045361975998,
            -0.9511914634700699,
            0.1907297534156998,
            -10.405115670532844
        ],
        [
            0.0,
            0.0,
            0.0,
            1.0
        ]
    ],
    "matrix_probe_in_world_coord": [
        [
            -0.08740415125145853,
            0.2252709073549292,
            0.9703677306276725,
            0.0
        ],
        [
            -0.6569604946087948,
            0.7192106189599017,
            -0.22613932452955335,
            0.0
        ],
        [
            -0.7488413869888468,
            -0.6572587799906532,
            0.08513209299563987,
            5.4643073081970215
        ],
        [
            0.0,
            0.0,
            0.0,
            1.0
        ]
    ],
    "intrinsic_matrix_camera": [
        [
            1.3888888888888888,
            0.0,
            -0.5
        ],
        [
            0.0,
            -1.3888888888888888,
            -0.5
        ],
        [
            0.0,
            0.0,
            -1.0
        ]
    ],
    "extrinsic_matrix_camera": [
        [
            0.9983880691787101,
            0.02609330229355563,
            -0.05040240963510244,
            -1.114859938621521
        ],
        [
            -0.056756174303837136,
            0.45900277124758243,
            -0.8866200948915113,
            -8.802872657775879
        ],
        [
            -4.5547731551814304e-10,
            0.8880515725803638,
            0.4597438465466866,
            10.998085021972656
        ],
        [
            0.0,
            0.0,
            0.0,
            1.0
        ]
    ]
}