{
    "matrix_probe_in_cam_coord": [
        [
            0.47771686768877586,
            -0.878396759954271,
            0.014343166577294553,
            -0.7588531049069981
        ],
        [
            0.8141597979374811,
            0.4487972089670588,
            0.3684085892671054,
            0.9270119362718399
        ],
        [
            -0.3300460842791885,
            -0.16431736769196856,
            0.9295533254885153,
            -12.424518216160871
        ],
        [
            0.0,
            0.0,
            0.0,
            1.0
        ]
    ],
    "matrix_probe_in_world_coord": [
        [
            0.884372476231193,
            0.46569289589268814,
            -0.031866126212492886,
            0.0
        ],
        [
            -0.4662950389693738,
            0.8845061651109938,
            -0.014757388427291546,
            0.0
        ],
        [
            0.021313374140636353,
            0.02791004471020672,
            0.9993831945190073,
            7.89946985244751
        ],
        [
            0.0,
            0.0,
            0.0,
            1.0
        ]
    ],
    "intrinsic_matrix_camera": [
        [
            1.3888888888888888,
            0.0,
            -0.5
        ],
        [
            0.0,
            -1.3888888888888888,
            -0.5
        ],
        [
            0.0,
            0.0,
            -1.0
        ]
    ],
    "extrinsic_matrix_camera": [
        [
            0.012959457173034108,
            0.9172824338589306,
            -0.3980263672215907,
            -5.785783290863037
        ],
        [
            -0.9999160227087972,
            0.011888474857650013,
            -0.005158652515817353,
            -0.8339039087295532
        ],
        [
            -1.4875745780540262e-08,
            0.3980597953817935,
            0.9173594711456378,
            18.928213119506836
        ],
        [
            0.0,
            0.0,
            0.0,
            1.0
        ]
    ]
}