{
    "matrix_probe_in_cam_coord": [
        [
            0.7637945068959384,
            -0.5905639356238033,
            -0.2604845277096422,
            0.6001815035397675
        ],
        [
            0.645244954366909,
            0.6881983047529273,
            0.3317258539807268,
            -0.0681951932006637
        ],
        [
            -0.0166403154908824,
            -0.4214467122611371,
            0.9067004845177058,
            -13.005580199543916
        ],
        [
            0.0,
            0.0,
            0.0,
            1.0
        ]
    ],
    "matrix_probe_in_world_coord": [
        [
            0.7991026612365317,
            -0.5370977520662653,
            -0.27011283110962636,
            0.0
        ],
        [
            0.519331097171118,
            0.8430396688812537,
            -0.139926152679293,
            0.0
        ],
        [
            0.3028698537585667,
            -0.02846263195754685,
            0.9526068077996891,
            14.81151294708252
        ],
        [
            0.0,
            0.0,
            0.0,
            1.0
        ]
    ],
    "intrinsic_matrix_camera": [
        [
            1.3888888888888888,
            0.0,
            -0.5
        ],
        [
            0.0,
            -1.3888888888888888,
            -0.5
        ],
        [
            0.0,
            0.0,
            -1.0
        ]
    ],
    "extrinsic_matrix_camera": [
        [
            0.9979009986132451,
            0.05638378815443701,
            -0.031850673462952166,
            -1.0093131065368652
        ],
        [
            -0.06475798766706727,
            0.8688571185672668,
            -0.4908092404878889,
            -6.285140514373779
        ],
        [
            1.2953826752311472e-10,
            0.49184161673077437,
            0.8706846869284299,
            26.168813705444336
        ],
        [
            0.0,
            0.0,
            0.0,
            1.0
        ]
    ]
}