{
    "matrix_probe_in_cam_coord": [
        [
            -0.46051480046134907,
            0.864625249382142,
            -0.20087134361802933,
            -0.21986455837233462
        ],
        [
            0.1362754989559415,
            0.2924782436710097,
            0.9465122637152834,
            0.5773179019785317
        ],
        [
            0.8771288998433199,
            0.4085090636815663,
            -0.25251779729289764,
            -12.8248559754834
        ],
        [
            0.0,
            0.0,
            0.0,
            1.0
        ]
    ],
    "matrix_probe_in_world_coord": [
        [
            0.9392920586262815,
            -0.32226383942895526,
            -0.11779832935195186,
            0.0
        ],
        [
            0.2551521489813522,
            0.8855683677641388,
            -0.3881572450512251,
            0.0
        ],
        [
            0.22940751834192408,
            0.33453652089430763,
            0.9140336463807732,
            9.31301212310791
        ],
        [
            0.0,
            0.0,
            0.0,
            1.0
        ]
    ],
    "intrinsic_matrix_camera": [
        [
            1.3888888888888888,
            0.0,
            -0.5
        ],
        [
            0.0,
            -1.3888888888888888,
            -0.5
        ],
        [
            0.0,
            0.0,
            -1.0
        ]
    ],
    "extrinsic_matrix_camera": [
        [
            -0.6875330387934333,
            -0.07775023117700164,
            0.7219786853636265,
            9.152995109558105
        ],
        [
            0.7261530971960856,
            -0.07361512542455048,
            0.6835806409936288,
            8.968977928161621
        ],
        [
            -1.3884821620476224e-09,
            0.994251333849068,
            0.1070714020611923,
            10.112188339233398
        ],
        [
            0.0,
            0.0,
            0.0,
            1.0
        ]
    ]
}