{
    "matrix_probe_in_cam_coord": [
        [
            0.7875867894090764,
            0.5421044338595912,
            0.29296728817066875,
            -0.9591807270525943
        ],
        [
            0.27548829003432823,
            -0.7350464024346898,
            0.6195264226179401,
            0.9784501228815179
        ],
        [
            0.5511925717952532,
            -0.4072217688896222,
            -0.7282562596642354,
            -10.904678383053387
        ],
        [
            0.0,
            0.0,
            0.0,
            1.0
        ]
    ],
    "matrix_probe_in_world_coord": [
        [
            0.8054240183870711,
            0.17242679836056968,
            -0.5670636206038495,
            0.0
        ],
        [
            0.40513987951598834,
            0.5381688518113699,
            0.7390777800514655,
            0.0
        ],
        [
            0.4326127929580834,
            -0.8250110824389909,
            0.3635971468835409,
            6.115204334259033
        ],
        [
            0.0,
            0.0,
            0.0,
            1.0
        ]
    ],
    "intrinsic_matrix_camera": [
        [
            1.3888888888888888,
            0.0,
            -0.5
        ],
        [
            0.0,
            -1.3888888888888888,
            -0.5
        ],
        [
            0.0,
            0.0,
            -1.0
        ]
    ],
    "extrinsic_matrix_camera": [
        [
            0.5616835575133577,
            -0.25616770850971643,
            0.7866954215806897,
            9.368063926696777
        ],
        [
            0.8273521506705216,
            0.17391042731791148,
            -0.5340819993699129,
            -5.20057487487793
        ],
        [
            2.4998736128835766e-08,
            0.9508592263773761,
            0.309623532072446,
            8.56118106842041
        ],
        [
            0.0,
            0.0,
            0.0,
            1.0
        ]
    ]
}