{
    "matrix_probe_in_cam_coord": [
        [
            -0.26777868923563364,
            -0.6682132499546851,
            0.6941077914677541,
            0.09356517511239351
        ],
        [
            0.541044876701139,
            0.4918136978017241,
            0.682194787469124,
            -0.04570236337901079
        ],
        [
            -0.7972233156316334,
            0.5582206904438347,
            0.22983612808632425,
            -11.329739611025136
        ],
        [
            0.0,
            0.0,
            0.0,
            1.0
        ]
    ],
    "matrix_probe_in_world_coord": [
        [
            -0.06713243255935825,
            -0.6495024895089628,
            0.7573900927661535,
            0.0
        ],
        [
            0.9624140602887385,
            0.15806217966509223,
            0.2208518143870779,
            0.0
        ],
        [
            -0.2631585321763431,
            0.7437491939364906,
            0.6144792294794128,
            8.644758224487305
        ],
        [
            0.0,
            0.0,
            0.0,
            1.0
        ]
    ],
    "intrinsic_matrix_camera": [
        [
            1.3888888888888888,
            0.0,
            -0.5
        ],
        [
            0.0,
            -1.3888888888888888,
            -0.5
        ],
        [
            0.0,
            0.0,
            -1.0
        ]
    ],
    "extrinsic_matrix_camera": [
        [
            0.9776931687338598,
            0.1609316935722722,
            -0.13497058129497946,
            -1.613304615020752
        ],
        [
            -0.21003825320913422,
            0.7491102982260159,
            -0.6282656231886202,
            -7.064197540283203
        ],
        [
            1.6526371273654788e-09,
            0.6425999930716542,
            0.7662018330076679,
            17.35499382019043
        ],
        [
            0.0,
            0.0,
            0.0,
            1.0
        ]
    ]
}