{
    "matrix_probe_in_cam_coord": [
        [
            0.11634286292720272,
            -0.547547779608315,
            -0.8286469497270273,
            -0.37476867125015945
        ],
        [
            0.41249478801825695,
            -0.7323177178946858,
            0.541810677188345,
            0.3657736648076586
        ],
        [
            -0.9035000764270448,
            -0.40484835321824375,
            0.14066066540721578,
            -13.221817791463984
        ],
        [
            0.0,
            0.0,
            0.0,
            1.0
        ]
    ],
    "matrix_probe_in_world_coord": [
        [
            0.29526203101105536,
            0.5178673387452234,
            0.8028908721016614,
            0.0
        ],
        [
            -0.9550642374295244,
            0.18279472024077778,
            0.23332036481039653,
            0.0
        ],
        [
            -0.025935215950272577,
            -0.8357030032930571,
            0.5485689153247537,
            9.695272445678711
        ],
        [
            0.0,
            0.0,
            0.0,
            1.0
        ]
    ],
    "intrinsic_matrix_camera": [
        [
            1.3888888888888888,
            0.0,
            -0.5
        ],
        [
            0.0,
            -1.3888888888888888,
            -0.5
        ],
        [
            0.0,
            0.0,
            -1.0
        ]
    ],
    "extrinsic_matrix_camera": [
        [
            -0.9145185535908018,
            0.1775654683313911,
            -0.36349184254181155,
            -5.213704586029053
        ],
        [
            -0.4045439594632297,
            -0.40140736767248103,
            0.8217154678111286,
            10.859786033630371
        ],
        [
            -1.1808097355507773e-08,
            0.8985224703002718,
            0.4389275229072523,
            15.170036315917969
        ],
        [
            0.0,
            0.0,
            0.0,
            1.0
        ]
    ]
}