{
    "matrix_probe_in_cam_coord": [
        [
            0.5650821418052754,
            -0.6900108193313225,
            0.4522911034040791,
            1.396336045441934
        ],
        [
            0.2179258040909713,
            0.6535720979770026,
            0.7248116008020585,
            -1.197087727779444
        ],
        [
            -0.7957326918784133,
            -0.3110121893940109,
            0.5196930835832603,
            -12.123553688647789
        ],
        [
            0.0,
            0.0,
            0.0,
            1.0
        ]
    ],
    "matrix_probe_in_world_coord": [
        [
            0.5866985543186196,
            -0.6753343030510193,
            0.4468874416260046,
            0.0
        ],
        [
            0.8024284468301048,
            0.5591353277002945,
            -0.20850964734349772,
            0.0
        ],
        [
            -0.10905683875056747,
            0.48092750434974935,
            0.8699513443185513,
            3.95116925239563
        ],
        [
            0.0,
            0.0,
            0.0,
            1.0
        ]
    ],
    "intrinsic_matrix_camera": [
        [
            1.3888888888888888,
            0.0,
            -0.5
        ],
        [
            0.0,
            -1.3888888888888888,
            -0.5
        ],
        [
            0.0,
            0.0,
            -1.0
        ]
    ],
    "extrinsic_matrix_camera": [
        [
            0.9996440655096577,
            0.010386298871284963,
            -0.0245737072311002,
            -1.6813263893127441
        ],
        [
            -0.026678498670717615,
            0.38917490240534697,
            -0.9207774720563408,
            -10.659966468811035
        ],
        [
            9.467759737847697e-11,
            0.9211053252118051,
            0.38931347249543646,
            9.773675918579102
        ],
        [
            0.0,
            0.0,
            0.0,
            1.0
        ]
    ]
}