{
    "matrix_probe_in_cam_coord": [
        [
            -0.765096047378918,
            0.5111953577974737,
            -0.3915448179346387,
            -1.2254344828935764
        ],
        [
            -0.5931811361220644,
            -0.7961208830783847,
            0.1196982843462262,
            -0.06760498272345306
        ],
        [
            -0.25052779892477717,
            0.3238376841765113,
            0.9123403839977163,
            -12.058986901897889
        ],
        [
            0.0,
            0.0,
            0.0,
            1.0
        ]
    ],
    "matrix_probe_in_world_coord": [
        [
            0.7021095505411417,
            -0.6076840481025715,
            0.37116340972755874,
            0.0
        ],
        [
            0.5803452793101576,
            0.7903757397940405,
            0.1962283025647378,
            0.0
        ],
        [
            -0.41260336380273394,
            0.07762916737087133,
            0.9075969240538301,
            5.450974941253662
        ],
        [
            0.0,
            0.0,
            0.0,
            1.0
        ]
    ],
    "intrinsic_matrix_camera": [
        [
            1.3888888888888888,
            0.0,
            -0.5
        ],
        [
            0.0,
            -1.3888888888888888,
            -0.5
        ],
        [
            0.0,
            0.0,
            -1.0
        ]
    ],
    "extrinsic_matrix_camera": [
        [
            -0.9931536160294041,
            0.11173944349240461,
            -0.03406158739293852,
            -1.6202387809753418
        ],
        [
            -0.1168156452180917,
            -0.9499963128956678,
            0.2895878286753732,
            3.284761428833008
        ],
        [
            3.83694850528888e-10,
            0.2915841255155089,
            0.9565451885548094,
            17.005653381347656
        ],
        [
            0.0,
            0.0,
            0.0,
            1.0
        ]
    ]
}