{
    "matrix_probe_in_cam_coord": [
        [
            -0.3064332700265105,
            0.8457308788567425,
            -0.4368500103800641,
            -0.13853224186769558
        ],
        [
            0.8293262550337084,
            0.011933436942464449,
            -0.5586372309419636,
            0.5036623683658537
        ],
        [
            -0.4672436342344584,
            -0.533476216556036,
            -0.7050436246335637,
            -15.439975804219625
        ],
        [
            0.0,
            0.0,
            0.0,
            1.0
        ]
    ],
    "matrix_probe_in_world_coord": [
        [
            0.6823384399391286,
            0.6575011961021056,
            0.31954096843086766,
            0.0
        ],
        [
            0.45789604376640747,
            -0.7251392528384728,
            0.5142997930156435,
            0.0
        ],
        [
            0.5698644281620923,
            -0.20460997316153023,
            -0.7958575829872638,
            18.021324157714844
        ],
        [
            0.0,
            0.0,
            0.0,
            1.0
        ]
    ],
    "intrinsic_matrix_camera": [
        [
            1.3888888888888888,
            0.0,
            -0.5
        ],
        [
            0.0,
            -1.3888888888888888,
            -0.5
        ],
        [
            0.0,
            0.0,
            -1.0
        ]
    ],
    "extrinsic_matrix_camera": [
        [
            0.20738638963757783,
            0.3952199503468066,
            -0.8948698655340666,
            -13.987096786499023
        ],
        [
            -0.978259109537494,
            0.08378479537900788,
            -0.18970825672649835,
            -3.1068105697631836
        ],
        [
            7.707861043412186e-10,
            0.9147575082562402,
            0.4040033429178953,
            23.798397064208984
        ],
        [
            0.0,
            0.0,
            0.0,
            1.0
        ]
    ]
}