{
    "matrix_probe_in_cam_coord": [
        [
            0.7478234209793305,
            0.6571471820692476,
            -0.09443363877992929,
            -1.796454528928677
        ],
        [
            0.25889122323621194,
            -0.15767295953461616,
            0.9529504564051863,
            -0.07370015408915975
        ],
        [
            0.6113390757722174,
            -0.7370867105911233,
            -0.2880411698072496,
            -12.791822492744606
        ],
        [
            0.0,
            0.0,
            0.0,
            1.0
        ]
    ],
    "matrix_probe_in_world_coord": [
        [
            -0.07939536277718247,
            -0.9004436491123766,
            -0.4276653027107373,
            0.0
        ],
        [
            0.8831635996866567,
            0.13542371465901618,
            -0.4490907187823638,
            0.0
        ],
        [
            0.46229690952675245,
            -0.41335414874068993,
            0.7844870395110891,
            18.209674835205078
        ],
        [
            0.0,
            0.0,
            0.0,
            1.0
        ]
    ],
    "intrinsic_matrix_camera": [
        [
            1.3888888888888888,
            0.0,
            -0.5
        ],
        [
            0.0,
            -1.3888888888888888,
            -0.5
        ],
        [
            0.0,
            0.0,
            -1.0
        ]
    ],
    "extrinsic_matrix_camera": [
        [
            -0.6107117277133814,
            -0.28612299294582905,
            0.7383527737748791,
            8.326674461364746
        ],
        [
            0.7918530075925304,
            -0.2206705586718704,
            0.5694500144017106,
            8.690567970275879
        ],
        [
            -2.3367835177482226e-08,
            0.9324366667196039,
            0.3613334506475062,
            22.900508880615234
        ],
        [
            0.0,
            0.0,
            0.0,
            1.0
        ]
    ]
}