{
    "matrix_probe_in_cam_coord": [
        [
            0.9569776096831643,
            -0.2822018035207364,
            0.0674981233423621,
            -1.5505691889259716
        ],
        [
            0.28032031012562125,
            0.9592280464352777,
            0.036084327110751865,
            1.0626544924431696
        ],
        [
            -0.0749291551812278,
            -0.015610798237244355,
            0.997066660099626,
            -11.852349679689132
        ],
        [
            0.0,
            0.0,
            0.0,
            1.0
        ]
    ],
    "matrix_probe_in_world_coord": [
        [
            -0.3283156703224605,
            0.9425066907705144,
            -0.06236953161221716,
            0.0
        ],
        [
            -0.9428643303569212,
            -0.3309723553551742,
            -0.03826427225549609,
            0.0
        ],
        [
            -0.05670692339836415,
            0.04624324646326364,
            0.9973193505568966,
            14.912467002868652
        ],
        [
            0.0,
            0.0,
            0.0,
            1.0
        ]
    ],
    "intrinsic_matrix_camera": [
        [
            1.3888888888888888,
            0.0,
            -0.5
        ],
        [
            0.0,
            -1.3888888888888888,
            -0.5
        ],
        [
            0.0,
            0.0,
            -1.0
        ]
    ],
    "extrinsic_matrix_camera": [
        [
            -0.5843776597100812,
            0.8097947386356463,
            -0.052299446553422314,
            -2.386521339416504
        ],
        [
            -0.811481824092055,
            -0.5831627278601872,
            0.0376627402467831,
            -0.1921662539243698
        ],
        [
            9.767741298601665e-10,
            0.06444931429185986,
            0.9979209817852861,
            26.671688079833984
        ],
        [
            0.0,
            0.0,
            0.0,
            1.0
        ]
    ]
}