{
    "matrix_probe_in_cam_coord": [
        [
            0.8296948183657624,
            0.34148653639639354,
            -0.4415806311841573,
            -0.1017605599301546
        ],
        [
            0.23100808536387132,
            0.5100945493846685,
            0.8285160319417905,
            -1.685105911084328
        ],
        [
            0.5081749431775661,
            -0.7894241547786882,
            0.344336653550607,
            -12.234037589246794
        ],
        [
            0.0,
            0.0,
            0.0,
            1.0
        ]
    ],
    "matrix_probe_in_world_coord": [
        [
            0.7553681578253169,
            0.5472553565325322,
            -0.36045876447943126,
            0.0
        ],
        [
            -0.40946204237619926,
            0.8236308914739138,
            0.39239392256124106,
            0.0
        ],
        [
            0.5116246495202305,
            -0.14880769253078535,
            0.8462248452077995,
            6.905130386352539
        ],
        [
            0.0,
            0.0,
            0.0,
            1.0
        ]
    ],
    "intrinsic_matrix_camera": [
        [
            1.3888888888888888,
            0.0,
            -0.5
        ],
        [
            0.0,
            -1.3888888888888888,
            -0.5
        ],
        [
            0.0,
            0.0,
            -1.0
        ]
    ],
    "extrinsic_matrix_camera": [
        [
            0.9727769914675137,
            0.15500226114773027,
            -0.17227659130161468,
            -1.747452735900879
        ],
        [
            -0.23174323047591427,
            0.6506452416856865,
            -0.7231568603009736,
            -7.774304389953613
        ],
        [
            -4.1269188754954255e-09,
            0.7433942887262892,
            0.6688534454491019,
            16.340606689453125
        ],
        [
            0.0,
            0.0,
            0.0,
            1.0
        ]
    ]
}