{
    "matrix_probe_in_cam_coord": [
        [
            -0.9904845907523387,
            -0.12785847746278378,
            -0.05091645336304206,
            0.9556546414218199
        ],
        [
            0.11876440533283607,
            -0.9810355708176219,
            0.15318036694198323,
            -1.4646500156801685
        ],
        [
            -0.0695362603834133,
            0.14567573075650453,
            0.9868856519174086,
            -13.045891877970677
        ],
        [
            0.0,
            0.0,
            0.0,
            1.0
        ]
    ],
    "matrix_probe_in_world_coord": [
        [
            0.2447273382680336,
            0.9685790562604054,
            0.04430735467104815,
            0.0
        ],
        [
            -0.9684542724818087,
            0.2463978652571085,
            -0.03720771571153866,
            0.0
        ],
        [
            -0.0469558517756234,
            -0.03380390170442484,
            0.9983248189910855,
            10.26845645904541
        ],
        [
            0.0,
            0.0,
            0.0,
            1.0
        ]
    ],
    "intrinsic_matrix_camera": [
        [
            1.3888888888888888,
            0.0,
            -0.5
        ],
        [
            0.0,
            -1.3888888888888888,
            -0.5
        ],
        [
            0.0,
            0.0,
            -1.0
        ]
    ],
    "extrinsic_matrix_camera": [
        [
            -0.3684956742838661,
            -0.9143585936955897,
            0.16780733049870764,
            1.2021355628967285
        ],
        [
            0.9296294627614161,
            -0.3624424576998638,
            0.06651711676255674,
            -0.5514809489250183
        ],
        [
            3.9463081722651106e-09,
            0.18050990829177793,
            0.9835731660677278,
            23.364429473876953
        ],
        [
            0.0,
            0.0,
            0.0,
            1.0
        ]
    ]
}