{
    "matrix_probe_in_cam_coord": [
        [
            0.1926211637694956,
            0.9780777817214966,
            -0.07912610296761813,
            -1.050195565507402
        ],
        [
            0.8305368729993985,
            -0.11955688354180893,
            0.5439803803320041,
            0.9202359979954453
        ],
        [
            0.5225950534175259,
            -0.17049928005867734,
            -0.835358848425637,
            -13.44899994371253
        ],
        [
            0.0,
            0.0,
            0.0,
            1.0
        ]
    ],
    "matrix_probe_in_world_coord": [
        [
            -0.1563789333400298,
            0.6078648170178691,
            -0.7784895589789673,
            0.0
        ],
        [
            0.3725481648704544,
            0.7662693778129023,
            0.5234874453870735,
            0.0
        ],
        [
            0.9147423101940192,
            -0.20816244824189598,
            -0.3462873100228317,
            8.424253463745117
        ],
        [
            0.0,
            0.0,
            0.0,
            1.0
        ]
    ],
    "intrinsic_matrix_camera": [
        [
            1.3888888888888888,
            0.0,
            -0.5
        ],
        [
            0.0,
            -1.3888888888888888,
            -0.5
        ],
        [
            0.0,
            0.0,
            -1.0
        ]
    ],
    "extrinsic_matrix_camera": [
        [
            0.626016024689377,
            -0.6260359398144507,
            0.46495477080329695,
            7.4867167472839355
        ],
        [
            0.7798101928239385,
            0.5025691087690294,
            -0.3732564186708583,
            -4.663454532623291
        ],
        [
            2.8073865542240553e-08,
            0.5962409688806537,
            0.8028055225446934,
            18.672502517700195
        ],
        [
            0.0,
            0.0,
            0.0,
            1.0
        ]
    ]
}