{
    "matrix_probe_in_cam_coord": [
        [
            0.9953748207124853,
            -0.08715254436486114,
            0.04041534736110498,
            0.4756269902410593
        ],
        [
            0.04287062647934896,
            0.7794552024987705,
            0.6249893572556805,
            1.1657905692512402
        ],
        [
            -0.08597136544719995,
            -0.6203660381648335,
            0.7795863666168186,
            -9.487239095085616
        ],
        [
            0.0,
            0.0,
            0.0,
            1.0
        ]
    ],
    "matrix_probe_in_world_coord": [
        [
            0.9969923869512183,
            0.061714212740325555,
            0.046877887187394,
            0.0
        ],
        [
            -0.06360557764092128,
            0.9971737080516705,
            0.03998657854138846,
            0.0
        ],
        [
            -0.044277656377420586,
            -0.04284800947913138,
            0.9980999635454354,
            10.847176551818848
        ],
        [
            0.0,
            0.0,
            0.0,
            1.0
        ]
    ],
    "intrinsic_matrix_camera": [
        [
            1.3888888888888888,
            0.0,
            -0.5
        ],
        [
            0.0,
            -1.3888888888888888,
            -0.5
        ],
        [
            0.0,
            0.0,
            -1.0
        ]
    ],
    "extrinsic_matrix_camera": [
        [
            0.9888971538437211,
            0.12014333299505654,
            -0.08745283675574322,
            -1.4400941133499146
        ],
        [
            -0.14860154480956006,
            0.7995166095962537,
            -0.581971452787784,
            -6.382692337036133
        ],
        [
            5.496626910117445e-09,
            0.5885055399200169,
            0.8084931845621517,
            17.831470489501953
        ],
        [
            0.0,
            0.0,
            0.0,
            1.0
        ]
    ]
}