{
    "matrix_probe_in_cam_coord": [
        [
            0.7261160964083572,
            0.6522504725679111,
            -0.2175424914163356,
            -0.8450470168164583
        ],
        [
            0.6014001736630834,
            -0.7558468324247716,
            -0.258869459441343,
            -0.40564478768411605
        ],
        [
            -0.3332765303088459,
            0.05713918925200541,
            -0.9410960989170665,
            -13.721438506328568
        ],
        [
            0.0,
            0.0,
            0.0,
            1.0
        ]
    ],
    "matrix_probe_in_world_coord": [
        [
            0.9080767014171444,
            -0.32478782068601747,
            -0.2644041903551956,
            0.0
        ],
        [
            -0.3099275694053338,
            -0.9457649896579432,
            0.09733183477060961,
            0.0
        ],
        [
            -0.28167642085531613,
            -0.006438623404002723,
            -0.9594878519620771,
            13.454955101013184
        ],
        [
            0.0,
            0.0,
            0.0,
            1.0
        ]
    ],
    "intrinsic_matrix_camera": [
        [
            1.3888888888888888,
            0.0,
            -0.5
        ],
        [
            0.0,
            -1.3888888888888888,
            -0.5
        ],
        [
            0.0,
            0.0,
            -1.0
        ]
    ],
    "extrinsic_matrix_camera": [
        [
            0.5050452464564251,
            0.8600535012386163,
            -0.07236901297493242,
            -0.2173437625169754
        ],
        [
            -0.8630928681386313,
            0.503266738134356,
            -0.04234726975658366,
            -1.1062719821929932
        ],
        [
            -5.201488295817542e-10,
            0.08384846626386674,
            0.9964785169310962,
            27.162086486816406
        ],
        [
            0.0,
            0.0,
            0.0,
            1.0
        ]
    ]
}