{
    "matrix_probe_in_cam_coord": [
        [
            -0.1041064046955149,
            -0.8512981054738292,
            -0.5142503204841419,
            -8.011005915938622e-09
        ],
        [
            0.994284532837875,
            -0.07678047246142962,
            -0.07418238879928242,
            -0.31785737056031826
        ],
        [
            0.023666944474138144,
            -0.5190340014539206,
            0.8544258780455972,
            -13.32346327892572
        ],
        [
            0.0,
            0.0,
            0.0,
            1.0
        ]
    ],
    "matrix_probe_in_world_coord": [
        [
            0.9973823493989964,
            -0.022010543653266008,
            -0.06887659308811524,
            0.0
        ],
        [
            0.05462733944107476,
            0.8534452120827624,
            0.5183118016779072,
            0.0
        ],
        [
            0.04737407405879011,
            -0.5207175875089071,
            0.85241356814986,
            4.823214530944824
        ],
        [
            0.0,
            0.0,
            0.0,
            1.0
        ]
    ],
    "intrinsic_matrix_camera": [
        [
            1.3888888888888888,
            0.0,
            -0.5
        ],
        [
            0.0,
            -1.3888888888888888,
            -0.5
        ],
        [
            0.0,
            0.0,
            -1.0
        ]
    ],
    "extrinsic_matrix_camera": [
        [
            -0.04967654632080189,
            0.9984812534813869,
            -0.02382073029685982,
            0.0
        ],
        [
            -0.9987653582026348,
            -0.04966241551864158,
            0.0011847950103568983,
            -0.0
        ],
        [
            6.010995034163228e-10,
            0.0238501767518042,
            0.9997155440768678,
            18.150468826293945
        ],
        [
            0.0,
            0.0,
            0.0,
            1.0
        ]
    ]
}