{
    "matrix_probe_in_cam_coord": [
        [
            0.7321908816144417,
            0.6668131813701659,
            -0.13876849077389272,
            -0.31456002351571
        ],
        [
            -0.5745390517597304,
            0.7141027030458407,
            0.39995275659214174,
            -1.327915902052665
        ],
        [
            0.36578872438020243,
            -0.21311384434996544,
            0.9059697006316947,
            -12.298110827931808
        ],
        [
            0.0,
            0.0,
            0.0,
            1.0
        ]
    ],
    "matrix_probe_in_world_coord": [
        [
            0.5242244116127894,
            0.8381860288082597,
            -0.1504425052299506,
            0.0
        ],
        [
            -0.8494741727434171,
            0.5271197861253909,
            -0.023202605823685933,
            0.0
        ],
        [
            0.059853121147620834,
            0.1399603950614647,
            0.9883464431580289,
            3.625032901763916
        ],
        [
            0.0,
            0.0,
            0.0,
            1.0
        ]
    ],
    "intrinsic_matrix_camera": [
        [
            1.3888888888888888,
            0.0,
            -0.5
        ],
        [
            0.0,
            -1.3888888888888888,
            -0.5
        ],
        [
            0.0,
            0.0,
            -1.0
        ]
    ],
    "extrinsic_matrix_camera": [
        [
            0.963622505951246,
            0.23719361779457623,
            -0.12317001949241518,
            -0.8966682553291321
        ],
        [
            -0.26726703130809354,
            0.8551938036441677,
            -0.444085455947816,
            -4.409858226776123
        ],
        [
            1.5584284524664492e-09,
            0.4608500253728338,
            0.8874780302147535,
            15.15130615234375
        ],
        [
            0.0,
            0.0,
            0.0,
            1.0
        ]
    ]
}