{
    "matrix_probe_in_cam_coord": [
        [
            -0.14608775503607238,
            0.2011105032850268,
            -0.968613923757533,
            0.3390339916975051
        ],
        [
            -0.4558955764313406,
            -0.8826374289959301,
            -0.11450062150831276,
            -1.172670035720481
        ],
        [
            -0.8779621809729936,
            0.4248596643644786,
            0.22062790933435056,
            -12.708342956928515
        ],
        [
            0.0,
            0.0,
            0.0,
            1.0
        ]
    ],
    "matrix_probe_in_world_coord": [
        [
            -0.295110215168558,
            0.9407266177420164,
            -0.16716276970316524,
            0.0
        ],
        [
            -0.03237151526004047,
            -0.18469849863342896,
            -0.982261955693249,
            0.0
        ],
        [
            -0.9549146799075487,
            -0.28446422494616674,
            0.0849591597347828,
            14.624832153320312
        ],
        [
            0.0,
            0.0,
            0.0,
            1.0
        ]
    ],
    "intrinsic_matrix_camera": [
        [
            1.3888888888888888,
            0.0,
            -0.5
        ],
        [
            0.0,
            -1.3888888888888888,
            -0.5
        ],
        [
            0.0,
            0.0,
            -1.0
        ]
    ],
    "extrinsic_matrix_camera": [
        [
            0.3942181786382647,
            -0.6766408405927405,
            0.6218916308112523,
            6.9760823249816895
        ],
        [
            0.9190168810370833,
            0.2902494429934979,
            -0.2667643777021881,
            -3.361344337463379
        ],
        [
            -2.6676676148631324e-08,
            0.6766922739945491,
            0.7362659616715183,
            24.775089263916016
        ],
        [
            0.0,
            0.0,
            0.0,
            1.0
        ]
    ]
}