{
    "matrix_probe_in_cam_coord": [
        [
            0.6301983101193933,
            0.6529781477083633,
            -0.42008288293861273,
            0.1603566278669882
        ],
        [
            -0.5756444506297049,
            0.7560110427414187,
            0.31157787102465767,
            0.20260567724155543
        ],
        [
            0.5210408394568381,
            0.04546253257780282,
            0.8523201286780255,
            -11.078596682937249
        ],
        [
            0.0,
            0.0,
            0.0,
            1.0
        ]
    ],
    "matrix_probe_in_world_coord": [
        [
            -0.6538673757585027,
            0.3434982979655777,
            -0.6741412123683289,
            0.0
        ],
        [
            -0.695769356238314,
            -0.6230427124113417,
            0.35738324167599156,
            0.0
        ],
        [
            -0.2972582342651102,
            0.702728039717976,
            0.6463828929943303,
            16.90131950378418
        ],
        [
            0.0,
            0.0,
            0.0,
            1.0
        ]
    ],
    "intrinsic_matrix_camera": [
        [
            1.3888888888888888,
            0.0,
            -0.5
        ],
        [
            0.0,
            -1.3888888888888888,
            -0.5
        ],
        [
            0.0,
            0.0,
            -1.0
        ]
    ],
    "extrinsic_matrix_camera": [
        [
            0.0954259511007467,
            0.4260361490083435,
            -0.8996594286699041,
            -10.068583488464355
        ],
        [
            -0.9954365313049933,
            0.040841307735543404,
            -0.0862444185204672,
            -0.80411696434021
        ],
        [
            2.7643567005145404e-08,
            0.903783816695448,
            0.4279892670142653,
            21.459728240966797
        ],
        [
            0.0,
            0.0,
            0.0,
            1.0
        ]
    ]
}