{
    "matrix_probe_in_cam_coord": [
        [
            0.8206847132824108,
            -0.06855733762495804,
            0.5672534643722726,
            -0.08893120492789908
        ],
        [
            -0.49764179508219875,
            0.402068275100638,
            0.7685660322607062,
            0.2875864173590035
        ],
        [
            -0.2807654629257925,
            -0.9130394261012913,
            0.2958542905091799,
            -12.962233091164205
        ],
        [
            0.0,
            0.0,
            0.0,
            1.0
        ]
    ],
    "matrix_probe_in_world_coord": [
        [
            0.20282472795691142,
            -0.908448268236199,
            0.36549127714332147,
            0.0
        ],
        [
            0.8136760445263372,
            0.3640143646942467,
            0.4532381679208167,
            0.0
        ],
        [
            -0.5447875037968284,
            0.20546358858662842,
            0.8130137080467498,
            10.49406623840332
        ],
        [
            0.0,
            0.0,
            0.0,
            1.0
        ]
    ],
    "intrinsic_matrix_camera": [
        [
            1.3888888888888888,
            0.0,
            -0.5
        ],
        [
            0.0,
            -1.3888888888888888,
            -0.5
        ],
        [
            0.0,
            0.0,
            -1.0
        ]
    ],
    "extrinsic_matrix_camera": [
        [
            0.43606214150757383,
            -0.1852881092354855,
            0.8806350693220022,
            11.507062911987305
        ],
        [
            0.8999165565450099,
            0.08978288069901459,
            -0.426719141344232,
            -5.477022647857666
        ],
        [
            2.9505956906807945e-08,
            0.9785741417538711,
            0.2058947524602651,
            12.881497383117676
        ],
        [
            0.0,
            0.0,
            0.0,
            1.0
        ]
    ]
}