{
    "matrix_probe_in_cam_coord": [
        [
            0.15410809593815014,
            0.9779641271281561,
            -0.14084339110083177,
            -0.9851280702369202
        ],
        [
            -0.915570235900533,
            0.19493471347558905,
            0.3517550292678591,
            0.5769826244092355
        ],
        [
            0.3714590662500517,
            0.07474371901808165,
            0.9254358641029569,
            -11.14029271338828
        ],
        [
            0.0,
            0.0,
            0.0,
            1.0
        ]
    ],
    "matrix_probe_in_world_coord": [
        [
            0.8801273204709166,
            0.464170291304145,
            -0.09960843554292982,
            0.0
        ],
        [
            -0.47303396453177426,
            0.875207838959834,
            -0.1012428122021992,
            0.0
        ],
        [
            0.040184177981351876,
            0.1362247381861416,
            0.9898626432723283,
            13.551457405090332
        ],
        [
            0.0,
            0.0,
            0.0,
            1.0
        ]
    ],
    "intrinsic_matrix_camera": [
        [
            1.3888888888888888,
            0.0,
            -0.5
        ],
        [
            0.0,
            -1.3888888888888888,
            -0.5
        ],
        [
            0.0,
            0.0,
            -1.0
        ]
    ],
    "extrinsic_matrix_camera": [
        [
            0.6036058291591138,
            -0.7503732438465357,
            0.2694438678544498,
            4.0292649269104
        ],
        [
            0.79728288769115,
            0.5680915394452006,
            -0.20399019536645224,
            -1.814863681793213
        ],
        [
            2.9265097316928085e-09,
            0.3379526560481653,
            0.941163111405239,
            23.841297149658203
        ],
        [
            0.0,
            0.0,
            0.0,
            1.0
        ]
    ]
}