{
    "matrix_probe_in_cam_coord": [
        [
            0.792554152821935,
            0.6013764437305372,
            -0.10101627478142852,
            0.7295532813345449
        ],
        [
            -0.5163558689358296,
            0.7499553678335381,
            0.41345321727274925,
            -0.140645694712477
        ],
        [
            0.324398722963315,
            -0.2755237180056821,
            0.9049044973675927,
            -13.152769715708914
        ],
        [
            0.0,
            0.0,
            0.0,
            1.0
        ]
    ],
    "matrix_probe_in_world_coord": [
        [
            -0.2900989232593146,
            -0.9568583335947349,
            -0.016270960453932823,
            0.0
        ],
        [
            0.9401283985787194,
            -0.28176621426858706,
            -0.19174565101342259,
            0.0
        ],
        [
            0.17888881717312255,
            -0.07092199889354373,
            0.9813097681992906,
            17.162477493286133
        ],
        [
            0.0,
            0.0,
            0.0,
            1.0
        ]
    ],
    "intrinsic_matrix_camera": [
        [
            1.3888888888888888,
            0.0,
            -0.5
        ],
        [
            0.0,
            -1.3888888888888888,
            -0.5
        ],
        [
            0.0,
            0.0,
            -1.0
        ]
    ],
    "extrinsic_matrix_camera": [
        [
            -0.803707536357299,
            -0.5745340428865099,
            0.15480578014713417,
            2.5416665077209473
        ],
        [
            0.5950245339500555,
            -0.7760307573337835,
            0.20909822493142674,
            2.2069733142852783
        ],
        [
            -1.723017650223908e-09,
            0.2601670564011446,
            0.965563619221211,
            29.89890480041504
        ],
        [
            0.0,
            0.0,
            0.0,
            1.0
        ]
    ]
}