{
    "matrix_probe_in_cam_coord": [
        [
            -0.6264891329024523,
            -0.6160781726408416,
            -0.477450574982013,
            1.4678122226133465
        ],
        [
            0.35441971843532377,
            -0.7707425855321952,
            0.5294738237452093,
            0.6180545238302948
        ],
        [
            -0.6941887564195774,
            0.16249169838077354,
            0.701212106582575,
            -11.607894529577141
        ],
        [
            0.0,
            0.0,
            0.0,
            1.0
        ]
    ],
    "matrix_probe_in_world_coord": [
        [
            -0.6948701152314045,
            -0.5162903933943979,
            -0.5005993933745352,
            0.0
        ],
        [
            0.5133844591951104,
            -0.8435963626001186,
            0.15742164420686725,
            0.0
        ],
        [
            -0.5035791099869401,
            -0.14761235279104307,
            0.8512453660891519,
            4.9063897132873535
        ],
        [
            0.0,
            0.0,
            0.0,
            1.0
        ]
    ],
    "intrinsic_matrix_camera": [
        [
            1.3888888888888888,
            0.0,
            -0.5
        ],
        [
            0.0,
            -1.3888888888888888,
            -0.5
        ],
        [
            0.0,
            0.0,
            -1.0
        ]
    ],
    "extrinsic_matrix_camera": [
        [
            0.9924152862879103,
            -0.11340295287375024,
            0.04745176310316686,
            -0.8357750177383423
        ],
        [
            0.12293046628922012,
            0.9154998570314402,
            -0.38307716224453714,
            -5.192986965179443
        ],
        [
            -9.59811805579006e-10,
            0.3860048990037905,
            0.9224967305877423,
            15.376062393188477
        ],
        [
            0.0,
            0.0,
            0.0,
            1.0
        ]
    ]
}