{
    "matrix_probe_in_cam_coord": [
        [
            -0.3986174020815541,
            -0.8912333721666876,
            -0.21634981648743556,
            0.9805119704293932
        ],
        [
            0.8204995176937557,
            -0.45195138218856445,
            0.350029269636355,
            -0.14129341496855963
        ],
        [
            -0.40973736493279006,
            -0.0379871619661258,
            0.9114122378505198,
            -10.720300434093176
        ],
        [
            0.0,
            0.0,
            0.0,
            1.0
        ]
    ],
    "matrix_probe_in_world_coord": [
        [
            0.6510786920410575,
            -0.7454403063284352,
            -0.14288207190223082,
            0.0
        ],
        [
            0.7580732725300023,
            0.6292982657120335,
            0.17119756495779798,
            0.0
        ],
        [
            -0.03770212521540718,
            -0.21977816650612833,
            0.974821064237661,
            9.670060157775879
        ],
        [
            0.0,
            0.0,
            0.0,
            1.0
        ]
    ],
    "intrinsic_matrix_camera": [
        [
            1.3888888888888888,
            0.0,
            -0.5
        ],
        [
            0.0,
            -1.3888888888888888,
            -0.5
        ],
        [
            0.0,
            0.0,
            -1.0
        ]
    ],
    "extrinsic_matrix_camera": [
        [
            0.4357424912213894,
            0.8210996223125053,
            -0.36867857488934497,
            -4.263579845428467
        ],
        [
            -0.9000713756942709,
            0.39751069211567464,
            -0.17848464446427884,
            -0.974712610244751
        ],
        [
            1.3142829337874526e-09,
            0.4096103757132848,
            0.9122605659064857,
            19.50764274597168
        ],
        [
            0.0,
            0.0,
            0.0,
            1.0
        ]
    ]
}