{
    "matrix_probe_in_cam_coord": [
        [
            0.31345295457753425,
            -0.5834831625748026,
            0.7491959985600036,
            0.022660886068594253
        ],
        [
            -0.08206776409313009,
            0.7693594157783877,
            0.6335226684578005,
            -0.8288627571704116
        ],
        [
            -0.9460508059102156,
            -0.2600643926892806,
            0.19327282346927885,
            -13.750545783938884
        ],
        [
            0.0,
            0.0,
            0.0,
            1.0
        ]
    ],
    "matrix_probe_in_world_coord": [
        [
            -0.021128796021984298,
            -0.6945663884013116,
            -0.7191182837905178,
            0.0
        ],
        [
            0.3135859596239465,
            -0.6875857022004914,
            0.6548967461029148,
            0.0
        ],
        [
            -0.9493247178417877,
            -0.21166821734170527,
            0.23233412547879104,
            13.467124938964844
        ],
        [
            0.0,
            0.0,
            0.0,
            1.0
        ]
    ],
    "intrinsic_matrix_camera": [
        [
            1.3888888888888888,
            0.0,
            -0.5
        ],
        [
            0.0,
            -1.3888888888888888,
            -0.5
        ],
        [
            0.0,
            0.0,
            -1.0
        ]
    ],
    "extrinsic_matrix_camera": [
        [
            -0.14011563132439395,
            -0.9882149318359965,
            0.061634879369909384,
            0.031593821942806244
        ],
        [
            0.9901351472695868,
            -0.13984389854442922,
            0.008722051440394266,
            -0.018415771424770355
        ],
        [
            3.477644654502231e-10,
            0.06224895610588314,
            0.9980606531988564,
            27.242599487304688
        ],
        [
            0.0,
            0.0,
            0.0,
            1.0
        ]
    ]
}