{
    "matrix_probe_in_cam_coord": [
        [
            -0.9999514667932126,
            0.009584804137867333,
            0.002279383193103875,
            -0.15048268982718307
        ],
        [
            -0.008387327922990925,
            -0.9495660540529536,
            0.3134548798800475,
            0.8140017826081796
        ],
        [
            0.005168828534059271,
            0.3134205489752411,
            0.9496003594626762,
            -12.531568295148281
        ],
        [
            0.0,
            0.0,
            0.0,
            1.0
        ]
    ],
    "matrix_probe_in_world_coord": [
        [
            0.672550994585012,
            0.7356112861677266,
            -0.08093945481268235,
            0.0
        ],
        [
            -0.7400434846360958,
            0.6689955227067327,
            -0.06914211051168427,
            0.0
        ],
        [
            0.003286416038157248,
            0.10640031137646333,
            0.9943179437225377,
            4.688399791717529
        ],
        [
            0.0,
            0.0,
            0.0,
            1.0
        ]
    ],
    "intrinsic_matrix_camera": [
        [
            1.3888888888888888,
            0.0,
            -0.5
        ],
        [
            0.0,
            -1.3888888888888888,
            -0.5
        ],
        [
            0.0,
            0.0,
            -1.0
        ]
    ],
    "extrinsic_matrix_camera": [
        [
            -0.6656521554619534,
            -0.7295232791454905,
            0.15717185852965684,
            2.4632740020751953
        ],
        [
            0.7462621576422429,
            -0.6507213832379029,
            0.14019441311298741,
            2.398843765258789
        ],
        [
            1.2164261388849319e-09,
            0.21061212353936665,
            0.9775697077028516,
            16.76744270324707
        ],
        [
            0.0,
            0.0,
            0.0,
            1.0
        ]
    ]
}