{
    "matrix_probe_in_cam_coord": [
        [
            0.9382225720817556,
            -0.005987824911604641,
            0.34598056475635064,
            -0.4894097750706809
        ],
        [
            -0.3439033941163942,
            -0.12687636112691278,
            0.930393918994755,
            -1.7257195005962398
        ],
        [
            0.0383257191911576,
            -0.9919004662464987,
            -0.12109749918334134,
            -9.288302167253281
        ],
        [
            0.0,
            0.0,
            0.0,
            1.0
        ]
    ],
    "matrix_probe_in_world_coord": [
        [
            -0.8827674482985868,
            0.344450307699947,
            -0.31949275069994,
            0.0
        ],
        [
            -0.3177786163636402,
            -0.9386556925454148,
            -0.1339486537226051,
            0.0
        ],
        [
            -0.34603234416223666,
            -0.016717546994094737,
            0.9380736327261779,
            16.0948429107666
        ],
        [
            0.0,
            0.0,
            0.0,
            1.0
        ]
    ],
    "intrinsic_matrix_camera": [
        [
            1.3888888888888888,
            0.0,
            -0.5
        ],
        [
            0.0,
            -1.3888888888888888,
            -0.5
        ],
        [
            0.0,
            0.0,
            -1.0
        ]
    ],
    "extrinsic_matrix_camera": [
        [
            -0.9408331363487287,
            -0.037369992358793486,
            -0.33680334502394427,
            -3.6532742977142334
        ],
        [
            -0.33887019572133253,
            0.10375335048524588,
            0.9350947720498021,
            8.69864559173584
        ],
        [
            -8.985376386070588e-09,
            0.9939007626187782,
            -0.11027816676845181,
            16.78573989868164
        ],
        [
            0.0,
            0.0,
            0.0,
            1.0
        ]
    ]
}