{
    "matrix_probe_in_cam_coord": [
        [
            0.6585052780269818,
            0.6154539091825524,
            -0.4331134776043359,
            1.2190575868948126
        ],
        [
            0.0700651814173447,
            -0.6231450357954851,
            -0.7789615746083999,
            -2.1033995274986292
        ],
        [
            -0.7493074597009972,
            0.48260413387719503,
            -0.45346618484852913,
            -12.828507203794805
        ],
        [
            0.0,
            0.0,
            0.0,
            1.0
        ]
    ],
    "matrix_probe_in_world_coord": [
        [
            -0.9900855364492565,
            -0.1168219078255076,
            0.07799533553999616,
            0.0
        ],
        [
            -0.14040949446576734,
            0.8073847782111274,
            -0.5730750332869478,
            0.0
        ],
        [
            0.003975472029285253,
            -0.5783445873914418,
            -0.8157828962764341,
            5.61038875579834
        ],
        [
            0.0,
            0.0,
            0.0,
            1.0
        ]
    ],
    "intrinsic_matrix_camera": [
        [
            1.3888888888888888,
            0.0,
            -0.5
        ],
        [
            0.0,
            -1.3888888888888888,
            -0.5
        ],
        [
            0.0,
            0.0,
            -1.0
        ]
    ],
    "extrinsic_matrix_camera": [
        [
            -0.7576558823120286,
            -0.05732890018072933,
            0.6501314953161782,
            9.143257141113281
        ],
        [
            0.6526542453688491,
            -0.0665522029236026,
            0.7547272621868341,
            8.746415138244629
        ],
        [
            -6.742766448511887e-10,
            0.9961346302032089,
            0.08783961811117126,
            8.83250904083252
        ],
        [
            0.0,
            0.0,
            0.0,
            1.0
        ]
    ]
}