{
    "matrix_probe_in_cam_coord": [
        [
            0.011985954895287988,
            -0.9612252119080791,
            -0.2755039543772786,
            2.8549982075687685
        ],
        [
            0.4520708131592965,
            -0.2405485537464278,
            0.8589344405599276,
            -1.0329002338521498
        ],
        [
            -0.8919015174192392,
            -0.1348424461464988,
            0.4316586590611707,
            -12.573568754645551
        ],
        [
            0.0,
            0.0,
            0.0,
            1.0
        ]
    ],
    "matrix_probe_in_world_coord": [
        [
            0.9292868684568775,
            -0.2636612834575118,
            -0.25866705186232825,
            0.0
        ],
        [
            0.31861103549765546,
            0.9264885545751012,
            0.20026474053225757,
            0.0
        ],
        [
            0.1868500044761105,
            -0.26851757083453276,
            0.9449790420852728,
            14.701807975769043
        ],
        [
            0.0,
            0.0,
            0.0,
            1.0
        ]
    ],
    "intrinsic_matrix_camera": [
        [
            1.3888888888888888,
            0.0,
            -0.5
        ],
        [
            0.0,
            -1.3888888888888888,
            -0.5
        ],
        [
            0.0,
            0.0,
            -1.0
        ]
    ],
    "extrinsic_matrix_camera": [
        [
            0.33584005920869425,
            0.2613487712135332,
            -0.9049355084291237,
            -12.067144393920898
        ],
        [
            -0.9419190276402212,
            0.09318355090624518,
            -0.3226536396971266,
            -1.2714812755584717
        ],
        [
            -2.8245843981738324e-08,
            0.9607359916364532,
            0.2774641497100476,
            19.1828670501709
        ],
        [
            0.0,
            0.0,
            0.0,
            1.0
        ]
    ]
}