{
    "matrix_probe_in_cam_coord": [
        [
            0.148909454556431,
            0.9832041932139239,
            -0.10552482546900119,
            -0.7185916006039665
        ],
        [
            -0.8593230654596278,
            0.1814665995856677,
            0.4781566086585892,
            -0.979597933455743
        ],
        [
            0.4892748138958049,
            0.019477876716210915,
            0.8719121336498612,
            -13.047882026715989
        ],
        [
            0.0,
            0.0,
            0.0,
            1.0
        ]
    ],
    "matrix_probe_in_world_coord": [
        [
            -0.3319601857290867,
            -0.9307506210966183,
            0.15331574093670094,
            0.0
        ],
        [
            0.9041742885161095,
            -0.360283386638716,
            -0.22948798944285712,
            0.0
        ],
        [
            0.2688332030778521,
            0.062443275381716186,
            0.9611605205596542,
            17.614038467407227
        ],
        [
            0.0,
            0.0,
            0.0,
            1.0
        ]
    ],
    "intrinsic_matrix_camera": [
        [
            1.3888888888888888,
            0.0,
            -0.5
        ],
        [
            0.0,
            -1.3888888888888888,
            -0.5
        ],
        [
            0.0,
            0.0,
            -1.0
        ]
    ],
    "extrinsic_matrix_camera": [
        [
            -0.9807285404940249,
            0.18966982887888642,
            -0.04687094914244411,
            -1.1305097341537476
        ],
        [
            -0.19537535632842654,
            -0.952088421137852,
            0.23527878883310502,
            1.996830940246582
        ],
        [
            -3.494554850969786e-10,
            0.23990205157164954,
            0.9707970980857501,
            30.515892028808594
        ],
        [
            0.0,
            0.0,
            0.0,
            1.0
        ]
    ]
}