{
    "matrix_probe_in_cam_coord": [
        [
            -0.9092432906412515,
            0.2605388897976142,
            -0.32464769416537514,
            0.26252317330826935
        ],
        [
            -0.4077208516477844,
            -0.7146171123493037,
            0.5684066237027401,
            -0.02712480649163851
        ],
        [
            -0.08390676704219811,
            0.6491855433083591,
            0.7559879528166813,
            -14.300254082598961
        ],
        [
            0.0,
            0.0,
            0.0,
            1.0
        ]
    ],
    "matrix_probe_in_world_coord": [
        [
            0.8991210512039192,
            0.43684465236103215,
            0.02735114230755507,
            0.0
        ],
        [
            -0.3827664485277935,
            0.8150491290386637,
            -0.4349537482707047,
            0.0
        ],
        [
            -0.2122997436724292,
            0.3806069717659998,
            0.900037305826673,
            16.587020874023438
        ],
        [
            0.0,
            0.0,
            0.0,
            1.0
        ]
    ],
    "intrinsic_matrix_camera": [
        [
            1.3888888888888888,
            0.0,
            -0.5
        ],
        [
            0.0,
            -1.3888888888888888,
            -0.5
        ],
        [
            0.0,
            0.0,
            -1.0
        ]
    ],
    "extrinsic_matrix_camera": [
        [
            -0.7125842478242416,
            -0.6632204942933387,
            0.22882802647853073,
            3.4413790702819824
        ],
        [
            0.7015865518613935,
            -0.6736167841618775,
            0.2324150131610487,
            3.1211392879486084
        ],
        [
            -5.872866912383544e-10,
            0.32615794340274706,
            0.9453152891788487,
            30.114116668701172
        ],
        [
            0.0,
            0.0,
            0.0,
            1.0
        ]
    ]
}