{
    "matrix_probe_in_cam_coord": [
        [
            0.5094719913828913,
            -0.8397583237341881,
            0.1877345139165866,
            -0.5299212466335927
        ],
        [
            0.12331197878574539,
            0.2871715050514548,
            0.9499087759224175,
            -0.3841894873742091
        ],
        [
            -0.8516058042805336,
            -0.4608020013038446,
            0.24985809914844997,
            -13.17253625169311
        ],
        [
            0.0,
            0.0,
            0.0,
            1.0
        ]
    ],
    "matrix_probe_in_world_coord": [
        [
            0.09477786202713709,
            0.5476207205974769,
            0.831341508191348,
            0.0
        ],
        [
            -0.5520121623431988,
            0.7238630446937189,
            -0.4138899191233401,
            0.0
        ],
        [
            -0.8284320910580123,
            -0.4196830219332673,
            0.37089948989747856,
            3.957650899887085
        ],
        [
            0.0,
            0.0,
            0.0,
            1.0
        ]
    ],
    "intrinsic_matrix_camera": [
        [
            1.3888888888888888,
            0.0,
            -0.5
        ],
        [
            0.0,
            -1.3888888888888888,
            -0.5
        ],
        [
            0.0,
            0.0,
            -1.0
        ]
    ],
    "extrinsic_matrix_camera": [
        [
            -0.2555108983260822,
            0.9586469066625285,
            -0.12534069244648463,
            -1.4181534051895142
        ],
        [
            -0.9668061754232845,
            -0.2533545384975949,
            0.033125473371292874,
            -0.17332078516483307
        ],
        [
            -7.106262208064058e-10,
            0.12964407494766772,
            0.9915605951382719,
            17.06882667541504
        ],
        [
            0.0,
            0.0,
            0.0,
            1.0
        ]
    ]
}