{
    "matrix_probe_in_cam_coord": [
        [
            -0.015521851731504534,
            -0.3363407103335808,
            -0.941612446121613,
            -0.6853194816225243
        ],
        [
            -0.6396168920978237,
            -0.7204985013022424,
            0.2679032305970648,
            -0.9212393947128601
        ],
        [
            -0.7685371191178383,
            0.6064295805726543,
            -0.2039457289195548,
            -11.107800833294476
        ],
        [
            0.0,
            0.0,
            0.0,
            1.0
        ]
    ],
    "matrix_probe_in_world_coord": [
        [
            0.1285272851349105,
            0.49008162163587915,
            -0.8621489088960194,
            0.0
        ],
        [
            -0.12878780958394942,
            -0.8537489438729844,
            -0.5045061356795698,
            0.0
        ],
        [
            -0.9833079055303166,
            0.17587707346471015,
            -0.046613495374956966,
            7.752804279327393
        ],
        [
            0.0,
            0.0,
            0.0,
            1.0
        ]
    ],
    "intrinsic_matrix_camera": [
        [
            1.3888888888888888,
            0.0,
            -0.5
        ],
        [
            0.0,
            -1.3888888888888888,
            -0.5
        ],
        [
            0.0,
            0.0,
            -1.0
        ]
    ],
    "extrinsic_matrix_camera": [
        [
            0.6449807608208986,
            -0.6662837745211636,
            0.3742535904713887,
            3.9853453636169434
        ],
        [
            0.7641988080145733,
            0.5623408694504314,
            -0.31586853020653743,
            -2.4668338298797607
        ],
        [
            -1.2902162428161785e-08,
            0.489733272665401,
            0.8718723081073488,
            17.8885498046875
        ],
        [
            0.0,
            0.0,
            0.0,
            1.0
        ]
    ]
}