{
    "matrix_probe_in_cam_coord": [
        [
            -0.2965578753951441,
            0.41187023754035545,
            0.8616358476581447,
            -0.5951896663434046
        ],
        [
            0.8472448816338746,
            -0.30288832381872255,
            0.43638832917424225,
            -0.7166812258064166
        ],
        [
            0.44071480243613353,
            0.859430957507778,
            -0.2591310328597174,
            -11.543471480955418
        ],
        [
            0.0,
            0.0,
            0.0,
            1.0
        ]
    ],
    "matrix_probe_in_world_coord": [
        [
            -0.45833604888557394,
            -0.810533686337259,
            0.36464120667375843,
            0.0
        ],
        [
            0.24492557987734265,
            -0.5095726648848563,
            -0.8248315946445635,
            0.0
        ],
        [
            0.8543649844262744,
            -0.2887400950936323,
            0.4320759549796911,
            9.021000862121582
        ],
        [
            0.0,
            0.0,
            0.0,
            1.0
        ]
    ],
    "intrinsic_matrix_camera": [
        [
            1.3888888888888888,
            0.0,
            -0.5
        ],
        [
            0.0,
            -1.3888888888888888,
            -0.5
        ],
        [
            0.0,
            0.0,
            -1.0
        ]
    ],
    "extrinsic_matrix_camera": [
        [
            0.11627639815175653,
            0.016303485095147723,
            -0.9930830758836876,
            -11.382735252380371
        ],
        [
            -0.9932168943553334,
            0.0019086728260342624,
            -0.11626073169901008,
            -1.9318369626998901
        ],
        [
            1.557452789479308e-08,
            0.9998652675944869,
            0.016414830434832457,
            9.927069664001465
        ],
        [
            0.0,
            0.0,
            0.0,
            1.0
        ]
    ]
}