{
    "matrix_probe_in_cam_coord": [
        [
            -0.40130027562091486,
            -0.9080434332635262,
            -0.12006336699245843,
            -1.1907934447732562
        ],
        [
            0.4779305189419835,
            -0.31940926499634675,
            0.818266546119503,
            -1.0376725145965011
        ],
        [
            -0.7813709156670886,
            0.2709886431965031,
            0.5621606953604051,
            -9.936520006338526
        ],
        [
            0.0,
            0.0,
            0.0,
            1.0
        ]
    ],
    "matrix_probe_in_world_coord": [
        [
            -0.10960731153406547,
            -0.9798363199047657,
            -0.16705395372082651,
            0.0
        ],
        [
            0.9874960384254196,
            -0.08818588612618271,
            -0.13067066840818758,
            0.0
        ],
        [
            0.11330406591282108,
            -0.17928757816320035,
            0.9772503021048383,
            12.073906898498535
        ],
        [
            0.0,
            0.0,
            0.0,
            1.0
        ]
    ],
    "intrinsic_matrix_camera": [
        [
            1.3888888888888888,
            0.0,
            -0.5
        ],
        [
            0.0,
            -1.3888888888888888,
            -0.5
        ],
        [
            0.0,
            0.0,
            -1.0
        ]
    ],
    "extrinsic_matrix_camera": [
        [
            0.9537764404444348,
            0.12388945774944685,
            -0.2737917162948713,
            -1.4562294483184814
        ],
        [
            -0.300517057175035,
            0.39319844665093445,
            -0.8689559712080634,
            -8.584240913391113
        ],
        [
            -6.5280741650057655e-09,
            0.9110688139816004,
            0.41225431009288394,
            17.115671157836914
        ],
        [
            0.0,
            0.0,
            0.0,
            1.0
        ]
    ]
}