{
    "matrix_probe_in_cam_coord": [
        [
            0.136392400566066,
            -0.6805383239964619,
            0.7199060373687057,
            -0.7913614319847109
        ],
        [
            0.6639726759679465,
            -0.47651841154114377,
            -0.5762555761381131,
            -2.020303412737029
        ],
        [
            0.7352124853644622,
            0.5565948194462389,
            0.3868653620186471,
            -12.693351486400303
        ],
        [
            0.0,
            0.0,
            0.0,
            1.0
        ]
    ],
    "matrix_probe_in_world_coord": [
        [
            0.5655731939209712,
            -0.8014631417384793,
            -0.1943805410855663,
            0.0
        ],
        [
            0.15593371602269238,
            0.33537299407792864,
            -0.9290907550129642,
            0.0
        ],
        [
            0.8098219795272203,
            0.49515834566115485,
            0.314653101361996,
            18.348403930664062
        ],
        [
            0.0,
            0.0,
            0.0,
            1.0
        ]
    ],
    "intrinsic_matrix_camera": [
        [
            1.3888888888888888,
            0.0,
            -0.5
        ],
        [
            0.0,
            -1.3888888888888888,
            -0.5
        ],
        [
            0.0,
            0.0,
            -1.0
        ]
    ],
    "extrinsic_matrix_camera": [
        [
            0.4826305437638473,
            0.8694499609267421,
            -0.10547285750703828,
            0.7996838688850403
        ],
        [
            -0.8758240452432288,
            0.4791180486039912,
            -0.05812174529115943,
            -0.46288928389549255
        ],
        [
            4.970663825398557e-10,
            0.120426994259553,
            0.992722186240244,
            31.19267463684082
        ],
        [
            0.0,
            0.0,
            0.0,
            1.0
        ]
    ]
}