{
    "matrix_probe_in_cam_coord": [
        [
            0.23748860911217592,
            -0.9707124418549666,
            0.03628382242723728,
            0.8473414026512074
        ],
        [
            0.45822953028745395,
            0.14488660680836382,
            0.8769455905243481,
            1.781239253791918
        ],
        [
            -0.8565190354653552,
            -0.1916382696528167,
            0.47921802500529004,
            -13.939964796467212
        ],
        [
            0.0,
            0.0,
            0.0,
            1.0
        ]
    ],
    "matrix_probe_in_world_coord": [
        [
            -0.8133854677944716,
            0.5817056850162591,
            0.004751505080802483,
            0.0
        ],
        [
            -0.5803887909131997,
            -0.8120432572046261,
            0.06111137218894008,
            0.0
        ],
        [
            0.03940726028389014,
            0.046949381766598214,
            0.9981196438246527,
            3.572894334793091
        ],
        [
            0.0,
            0.0,
            0.0,
            1.0
        ]
    ],
    "intrinsic_matrix_camera": [
        [
            1.3888888888888888,
            0.0,
            -0.5
        ],
        [
            0.0,
            -1.3888888888888888,
            -0.5
        ],
        [
            0.0,
            0.0,
            -1.0
        ]
    ],
    "extrinsic_matrix_camera": [
        [
            -0.7576663265950011,
            -0.2842690665579975,
            0.5874800722937605,
            9.337804794311523
        ],
        [
            0.652642120571479,
            -0.3300141267902656,
            0.6820182831675571,
            9.542134284973145
        ],
        [
            2.2333178031037546e-08,
            0.9001565274534776,
            0.4355665575809237,
            8.041282653808594
        ],
        [
            0.0,
            0.0,
            0.0,
            1.0
        ]
    ]
}