{
    "matrix_probe_in_cam_coord": [
        [
            0.9688931431482297,
            -0.2068690902658697,
            -0.13583540279660525,
            -1.5847871417257018
        ],
        [
            0.1299140858181411,
            -0.0420093049656903,
            0.9906349219578002,
            -1.1832500428129578
        ],
        [
            -0.2106380959522308,
            -0.9774663154241541,
            -0.013827318783759226,
            -9.46842714590696
        ],
        [
            0.0,
            0.0,
            0.0,
            1.0
        ]
    ],
    "matrix_probe_in_world_coord": [
        [
            0.9944414774684653,
            0.05543548884901607,
            -0.089515666039006,
            0.0
        ],
        [
            -0.03791252701594185,
            0.9816740710358056,
            0.18675828910989264,
            0.0
        ],
        [
            0.09822824535540538,
            -0.18232642384487058,
            0.9783191130619597,
            8.527836799621582
        ],
        [
            0.0,
            0.0,
            0.0,
            1.0
        ]
    ],
    "intrinsic_matrix_camera": [
        [
            1.3888888888888888,
            0.0,
            -0.5
        ],
        [
            0.0,
            -1.3888888888888888,
            -0.5
        ],
        [
            0.0,
            0.0,
            -1.0
        ]
    ],
    "extrinsic_matrix_camera": [
        [
            0.9641990361877656,
            0.03818580424742555,
            -0.26241582072840336,
            -0.9114314913749695
        ],
        [
            -0.2651795969047849,
            0.1388444664419652,
            -0.954149881058454,
            -9.290264129638672
        ],
        [
            4.0341630473504435e-09,
            0.9895777172574287,
            0.14399979690116468,
            11.062206268310547
        ],
        [
            0.0,
            0.0,
            0.0,
            1.0
        ]
    ]
}