{
    "matrix_probe_in_cam_coord": [
        [
            -0.8376214874947385,
            -0.5460229942148005,
            -0.015783962614172142,
            -2.185266706384014
        ],
        [
            0.5160848324336311,
            -0.8005035352093749,
            0.30471385897140263,
            -1.8872993568479297
        ],
        [
            -0.17901589152656913,
            0.2470890121110147,
            0.952313147381128,
            -13.944046107098142
        ],
        [
            0.0,
            0.0,
            0.0,
            1.0
        ]
    ],
    "matrix_probe_in_world_coord": [
        [
            -0.2584724653314753,
            0.9619342920065671,
            0.08873783030530975,
            0.0
        ],
        [
            -0.9653845409566286,
            -0.2605384287629336,
            0.012345655904051352,
            0.0
        ],
        [
            0.034995324650997556,
            -0.08247511745712441,
            0.9959785049151435,
            4.329525470733643
        ],
        [
            0.0,
            0.0,
            0.0,
            1.0
        ]
    ],
    "intrinsic_matrix_camera": [
        [
            1.3888888888888888,
            0.0,
            -0.5
        ],
        [
            0.0,
            -1.3888888888888888,
            -0.5
        ],
        [
            0.0,
            0.0,
            -1.0
        ]
    ],
    "extrinsic_matrix_camera": [
        [
            -0.31013678606793904,
            -0.8763858736406056,
            0.3684602752138172,
            2.8060929775238037
        ],
        [
            0.9506919448104361,
            -0.2858964933189389,
            0.12019992171580092,
            3.2140164375305176
        ],
        [
            -1.2793473082406844e-08,
            0.3875706330349688,
            0.9218400102018103,
            17.9151668548584
        ],
        [
            0.0,
            0.0,
            0.0,
            1.0
        ]
    ]
}