{
    "matrix_probe_in_cam_coord": [
        [
            -0.032965729915973734,
            0.7455787801524522,
            0.6656016400501796,
            -1.2598684781230984
        ],
        [
            0.9071037727512529,
            -0.25728014581731284,
            0.3331211071497357,
            -0.9664327277060325
        ],
        [
            0.41961411572008694,
            0.6147513392865476,
            -0.6678358965598101,
            -13.36436128670979
        ],
        [
            0.0,
            0.0,
            0.0,
            1.0
        ]
    ],
    "matrix_probe_in_world_coord": [
        [
            0.11784406383662945,
            -0.7883794176173904,
            -0.6037968785077749,
            0.0
        ],
        [
            -0.743102504765506,
            0.33332318263704774,
            -0.5802536715333564,
            0.0
        ],
        [
            0.6587195488443465,
            0.517062423498337,
            -0.546566561524145,
            11.50009536743164
        ],
        [
            0.0,
            0.0,
            0.0,
            1.0
        ]
    ],
    "intrinsic_matrix_camera": [
        [
            1.3888888888888888,
            0.0,
            -0.5
        ],
        [
            0.0,
            -1.3888888888888888,
            -0.5
        ],
        [
            0.0,
            0.0,
            -1.0
        ]
    ],
    "extrinsic_matrix_camera": [
        [
            -0.9935719726570674,
            0.10859368176445199,
            -0.03197104050831577,
            -1.5740940570831299
        ],
        [
            -0.11320218703869392,
            -0.9531232681357374,
            0.2806088034754207,
            2.686408042907715
        ],
        [
            4.899275206279754e-10,
            0.28242423412145723,
            0.9592896079812957,
            24.593332290649414
        ],
        [
            0.0,
            0.0,
            0.0,
            1.0
        ]
    ]
}