{
    "matrix_probe_in_cam_coord": [
        [
            0.6089645300199531,
            -0.7786545871020836,
            -0.15119270869477008,
            0.32431058099697585
        ],
        [
            0.3027038701641777,
            0.40432082811172176,
            -0.8630730183146038,
            -0.2560312650376231
        ],
        [
            0.7331661258986306,
            0.4798142369083431,
            0.48191880010522337,
            -12.879031451748654
        ],
        [
            0.0,
            0.0,
            0.0,
            1.0
        ]
    ],
    "matrix_probe_in_world_coord": [
        [
            0.6073299900472706,
            -0.7639693408775277,
            -0.21794753815617682,
            0.0
        ],
        [
            -0.04469494432144823,
            0.2410463824836161,
            -0.9694838850871451,
            0.0
        ],
        [
            0.7931914303251674,
            0.5985377913638521,
            0.11224912992089055,
            13.669479370117188
        ],
        [
            0.0,
            0.0,
            0.0,
            1.0
        ]
    ],
    "intrinsic_matrix_camera": [
        [
            1.3888888888888888,
            0.0,
            -0.5
        ],
        [
            0.0,
            -1.3888888888888888,
            -0.5
        ],
        [
            0.0,
            0.0,
            -1.0
        ]
    ],
    "extrinsic_matrix_camera": [
        [
            0.9976627322829902,
            0.06305706148920087,
            -0.026322606443621624,
            -0.6464176774024963
        ],
        [
            -0.06833061256595503,
            0.9206661232657664,
            -0.38432384372706546,
            -4.691839218139648
        ],
        [
            -2.1696399351108273e-10,
            0.3852242158368703,
            0.9228230076958789,
            25.653175354003906
        ],
        [
            0.0,
            0.0,
            0.0,
            1.0
        ]
    ]
}