{
    "matrix_probe_in_cam_coord": [
        [
            0.05486616180872253,
            -0.5594847748902441,
            0.82702266653,
            0.2983662068634377
        ],
        [
            0.026102249820790766,
            -0.8271835390512354,
            -0.5613252758222864,
            1.2970853607326198
        ],
        [
            0.9981524817595112,
            0.05238491565981398,
            -0.030780574533982755,
            -12.587633947384191
        ],
        [
            0.0,
            0.0,
            0.0,
            1.0
        ]
    ],
    "matrix_probe_in_world_coord": [
        [
            -0.10062180086907202,
            0.0592798690969687,
            -0.9931571629453775,
            0.0
        ],
        [
            0.06207975651718161,
            0.9966523883815659,
            0.053198877470185424,
            0.0
        ],
        [
            0.9929860809803087,
            -0.05630198800368074,
            -0.1039650379993251,
            9.105986595153809
        ],
        [
            0.0,
            0.0,
            0.0,
            1.0
        ]
    ],
    "intrinsic_matrix_camera": [
        [
            1.3888888888888888,
            0.0,
            -0.5
        ],
        [
            0.0,
            -1.3888888888888888,
            -0.5
        ],
        [
            0.0,
            0.0,
            -1.0
        ]
    ],
    "extrinsic_matrix_camera": [
        [
            -0.8600504014076643,
            0.5058224311273667,
            -0.066760581235607,
            -1.2398426532745361
        ],
        [
            -0.5102090816895714,
            -0.8526559030812929,
            0.11253712232907634,
            2.6747727394104004
        ],
        [
            -2.8751072380588926e-09,
            0.13084945207766657,
            0.9914022497911607,
            21.415672302246094
        ],
        [
            0.0,
            0.0,
            0.0,
            1.0
        ]
    ]
}