{
    "matrix_probe_in_cam_coord": [
        [
            -0.8566907135288068,
            0.5137625851073682,
            -0.0461413859490338,
            1.12456619216362
        ],
        [
            -0.33172034334563916,
            -0.48021112547591654,
            0.8120091679161044,
            -0.38356488021813995
        ],
        [
            0.39502232236185675,
            0.7109467498434379,
            0.5818179128583938,
            -9.908451562868912
        ],
        [
            0.0,
            0.0,
            0.0,
            1.0
        ]
    ],
    "matrix_probe_in_world_coord": [
        [
            0.9997568636779705,
            0.011512624403381312,
            0.018806196003839662,
            0.0
        ],
        [
            -0.010415140369458738,
            0.9982941728679702,
            -0.05744797010286858,
            0.0
        ],
        [
            -0.01943549278697704,
            0.057238133243514164,
            0.9981713568936574,
            15.719560623168945
        ],
        [
            0.0,
            0.0,
            0.0,
            1.0
        ]
    ],
    "intrinsic_matrix_camera": [
        [
            1.3888888888888888,
            0.0,
            -0.5
        ],
        [
            0.0,
            -1.3888888888888888,
            -0.5
        ],
        [
            0.0,
            0.0,
            -1.0
        ]
    ],
    "extrinsic_matrix_camera": [
        [
            -0.8514354091727979,
            -0.32189737683460007,
            0.41405292269679017,
            4.936650276184082
        ],
        [
            0.5244594779453896,
            -0.522585332771327,
            0.6721955265884557,
            5.870182037353516
        ],
        [
            7.663666012593475e-09,
            0.7894850529042875,
            0.613769786842522,
            22.1038875579834
        ],
        [
            0.0,
            0.0,
            0.0,
            1.0
        ]
    ]
}