{
    "matrix_probe_in_cam_coord": [
        [
            -0.04167067543726248,
            0.8282986029823253,
            -0.558735160076874,
            1.1087950130152646
        ],
        [
            -0.8608035590830703,
            0.2541364200928735,
            0.4409443418984952,
            0.15254871597751407
        ],
        [
            0.50722853574944,
            0.4993356629361717,
            0.702412349152243,
            -11.289687118155571
        ],
        [
            0.0,
            0.0,
            0.0,
            1.0
        ]
    ],
    "matrix_probe_in_world_coord": [
        [
            0.5424267544158511,
            -0.3548859905756169,
            0.7614651336647325,
            0.0
        ],
        [
            0.5382218468204599,
            0.8427511221396538,
            0.00936961778982465,
            0.0
        ],
        [
            -0.6450507419568317,
            0.40475483916256916,
            0.6481381492208459,
            5.366699695587158
        ],
        [
            0.0,
            0.0,
            0.0,
            1.0
        ]
    ],
    "intrinsic_matrix_camera": [
        [
            1.3888888888888888,
            0.0,
            -0.5
        ],
        [
            0.0,
            -1.3888888888888888,
            -0.5
        ],
        [
            0.0,
            0.0,
            -1.0
        ]
    ],
    "extrinsic_matrix_camera": [
        [
            -0.7420122027946556,
            -0.22134859368659865,
            0.6327896103578092,
            8.000502586364746
        ],
        [
            0.6703863743423064,
            -0.24499804815931683,
            0.7003985047773176,
            7.201333045959473
        ],
        [
            -4.619497796197666e-09,
            0.9439177699731531,
            0.330180622582413,
            8.950342178344727
        ],
        [
            0.0,
            0.0,
            0.0,
            1.0
        ]
    ]
}