{
    "matrix_probe_in_cam_coord": [
        [
            -0.40779531587718904,
            -0.904115496203009,
            -0.1275858529548232,
            0.8197196040146514
        ],
        [
            0.8137401877464289,
            -0.42324707376554144,
            0.3983576551232725,
            0.7618337402615598
        ],
        [
            -0.4141616679450543,
            0.058626649865845114,
            0.9083132877650077,
            -11.205906235683013
        ],
        [
            0.0,
            0.0,
            0.0,
            1.0
        ]
    ],
    "matrix_probe_in_world_coord": [
        [
            0.7705413359148013,
            -0.6301966139156453,
            -0.09548967198544563,
            0.0
        ],
        [
            0.6373603184980079,
            0.7632561920288011,
            0.1058858334897144,
            0.0
        ],
        [
            0.006154189690836665,
            -0.1424507393415307,
            0.9897827604127586,
            16.117969512939453
        ],
        [
            0.0,
            0.0,
            0.0,
            1.0
        ]
    ],
    "intrinsic_matrix_camera": [
        [
            1.3888888888888888,
            0.0,
            -0.5
        ],
        [
            0.0,
            -1.3888888888888888,
            -0.5
        ],
        [
            0.0,
            0.0,
            -1.0
        ]
    ],
    "extrinsic_matrix_camera": [
        [
            0.26773050806863163,
            0.8557102822698324,
            -0.44280953904246073,
            -5.8334550857543945
        ],
        [
            -0.9634938375772378,
            0.23778018776680854,
            -0.12304554951833471,
            -0.7701910734176636
        ],
        [
            -6.5719305620806985e-09,
            0.4595873095759559,
            0.8881325941979242,
            25.720170974731445
        ],
        [
            0.0,
            0.0,
            0.0,
            1.0
        ]
    ]
}