{
    "matrix_probe_in_cam_coord": [
        [
            0.913670224889147,
            -0.39637552460765557,
            0.08996201222194732,
            0.6429919370545953
        ],
        [
            0.27671031678636754,
            0.7687100949920029,
            0.5766421684557712,
            0.13701074181493977
        ],
        [
            -0.2977215489933573,
            -0.5019673628328756,
            0.8120287223464477,
            -11.039404163794552
        ],
        [
            0.0,
            0.0,
            0.0,
            1.0
        ]
    ],
    "matrix_probe_in_world_coord": [
        [
            -0.524417506563727,
            0.8158628421586039,
            -0.2436269722226345,
            0.0
        ],
        [
            -0.850476305451919,
            -0.48815241530190423,
            0.19595222198222567,
            0.0
        ],
        [
            0.04094304183054332,
            0.30995974290188416,
            0.9498676882102371,
            4.025571823120117
        ],
        [
            0.0,
            0.0,
            0.0,
            1.0
        ]
    ],
    "intrinsic_matrix_camera": [
        [
            1.3888888888888888,
            0.0,
            -0.5
        ],
        [
            0.0,
            -1.3888888888888888,
            -0.5
        ],
        [
            0.0,
            0.0,
            -1.0
        ]
    ],
    "extrinsic_matrix_camera": [
        [
            -0.8244498958790841,
            0.34156468296984605,
            -0.4512382259213815,
            -4.498084545135498
        ],
        [
            -0.5659349513724763,
            -0.4975889432406452,
            0.6573605360680628,
            7.688935279846191
        ],
        [
            -8.887027836577297e-09,
            0.7973323089605528,
            0.6035405446924286,
            10.579056739807129
        ],
        [
            0.0,
            0.0,
            0.0,
            1.0
        ]
    ]
}