{
    "matrix_probe_in_cam_coord": [
        [
            -0.6673182012332157,
            -0.7241166594434698,
            -0.17418806451446459,
            -0.8834145271432743
        ],
        [
            0.45599193224628026,
            -0.5821583544355811,
            0.6731738319982142,
            -0.7439908092413265
        ],
        [
            -0.588861423451366,
            0.369792798574129,
            0.7186762206261903,
            -14.62687859679833
        ],
        [
            0.0,
            0.0,
            0.0,
            1.0
        ]
    ],
    "matrix_probe_in_world_coord": [
        [
            0.8750162589187462,
            0.4473058376719169,
            0.18510546780812984,
            0.0
        ],
        [
            -0.45525928967167034,
            0.8903587517121221,
            0.0005219360861769978,
            0.0
        ],
        [
            -0.16457680819449627,
            -0.0847276863501927,
            0.9827185219432142,
            8.685362815856934
        ],
        [
            0.0,
            0.0,
            0.0,
            1.0
        ]
    ],
    "intrinsic_matrix_camera": [
        [
            1.3888888888888888,
            0.0,
            -0.5
        ],
        [
            0.0,
            -1.3888888888888888,
            -0.5
        ],
        [
            0.0,
            0.0,
            -1.0
        ]
    ],
    "extrinsic_matrix_camera": [
        [
            -0.9400590480445697,
            0.26320568135097916,
            -0.21682194421714912,
            -3.80606746673584
        ],
        [
            -0.34101170975428047,
            -0.7255729952093112,
            0.5977079909399333,
            7.9015278816223145
        ],
        [
            -8.488473021177382e-09,
            0.6358196268813633,
            0.7718376785778499,
            20.447982788085938
        ],
        [
            0.0,
            0.0,
            0.0,
            1.0
        ]
    ]
}