{
    "matrix_probe_in_cam_coord": [
        [
            -0.8360399675903886,
            0.5398021761591131,
            -0.09823839985131758,
            0.7600822996316914
        ],
        [
            0.2646226733524612,
            0.5535536445466918,
            0.7896538503400533,
            6.77909770396834e-06
        ],
        [
            0.48063709109811537,
            0.6341860714514,
            -0.6056368659830584,
            -15.150892388456933
        ],
        [
            0.0,
            0.0,
            0.0,
            1.0
        ]
    ],
    "matrix_probe_in_world_coord": [
        [
            0.7256462036130248,
            -0.13435468989229707,
            0.6748232394382612,
            0.0
        ],
        [
            0.44271726928446,
            -0.6596093646145847,
            -0.6073853024152417,
            0.0
        ],
        [
            0.5267247921441661,
            0.7395027406417696,
            -0.4191618898754948,
            4.4291605949401855
        ],
        [
            0.0,
            0.0,
            0.0,
            1.0
        ]
    ],
    "intrinsic_matrix_camera": [
        [
            1.3888888888888888,
            0.0,
            -0.5
        ],
        [
            0.0,
            -1.3888888888888888,
            -0.5
        ],
        [
            0.0,
            0.0,
            -1.0
        ]
    ],
    "extrinsic_matrix_camera": [
        [
            -0.7454877377566643,
            0.6505266793776923,
            -0.14513122431883557,
            -1.6322399377822876
        ],
        [
            -0.6665193416956863,
            -0.7276002831143291,
            0.16232619984924546,
            2.966001272201538
        ],
        [
            3.860815333222732e-09,
            0.21774495959672946,
            0.9760057031443099,
            19.216516494750977
        ],
        [
            0.0,
            0.0,
            0.0,
            1.0
        ]
    ]
}