{
    "matrix_probe_in_cam_coord": [
        [
            -0.010433997386133693,
            0.6675654184816813,
            -0.7444780344280981,
            -1.3680862543834469
        ],
        [
            0.40688695811545095,
            0.6829287967806893,
            0.6066722853759151,
            -0.7569924625949511
        ],
        [
            0.9134189263498442,
            -0.29658838577236657,
            -0.27874933974960453,
            -11.415201323624576
        ],
        [
            0.0,
            0.0,
            0.0,
            1.0
        ]
    ],
    "matrix_probe_in_world_coord": [
        [
            0.5845224619751257,
            -0.8058140445889707,
            0.0948536609188192,
            0.0
        ],
        [
            0.44224362598205985,
            0.21839816351912983,
            -0.8698981649881274,
            0.0
        ],
        [
            0.6802602933618703,
            0.5504234440089156,
            0.4840247571773435,
            11.557435989379883
        ],
        [
            0.0,
            0.0,
            0.0,
            1.0
        ]
    ],
    "intrinsic_matrix_camera": [
        [
            1.3888888888888888,
            0.0,
            -0.5
        ],
        [
            0.0,
            -1.3888888888888888,
            -0.5
        ],
        [
            0.0,
            0.0,
            -1.0
        ]
    ],
    "extrinsic_matrix_camera": [
        [
            -0.6146489627739888,
            -0.254933962151021,
            0.7464685710080775,
            7.487213134765625
        ],
        [
            0.7888007686107176,
            -0.19864954904464288,
            0.5816628783956397,
            7.568570137023926
        ],
        [
            2.2781185596567495e-08,
            0.9463334674449284,
            0.32319184456551137,
            15.963103294372559
        ],
        [
            0.0,
            0.0,
            0.0,
            1.0
        ]
    ]
}