{
    "matrix_probe_in_cam_coord": [
        [
            -0.8538996577397586,
            -0.5072447146355912,
            -0.11643957225179338,
            -0.5128178594284628
        ],
        [
            -0.4934836523229246,
            0.8602187093095519,
            -0.12844320551837463,
            -0.615454189637056
        ],
        [
            0.16531563568504268,
            -0.052216583841403534,
            -0.9848574358606347,
            -9.333926283044498
        ],
        [
            0.0,
            0.0,
            0.0,
            1.0
        ]
    ],
    "matrix_probe_in_world_coord": [
        [
            0.715892582715767,
            0.5149873298851189,
            0.47147201409027933,
            0.0
        ],
        [
            0.5079070613720573,
            0.0792312754121777,
            -0.8577603523158207,
            0.0
        ],
        [
            -0.4790910425179643,
            0.8535282391663181,
            -0.2048446189791048,
            11.088600158691406
        ],
        [
            0.0,
            0.0,
            0.0,
            1.0
        ]
    ],
    "intrinsic_matrix_camera": [
        [
            1.3888888888888888,
            0.0,
            -0.5
        ],
        [
            0.0,
            -1.3888888888888888,
            -0.5
        ],
        [
            0.0,
            0.0,
            -1.0
        ]
    ],
    "extrinsic_matrix_camera": [
        [
            -0.9274230321973111,
            0.029163073033121392,
            -0.37287536057134435,
            -3.9380416870117188
        ],
        [
            -0.3740140630376686,
            -0.07231411699645911,
            0.9245994533488959,
            8.39383602142334
        ],
        [
            8.93494489667455e-09,
            0.9969554572067336,
            0.07797317709130924,
            12.429976463317871
        ],
        [
            0.0,
            0.0,
            0.0,
            1.0
        ]
    ]
}