{
    "matrix_probe_in_cam_coord": [
        [
            0.19542133044435558,
            -0.9464553387951629,
            0.2569684713607724,
            -1.2151916856843743
        ],
        [
            -0.23630355991429036,
            -0.29974218929963725,
            -0.924291754548148,
            -0.327320481717317
        ],
        [
            0.9518251578831017,
            0.11990375982426293,
            -0.28222678328042167,
            -9.82392724121775
        ],
        [
            0.0,
            0.0,
            0.0,
            1.0
        ]
    ],
    "matrix_probe_in_world_coord": [
        [
            -0.9538588516288107,
            -0.1774454465701706,
            0.24221148746679894,
            0.0
        ],
        [
            -0.237409422780378,
            0.939587580626635,
            -0.24660077921059848,
            0.0
        ],
        [
            -0.18382072011733144,
            -0.2927256254988609,
            -0.9383611517064453,
            12.289857864379883
        ],
        [
            0.0,
            0.0,
            0.0,
            1.0
        ]
    ],
    "intrinsic_matrix_camera": [
        [
            1.3888888888888888,
            0.0,
            -0.5
        ],
        [
            0.0,
            -1.3888888888888888,
            -0.5
        ],
        [
            0.0,
            0.0,
            -1.0
        ]
    ],
    "extrinsic_matrix_camera": [
        [
            0.043780540090164605,
            0.05471404820943529,
            -0.9975417972385663,
            -9.728667259216309
        ],
        [
            -0.9990411724795997,
            0.0023977201939276833,
            -0.04371483304850033,
            -1.642693042755127
        ],
        [
            1.0628642751466384e-08,
            0.9984991857114391,
            0.05476656035933481,
            13.154709815979004
        ],
        [
            0.0,
            0.0,
            0.0,
            1.0
        ]
    ]
}