{
    "matrix_probe_in_cam_coord": [
        [
            -0.4038594121205308,
            -0.9068767556436623,
            0.12030014677831524,
            1.3792672663141436
        ],
        [
            0.5687330307128164,
            -0.35189449219465513,
            -0.7434467069933665,
            0.08127504161714949
        ],
        [
            0.7165474966936064,
            -0.23182928295685756,
            0.6578866684664125,
            -12.976684572304176
        ],
        [
            0.0,
            0.0,
            0.0,
            1.0
        ]
    ],
    "matrix_probe_in_world_coord": [
        [
            -0.4393462571679282,
            -0.8536390558404292,
            0.2797771053113416,
            0.0
        ],
        [
            0.16939911744553396,
            -0.3845865108493217,
            -0.9074123399433243,
            0.0
        ],
        [
            0.8822011138743858,
            -0.35127422054088364,
            0.31357234677532986,
            7.6247334480285645
        ],
        [
            0.0,
            0.0,
            0.0,
            1.0
        ]
    ],
    "intrinsic_matrix_camera": [
        [
            1.3888888888888888,
            0.0,
            -0.5
        ],
        [
            0.0,
            -1.3888888888888888,
            -0.5
        ],
        [
            0.0,
            0.0,
            -1.0
        ]
    ],
    "extrinsic_matrix_camera": [
        [
            0.9852367654226493,
            -0.15747921393480874,
            0.06714769719052639,
            -0.47475120425224304
        ],
        [
            0.17119730155442253,
            0.9062894644211207,
            -0.38643355265784374,
            -5.324411869049072
        ],
        [
            1.5866789971648474e-09,
            0.3922240480360085,
            0.9198697169394409,
            19.529714584350586
        ],
        [
            0.0,
            0.0,
            0.0,
            1.0
        ]
    ]
}