{
    "matrix_probe_in_cam_coord": [
        [
            -0.11265681947087537,
            0.8132009342565993,
            -0.5709752022206397,
            -1.760149645565018
        ],
        [
            -0.9911854492517094,
            -0.13228821466284515,
            0.007157754746003351,
            -0.39486765673298496
        ],
        [
            -0.06971259727189581,
            0.5667486822088876,
            0.8209361028704337,
            -11.112039870452373
        ],
        [
            0.0,
            0.0,
            0.0,
            1.0
        ]
    ],
    "matrix_probe_in_world_coord": [
        [
            0.7362416905190847,
            0.042614432673010814,
            0.6753755868178518,
            0.0
        ],
        [
            0.22954154070605456,
            0.923121857178547,
            -0.3084748253740018,
            0.0
        ],
        [
            -0.6365994456735655,
            0.38213877966935994,
            0.6698590141521732,
            10.51407241821289
        ],
        [
            0.0,
            0.0,
            0.0,
            1.0
        ]
    ],
    "intrinsic_matrix_camera": [
        [
            1.3888888888888888,
            0.0,
            -0.5
        ],
        [
            0.0,
            -1.3888888888888888,
            -0.5
        ],
        [
            0.0,
            0.0,
            -1.0
        ]
    ],
    "extrinsic_matrix_camera": [
        [
            -0.43391126301143945,
            -0.7305552651802993,
            0.5272665553106513,
            4.806785583496094
        ],
        [
            0.9009556125757903,
            -0.3518443646944035,
            0.2539380381135803,
            4.2686543464660645
        ],
        [
            -4.595548950453484e-09,
            0.5852303371751452,
            0.8108670991289916,
            19.75554847717285
        ],
        [
            0.0,
            0.0,
            0.0,
            1.0
        ]
    ]
}