{
    "matrix_probe_in_cam_coord": [
        [
            -0.7664810506299613,
            0.3508926097345993,
            0.5379416097113453,
            -0.32005608183010853
        ],
        [
            0.5199335601887398,
            -0.15272473017839636,
            0.840442889065877,
            -1.0980748034022878
        ],
        [
            0.3770621858721094,
            0.9238774449165748,
            -0.06538023217891367,
            -9.711189396750617
        ],
        [
            0.0,
            0.0,
            0.0,
            1.0
        ]
    ],
    "matrix_probe_in_world_coord": [
        [
            0.5624895299390111,
            -0.6481845585037701,
            -0.513285794491006,
            0.0
        ],
        [
            0.6772504265791126,
            0.7173178443868795,
            -0.16366725336050145,
            0.0
        ],
        [
            0.4742756460196966,
            -0.255561906866875,
            0.8424670458547125,
            3.843249559402466
        ],
        [
            0.0,
            0.0,
            0.0,
            1.0
        ]
    ],
    "intrinsic_matrix_camera": [
        [
            1.3888888888888888,
            0.0,
            -0.5
        ],
        [
            0.0,
            -1.3888888888888888,
            -0.5
        ],
        [
            0.0,
            0.0,
            -1.0
        ]
    ],
    "extrinsic_matrix_camera": [
        [
            -0.9346985237295214,
            -0.0399364003651231,
            -0.35319081763790205,
            -3.77291202545166
        ],
        [
            -0.3554415138076209,
            0.10502007193470893,
            0.9287799065187484,
            9.021116256713867
        ],
        [
            -1.1228032111405356e-09,
            0.9936678863768845,
            -0.11235716080114716,
            3.843249559402466
        ],
        [
            0.0,
            0.0,
            0.0,
            1.0
        ]
    ]
}