{
    "matrix_probe_in_cam_coord": [
        [
            -0.7241989521733078,
            0.6895859565006649,
            0.002662004535373666,
            -0.23772375468679374
        ],
        [
            -0.4198380997999861,
            -0.4439672087082244,
            0.791599069951554,
            0.9343285120859646
        ],
        [
            0.5470574445407174,
            0.5721576060744898,
            0.6110350449717994,
            -14.3191468084958
        ],
        [
            0.0,
            0.0,
            0.0,
            1.0
        ]
    ],
    "matrix_probe_in_world_coord": [
        [
            0.9998378833226552,
            0.015529795112174796,
            0.009112219084627763,
            0.0
        ],
        [
            -0.015648233449684,
            0.999792084004667,
            0.013073696933501246,
            0.0
        ],
        [
            -0.008907292673791147,
            -0.013214167600674696,
            0.9998730148933137,
            6.52236795425415
        ],
        [
            0.0,
            0.0,
            0.0,
            1.0
        ]
    ],
    "intrinsic_matrix_camera": [
        [
            1.3888888888888888,
            0.0,
            -0.5
        ],
        [
            0.0,
            -1.3888888888888888,
            -0.5
        ],
        [
            0.0,
            0.0,
            -1.0
        ]
    ],
    "extrinsic_matrix_camera": [
        [
            -0.7133481620602258,
            -0.4194515326774005,
            0.5614221329978694,
            8.261411666870117
        ],
        [
            0.7008098170583068,
            -0.42695604989400054,
            0.5714666497474845,
            8.748431205749512
        ],
        [
            1.4117232955871555e-08,
            0.801104826594804,
            0.5985240653528549,
            14.344226837158203
        ],
        [
            0.0,
            0.0,
            0.0,
            1.0
        ]
    ]
}