{
    "matrix_probe_in_cam_coord": [
        [
            0.804616574842248,
            -0.47180772917142255,
            -0.36054075245835215,
            0.18144867402368167
        ],
        [
            0.4215288352299927,
            0.8814913148470658,
            -0.2128062567661875,
            0.856862611997613
        ],
        [
            0.41821717869878894,
            0.019249117987495467,
            0.9081430850355734,
            -12.438356886818594
        ],
        [
            0.0,
            0.0,
            0.0,
            1.0
        ]
    ],
    "matrix_probe_in_world_coord": [
        [
            0.0392166791075267,
            -0.971708197151692,
            0.23290605760259953,
            0.0
        ],
        [
            0.8630399365626126,
            -0.08453607497545365,
            -0.4980117668547057,
            0.0
        ],
        [
            0.5036110800784456,
            0.22053759683090912,
            0.8353077567018449,
            14.55653190612793
        ],
        [
            0.0,
            0.0,
            0.0,
            1.0
        ]
    ],
    "intrinsic_matrix_camera": [
        [
            1.3888888888888888,
            0.0,
            -0.5
        ],
        [
            0.0,
            -1.3888888888888888,
            -0.5
        ],
        [
            0.0,
            0.0,
            -1.0
        ]
    ],
    "extrinsic_matrix_camera": [
        [
            0.4060417026754328,
            -0.8895852415857121,
            0.20920858883259386,
            3.290787696838379
        ],
        [
            0.9138545484312233,
            0.3952584232639474,
            -0.0929550598432538,
            -1.6607080698013306
        ],
        [
            -7.58797125366087e-09,
            0.22892985124659507,
            0.9734429224192919,
            26.468400955200195
        ],
        [
            0.0,
            0.0,
            0.0,
            1.0
        ]
    ]
}