{
    "matrix_probe_in_cam_coord": [
        [
            -0.27758388311268944,
            -0.8270320499330629,
            -0.4888406450159361,
            1.06985078623841
        ],
        [
            0.5494163093623237,
            -0.5540742778583,
            0.6254145933878479,
            -2.4338601041660213
        ],
        [
            -0.7880919406025952,
            -0.09497201166301089,
            0.6081869861793465,
            -11.046570364368431
        ],
        [
            0.0,
            0.0,
            0.0,
            1.0
        ]
    ],
    "matrix_probe_in_world_coord": [
        [
            0.3770865034138903,
            -0.9244118408097056,
            -0.05717094991250076,
            0.0
        ],
        [
            0.7396828624359624,
            0.26343371995302234,
            0.6192511107864515,
            0.0
        ],
        [
            -0.5573823032368606,
            -0.27579960798109215,
            0.7831088968182194,
            6.051952838897705
        ],
        [
            0.0,
            0.0,
            0.0,
            1.0
        ]
    ],
    "intrinsic_matrix_camera": [
        [
            1.3888888888888888,
            0.0,
            -0.5
        ],
        [
            0.0,
            -1.3888888888888888,
            -0.5
        ],
        [
            0.0,
            0.0,
            -1.0
        ]
    ],
    "extrinsic_matrix_camera": [
        [
            0.6877925678316338,
            0.6836147517631784,
            -0.24415620984798936,
            -1.7691015005111694
        ],
        [
            -0.7259072830848079,
            0.6477206618891108,
            -0.23133646605402422,
            -0.2024005949497223
        ],
        [
            1.0317835440463864e-09,
            0.3363462729594311,
            0.9417383844074212,
            17.27355194091797
        ],
        [
            0.0,
            0.0,
            0.0,
            1.0
        ]
    ]
}