{
    "matrix_probe_in_cam_coord": [
        [
            0.11570224927236492,
            -0.71675419023816,
            0.6876601052041298,
            -0.25787140524130775
        ],
        [
            0.21375169638906713,
            0.6940563088545932,
            0.6874562185549954,
            -0.18933936735609969
        ],
        [
            -0.9700119596191127,
            0.06744828326337958,
            0.23351130011353044,
            -12.905761208992416
        ],
        [
            0.0,
            0.0,
            0.0,
            1.0
        ]
    ],
    "matrix_probe_in_world_coord": [
        [
            0.29510417713620934,
            0.6497391507261973,
            -0.7005373370851551,
            0.0
        ],
        [
            -0.9457649265763328,
            0.3028503190564948,
            -0.11751760678912121,
            0.0
        ],
        [
            0.13580216601668768,
            0.6972235798228419,
            0.7038728943809363,
            4.529297828674316
        ],
        [
            0.0,
            0.0,
            0.0,
            1.0
        ]
    ],
    "intrinsic_matrix_camera": [
        [
            1.3888888888888888,
            0.0,
            -0.5
        ],
        [
            0.0,
            -1.3888888888888888,
            -0.5
        ],
        [
            0.0,
            0.0,
            -1.0
        ]
    ],
    "extrinsic_matrix_camera": [
        [
            -0.9132906206998543,
            0.03244582643656021,
            -0.4060141752310172,
            -5.469290256500244
        ],
        [
            -0.4073085343344459,
            -0.07275189243806812,
            0.9103883347259043,
            11.630446434020996
        ],
        [
            2.2936478571511885e-09,
            0.9968221659320824,
            0.0796590830129975,
            5.746096611022949
        ],
        [
            0.0,
            0.0,
            0.0,
            1.0
        ]
    ]
}