{
    "matrix_probe_in_cam_coord": [
        [
            -0.9888312323321355,
            0.101620894358535,
            -0.10902287738947995,
            -1.0891411784934693
        ],
        [
            -0.14613560516502636,
            -0.5173883048070294,
            0.8431807202207368,
            -1.2078538105785634
        ],
        [
            0.0292776171769773,
            0.8496955548187128,
            0.5264601459310652,
            -13.04841781879157
        ],
        [
            0.0,
            0.0,
            0.0,
            1.0
        ]
    ],
    "matrix_probe_in_world_coord": [
        [
            -0.98936200716357,
            -0.12743489213787043,
            -0.07016528377396843,
            0.0
        ],
        [
            0.11341194177435007,
            -0.9777272666260571,
            0.17659876431875382,
            0.0
        ],
        [
            -0.09110735559900536,
            0.16676252685105447,
            0.9817788495348675,
            5.365918159484863
        ],
        [
            0.0,
            0.0,
            0.0,
            1.0
        ]
    ],
    "intrinsic_matrix_camera": [
        [
            1.3888888888888888,
            0.0,
            -0.5
        ],
        [
            0.0,
            -1.3888888888888888,
            -0.5
        ],
        [
            0.0,
            0.0,
            -1.0
        ]
    ],
    "extrinsic_matrix_camera": [
        [
            0.9730116261845015,
            0.15135232395358575,
            -0.17418624900846946,
            -1.0302964448928833
        ],
        [
            -0.23075609484863385,
            0.6381958035875095,
            -0.7344778696281469,
            -9.064252853393555
        ],
        [
            6.991553749630327e-10,
            0.7548500449209378,
            0.6558974078946022,
            14.836090087890625
        ],
        [
            0.0,
            0.0,
            0.0,
            1.0
        ]
    ]
}