{
    "matrix_probe_in_cam_coord": [
        [
            0.91650875835233,
            -0.13590354156648585,
            -0.37622057792358615,
            2.2932594641409185
        ],
        [
            -0.014521674190851283,
            -0.9512011183957634,
            0.30822970872604766,
            0.6433906484817502
        ],
        [
            -0.39975094351629176,
            -0.2770318749753101,
            -0.87375770291626,
            -15.440467031245788
        ],
        [
            0.0,
            0.0,
            0.0,
            1.0
        ]
    ],
    "matrix_probe_in_world_coord": [
        [
            -0.12504766071927467,
            -0.009518420023036964,
            -0.9921050762035755,
            0.0
        ],
        [
            0.9827961898232956,
            -0.13817916899730673,
            -0.12254862922132745,
            0.0
        ],
        [
            -0.1359217856616437,
            -0.990361508205705,
            0.026633648775025047,
            14.954550743103027
        ],
        [
            0.0,
            0.0,
            0.0,
            1.0
        ]
    ],
    "intrinsic_matrix_camera": [
        [
            1.3888888888888888,
            0.0,
            -0.5
        ],
        [
            0.0,
            -1.3888888888888888,
            -0.5
        ],
        [
            0.0,
            0.0,
            -1.0
        ]
    ],
    "extrinsic_matrix_camera": [
        [
            0.25993665586079473,
            -0.29492642550529435,
            0.9194842785380163,
            13.79091739654541
        ],
        [
            0.9656256701951881,
            0.07939120573494524,
            -0.24751586113226126,
            -6.087270259857178
        ],
        [
            2.6521433162566535e-09,
            0.9522160679124362,
            0.3054252118103192,
            19.057811737060547
        ],
        [
            0.0,
            0.0,
            0.0,
            1.0
        ]
    ]
}