{
    "matrix_probe_in_cam_coord": [
        [
            -0.1440552464985799,
            -0.9887058699828691,
            0.04133749650924523,
            0.6386923407111044
        ],
        [
            0.5627934595758814,
            -0.04749676717562777,
            0.8252318334664965,
            -0.5156035594938952
        ],
        [
            -0.8139481603977271,
            0.14214344785913519,
            0.563279355574011,
            -10.095465489385719
        ],
        [
            0.0,
            0.0,
            0.0,
            1.0
        ]
    ],
    "matrix_probe_in_world_coord": [
        [
            -0.07228509107390382,
            -0.997070705270092,
            0.024997485886365058,
            0.0
        ],
        [
            0.9721575280316895,
            -0.07603589498247182,
            -0.22164900939442408,
            0.0
        ],
        [
            0.2229004403309971,
            0.008279575255779189,
            0.9748060537018797,
            10.580801963806152
        ],
        [
            0.0,
            0.0,
            0.0,
            1.0
        ]
    ],
    "intrinsic_matrix_camera": [
        [
            1.3888888888888888,
            0.0,
            -0.5
        ],
        [
            0.0,
            -1.3888888888888888,
            -0.5
        ],
        [
            0.0,
            0.0,
            -1.0
        ]
    ],
    "extrinsic_matrix_camera": [
        [
            0.9972560391868898,
            0.02730477977467043,
            -0.06881018316160213,
            -1.3175321817398071
        ],
        [
            -0.07402967178960396,
            0.3678235392460711,
            -0.9269441470073683,
            -9.120999336242676
        ],
        [
            -6.907850169296247e-10,
            0.9294946438672741,
            0.3688356097532467,
            14.78361988067627
        ],
        [
            0.0,
            0.0,
            0.0,
            1.0
        ]
    ]
}