{
    "matrix_probe_in_cam_coord": [
        [
            -0.5541369650902255,
            0.8322399130193607,
            -0.017577004810853093,
            -0.6238127924705432
        ],
        [
            -0.1942186503936988,
            -0.10872786015261728,
            0.9749140312180775,
            -1.5171061202742422
        ],
        [
            0.8094512584213113,
            0.5436496846353902,
            0.22188663915611523,
            -13.354723448790715
        ],
        [
            0.0,
            0.0,
            0.0,
            1.0
        ]
    ],
    "matrix_probe_in_world_coord": [
        [
            0.9719252574169511,
            -0.1743578980447041,
            -0.157989295157697,
            0.0
        ],
        [
            0.14699873274132153,
            0.9742629369486543,
            -0.17088915196883586,
            0.0
        ],
        [
            0.18371898804271394,
            0.1428672568421992,
            0.9725411458416277,
            10.058395385742188
        ],
        [
            0.0,
            0.0,
            0.0,
            1.0
        ]
    ],
    "intrinsic_matrix_camera": [
        [
            1.3888888888888888,
            0.0,
            -0.5
        ],
        [
            0.0,
            -1.3888888888888888,
            -0.5
        ],
        [
            0.0,
            0.0,
            -1.0
        ]
    ],
    "extrinsic_matrix_camera": [
        [
            -0.6809103357414786,
            -0.3238344312554528,
            0.6568807926967303,
            7.856409549713135
        ],
        [
            0.7323667897170292,
            -0.30108165188041147,
            0.6107280280292823,
            8.156190872192383
        ],
        [
            -9.454981190428961e-09,
            0.8969287039862314,
            0.4421751914858858,
            17.32425880432129
        ],
        [
            0.0,
            0.0,
            0.0,
            1.0
        ]
    ]
}