{
    "matrix_probe_in_cam_coord": [
        [
            0.337857133692559,
            -0.7115903931727003,
            -0.6160289518824341,
            0.9238926314863108
        ],
        [
            0.1939296528382132,
            -0.5878403153724305,
            0.7853884729055374,
            -1.142748462726889
        ],
        [
            -0.9210015455812757,
            -0.3848153790678896,
            -0.06060756610966974,
            -11.873332607526136
        ],
        [
            0.0,
            0.0,
            0.0,
            1.0
        ]
    ],
    "matrix_probe_in_world_coord": [
        [
            0.13507067379494586,
            0.4837711278675215,
            0.864708857895168,
            0.0
        ],
        [
            -0.8098583221294682,
            0.5567063416458867,
            -0.18495282438745383,
            0.0
        ],
        [
            -0.5708637413238139,
            -0.6753099621751777,
            0.46698077458150056,
            12.449972152709961
        ],
        [
            0.0,
            0.0,
            0.0,
            1.0
        ]
    ],
    "intrinsic_matrix_camera": [
        [
            1.3888888888888888,
            0.0,
            -0.5
        ],
        [
            0.0,
            -1.3888888888888888,
            -0.5
        ],
        [
            0.0,
            0.0,
            -1.0
        ]
    ],
    "extrinsic_matrix_camera": [
        [
            -0.8312979878031841,
            0.4209464059141344,
            -0.3629707685507886,
            -3.0606067180633545
        ],
        [
            -0.5558270013901601,
            -0.6295697910068838,
            0.5428611450243717,
            6.239655494689941
        ],
        [
            1.7010312965487426e-08,
            0.6530283313911591,
            0.7573334789909121,
            22.188291549682617
        ],
        [
            0.0,
            0.0,
            0.0,
            1.0
        ]
    ]
}