{
    "matrix_probe_in_cam_coord": [
        [
            0.517677729185789,
            0.536437260706136,
            0.666516942043593,
            -0.6463022892991703
        ],
        [
            -0.8256672018445022,
            0.5174093209066418,
            0.22485832525658928,
            -0.4001568171443086
        ],
        [
            -0.22423969430793286,
            -0.6667253257264381,
            0.7107699343188765,
            -11.090754844800733
        ],
        [
            0.0,
            0.0,
            0.0,
            1.0
        ]
    ],
    "matrix_probe_in_world_coord": [
        [
            0.08400812714940967,
            -0.969043720524087,
            -0.23215706382895993,
            0.0
        ],
        [
            0.7356962318510947,
            -0.09682056470824608,
            0.6703557508440401,
            0.0
        ],
        [
            -0.6720816088935547,
            -0.22711240820882392,
            0.7047880993778481,
            15.95145320892334
        ],
        [
            0.0,
            0.0,
            0.0,
            1.0
        ]
    ],
    "intrinsic_matrix_camera": [
        [
            1.3888888888888888,
            0.0,
            -0.5
        ],
        [
            0.0,
            -1.3888888888888888,
            -0.5
        ],
        [
            0.0,
            0.0,
            -1.0
        ]
    ],
    "extrinsic_matrix_camera": [
        [
            -0.6310786387036638,
            -0.6229574572099306,
            0.46223777244884284,
            4.469417572021484
        ],
        [
            0.77571886129701,
            -0.5068010403346143,
            0.37604913740603485,
            4.469217777252197
        ],
        [
            -3.046542304714438e-08,
            0.5958831362123702,
            0.803071159971337,
            25.09656524658203
        ],
        [
            0.0,
            0.0,
            0.0,
            1.0
        ]
    ]
}