{
    "matrix_probe_in_cam_coord": [
        [
            0.824315016205322,
            -0.3720024155373377,
            0.42675397700877404,
            -0.18271387145135867
        ],
        [
            0.5640008711488528,
            0.6049510457948611,
            -0.5620829560972638,
            0.8371855198114053
        ],
        [
            -0.0490690472880244,
            0.7040230358632377,
            0.7084799175503538,
            -9.67667664410963
        ],
        [
            0.0,
            0.0,
            0.0,
            1.0
        ]
    ],
    "matrix_probe_in_world_coord": [
        [
            0.9130322692861845,
            -0.36570524942780164,
            0.1806425912764472,
            0.0
        ],
        [
            0.22145623531925057,
            0.07253770365191446,
            -0.9724687230894019,
            0.0
        ],
        [
            0.34253351818522065,
            0.927899753254551,
            0.14721697194888472,
            12.1206636428833
        ],
        [
            0.0,
            0.0,
            0.0,
            1.0
        ]
    ],
    "intrinsic_matrix_camera": [
        [
            1.3888888888888888,
            0.0,
            -0.5
        ],
        [
            0.0,
            -1.3888888888888888,
            -0.5
        ],
        [
            0.0,
            0.0,
            -1.0
        ]
    ],
    "extrinsic_matrix_camera": [
        [
            0.9657593902588446,
            0.1921811004686678,
            -0.17428489535676,
            -1.6709321737289429
        ],
        [
            -0.25943939586513254,
            0.7153913639114088,
            -0.6487729928982167,
            -6.924284934997559
        ],
        [
            1.2688992335068433e-09,
            0.671774977997563,
            0.7407552760098128,
            18.7263126373291
        ],
        [
            0.0,
            0.0,
            0.0,
            1.0
        ]
    ]
}