{
    "matrix_probe_in_cam_coord": [
        [
            -0.5973412536767119,
            0.5530720622412989,
            0.5807707987012518,
            0.26528721406176164
        ],
        [
            -0.6425892304811108,
            0.10322532025614904,
            -0.7592256674584366,
            -0.4346748194626464
        ],
        [
            -0.47985675729912064,
            -0.826713872646499,
            0.2937374086632495,
            -10.236104963305024
        ],
        [
            0.0,
            0.0,
            0.0,
            1.0
        ]
    ],
    "matrix_probe_in_world_coord": [
        [
            -0.5176886272986193,
            0.6881232785455217,
            0.5084140425769469,
            0.0
        ],
        [
            0.5078633954139543,
            0.7253788396705163,
            -0.46465074040279425,
            0.0
        ],
        [
            -0.688529779141237,
            0.01766047796685333,
            -0.7249930004860057,
            10.379395484924316
        ],
        [
            0.0,
            0.0,
            0.0,
            1.0
        ]
    ],
    "intrinsic_matrix_camera": [
        [
            1.3888888888888888,
            0.0,
            -0.5
        ],
        [
            0.0,
            -1.3888888888888888,
            -0.5
        ],
        [
            0.0,
            0.0,
            -1.0
        ]
    ],
    "extrinsic_matrix_camera": [
        [
            0.9850905639644953,
            0.01769189162749061,
            -0.17112445108386604,
            -2.0052895545959473
        ],
        [
            -0.17203656817116905,
            0.10130468310081403,
            -0.979867736173475,
            -9.94035530090332
        ],
        [
            -5.509803874927446e-09,
            0.9946981241323849,
            0.10283793972807506,
            11.864425659179688
        ],
        [
            0.0,
            0.0,
            0.0,
            1.0
        ]
    ]
}