{
    "matrix_probe_in_cam_coord": [
        [
            -0.9817426061087086,
            -0.030016778890161893,
            -0.18783090357004764,
            0.01570220617559387
        ],
        [
            0.008444797227846456,
            0.9796185877136746,
            -0.20068908292591853,
            0.8211221982590997
        ],
        [
            0.19002668431213013,
            -0.19861121718303013,
            -0.9614798196833947,
            -14.25068201288359
        ],
        [
            0.0,
            0.0,
            0.0,
            1.0
        ]
    ],
    "matrix_probe_in_world_coord": [
        [
            -0.4618387177121272,
            -0.8586969113762516,
            -0.2221364743010578,
            0.0
        ],
        [
            -0.8682706914999893,
            0.4888436140836807,
            -0.08448625480950357,
            0.0
        ],
        [
            0.18113808297580342,
            0.15385556656322782,
            -0.9713482689197317,
            17.668291091918945
        ],
        [
            0.0,
            0.0,
            0.0,
            1.0
        ]
    ],
    "intrinsic_matrix_camera": [
        [
            1.3888888888888888,
            0.0,
            -0.5
        ],
        [
            0.0,
            -1.3888888888888888,
            -0.5
        ],
        [
            0.0,
            0.0,
            -1.0
        ]
    ],
    "extrinsic_matrix_camera": [
        [
            0.520906156334886,
            -0.8005152246076693,
            0.2963648958020306,
            4.8725433349609375
        ],
        [
            0.8536139503853107,
            0.4885033899104692,
            -0.18085259675648785,
            -2.99179744720459
        ],
        [
            8.636451574131158e-10,
            0.3471884405007074,
            0.9377953864157613,
            30.7474308013916
        ],
        [
            0.0,
            0.0,
            0.0,
            1.0
        ]
    ]
}