{
    "matrix_probe_in_cam_coord": [
        [
            -0.09546689859022477,
            -0.6326492731343412,
            -0.7685316964681116,
            0.5856831542985117
        ],
        [
            0.6019362068471426,
            0.5782197057056216,
            -0.550758363368345,
            -1.2676498739601625
        ],
        [
            0.7928170496148765,
            -0.5151862470372186,
            0.32561366172761896,
            -12.454608932564197
        ],
        [
            0.0,
            0.0,
            0.0,
            1.0
        ]
    ],
    "matrix_probe_in_world_coord": [
        [
            0.2705888934446947,
            0.35452790013190755,
            -0.8950372164175274,
            0.0
        ],
        [
            0.2379204093742142,
            0.8762531431459509,
            0.4190158802838479,
            0.0
        ],
        [
            0.9328319942774165,
            -0.3263286643169763,
            0.15275494524733457,
            15.924647331237793
        ],
        [
            0.0,
            0.0,
            0.0,
            1.0
        ]
    ],
    "intrinsic_matrix_camera": [
        [
            1.3888888888888888,
            0.0,
            -0.5
        ],
        [
            0.0,
            -1.3888888888888888,
            -0.5
        ],
        [
            0.0,
            0.0,
            -1.0
        ]
    ],
    "extrinsic_matrix_camera": [
        [
            0.4377403695610374,
            0.8608215026816457,
            -0.2595567555997727,
            -2.3978347778320312
        ],
        [
            -0.8991014230088653,
            0.4191032428532332,
            -0.1263689161674557,
            -0.5160107016563416
        ],
        [
            -2.33119126919597e-09,
            0.28868462437548975,
            0.9574242464285008,
            28.214942932128906
        ],
        [
            0.0,
            0.0,
            0.0,
            1.0
        ]
    ]
}