{
    "matrix_probe_in_cam_coord": [
        [
            0.7912507559769771,
            0.5797741380086938,
            0.19438155792702705,
            0.7224181374358005
        ],
        [
            -0.2718903266311069,
            0.04883904994841827,
            0.9610881320069278,
            -0.10086678536591975
        ],
        [
            0.5477206326680532,
            -0.8133121762868254,
            0.19627891494833546,
            -11.405941023905408
        ],
        [
            0.0,
            0.0,
            0.0,
            1.0
        ]
    ],
    "matrix_probe_in_world_coord": [
        [
            -0.18980232853937626,
            -0.8854617030001974,
            -0.4241846869006716,
            0.0
        ],
        [
            0.975545647600912,
            -0.1213057303830111,
            -0.18329105058120393,
            0.0
        ],
        [
            0.11084117253055328,
            -0.4486005932856469,
            0.8868324205709992,
            10.741799354553223
        ],
        [
            0.0,
            0.0,
            0.0,
            1.0
        ]
    ],
    "intrinsic_matrix_camera": [
        [
            1.3888888888888888,
            0.0,
            -0.5
        ],
        [
            0.0,
            -1.3888888888888888,
            -0.5
        ],
        [
            0.0,
            0.0,
            -1.0
        ]
    ],
    "extrinsic_matrix_camera": [
        [
            -0.7460027118281625,
            -0.39931855959763246,
            0.5329396231337089,
            6.577325820922852
        ],
        [
            0.6659429059198901,
            -0.4473247348116485,
            0.5970097383465873,
            6.283248424530029
        ],
        [
            6.8065874963801354e-09,
            0.8002782451038892,
            0.5996288272034955,
            17.66185188293457
        ],
        [
            0.0,
            0.0,
            0.0,
            1.0
        ]
    ]
}