{
    "matrix_probe_in_cam_coord": [
        [
            -0.8111730242363331,
            0.45863947963498797,
            -0.36283350516652785,
            -0.40938399979875234
        ],
        [
            -0.3296995748767554,
            0.15377649386689016,
            0.9314778474339006,
            1.599190648609591
        ],
        [
            0.48300777952054536,
            0.8752157549165539,
            0.026473897870886585,
            -11.150892693040891
        ],
        [
            0.0,
            0.0,
            0.0,
            1.0
        ]
    ],
    "matrix_probe_in_world_coord": [
        [
            0.5253561221652094,
            -0.7507313381987114,
            0.400503935998019,
            0.0
        ],
        [
            0.8217245035797756,
            0.5698004076158061,
            -0.009815075008992534,
            0.0
        ],
        [
            -0.2208388215873843,
            0.3342603077352034,
            0.9162424687563124,
            11.195572853088379
        ],
        [
            0.0,
            0.0,
            0.0,
            1.0
        ]
    ],
    "intrinsic_matrix_camera": [
        [
            1.3888888888888888,
            0.0,
            -0.5
        ],
        [
            0.0,
            -1.3888888888888888,
            -0.5
        ],
        [
            0.0,
            0.0,
            -1.0
        ]
    ],
    "extrinsic_matrix_camera": [
        [
            -0.9157859916461125,
            0.08440602103127275,
            -0.3926979005780582,
            -4.888821601867676
        ],
        [
            -0.4016665501442037,
            -0.19244283555076003,
            0.8953377784615352,
            10.127132415771484
        ],
        [
            1.8568453770568926e-09,
            0.9776714062806845,
            0.210139528269073,
            11.975333213806152
        ],
        [
            0.0,
            0.0,
            0.0,
            1.0
        ]
    ]
}