{
    "matrix_probe_in_cam_coord": [
        [
            -0.648090490950543,
            -0.11208156642995871,
            0.7532704945808584,
            -0.014389537215249994
        ],
        [
            0.04320339831813476,
            0.9821068880767091,
            0.18330173694225335,
            -0.4912608565151917
        ],
        [
            -0.7603368871186305,
            0.1513399579056675,
            -0.6316518307009505,
            -15.236556273141986
        ],
        [
            0.0,
            0.0,
            0.0,
            1.0
        ]
    ],
    "matrix_probe_in_world_coord": [
        [
            -0.5515289714167001,
            -0.8339484071302767,
            -0.018596987199840164,
            0.0
        ],
        [
            -0.4526093792333572,
            0.28045576309630227,
            0.8464569184406646,
            0.0
        ],
        [
            -0.7006857666015714,
            0.47526268440825964,
            -0.5321323494122708,
            17.484683990478516
        ],
        [
            0.0,
            0.0,
            0.0,
            1.0
        ]
    ],
    "intrinsic_matrix_camera": [
        [
            1.3888888888888888,
            0.0,
            -0.5
        ],
        [
            0.0,
            -1.3888888888888888,
            -0.5
        ],
        [
            0.0,
            0.0,
            -1.0
        ]
    ],
    "extrinsic_matrix_camera": [
        [
            0.43690236390609,
            -0.8462632608349748,
            0.30488492546242035,
            4.235947132110596
        ],
        [
            0.8995089351492125,
            0.4110402968411067,
            -0.14808629227414816,
            -2.0414535999298096
        ],
        [
            -1.679570207859882e-09,
            0.3389459658024123,
            0.940805841960109,
            31.985836029052734
        ],
        [
            0.0,
            0.0,
            0.0,
            1.0
        ]
    ]
}