{
    "matrix_probe_in_cam_coord": [
        [
            -0.3446952076072483,
            -0.7768615148644469,
            -0.5269453487555548,
            -0.0574944280033685
        ],
        [
            -0.7541742532461038,
            0.5634234411766174,
            -0.3373058281046751,
            -2.0487139397424095
        ],
        [
            0.558933278301872,
            0.28114091245355255,
            -0.7800983128756954,
            -12.429430931706634
        ],
        [
            0.0,
            0.0,
            0.0,
            1.0
        ]
    ],
    "matrix_probe_in_world_coord": [
        [
            -0.5101902359260361,
            -0.78481784445882,
            -0.3518051650910588,
            0.0
        ],
        [
            -0.6295245226396448,
            0.062058690243501226,
            0.7744982855762746,
            0.0
        ],
        [
            -0.5860075072565736,
            0.6166114416585803,
            -0.5257238167086062,
            14.410944938659668
        ],
        [
            0.0,
            0.0,
            0.0,
            1.0
        ]
    ],
    "intrinsic_matrix_camera": [
        [
            1.3888888888888888,
            0.0,
            -0.5
        ],
        [
            0.0,
            -1.3888888888888888,
            -0.5
        ],
        [
            0.0,
            0.0,
            -1.0
        ]
    ],
    "extrinsic_matrix_camera": [
        [
            0.9709370042435579,
            0.06125350211370977,
            -0.23136409027623717,
            -2.6944096088409424
        ],
        [
            -0.2393351912915129,
            0.24849372199181483,
            -0.9385997743128375,
            -11.170928955078125
        ],
        [
            6.681935033793007e-10,
            0.9666948218592362,
            0.255931868649724,
            19.572513580322266
        ],
        [
            0.0,
            0.0,
            0.0,
            1.0
        ]
    ]
}