{
    "matrix_probe_in_cam_coord": [
        [
            0.898542863798063,
            0.40526412332579437,
            0.1684687278474901,
            -0.7985853223553644
        ],
        [
            -0.40677464945797587,
            0.913128545584884,
            -0.027030423533056208,
            1.684188575249003
        ],
        [
            -0.16478806533216306,
            -0.044240813543727345,
            0.9853363100693455,
            -12.251414393408467
        ],
        [
            0.0,
            0.0,
            0.0,
            1.0
        ]
    ],
    "matrix_probe_in_world_coord": [
        [
            -0.06343645211415994,
            0.6104356536974079,
            -0.7895214558440997,
            0.0
        ],
        [
            -0.9036714371330774,
            -0.3708497596236603,
            -0.21412237037944518,
            0.0
        ],
        [
            -0.42350177125132166,
            0.6998848251548908,
            0.5751586574719201,
            11.384035110473633
        ],
        [
            0.0,
            0.0,
            0.0,
            1.0
        ]
    ],
    "intrinsic_matrix_camera": [
        [
            1.3888888888888888,
            0.0,
            -0.5
        ],
        [
            0.0,
            -1.3888888888888888,
            -0.5
        ],
        [
            0.0,
            0.0,
            -1.0
        ]
    ],
    "extrinsic_matrix_camera": [
        [
            0.057377623416288416,
            0.6045516605453675,
            -0.7944967577422433,
            -10.706067085266113
        ],
        [
            -0.9983525471150443,
            0.03474494878859439,
            -0.04566158344364245,
            -1.415205717086792
        ],
        [
            -3.693352635233035e-08,
            0.7958078149060338,
            0.6055492727553076,
            17.46257972717285
        ],
        [
            0.0,
            0.0,
            0.0,
            1.0
        ]
    ]
}