{
    "matrix_probe_in_cam_coord": [
        [
            0.7150782901959679,
            -0.23394914740506995,
            -0.6587342676063329,
            0.8129317079466384
        ],
        [
            0.16633602614741624,
            0.9722141275937066,
            -0.16471799085920558,
            -2.4323517592080197
        ],
        [
            0.6789663948207576,
            0.008215018907349688,
            0.7341233875640082,
            -9.305105541789695
        ],
        [
            0.0,
            0.0,
            0.0,
            1.0
        ]
    ],
    "matrix_probe_in_world_coord": [
        [
            -0.47973455041755647,
            -0.13708393282515582,
            -0.8666387693248283,
            0.0
        ],
        [
            -0.869651816579295,
            0.20537811474754372,
            0.4489159697572327,
            0.0
        ],
        [
            0.11644946996872452,
            0.969034480988129,
            -0.2177422687492491,
            7.792494773864746
        ],
        [
            0.0,
            0.0,
            0.0,
            1.0
        ]
    ],
    "intrinsic_matrix_camera": [
        [
            1.3888888888888888,
            0.0,
            -0.5
        ],
        [
            0.0,
            -1.3888888888888888,
            -0.5
        ],
        [
            0.0,
            0.0,
            -1.0
        ]
    ],
    "extrinsic_matrix_camera": [
        [
            0.2599075621373059,
            -0.07032107799691667,
            -0.9630695743990639,
            -9.343796730041504
        ],
        [
            -0.9656335014610059,
            -0.018927459248581482,
            -0.2592174611065985,
            -1.6730899810791016
        ],
        [
            -8.822347190872012e-09,
            0.9973448236571667,
            -0.07282377856342713,
            9.540755271911621
        ],
        [
            0.0,
            0.0,
            0.0,
            1.0
        ]
    ]
}