{
    "matrix_probe_in_cam_coord": [
        [
            0.5229551953388794,
            -0.8492917961758734,
            -0.07225862312854729,
            -0.7801091684277579
        ],
        [
            0.8469853832835953,
            0.5082815841984096,
            0.15577416881080147,
            -0.2712559274557653
        ],
        [
            -0.09556999619135541,
            -0.1426649084852817,
            0.9851462326552693,
            -10.257156133184612
        ],
        [
            0.0,
            0.0,
            0.0,
            1.0
        ]
    ],
    "matrix_probe_in_world_coord": [
        [
            0.7948369035798013,
            0.5927112714710351,
            0.13010628493221546,
            0.0
        ],
        [
            -0.6030020754991005,
            0.7954871532876127,
            0.05990564162203317,
            0.0
        ],
        [
            -0.06799112921147166,
            -0.12606957454342135,
            0.9896886726253816,
            12.62261962890625
        ],
        [
            0.0,
            0.0,
            0.0,
            1.0
        ]
    ],
    "intrinsic_matrix_camera": [
        [
            1.3888888888888888,
            0.0,
            -0.5
        ],
        [
            0.0,
            -1.3888888888888888,
            -0.5
        ],
        [
            0.0,
            0.0,
            -1.0
        ]
    ],
    "extrinsic_matrix_camera": [
        [
            -0.09712203319676842,
            0.9947466618544127,
            -0.03234794270473541,
            -0.13773275911808014
        ],
        [
            -0.995272480614091,
            -0.09707072202414817,
            0.0031566212925765763,
            -0.7703742384910583
        ],
        [
            3.3918466944729434e-10,
            0.03250159465647175,
            0.9994716836132911,
            22.8831729888916
        ],
        [
            0.0,
            0.0,
            0.0,
            1.0
        ]
    ]
}