{
    "matrix_probe_in_cam_coord": [
        [
            0.8579107933150892,
            -0.486208498134654,
            0.16610348297106242,
            -0.042706503892455415
        ],
        [
            0.4960086380979122,
            0.8680662534957038,
            -0.02089043977963541,
            -1.4777432520367109
        ],
        [
            -0.13403171880464868,
            0.10031089613584454,
            0.9858870231779578,
            -11.629648683867579
        ],
        [
            0.0,
            0.0,
            0.0,
            1.0
        ]
    ],
    "matrix_probe_in_world_coord": [
        [
            0.5911796132345293,
            0.764155825779595,
            -0.25801654757588255,
            0.0
        ],
        [
            -0.8065385658076785,
            0.5595226414731588,
            -0.1908663289943832,
            0.0
        ],
        [
            -0.0014855170027799703,
            0.3209365787908948,
            0.9470995225599209,
            14.73693561553955
        ],
        [
            0.0,
            0.0,
            0.0,
            1.0
        ]
    ],
    "intrinsic_matrix_camera": [
        [
            1.3888888888888888,
            0.0,
            -0.5
        ],
        [
            0.0,
            -1.3888888888888888,
            -0.5
        ],
        [
            0.0,
            0.0,
            -1.0
        ]
    ],
    "extrinsic_matrix_camera": [
        [
            0.09278286737207644,
            0.9619581587524018,
            -0.2569588300329548,
            -1.5628513097763062
        ],
        [
            -0.9956863660421468,
            0.08963990908173233,
            -0.023944669085270386,
            -0.18852560222148895
        ],
        [
            -3.6232998836207267e-09,
            0.2580720587539613,
            0.9661256711683487,
            26.354001998901367
        ],
        [
            0.0,
            0.0,
            0.0,
            1.0
        ]
    ]
}