{
    "matrix_probe_in_cam_coord": [
        [
            0.765800921011672,
            -0.6250876737436372,
            -0.1510441972120847,
            -0.3257324497602605
        ],
        [
            0.6188092909246593,
            0.6523706397903666,
            0.437592972755309,
            1.8272062122396333
        ],
        [
            -0.17499717381430885,
            -0.42857665413934565,
            0.8863960969474812,
            -10.60886466412085
        ],
        [
            0.0,
            0.0,
            0.0,
            1.0
        ]
    ],
    "matrix_probe_in_world_coord": [
        [
            0.8473209016667975,
            -0.514898133658969,
            -0.13010457929325941,
            0.0
        ],
        [
            0.5304592255846614,
            0.8323925138152211,
            0.16042354233870548,
            0.0
        ],
        [
            0.025696295271627922,
            -0.20494539491993416,
            0.9784360405823294,
            14.620356559753418
        ],
        [
            0.0,
            0.0,
            0.0,
            1.0
        ]
    ],
    "intrinsic_matrix_camera": [
        [
            1.3888888888888888,
            0.0,
            -0.5
        ],
        [
            0.0,
            -1.3888888888888888,
            -0.5
        ],
        [
            0.0,
            0.0,
            -1.0
        ]
    ],
    "extrinsic_matrix_camera": [
        [
            0.9903871452056655,
            0.1314927718420905,
            -0.042929635039866236,
            -0.37309786677360535
        ],
        [
            -0.1383231817569715,
            0.9414817488347665,
            -0.30737406201509154,
            -5.0262274742126465
        ],
        [
            4.674445373939829e-10,
            0.31035748349977554,
            0.9506199200709432,
            24.138267517089844
        ],
        [
            0.0,
            0.0,
            0.0,
            1.0
        ]
    ]
}