{
    "matrix_probe_in_cam_coord": [
        [
            0.6429104584360176,
            0.7277550469434546,
            0.23882783355781587,
            -0.8150354137455404
        ],
        [
            0.5343149922401994,
            -0.2027200567386969,
            -0.8206168823898369,
            -1.5742231310526664
        ],
        [
            -0.5487928857965865,
            0.6551924680917735,
            -0.5191812768724091,
            -10.377078928247004
        ],
        [
            0.0,
            0.0,
            0.0,
            1.0
        ]
    ],
    "matrix_probe_in_world_coord": [
        [
            -0.39380060250953247,
            -0.9187457016702342,
            0.028764928743146165,
            0.0
        ],
        [
            -0.7002038043127777,
            0.2795594523137738,
            -0.6569331359034465,
            0.0
        ],
        [
            0.5955129871707605,
            -0.27884197726399074,
            -0.7533999162639093,
            6.715845108032227
        ],
        [
            0.0,
            0.0,
            0.0,
            1.0
        ]
    ],
    "intrinsic_matrix_camera": [
        [
            1.3888888888888888,
            0.0,
            -0.5
        ],
        [
            0.0,
            -1.3888888888888888,
            -0.5
        ],
        [
            0.0,
            0.0,
            -1.0
        ]
    ],
    "extrinsic_matrix_camera": [
        [
            -0.9149304815257313,
            -0.0477703712504094,
            -0.4007745071803986,
            -4.979770660400391
        ],
        [
            -0.4036114641274369,
            0.10828872362083791,
            0.9084994982725507,
            9.269083976745605
        ],
        [
            1.5290453127096946e-09,
            0.9929710690484228,
            -0.11835732352850911,
            7.05079984664917
        ],
        [
            0.0,
            0.0,
            0.0,
            1.0
        ]
    ]
}