{
    "matrix_probe_in_cam_coord": [
        [
            0.7186879744127599,
            0.5740510611248373,
            0.3923684169959822,
            -0.13592088222172077
        ],
        [
            0.6744452140339249,
            -0.712779631046785,
            -0.192532726650673,
            -0.2310993596832671
        ],
        [
            0.16914859946573002,
            0.4030019563057452,
            -0.8994321400264307,
            -11.764789305728453
        ],
        [
            0.0,
            0.0,
            0.0,
            1.0
        ]
    ],
    "matrix_probe_in_world_coord": [
        [
            0.21444119812763893,
            -0.5099591614162361,
            0.8330405909877573,
            0.0
        ],
        [
            -0.6906692306772101,
            -0.6822373032486362,
            -0.23985052814571642,
            0.0
        ],
        [
            0.6906453404905686,
            -0.5239216694732883,
            -0.4985128864081539,
            3.5679731369018555
        ],
        [
            0.0,
            0.0,
            0.0,
            1.0
        ]
    ],
    "intrinsic_matrix_camera": [
        [
            1.3888888888888888,
            0.0,
            -0.5
        ],
        [
            0.0,
            -1.3888888888888888,
            -0.5
        ],
        [
            0.0,
            0.0,
            -1.0
        ]
    ],
    "extrinsic_matrix_camera": [
        [
            0.1882325305509392,
            0.3477297662985182,
            -0.9185055928367378,
            -10.700079917907715
        ],
        [
            -0.9821244902976349,
            0.06664537235767808,
            -0.17603942712050824,
            -2.1891562938690186
        ],
        [
            -1.604725117333991e-09,
            0.9352231840439392,
            0.3540587465756434,
            7.94952917098999
        ],
        [
            0.0,
            0.0,
            0.0,
            1.0
        ]
    ]
}