{
    "matrix_probe_in_cam_coord": [
        [
            -0.29010882276225386,
            -0.5410615079989369,
            0.7893600670906878,
            0.18336427420364868
        ],
        [
            -0.7148961163772173,
            0.670874888341937,
            0.19710511657733754,
            -0.0713968913862848
        ],
        [
            -0.6362078384806895,
            -0.5071285130557244,
            -0.5814294948672785,
            -12.74561860953597
        ],
        [
            0.0,
            0.0,
            0.0,
            1.0
        ]
    ],
    "matrix_probe_in_world_coord": [
        [
            0.1841060952873025,
            -0.18397697674105,
            -0.965534783271574,
            0.0
        ],
        [
            -0.22674385079933346,
            -0.9637805291278616,
            0.14040768425805158,
            0.0
        ],
        [
            -0.9563954055738412,
            0.19307916434261427,
            -0.2191535180963461,
            6.013875961303711
        ],
        [
            0.0,
            0.0,
            0.0,
            1.0
        ]
    ],
    "intrinsic_matrix_camera": [
        [
            1.3888888888888888,
            0.0,
            -0.5
        ],
        [
            0.0,
            -1.3888888888888888,
            -0.5
        ],
        [
            0.0,
            0.0,
            -1.0
        ]
    ],
    "extrinsic_matrix_camera": [
        [
            -0.7160225433961995,
            -0.4453541122671234,
            0.5375606310317003,
            6.951038837432861
        ],
        [
            0.6980771571598926,
            -0.456802783541891,
            0.5513796329208605,
            6.867057800292969
        ],
        [
            5.636174035409457e-09,
            0.7700590442525446,
            0.6379726235230297,
            14.200211524963379
        ],
        [
            0.0,
            0.0,
            0.0,
            1.0
        ]
    ]
}