{
    "matrix_probe_in_cam_coord": [
        [
            0.6299416080101784,
            0.42385705452157263,
            -0.6507831957187027,
            -1.6707483125327645
        ],
        [
            0.7676265050640189,
            -0.21249318984180138,
            0.604645510190935,
            0.48550254608222687
        ],
        [
            0.1179962678255147,
            -0.8804497950497535,
            -0.4592222111092808,
            -11.132469818069012
        ],
        [
            0.0,
            0.0,
            0.0,
            1.0
        ]
    ],
    "matrix_probe_in_world_coord": [
        [
            0.6955112493928137,
            0.6276288271751641,
            -0.3497801556217503,
            0.0
        ],
        [
            0.049936102582186975,
            0.44340951575358556,
            0.8949270288677578,
            0.0
        ],
        [
            0.716777850960079,
            -0.6398984736955537,
            0.277054968797082,
            9.189496040344238
        ],
        [
            0.0,
            0.0,
            0.0,
            1.0
        ]
    ],
    "intrinsic_matrix_camera": [
        [
            1.3888888888888888,
            0.0,
            -0.5
        ],
        [
            0.0,
            -1.3888888888888888,
            -0.5
        ],
        [
            0.0,
            0.0,
            -1.0
        ]
    ],
    "extrinsic_matrix_camera": [
        [
            0.9317874283254793,
            0.1890330174304176,
            -0.309901124127909,
            -1.9849586486816406
        ],
        [
            -0.36300439172906734,
            0.4852243834463975,
            -0.7954779125120154,
            -9.697700500488281
        ],
        [
            -8.217085817615821e-09,
            0.853711787449497,
            0.5207457959213738,
            14.572203636169434
        ],
        [
            0.0,
            0.0,
            0.0,
            1.0
        ]
    ]
}