{
    "matrix_probe_in_cam_coord": [
        [
            0.022996326106647442,
            0.9165030986169712,
            0.3993660466427851,
            -1.566301260757915
        ],
        [
            -0.57852745655521,
            0.33799048496373957,
            -0.7423398238581411,
            0.24861067036604156
        ],
        [
            -0.8153386725756094,
            -0.21397313452736674,
            0.5379947459810152,
            -14.32774322086018
        ],
        [
            0.0,
            0.0,
            0.0,
            1.0
        ]
    ],
    "matrix_probe_in_world_coord": [
        [
            -0.10271094623276192,
            0.9917407880557048,
            -0.07681582408996414,
            0.0
        ],
        [
            -0.23411261479408427,
            -0.09915651870301652,
            -0.9671397357119472,
            0.0
        ],
        [
            -0.9667687133530167,
            -0.08135228395901348,
            0.24236348895080018,
            8.816015243530273
        ],
        [
            0.0,
            0.0,
            0.0,
            1.0
        ]
    ],
    "intrinsic_matrix_camera": [
        [
            1.3888888888888888,
            0.0,
            -0.5
        ],
        [
            0.0,
            -1.3888888888888888,
            -0.5
        ],
        [
            0.0,
            0.0,
            -1.0
        ]
    ],
    "extrinsic_matrix_camera": [
        [
            0.8758938988771827,
            0.4516434977221495,
            -0.1697881882671177,
            -1.1730512380599976
        ],
        [
            -0.48250375947729923,
            0.8198729567951785,
            -0.3082181967473755,
            -5.375646591186523
        ],
        [
            -4.971401197827914e-10,
            0.3518898772076771,
            0.9360414063057071,
            22.139892578125
        ],
        [
            0.0,
            0.0,
            0.0,
            1.0
        ]
    ]
}