{
    "matrix_probe_in_cam_coord": [
        [
            0.9701773328172266,
            -0.18877729356587222,
            -0.15204958507538627,
            -1.470722245037055
        ],
        [
            0.23802508388176766,
            0.6233564543497249,
            0.7448293698986481,
            -0.11232537251775687
        ],
        [
            -0.045825782379901134,
            -0.7588081867339627,
            0.649700033411409,
            -14.275887975526654
        ],
        [
            0.0,
            0.0,
            0.0,
            1.0
        ]
    ],
    "matrix_probe_in_world_coord": [
        [
            0.9788777220848339,
            0.18649910008707174,
            -0.08376449649296218,
            0.0
        ],
        [
            -0.1670028341214439,
            0.9657473544834186,
            0.1986003542385668,
            0.0
        ],
        [
            0.11793412823018017,
            -0.1804165540492089,
            0.976494448741823,
            5.164079189300537
        ],
        [
            0.0,
            0.0,
            0.0,
            1.0
        ]
    ],
    "intrinsic_matrix_camera": [
        [
            1.3888888888888888,
            0.0,
            -0.5
        ],
        [
            0.0,
            -1.3888888888888888,
            -0.5
        ],
        [
            0.0,
            0.0,
            -1.0
        ]
    ],
    "extrinsic_matrix_camera": [
        [
            0.9272145391353617,
            0.2868626125361972,
            -0.24079667760354695,
            -2.041689395904541
        ],
        [
            -0.3745306374864396,
            0.7101773597973208,
            -0.5961333065810935,
            -8.981391906738281
        ],
        [
            -8.997240662809197e-09,
            0.642929202292301,
            0.7659256105130482,
            16.170564651489258
        ],
        [
            0.0,
            0.0,
            0.0,
            1.0
        ]
    ]
}