{
    "matrix_probe_in_cam_coord": [
        [
            0.8181967451284227,
            0.3101581569134598,
            0.484103298853975,
            0.5565559152882635
        ],
        [
            -0.40271010757776826,
            0.9101164063330994,
            0.09753305172108212,
            -1.6056127549850556
        ],
        [
            -0.41033968308702184,
            -0.2747545170208682,
            0.8695581060864603,
            -11.230777062210556
        ],
        [
            0.0,
            0.0,
            0.0,
            1.0
        ]
    ],
    "matrix_probe_in_world_coord": [
        [
            -0.7731481094182632,
            0.36340693232169136,
            -0.5197859198203656,
            0.0
        ],
        [
            -0.3484776122824994,
            -0.9281749909660039,
            -0.130593031525985,
            0.0
        ],
        [
            -0.5299107044029718,
            0.08016600080954871,
            0.8442559195370501,
            17.451080322265625
        ],
        [
            0.0,
            0.0,
            0.0,
            1.0
        ]
    ],
    "intrinsic_matrix_camera": [
        [
            1.3888888888888888,
            0.0,
            -0.5
        ],
        [
            0.0,
            -1.3888888888888888,
            -0.5
        ],
        [
            0.0,
            0.0,
            -1.0
        ]
    ],
    "extrinsic_matrix_camera": [
        [
            -0.7715037207726326,
            0.5914008625968004,
            -0.23457840598346716,
            -1.255552053451538
        ],
        [
            -0.6362248099799189,
            -0.7171489673937439,
            0.2844562351788111,
            2.3972957134246826
        ],
        [
            1.23187326928497e-09,
            0.36870364560965146,
            0.9295469981201342,
            28.48261070251465
        ],
        [
            0.0,
            0.0,
            0.0,
            1.0
        ]
    ]
}