{
    "matrix_probe_in_cam_coord": [
        [
            -0.7413578975731913,
            -0.4670847313760064,
            -0.4818924376053868,
            1.3458244528072723
        ],
        [
            -0.596632761905217,
            0.1299472961443107,
            0.79192363750941,
            0.4494495942803489
        ],
        [
            -0.30727482019718166,
            0.8746116589322296,
            -0.3750155075894901,
            -8.014147496977465
        ],
        [
            0.0,
            0.0,
            0.0,
            1.0
        ]
    ],
    "matrix_probe_in_world_coord": [
        [
            -0.006392990588279737,
            -0.9510736415787522,
            0.30889813525735166,
            0.0
        ],
        [
            0.775172562433888,
            0.19043084189145923,
            0.602364999735368,
            0.0
        ],
        [
            -0.6317172058136599,
            0.24330027281250838,
            0.7360287692260002,
            17.8115234375
        ],
        [
            0.0,
            0.0,
            0.0,
            1.0
        ]
    ],
    "intrinsic_matrix_camera": [
        [
            1.3888888888888888,
            0.0,
            -0.5
        ],
        [
            0.0,
            -1.3888888888888888,
            -0.5
        ],
        [
            0.0,
            0.0,
            -1.0
        ]
    ],
    "extrinsic_matrix_camera": [
        [
            0.3001157950864203,
            0.12484855436711297,
            -0.945697281381356,
            -8.038973808288574
        ],
        [
            -0.9539027778236342,
            0.039279707826992416,
            -0.29753419133501335,
            -1.1183514595031738
        ],
        [
            -7.575237436367294e-10,
            0.9913979740878373,
            0.1308818435633142,
            18.414846420288086
        ],
        [
            0.0,
            0.0,
            0.0,
            1.0
        ]
    ]
}