{
    "matrix_probe_in_cam_coord": [
        [
            -0.24021447618731365,
            0.9688392843378245,
            0.06039409369985361,
            -1.4507727320456427
        ],
        [
            -0.8992784816743549,
            -0.24553068833254993,
            0.36195703264947254,
            -0.4819638821784906
        ],
        [
            0.3655067958705031,
            0.032636210115704355,
            0.9302363462915011,
            -13.462461137385125
        ],
        [
            0.0,
            0.0,
            0.0,
            1.0
        ]
    ],
    "matrix_probe_in_world_coord": [
        [
            0.9847487960161934,
            -0.1623062701299496,
            -0.06266165830204272,
            0.0
        ],
        [
            0.16489922849522778,
            0.9855521287688294,
            0.038668409857503305,
            0.0
        ],
        [
            0.05548020535593565,
            -0.048411529161275495,
            0.9972854509406676,
            9.400388717651367
        ],
        [
            0.0,
            0.0,
            0.0,
            1.0
        ]
    ],
    "intrinsic_matrix_camera": [
        [
            1.3888888888888888,
            0.0,
            -0.5
        ],
        [
            0.0,
            -1.3888888888888888,
            -0.5
        ],
        [
            0.0,
            0.0,
            -1.0
        ]
    ],
    "extrinsic_matrix_camera": [
        [
            -0.3975840008702414,
            -0.8683930597862985,
            0.29634516356269847,
            2.994197130203247
        ],
        [
            0.9175657808854971,
            -0.37627731750538596,
            0.12840723530603407,
            2.878504753112793
        ],
        [
            1.1234960897907538e-08,
            0.3229688437697073,
            0.9464095973488746,
            22.29705047607422
        ],
        [
            0.0,
            0.0,
            0.0,
            1.0
        ]
    ]
}