{
    "matrix_probe_in_cam_coord": [
        [
            0.03623714825593092,
            -0.9367204067636116,
            -0.3481978584639652,
            -0.6328001830021702
        ],
        [
            0.9915384637725553,
            -0.009759829401209974,
            0.12944582105892988,
            -1.4140561490385797
        ],
        [
            -0.12465289385264508,
            -0.3499423170790769,
            0.9284406447218302,
            -12.132681763755038
        ],
        [
            0.0,
            0.0,
            0.0,
            1.0
        ]
    ],
    "matrix_probe_in_world_coord": [
        [
            0.28489948827312866,
            0.9425075025317078,
            0.1746765274819496,
            0.0
        ],
        [
            -0.8418108375645118,
            0.15885437993355053,
            0.5158680061167412,
            0.0
        ],
        [
            0.4584613346190107,
            -0.29401512486157927,
            0.8386705616700669,
            3.6662168502807617
        ],
        [
            0.0,
            0.0,
            0.0,
            1.0
        ]
    ],
    "intrinsic_matrix_camera": [
        [
            1.3888888888888888,
            0.0,
            -0.5
        ],
        [
            0.0,
            -1.3888888888888888,
            -0.5
        ],
        [
            0.0,
            0.0,
            -1.0
        ]
    ],
    "extrinsic_matrix_camera": [
        [
            -0.9333640589478017,
            0.29590123501747884,
            -0.2031600171776313,
            -2.637087821960449
        ],
        [
            -0.3589310984917365,
            -0.769461258703776,
            0.5282971113772212,
            5.094467639923096
        ],
        [
            5.176905374403494e-09,
            0.5660139843406091,
            0.8243956389567261,
            14.468722343444824
        ],
        [
            0.0,
            0.0,
            0.0,
            1.0
        ]
    ]
}