{
    "matrix_probe_in_cam_coord": [
        [
            0.8617617302295494,
            0.5018733433883009,
            -0.0740936401320799,
            0.8863178500331247
        ],
        [
            -0.32699785621556515,
            0.6611706948551948,
            0.6752227145876563,
            -0.8982177562450113
        ],
        [
            0.3878648248323096,
            -0.5576526333309542,
            0.7338831093551988,
            -13.19477405350179
        ],
        [
            0.0,
            0.0,
            0.0,
            1.0
        ]
    ],
    "matrix_probe_in_world_coord": [
        [
            0.837158431131945,
            0.5437110910478876,
            -0.0595315937651295,
            0.0
        ],
        [
            -0.5069023473597727,
            0.8121235655149016,
            0.28897287861755466,
            0.0
        ],
        [
            0.2054647693057211,
            -0.21173937708154145,
            0.9554845183294536,
            11.046957969665527
        ],
        [
            0.0,
            0.0,
            0.0,
            1.0
        ]
    ],
    "intrinsic_matrix_camera": [
        [
            1.3888888888888888,
            0.0,
            -0.5
        ],
        [
            0.0,
            -1.3888888888888888,
            -0.5
        ],
        [
            0.0,
            0.0,
            -1.0
        ]
    ],
    "extrinsic_matrix_camera": [
        [
            0.9987161136749467,
            0.04553974322985579,
            -0.02218684458344158,
            -1.1370257139205933
        ],
        [
            -0.05065692732500647,
            0.8978293345594037,
            -0.43742012038611966,
            -4.920315265655518
        ],
        [
            -5.763222888623212e-11,
            0.43798244004888737,
            0.8989835272177255,
            23.30224609375
        ],
        [
            0.0,
            0.0,
            0.0,
            1.0
        ]
    ]
}