{
    "matrix_probe_in_cam_coord": [
        [
            0.7068886035970956,
            -0.3719871492602358,
            0.6016095601715381,
            0.49192818043892717
        ],
        [
            -0.30382107183059026,
            0.6083989278755653,
            0.7331735816787004,
            -1.0274464854780678
        ],
        [
            -0.6387497619696306,
            -0.7010537107419842,
            0.3170527341604779,
            -13.422935440191452
        ],
        [
            0.0,
            0.0,
            0.0,
            1.0
        ]
    ],
    "matrix_probe_in_world_coord": [
        [
            0.4605987389160727,
            0.8076157211479051,
            0.36824672254301555,
            0.0
        ],
        [
            -0.6121770556338805,
            0.5894545189324046,
            -0.5270508729388468,
            0.0
        ],
        [
            -0.6427192655151674,
            0.01732677306703831,
            0.7659058223246035,
            12.100793838500977
        ],
        [
            0.0,
            0.0,
            0.0,
            1.0
        ]
    ],
    "intrinsic_matrix_camera": [
        [
            1.3888888888888888,
            0.0,
            -0.5
        ],
        [
            0.0,
            -1.3888888888888888,
            -0.5
        ],
        [
            0.0,
            0.0,
            -1.0
        ]
    ],
    "extrinsic_matrix_camera": [
        [
            0.24671007834712105,
            0.6214017048488429,
            -0.743635702782558,
            -9.464680671691895
        ],
        [
            -0.9690893339842087,
            0.15819601030320277,
            -0.18931424954871096,
            -1.9018926620483398
        ],
        [
            3.877470679136574e-09,
            0.767355161274817,
            0.6412223143847221,
            21.496295928955078
        ],
        [
            0.0,
            0.0,
            0.0,
            1.0
        ]
    ]
}