{
    "matrix_probe_in_cam_coord": [
        [
            -0.7261297595494793,
            -0.5627361486502666,
            -0.39504885685049174,
            0.04849907192927612
        ],
        [
            0.2446227864864467,
            -0.7484181593573102,
            0.6164656933486424,
            -0.006512553242007613
        ],
        [
            -0.6425692683502859,
            0.3509961335207001,
            0.6811067828360671,
            -10.97092947929121
        ],
        [
            0.0,
            0.0,
            0.0,
            1.0
        ]
    ],
    "matrix_probe_in_world_coord": [
        [
            0.5056963274946674,
            -0.5418645049610533,
            -0.6713077406240141,
            0.0
        ],
        [
            0.8463572165505564,
            0.46239886979778966,
            0.2643231870315603,
            0.0
        ],
        [
            0.1671845876604675,
            -0.7018334157569296,
            0.6924443444608094,
            17.09526252746582
        ],
        [
            0.0,
            0.0,
            0.0,
            1.0
        ]
    ],
    "intrinsic_matrix_camera": [
        [
            1.3888888888888888,
            0.0,
            -0.5
        ],
        [
            0.0,
            -1.3888888888888888,
            -0.5
        ],
        [
            0.0,
            0.0,
            -1.0
        ]
    ],
    "extrinsic_matrix_camera": [
        [
            0.202924947451712,
            0.1154078883976264,
            -0.9723695208084839,
            -10.676887512207031
        ],
        [
            -0.9791942941529629,
            0.023916726414081567,
            -0.2015106064104675,
            -2.1631128787994385
        ],
        [
            -1.7772989196087836e-08,
            0.993030215800725,
            0.11786004626999219,
            18.394763946533203
        ],
        [
            0.0,
            0.0,
            0.0,
            1.0
        ]
    ]
}