{
    "matrix_probe_in_cam_coord": [
        [
            0.9869004881920463,
            -0.16132431833864083,
            0.0013750341356144028,
            -1.2124288599033304
        ],
        [
            0.07125725210370162,
            0.4435307915775897,
            0.8934219836925809,
            0.21247693711875293
        ],
        [
            -0.14474056248657716,
            -0.8816206107136616,
            0.44921628235844224,
            -9.555126334297693
        ],
        [
            0.0,
            0.0,
            0.0,
            1.0
        ]
    ],
    "matrix_probe_in_world_coord": [
        [
            0.9985057168444718,
            0.05460881088420809,
            0.002052121517049627,
            0.0
        ],
        [
            -0.05461468839247694,
            0.9985032158540865,
            0.002926386994297977,
            0.0
        ],
        [
            -0.001889243420151795,
            -0.0030340901207030024,
            0.9999936125078196,
            11.105047225952148
        ],
        [
            0.0,
            0.0,
            0.0,
            1.0
        ]
    ],
    "intrinsic_matrix_camera": [
        [
            1.3888888888888888,
            0.0,
            -0.5
        ],
        [
            0.0,
            -1.3888888888888888,
            -0.5
        ],
        [
            0.0,
            0.0,
            -1.0
        ]
    ],
    "extrinsic_matrix_camera": [
        [
            0.9766188719623157,
            0.09720487318729822,
            -0.19174668590537733,
            -0.6687366962432861
        ],
        [
            -0.214978089411582,
            0.4415897275746819,
            -0.8710814735565579,
            -8.677766799926758
        ],
        [
            2.6194336126083603e-09,
            0.891935942279018,
            0.4521617795334326,
            15.235994338989258
        ],
        [
            0.0,
            0.0,
            0.0,
            1.0
        ]
    ]
}