{
    "matrix_probe_in_cam_coord": [
        [
            0.6198334903953823,
            0.0811827547521637,
            0.7805227764230381,
            1.9941948773643141
        ],
        [
            0.09123699834601584,
            0.980433691477019,
            -0.1744293173453223,
            0.09644042865938607
        ],
        [
            -0.7794114794619639,
            0.17932968785897138,
            0.6002987662283817,
            -11.475566921268229
        ],
        [
            0.0,
            0.0,
            0.0,
            1.0
        ]
    ],
    "matrix_probe_in_world_coord": [
        [
            -0.03550803206687081,
            0.29807578472096846,
            -0.953881547269742,
            0.0
        ],
        [
            -0.885747241616552,
            -0.45140773024460407,
            -0.1080873953987423,
            0.0
        ],
        [
            -0.46280773937717096,
            0.8410599786212596,
            0.28004840427004574,
            4.252617835998535
        ],
        [
            0.0,
            0.0,
            0.0,
            1.0
        ]
    ],
    "intrinsic_matrix_camera": [
        [
            1.3888888888888888,
            0.0,
            -0.5
        ],
        [
            0.0,
            -1.3888888888888888,
            -0.5
        ],
        [
            0.0,
            0.0,
            -1.0
        ]
    ],
    "extrinsic_matrix_camera": [
        [
            -0.7423367277782007,
            0.45538880280949356,
            -0.4914847107156937,
            -4.203619480133057
        ],
        [
            -0.6700270013899088,
            -0.5045346563503004,
            0.5445260305531141,
            7.633566856384277
        ],
        [
            -1.2470180949516621e-08,
            0.7335296986606745,
            0.6796573998587665,
            11.981329917907715
        ],
        [
            0.0,
            0.0,
            0.0,
            1.0
        ]
    ]
}