{
    "matrix_probe_in_cam_coord": [
        [
            -0.12501583263182525,
            0.9895689438726312,
            -0.0715845438218082,
            -0.48734963891008587
        ],
        [
            -0.4485047248550454,
            0.007991476945004234,
            0.8937447331754952,
            0.3714330386343363
        ],
        [
            0.8849940979317721,
            0.14383824810891702,
            0.4428272857524546,
            -8.514247357544344
        ],
        [
            0.0,
            0.0,
            0.0,
            1.0
        ]
    ],
    "matrix_probe_in_world_coord": [
        [
            0.854048638458699,
            -0.5129988166208415,
            -0.08621564412830428,
            0.0
        ],
        [
            0.4969524880158361,
            0.8535944847961063,
            -0.15625197656522596,
            0.0
        ],
        [
            0.15375027740369274,
            0.09060170898656306,
            0.9839472458048762,
            7.919023513793945
        ],
        [
            0.0,
            0.0,
            0.0,
            1.0
        ]
    ],
    "intrinsic_matrix_camera": [
        [
            1.3888888888888888,
            0.0,
            -0.5
        ],
        [
            0.0,
            -1.3888888888888888,
            -0.5
        ],
        [
            0.0,
            0.0,
            -1.0
        ]
    ],
    "extrinsic_matrix_camera": [
        [
            -0.6082455912611588,
            -0.46419924567758974,
            0.6438605136391887,
            5.357978343963623
        ],
        [
            0.7937488902111066,
            -0.3557134393613736,
            0.49338691545919516,
            4.719775199890137
        ],
        [
            3.792225297251633e-09,
            0.8111639842658568,
            0.5848187673373189,
            12.59702205657959
        ],
        [
            0.0,
            0.0,
            0.0,
            1.0
        ]
    ]
}