{
    "matrix_probe_in_cam_coord": [
        [
            -0.9671351083716347,
            0.15791861905783067,
            -0.19927717357955063,
            -1.7600189291119657
        ],
        [
            -0.1954390363319975,
            -0.9630440872389161,
            0.18533663726253108,
            -1.5310153806109739
        ],
        [
            -0.16264459792014838,
            0.21819210753148408,
            0.9622572104060134,
            -12.230575434655554
        ],
        [
            0.0,
            0.0,
            0.0,
            1.0
        ]
    ],
    "matrix_probe_in_world_coord": [
        [
            -0.6032068828768888,
            0.5403461895103321,
            0.5866578661635857,
            0.0
        ],
        [
            -0.7605549881502912,
            -0.16816797494771393,
            -0.627116928651823,
            0.0
        ],
        [
            -0.2402031774345581,
            -0.8244668141797153,
            0.5124030697280147,
            17.073511123657227
        ],
        [
            0.0,
            0.0,
            0.0,
            1.0
        ]
    ],
    "intrinsic_matrix_camera": [
        [
            1.3888888888888888,
            0.0,
            -0.5
        ],
        [
            0.0,
            -1.3888888888888888,
            -0.5
        ],
        [
            0.0,
            0.0,
            -1.0
        ]
    ],
    "extrinsic_matrix_camera": [
        [
            0.5518057566749986,
            -0.2937578348333459,
            0.7805233765713598,
            10.0676908493042
        ],
        [
            0.8339726655594482,
            0.1943675651711892,
            -0.5164405509921662,
            -4.55097770690918
        ],
        [
            2.981622847011206e-08,
            0.9359100299085635,
            0.35223914591730277,
            22.814491271972656
        ],
        [
            0.0,
            0.0,
            0.0,
            1.0
        ]
    ]
}