{
    "matrix_probe_in_cam_coord": [
        [
            0.6226827979826852,
            0.6655098791281616,
            0.41153703828364435,
            0.5921825540260348
        ],
        [
            0.5679843160889317,
            -0.022676540313251923,
            -0.8227269238309939,
            -0.3745058485367698
        ],
        [
            -0.5382006593952137,
            0.7460444861415712,
            -0.39211946511785956,
            -14.543333564689664
        ],
        [
            0.0,
            0.0,
            0.0,
            1.0
        ]
    ],
    "matrix_probe_in_world_coord": [
        [
            0.6741375700965013,
            0.6186642282626201,
            0.40347628090459214,
            0.0
        ],
        [
            0.7113619794476277,
            -0.6908330976731346,
            -0.12928172862277976,
            0.0
        ],
        [
            0.19875278810808567,
            0.3741713562360938,
            -0.9058107558379423,
            4.979261875152588
        ],
        [
            0.0,
            0.0,
            0.0,
            1.0
        ]
    ],
    "intrinsic_matrix_camera": [
        [
            1.3888888888888888,
            0.0,
            -0.5
        ],
        [
            0.0,
            -1.3888888888888888,
            -0.5
        ],
        [
            0.0,
            0.0,
            -1.0
        ]
    ],
    "extrinsic_matrix_camera": [
        [
            0.9975464578060875,
            0.03691960296114628,
            -0.05948115193671792,
            -1.4419572353363037
        ],
        [
            -0.0700076032908398,
            0.526071710874716,
            -0.8475538274934645,
            -12.087783813476562
        ],
        [
            5.648895456711322e-10,
            0.8496384513041653,
            0.5273656246528204,
            12.967110633850098
        ],
        [
            0.0,
            0.0,
            0.0,
            1.0
        ]
    ]
}