{
    "matrix_probe_in_cam_coord": [
        [
            -0.6580788056977404,
            0.6543263306277953,
            -0.3725444114982815,
            0.6921601303841904
        ],
        [
            -0.30716302775681864,
            0.21843985181985867,
            0.9262477560114152,
            -1.0642482133886162
        ],
        [
            0.6874468414871797,
            0.7239758864658984,
            0.05723422005423882,
            -7.835684320661772
        ],
        [
            0.0,
            0.0,
            0.0,
            1.0
        ]
    ],
    "matrix_probe_in_world_coord": [
        [
            0.9162628263815166,
            -0.007221114897769635,
            0.4005125322520986,
            0.0
        ],
        [
            0.054239544619362125,
            0.9928660535611621,
            -0.10618413951889524,
            0.0
        ],
        [
            -0.396888529427142,
            0.11901619715617365,
            0.9101179264379116,
            16.780540466308594
        ],
        [
            0.0,
            0.0,
            0.0,
            1.0
        ]
    ],
    "intrinsic_matrix_camera": [
        [
            1.3888888888888888,
            0.0,
            -0.5
        ],
        [
            0.0,
            -1.3888888888888888,
            -0.5
        ],
        [
            0.0,
            0.0,
            -1.0
        ]
    ],
    "extrinsic_matrix_camera": [
        [
            -0.7569068177300283,
            0.08795439101234606,
            0.6475770953141018,
            5.691715717315674
        ],
        [
            0.6535228146543943,
            0.10186830991405399,
            0.7500205184936293,
            5.532994747161865
        ],
        [
            1.3712171398412515e-08,
            0.9909020499206276,
            -0.13458501946018445,
            16.780540466308594
        ],
        [
            0.0,
            0.0,
            0.0,
            1.0
        ]
    ]
}