{
    "matrix_probe_in_cam_coord": [
        [
            -0.47499747632567163,
            0.7777515346902109,
            -0.41167942354611947,
            -0.6727689336093101
        ],
        [
            0.7849837728940608,
            0.5859261763937937,
            0.20122373644665983,
            -1.3737972137247838
        ],
        [
            0.3977158203758671,
            -0.22758090012909937,
            -0.8888357891754698,
            -12.944371401374312
        ],
        [
            0.0,
            0.0,
            0.0,
            1.0
        ]
    ],
    "matrix_probe_in_world_coord": [
        [
            -0.32226154440157584,
            0.9281640638649883,
            -0.18616919065608423,
            0.0
        ],
        [
            0.5476961309293793,
            0.3432114425776018,
            0.7630431533332764,
            0.0
        ],
        [
            0.7721246305907484,
            0.1439353196176388,
            -0.618955716187894,
            4.784422397613525
        ],
        [
            0.0,
            0.0,
            0.0,
            1.0
        ]
    ],
    "intrinsic_matrix_camera": [
        [
            1.3888888888888888,
            0.0,
            -0.5
        ],
        [
            0.0,
            -1.3888888888888888,
            -0.5
        ],
        [
            0.0,
            0.0,
            -1.0
        ]
    ],
    "extrinsic_matrix_camera": [
        [
            0.9515964705142033,
            0.2534038778684537,
            -0.17392708813218438,
            -1.2630467414855957
        ],
        [
            -0.3073502193018753,
            0.7845715378842792,
            -0.5385010163750725,
            -6.099490642547607
        ],
        [
            -2.7699446073743365e-09,
            0.5658921952307937,
            0.8244792437513956,
            16.234209060668945
        ],
        [
            0.0,
            0.0,
            0.0,
            1.0
        ]
    ]
}