{
    "matrix_probe_in_cam_coord": [
        [
            0.9333312451398499,
            -0.31923248211711036,
            0.1642662753185979,
            0.37000450915108496
        ],
        [
            0.3220735951018424,
            0.5423518252841043,
            -0.7759659122340197,
            0.4218824515076651
        ],
        [
            0.15862340994907115,
            0.7771390608973074,
            0.6090102575850261,
            -12.110457950219454
        ],
        [
            0.0,
            0.0,
            0.0,
            1.0
        ]
    ],
    "matrix_probe_in_world_coord": [
        [
            0.3389907216146271,
            -0.24154176789813817,
            -0.9092540156742979,
            0.0
        ],
        [
            -0.8771115882401217,
            0.26838397439935474,
            -0.39830303044352733,
            0.0
        ],
        [
            0.3402360245977568,
            0.9325382655131361,
            -0.12087940651602395,
            16.19092559814453
        ],
        [
            0.0,
            0.0,
            0.0,
            1.0
        ]
    ],
    "intrinsic_matrix_camera": [
        [
            1.3888888888888888,
            0.0,
            -0.5
        ],
        [
            0.0,
            -1.3888888888888888,
            -0.5
        ],
        [
            0.0,
            0.0,
            -1.0
        ]
    ],
    "extrinsic_matrix_camera": [
        [
            0.24413883992321894,
            0.6837294634398386,
            -0.6876847007642497,
            -8.706962585449219
        ],
        [
            -0.9697402883457742,
            0.1721336302261958,
            -0.1731293923752013,
            -1.8104881048202515
        ],
        [
            -2.5607961975594054e-09,
            0.7091431690211942,
            0.7050645118218462,
            24.430404663085938
        ],
        [
            0.0,
            0.0,
            0.0,
            1.0
        ]
    ]
}