{
    "matrix_probe_in_cam_coord": [
        [
            -0.4172308236984531,
            -0.7687462733013486,
            -0.4847139435184408,
            0.4943231191792794
        ],
        [
            -0.1895621866488465,
            -0.44800782848399734,
            0.8737019875277615,
            0.467030523988746
        ],
        [
            -0.8888107881595598,
            0.4564188349557248,
            0.04119745075657813,
            -11.03787243079844
        ],
        [
            0.0,
            0.0,
            0.0,
            1.0
        ]
    ],
    "matrix_probe_in_world_coord": [
        [
            -0.36430778680574205,
            0.8710518490918336,
            0.3294670130170843,
            0.0
        ],
        [
            -0.9025251734035228,
            -0.24299534512843876,
            -0.3555299897601497,
            0.0
        ],
        [
            -0.22962610445165685,
            -0.426874616766573,
            0.8746713175329053,
            6.312349319458008
        ],
        [
            0.0,
            0.0,
            0.0,
            1.0
        ]
    ],
    "intrinsic_matrix_camera": [
        [
            1.3888888888888888,
            0.0,
            -0.5
        ],
        [
            0.0,
            -1.3888888888888888,
            -0.5
        ],
        [
            0.0,
            0.0,
            -1.0
        ]
    ],
    "extrinsic_matrix_camera": [
        [
            -0.6773146800116282,
            -0.03332308263064324,
            0.7349383623166894,
            8.462531089782715
        ],
        [
            0.7356934308805165,
            -0.030678796400455077,
            0.6766195291378119,
            7.119097709655762
        ],
        [
            -2.4094568674226215e-08,
            0.9989736651260688,
            0.045294772155168986,
            6.3457560539245605
        ],
        [
            0.0,
            0.0,
            0.0,
            1.0
        ]
    ]
}