{
    "matrix_probe_in_cam_coord": [
        [
            -0.7417644197785955,
            -0.26220463783167064,
            0.6172797367888285,
            -0.48764802920246936
        ],
        [
            0.6158222213101365,
            0.09822846424218565,
            0.7817379103978971,
            -0.92948574033454
        ],
        [
            -0.26560974622775485,
            0.9599999462042609,
            0.08860906272297184,
            -13.993888206845051
        ],
        [
            0.0,
            0.0,
            0.0,
            1.0
        ]
    ],
    "matrix_probe_in_world_coord": [
        [
            0.9137176937885758,
            -0.07775391827943193,
            -0.39884120179575433,
            0.0
        ],
        [
            -0.19570208182870483,
            0.7759885463845814,
            -0.599618604654538,
            0.0
        ],
        [
            0.3561189004049029,
            0.62593618210816,
            0.6938178613312452,
            12.544683456420898
        ],
        [
            0.0,
            0.0,
            0.0,
            1.0
        ]
    ],
    "intrinsic_matrix_camera": [
        [
            1.3888888888888888,
            0.0,
            -0.5
        ],
        [
            0.0,
            -1.3888888888888888,
            -0.5
        ],
        [
            0.0,
            0.0,
            -1.0
        ]
    ],
    "extrinsic_matrix_camera": [
        [
            -0.9035724290570913,
            0.24326072418545597,
            -0.35267702720284383,
            -5.149840831756592
        ],
        [
            -0.4284353690439993,
            -0.5130381226042291,
            0.7437977005253917,
            9.722834587097168
        ],
        [
            7.355496049416742e-09,
            0.8231744072937981,
            0.5677886007806995,
            21.255382537841797
        ],
        [
            0.0,
            0.0,
            0.0,
            1.0
        ]
    ]
}