{
    "matrix_probe_in_cam_coord": [
        [
            0.4424368320955777,
            0.35985733041411233,
            -0.8214331082641225,
            -1.7754438008008033
        ],
        [
            -0.30215331134547113,
            0.9222221253452029,
            0.24126692265361033,
            0.5637018705023622
        ],
        [
            0.8443654576356119,
            0.14145336076249548,
            0.516757119622748,
            -15.23289616876172
        ],
        [
            0.0,
            0.0,
            0.0,
            1.0
        ]
    ],
    "matrix_probe_in_world_coord": [
        [
            0.2708245233861531,
            -0.7985510172735482,
            0.5375596249199193,
            0.0
        ],
        [
            0.7658687486046483,
            -0.15956530119376935,
            -0.622883596320927,
            0.0
        ],
        [
            0.583180192945039,
            0.5803922703364708,
            0.5683710716514907,
            5.009775161743164
        ],
        [
            0.0,
            0.0,
            0.0,
            1.0
        ]
    ],
    "intrinsic_matrix_camera": [
        [
            1.3888888888888888,
            0.0,
            -0.5
        ],
        [
            0.0,
            -1.3888888888888888,
            -0.5
        ],
        [
            0.0,
            0.0,
            -1.0
        ]
    ],
    "extrinsic_matrix_camera": [
        [
            -0.609110966670034,
            -0.6885765864340129,
            0.3935049108933449,
            5.300929069519043
        ],
        [
            0.7930850082319656,
            -0.528845638100936,
            0.3022225351943781,
            6.309913635253906
        ],
        [
            -5.930335257218334e-09,
            0.4961699060568833,
            0.8682254455632498,
            17.955671310424805
        ],
        [
            0.0,
            0.0,
            0.0,
            1.0
        ]
    ]
}