{
    "matrix_probe_in_cam_coord": [
        [
            0.582817613443941,
            -0.4792496588360501,
            -0.6562342523558481,
            0.21699444201659507
        ],
        [
            -0.47672934273131246,
            0.4523367947512239,
            -0.7537377248706346,
            -1.258863062625725
        ],
        [
            0.6580674458127221,
            0.7521377457751465,
            0.035157476328674366,
            -13.546600211721332
        ],
        [
            0.0,
            0.0,
            0.0,
            1.0
        ]
    ],
    "matrix_probe_in_world_coord": [
        [
            -0.8225688259353093,
            0.5195340041959977,
            0.23122487989721113,
            0.0
        ],
        [
            0.2973300943695694,
            0.046323796306312885,
            0.9536503137303286,
            0.0
        ],
        [
            0.484742551857777,
            0.8531931342784259,
            -0.19257760523634646,
            16.45716094970703
        ],
        [
            0.0,
            0.0,
            0.0,
            1.0
        ]
    ],
    "intrinsic_matrix_camera": [
        [
            1.3888888888888888,
            0.0,
            -0.5
        ],
        [
            0.0,
            -1.3888888888888888,
            -0.5
        ],
        [
            0.0,
            0.0,
            -1.0
        ]
    ],
    "extrinsic_matrix_camera": [
        [
            -0.8801317804750773,
            0.4528641270544842,
            -0.1424153482773186,
            -1.168166160583496
        ],
        [
            -0.4747294482099988,
            -0.839594240714402,
            0.26403306982542213,
            2.6228299140930176
        ],
        [
            -5.229669866567791e-10,
            0.29999265555407556,
            0.9539415111072657,
            29.757474899291992
        ],
        [
            0.0,
            0.0,
            0.0,
            1.0
        ]
    ]
}