{
    "matrix_probe_in_cam_coord": [
        [
            0.725269118628493,
            0.6793226250487535,
            -0.11182788856416401,
            -0.28813150346910904
        ],
        [
            -0.144324609513835,
            0.30884222860473287,
            0.9400994016162019,
            0.9832504392308943
        ],
        [
            0.6731679676369989,
            -0.6656855480835769,
            0.32203670352948893,
            -12.4523297693971
        ],
        [
            0.0,
            0.0,
            0.0,
            1.0
        ]
    ],
    "matrix_probe_in_world_coord": [
        [
            -0.6408530762367681,
            0.7454815851491249,
            -0.18320627959057312,
            0.0
        ],
        [
            -0.766558778414906,
            -0.6342388374168906,
            0.10064162333308278,
            0.0
        ],
        [
            -0.0411700608806712,
            0.2049348757913576,
            0.9779093632701668,
            5.632299900054932
        ],
        [
            0.0,
            0.0,
            0.0,
            1.0
        ]
    ],
    "intrinsic_matrix_camera": [
        [
            1.3888888888888888,
            0.0,
            -0.5
        ],
        [
            0.0,
            -1.3888888888888888,
            -0.5
        ],
        [
            0.0,
            0.0,
            -1.0
        ]
    ],
    "extrinsic_matrix_camera": [
        [
            0.062119132994719786,
            0.1504949503094278,
            -0.9866572268256831,
            -12.41625690460205
        ],
        [
            -0.9980687417788339,
            0.009366690221740612,
            -0.06140889022206697,
            -1.0614686012268066
        ],
        [
            -1.5283809215472673e-08,
            0.9885664039636656,
            0.1507861563750034,
            6.537930488586426
        ],
        [
            0.0,
            0.0,
            0.0,
            1.0
        ]
    ]
}