{
    "matrix_probe_in_cam_coord": [
        [
            -0.9290503738264156,
            -0.350633464160547,
            -0.11798973134884068,
            1.403448958303052
        ],
        [
            0.23580579039097807,
            -0.806995161328784,
            0.5414373821689965,
            -0.9703543342939653
        ],
        [
            -0.2850632072209309,
            0.4751999404489697,
            0.83242055746252,
            -10.989931430890229
        ],
        [
            0.0,
            0.0,
            0.0,
            1.0
        ]
    ],
    "matrix_probe_in_world_coord": [
        [
            0.6991808161511528,
            0.7142420813779162,
            0.03169283065852825,
            0.0
        ],
        [
            -0.69421543831444,
            0.6888382352135108,
            -0.20872664160050616,
            0.0
        ],
        [
            -0.1709125844755091,
            0.12393601129969553,
            0.9774603590790901,
            12.494058609008789
        ],
        [
            0.0,
            0.0,
            0.0,
            1.0
        ]
    ],
    "intrinsic_matrix_camera": [
        [
            1.3888888888888888,
            0.0,
            -0.5
        ],
        [
            0.0,
            -1.3888888888888888,
            -0.5
        ],
        [
            0.0,
            0.0,
            -1.0
        ]
    ],
    "extrinsic_matrix_camera": [
        [
            -0.9037508024353491,
            -0.39435933544536744,
            0.16647883242187556,
            2.7152907848358154
        ],
        [
            0.42805897619073796,
            -0.8326015493060223,
            0.35148282034225914,
            2.454094648361206
        ],
        [
            2.350474436508526e-09,
            0.38891563949049385,
            0.9212733716762361,
            22.99617576599121
        ],
        [
            0.0,
            0.0,
            0.0,
            1.0
        ]
    ]
}