{
    "matrix_probe_in_cam_coord": [
        [
            0.3738428502013766,
            -0.45651163219853863,
            0.8073652537858789,
            -0.749702101665791
        ],
        [
            0.9267632275020113,
            0.21836321731340125,
            -0.30565900195249407,
            -1.776412779347269
        ],
        [
            -0.03676198448622591,
            0.8625048608512104,
            0.5047117211881135,
            -15.382230459215847
        ],
        [
            0.0,
            0.0,
            0.0,
            1.0
        ]
    ],
    "matrix_probe_in_world_coord": [
        [
            0.743839352456831,
            -0.4047517932684722,
            0.5318637077133186,
            0.0
        ],
        [
            0.6419569545962628,
            0.21121411195959497,
            -0.7370752114639398,
            0.0
        ],
        [
            0.18599539290556186,
            0.8896991540712376,
            0.4169425968437742,
            8.866789817810059
        ],
        [
            0.0,
            0.0,
            0.0,
            1.0
        ]
    ],
    "intrinsic_matrix_camera": [
        [
            1.3888888888888888,
            0.0,
            -0.5
        ],
        [
            0.0,
            -1.3888888888888888,
            -0.5
        ],
        [
            0.0,
            0.0,
            -1.0
        ]
    ],
    "extrinsic_matrix_camera": [
        [
            0.8922612027521464,
            0.438411125160021,
            -0.10800755251008314,
            -0.2136678397655487
        ],
        [
            -0.45151959654404145,
            0.8663571656884766,
            -0.21343691198322817,
            -2.0826330184936523
        ],
        [
            3.323374920671931e-10,
            0.23920900233092118,
            0.9709681010228123,
            24.227378845214844
        ],
        [
            0.0,
            0.0,
            0.0,
            1.0
        ]
    ]
}