{
    "matrix_probe_in_cam_coord": [
        [
            -0.3876804847708056,
            0.9214082085769335,
            -0.02665998677641808,
            -0.8538188779683042
        ],
        [
            -0.9213758758108223,
            -0.388213436490147,
            -0.018889764486380883,
            -1.0736643940253048
        ],
        [
            -0.027754949139091458,
            0.017240675611940665,
            0.9994660684098936,
            -10.630680784731307
        ],
        [
            0.0,
            0.0,
            0.0,
            1.0
        ]
    ],
    "matrix_probe_in_world_coord": [
        [
            0.1044648335776179,
            0.9906584589468385,
            0.0876522461929855,
            0.0
        ],
        [
            -0.9704892508048493,
            0.12080380226532814,
            -0.20870327125007412,
            0.0
        ],
        [
            -0.2173423856909717,
            -0.06326341024094928,
            0.9740431347259947,
            16.98076057434082
        ],
        [
            0.0,
            0.0,
            0.0,
            1.0
        ]
    ],
    "intrinsic_matrix_camera": [
        [
            1.3888888888888888,
            0.0,
            -0.5
        ],
        [
            0.0,
            -1.3888888888888888,
            -0.5
        ],
        [
            0.0,
            0.0,
            -1.0
        ]
    ],
    "extrinsic_matrix_camera": [
        [
            0.8699650509224918,
            -0.48249403255208273,
            0.10178565087995634,
            1.3068066835403442
        ],
        [
            0.4931133847031803,
            0.8512300798482586,
            -0.17957321901692602,
            -0.5740206241607666
        ],
        [
            -1.1441172233662144e-09,
            0.2064142914460073,
            0.9784646852527908,
            27.6041259765625
        ],
        [
            0.0,
            0.0,
            0.0,
            1.0
        ]
    ]
}