{
    "matrix_probe_in_cam_coord": [
        [
            -0.19255133821660092,
            -0.6192459681466979,
            -0.7612216583131711,
            -0.6548728776526248
        ],
        [
            0.6619064528010735,
            0.4907250654737253,
            -0.5666292949152095,
            -1.5865049752235474
        ],
        [
            0.7244334544257985,
            -0.612962756658075,
            0.3153931341339527,
            -15.729245410616791
        ],
        [
            0.0,
            0.0,
            0.0,
            1.0
        ]
    ],
    "matrix_probe_in_world_coord": [
        [
            -0.1581993994599019,
            -0.4816483532111602,
            -0.8619674088151499,
            0.0
        ],
        [
            0.21203173818809537,
            0.8360253657668059,
            -0.5060673174543219,
            0.0
        ],
        [
            0.9643731082996151,
            -0.2628239936601221,
            -0.03013397327075749,
            5.688453197479248
        ],
        [
            0.0,
            0.0,
            0.0,
            1.0
        ]
    ],
    "intrinsic_matrix_camera": [
        [
            1.3888888888888888,
            0.0,
            -0.5
        ],
        [
            0.0,
            -1.3888888888888888,
            -0.5
        ],
        [
            0.0,
            0.0,
            -1.0
        ]
    ],
    "extrinsic_matrix_camera": [
        [
            0.9848685672117505,
            0.14734586210019646,
            -0.09123103770222087,
            -0.556266725063324
        ],
        [
            -0.1733029293412958,
            0.8373563453277134,
            -0.518459685627669,
            -6.940001010894775
        ],
        [
            -1.0322192242303667e-09,
            0.5264252538218179,
            0.8502214135968553,
            19.896970748901367
        ],
        [
            0.0,
            0.0,
            0.0,
            1.0
        ]
    ]
}