{
    "matrix_probe_in_cam_coord": [
        [
            0.9951795052308923,
            0.09002341877165933,
            -0.03890419567422688,
            -2.4497043539364607
        ],
        [
            -0.05149241611844992,
            0.8172686924263777,
            0.5739515793705626,
            -0.941041536595919
        ],
        [
            0.08346426451290664,
            -0.569181577752075,
            0.8179645763093767,
            -10.291839611887188
        ],
        [
            0.0,
            0.0,
            0.0,
            1.0
        ]
    ],
    "matrix_probe_in_world_coord": [
        [
            0.8178737219842033,
            -0.5726232840890167,
            0.0564371279107572,
            0.0
        ],
        [
            0.5747886465982872,
            0.8085565608007853,
            -0.12591385836243443,
            0.0
        ],
        [
            0.026468597042820653,
            0.13542105635799462,
            0.9904345262890776,
            9.500395774841309
        ],
        [
            0.0,
            0.0,
            0.0,
            1.0
        ]
    ],
    "intrinsic_matrix_camera": [
        [
            1.3888888888888888,
            0.0,
            -0.5
        ],
        [
            0.0,
            -1.3888888888888888,
            -0.5
        ],
        [
            0.0,
            0.0,
            -1.0
        ]
    ],
    "extrinsic_matrix_camera": [
        [
            0.7601860192161083,
            -0.4777091979655674,
            0.44035342438484687,
            5.944733619689941
        ],
        [
            0.6497054841913885,
            0.5589422491558665,
            -0.5152342631465949,
            -3.185134172439575
        ],
        [
            1.3162985818358965e-08,
            0.6777739182704478,
            0.7352703691243951,
            17.705493927001953
        ],
        [
            0.0,
            0.0,
            0.0,
            1.0
        ]
    ]
}