{
    "matrix_probe_in_cam_coord": [
        [
            -0.6456949768660902,
            -0.5681972744245268,
            -0.5101272921403431,
            -0.8311621996469044
        ],
        [
            0.12107235347633244,
            0.5834280252990743,
            -0.8030897985401916,
            0.41878027320797884
        ],
        [
            0.7539359933532834,
            -0.5803133607217417,
            -0.3079235640450996,
            -14.512601083414774
        ],
        [
            0.0,
            0.0,
            0.0,
            1.0
        ]
    ],
    "matrix_probe_in_world_coord": [
        [
            -0.7223271400080286,
            -0.3787214550370516,
            -0.5786307650846445,
            0.0
        ],
        [
            -0.27927627691841456,
            0.9251998482893258,
            -0.2569241169606271,
            0.0
        ],
        [
            0.6326517714812878,
            -0.02398541681996474,
            -0.774064878302563,
            6.818209171295166
        ],
        [
            0.0,
            0.0,
            0.0,
            1.0
        ]
    ],
    "intrinsic_matrix_camera": [
        [
            1.3888888888888888,
            0.0,
            -0.5
        ],
        [
            0.0,
            -1.3888888888888888,
            -0.5
        ],
        [
            0.0,
            0.0,
            -1.0
        ]
    ],
    "extrinsic_matrix_camera": [
        [
            0.9767668498171007,
            0.1562819070897244,
            -0.14663726202700317,
            -1.3816841840744019
        ],
        [
            -0.21430473886122356,
            0.7123080217078503,
            -0.6683492807748589,
            -10.175909042358398
        ],
        [
            -2.1784303136539457e-09,
            0.6842464817060057,
            0.7292508157506253,
            17.114986419677734
        ],
        [
            0.0,
            0.0,
            0.0,
            1.0
        ]
    ]
}