{
    "matrix_probe_in_cam_coord": [
        [
            -0.02378519382596405,
            0.9831544243487287,
            0.18122263224603283,
            -0.3764566331859583
        ],
        [
            -0.998689076432993,
            -0.031585723251055894,
            0.040279904420482175,
            0.21473703843425662
        ],
        [
            0.04532541415229192,
            -0.18002699789261406,
            0.9826168565935027,
            -10.769602805489264
        ],
        [
            0.0,
            0.0,
            0.0,
            1.0
        ]
    ],
    "matrix_probe_in_world_coord": [
        [
            -0.29275264841011134,
            -0.9309911504895757,
            -0.21806275371773598,
            0.0
        ],
        [
            0.9453864648306853,
            -0.31600024269486204,
            0.07992670850052386,
            0.0
        ],
        [
            -0.14331894139926216,
            -0.1827548202562235,
            0.9726563404971514,
            14.347624778747559
        ],
        [
            0.0,
            0.0,
            0.0,
            1.0
        ]
    ],
    "intrinsic_matrix_camera": [
        [
            1.3888888888888888,
            0.0,
            -0.5
        ],
        [
            0.0,
            -1.3888888888888888,
            -0.5
        ],
        [
            0.0,
            0.0,
            -1.0
        ]
    ],
    "extrinsic_matrix_camera": [
        [
            -0.9478627963713875,
            0.3129913540151352,
            -0.059937730744384334,
            -1.0695456266403198
        ],
        [
            -0.3186787085059402,
            -0.9309465990419382,
            0.1782759391427654,
            1.9999010562896729
        ],
        [
            9.898379757067242e-10,
            0.18808200882599402,
            0.9821533271113929,
            24.8846378326416
        ],
        [
            0.0,
            0.0,
            0.0,
            1.0
        ]
    ]
}