{
    "matrix_probe_in_cam_coord": [
        [
            -0.7388377037405629,
            0.649180037333671,
            -0.1807875179840308,
            0.7921557973695968
        ],
        [
            -0.6693748771135635,
            -0.7379723847719042,
            0.0856389701203332,
            -1.4502823703185168
        ],
        [
            -0.07782108596373369,
            0.18428792266864044,
            0.979786629903625,
            -12.81653235188724
        ],
        [
            0.0,
            0.0,
            0.0,
            1.0
        ]
    ],
    "matrix_probe_in_world_coord": [
        [
            0.8439479212725857,
            -0.01619329256738582,
            0.5361806444245347,
            0.0
        ],
        [
            -0.17866917064560814,
            0.9339854331269896,
            0.30943260682643153,
            0.0
        ],
        [
            -0.5057956441493866,
            -0.3569439563606834,
            0.7853418226333615,
            15.521743774414062
        ],
        [
            0.0,
            0.0,
            0.0,
            1.0
        ]
    ],
    "intrinsic_matrix_camera": [
        [
            1.3888888888888888,
            0.0,
            -0.5
        ],
        [
            0.0,
            -1.3888888888888888,
            -0.5
        ],
        [
            0.0,
            0.0,
            -1.0
        ]
    ],
    "extrinsic_matrix_camera": [
        [
            -0.7309876743996985,
            -0.5070493751718472,
            0.4566814546415912,
            5.69676399230957
        ],
        [
            0.6823906651440365,
            -0.543159313511792,
            0.48920439518638664,
            4.941609859466553
        ],
        [
            2.486114479390439e-09,
            0.6692375447352292,
            0.7430485237969064,
            26.01563262939453
        ],
        [
            0.0,
            0.0,
            0.0,
            1.0
        ]
    ]
}