{
    "matrix_probe_in_cam_coord": [
        [
            -0.32814078844128775,
            -0.7452794195989595,
            0.5804155491398972,
            0.2548223251997977
        ],
        [
            0.12118282813312246,
            -0.6425729323222713,
            -0.7565809598532178,
            0.7430158310292541
        ],
        [
            0.9368235400152947,
            -0.17792867494868897,
            0.30116945645967425,
            -14.015468881274018
        ],
        [
            0.0,
            0.0,
            0.0,
            1.0
        ]
    ],
    "matrix_probe_in_world_coord": [
        [
            -0.30953896681406196,
            -0.682695465303853,
            -0.6619006947248498,
            0.0
        ],
        [
            0.26499300234480366,
            0.6065790678066584,
            -0.7495602332081742,
            0.0
        ],
        [
            0.9132164785700979,
            -0.40741715250141475,
            -0.006850336901859095,
            14.014930725097656
        ],
        [
            0.0,
            0.0,
            0.0,
            1.0
        ]
    ],
    "intrinsic_matrix_camera": [
        [
            1.3888888888888888,
            0.0,
            -0.5
        ],
        [
            0.0,
            -1.3888888888888888,
            -0.5
        ],
        [
            0.0,
            0.0,
            -1.0
        ]
    ],
    "extrinsic_matrix_camera": [
        [
            0.22619378556336184,
            0.9019522825499197,
            -0.3678565635889967,
            -5.883486270904541
        ],
        [
            -0.9740823226876236,
            0.20944431188223825,
            -0.08542077526960191,
            -1.1046147346496582
        ],
        [
            1.6006610475162263e-09,
            0.37764422440064593,
            0.9259507761089865,
            26.71196937561035
        ],
        [
            0.0,
            0.0,
            0.0,
            1.0
        ]
    ]
}