{
    "matrix_probe_in_cam_coord": [
        [
            0.4375340518493173,
            0.4307865447417565,
            -0.7892951959449501,
            0.471310205887697
        ],
        [
            -0.6254033574018777,
            0.7764822180047832,
            0.07711034737848643,
            -0.5209961464736192
        ],
        [
            0.64609178451887,
            0.4598894627971272,
            0.6091527624376266,
            -11.111527659897096
        ],
        [
            0.0,
            0.0,
            0.0,
            1.0
        ]
    ],
    "matrix_probe_in_world_coord": [
        [
            0.9678893324231961,
            0.19335389033673903,
            0.16063783263300108,
            0.0
        ],
        [
            0.07540351730825103,
            0.38628938633423904,
            -0.9192903891497295,
            0.0
        ],
        [
            -0.23980106288113914,
            0.9018840186504943,
            0.3593058128445888,
            12.312520027160645
        ],
        [
            0.0,
            0.0,
            0.0,
            1.0
        ]
    ],
    "intrinsic_matrix_camera": [
        [
            1.3888888888888888,
            0.0,
            -0.5
        ],
        [
            0.0,
            -1.3888888888888888,
            -0.5
        ],
        [
            0.0,
            0.0,
            -1.0
        ]
    ],
    "extrinsic_matrix_camera": [
        [
            0.3799881261031555,
            -0.44279854138594643,
            0.812119742259164,
            8.614102363586426
        ],
        [
            0.924991364295155,
            0.18190242535898626,
            -0.33362026861074606,
            -4.048218250274658
        ],
        [
            1.7518769273671335e-08,
            0.8779754890627626,
            0.4787055886502715,
            18.089092254638672
        ],
        [
            0.0,
            0.0,
            0.0,
            1.0
        ]
    ]
}