{
    "matrix_probe_in_cam_coord": [
        [
            -0.16490427982760522,
            0.1815713072557809,
            0.9694526491149353,
            0.4506864195956618
        ],
        [
            0.39195246311699644,
            0.9140289503670987,
            -0.1045195892995141,
            -0.929913574638749
        ],
        [
            -0.9050855457640778,
            0.36274362609458244,
            -0.22189460691214463,
            -13.957055343894165
        ],
        [
            0.0,
            0.0,
            0.0,
            1.0
        ]
    ],
    "matrix_probe_in_world_coord": [
        [
            0.6407533641698702,
            -0.0009533007747930701,
            -0.767746193427637,
            0.0
        ],
        [
            -0.7213032806710395,
            -0.3432776322070474,
            -0.6015663259521087,
            0.0
        ],
        [
            -0.26297662177119346,
            0.9392334951671792,
            -0.22064391665725744,
            9.506204605102539
        ],
        [
            0.0,
            0.0,
            0.0,
            1.0
        ]
    ],
    "intrinsic_matrix_camera": [
        [
            1.3888888888888888,
            0.0,
            -0.5
        ],
        [
            0.0,
            -1.3888888888888888,
            -0.5
        ],
        [
            0.0,
            0.0,
            -1.0
        ]
    ],
    "extrinsic_matrix_camera": [
        [
            -0.8501296451997649,
            0.33051803165363614,
            -0.4099236722907421,
            -5.030832290649414
        ],
        [
            -0.5265734387077663,
            -0.5336068260391624,
            0.6618037238123469,
            8.97794246673584
        ],
        [
            -5.553877114444982e-09,
            0.7784738826423254,
            0.6276769981796235,
            18.99064064025879
        ],
        [
            0.0,
            0.0,
            0.0,
            1.0
        ]
    ]
}