{
    "matrix_probe_in_cam_coord": [
        [
            0.5830565694782113,
            0.5081546661613269,
            -0.6338957895796205,
            0.11446330549951118
        ],
        [
            0.5902772711840686,
            0.2711464954821214,
            0.7602975214422664,
            -0.8645235164360336
        ],
        [
            0.5582273550371656,
            -0.8174707415230436,
            -0.14185840419931442,
            -10.437894081908798
        ],
        [
            0.0,
            0.0,
            0.0,
            1.0
        ]
    ],
    "matrix_probe_in_world_coord": [
        [
            0.5702831824983899,
            0.6426343419004673,
            -0.5116621877466242,
            0.0
        ],
        [
            -0.12257091280839622,
            0.6824756099236698,
            0.7205577098280412,
            0.0
        ],
        [
            0.8122520933139077,
            -0.3482070425328419,
            0.4679726406935633,
            13.860700607299805
        ],
        [
            0.0,
            0.0,
            0.0,
            1.0
        ]
    ],
    "intrinsic_matrix_camera": [
        [
            1.3888888888888888,
            0.0,
            -0.5
        ],
        [
            0.0,
            -1.3888888888888888,
            -0.5
        ],
        [
            0.0,
            0.0,
            -1.0
        ]
    ],
    "extrinsic_matrix_camera": [
        [
            0.9834055019905459,
            0.12185775729060093,
            -0.13440351797042863,
            -1.4101046323776245
        ],
        [
            -0.18142110862499528,
            0.6605382867821213,
            -0.7285434462269342,
            -7.0126423835754395
        ],
        [
            -9.483027291703164e-10,
            0.7408372686920152,
            0.6716845549191636,
            21.512144088745117
        ],
        [
            0.0,
            0.0,
            0.0,
            1.0
        ]
    ]
}