{
    "matrix_probe_in_cam_coord": [
        [
            0.20755276058407698,
            -0.41689148388918934,
            -0.8849425643704789,
            -0.29120704960980176
        ],
        [
            0.040958465983372085,
            -0.9001453373590861,
            0.43365974645450595,
            0.5867446821671987
        ],
        [
            -0.9773659783511076,
            -0.12625316745083,
            -0.16975241403413088,
            -11.649976629200152
        ],
        [
            0.0,
            0.0,
            0.0,
            1.0
        ]
    ],
    "matrix_probe_in_world_coord": [
        [
            -0.842447987705247,
            0.2414382237528538,
            0.48165233532336044,
            0.0
        ],
        [
            -0.5384751091872608,
            -0.3473514265316898,
            -0.7677184010248599,
            0.0
        ],
        [
            -0.0180539413189342,
            -0.9061206159212287,
            0.4226339842054653,
            12.0663423538208
        ],
        [
            0.0,
            0.0,
            0.0,
            1.0
        ]
    ],
    "intrinsic_matrix_camera": [
        [
            1.3888888888888888,
            0.0,
            -0.5
        ],
        [
            0.0,
            -1.3888888888888888,
            -0.5
        ],
        [
            0.0,
            0.0,
            -1.0
        ]
    ],
    "extrinsic_matrix_camera": [
        [
            -0.7017405976207062,
            -0.0429616390030275,
            0.7111360145746433,
            8.105573654174805
        ],
        [
            0.7124325467375373,
            -0.04231691456191072,
            0.7004635215991095,
            8.392678260803223
        ],
        [
            2.1020922563183096e-08,
            0.9981801321986594,
            0.06030276680108522,
            12.183191299438477
        ],
        [
            0.0,
            0.0,
            0.0,
            1.0
        ]
    ]
}