{
    "matrix_probe_in_cam_coord": [
        [
            -0.7123713768025314,
            0.39607551916314376,
            -0.57935412713824,
            -0.19281382359942803
        ],
        [
            -0.007525360079072939,
            0.8211643056195027,
            0.570642227785607,
            1.5062889185035528
        ],
        [
            0.701762346145863,
            0.4108690378893089,
            -0.5819933360750513,
            -11.290762424277887
        ],
        [
            0.0,
            0.0,
            0.0,
            1.0
        ]
    ],
    "matrix_probe_in_world_coord": [
        [
            0.3902441695439297,
            -0.4678302832161266,
            0.7929970455448667,
            0.0
        ],
        [
            0.9139136266717749,
            0.09235857729033169,
            -0.39526165534307695,
            0.0
        ],
        [
            0.11167529324166649,
            0.8789793622758298,
            0.4635988670958582,
            6.39924430847168
        ],
        [
            0.0,
            0.0,
            0.0,
            1.0
        ]
    ],
    "intrinsic_matrix_camera": [
        [
            1.3888888888888888,
            0.0,
            -0.5
        ],
        [
            0.0,
            -1.3888888888888888,
            -0.5
        ],
        [
            0.0,
            0.0,
            -1.0
        ]
    ],
    "extrinsic_matrix_camera": [
        [
            -0.9227210097970869,
            0.06541534313760443,
            -0.3798773104059171,
            -4.565552234649658
        ],
        [
            -0.38546846573882537,
            -0.15658895369645634,
            0.9093371000356276,
            10.428653717041016
        ],
        [
            7.857098165574495e-09,
            0.9854951712019893,
            0.16970346943289472,
            6.830885410308838
        ],
        [
            0.0,
            0.0,
            0.0,
            1.0
        ]
    ]
}