{
    "matrix_probe_in_cam_coord": [
        [
            -0.8681657275491839,
            -0.47805858980420096,
            -0.1332225740008614,
            -1.2906749358344336
        ],
        [
            -0.30086728195836976,
            0.2935209262810915,
            0.9073722193686964,
            0.2720190732344543
        ],
        [
            -0.39467347029662286,
            0.8278317767212784,
            -0.39865699704697516,
            -9.691277580203822
        ],
        [
            0.0,
            0.0,
            0.0,
            1.0
        ]
    ],
    "matrix_probe_in_world_coord": [
        [
            -0.7197205838371068,
            0.38857383888765173,
            -0.5753369907569714,
            0.0
        ],
        [
            -0.5800828101905136,
            -0.7918894249317993,
            0.19082733557501846,
            0.0
        ],
        [
            -0.38145276840344305,
            0.4710854597769893,
            0.7953441236748104,
            5.553493499755859
        ],
        [
            0.0,
            0.0,
            0.0,
            1.0
        ]
    ],
    "intrinsic_matrix_camera": [
        [
            1.3888888888888888,
            0.0,
            -0.5
        ],
        [
            0.0,
            -1.3888888888888888,
            -0.5
        ],
        [
            0.0,
            0.0,
            -1.0
        ]
    ],
    "extrinsic_matrix_camera": [
        [
            0.5157235576721831,
            -0.19144987324059579,
            0.8350905089258925,
            8.810803413391113
        ],
        [
            0.8567550478765479,
            0.1152432438915295,
            -0.5026825864055882,
            -3.7971925735473633
        ],
        [
            -2.1744043466948806e-08,
            0.9747132607969983,
            0.22345930105162834,
            7.453958988189697
        ],
        [
            0.0,
            0.0,
            0.0,
            1.0
        ]
    ]
}