{
    "matrix_probe_in_cam_coord": [
        [
            -0.6300905927299546,
            0.7764444278556693,
            0.010949676026988828,
            -0.040583193269733725
        ],
        [
            -0.724198103680911,
            -0.5926639779197956,
            0.3525429277425029,
            -0.5507979717652232
        ],
        [
            0.2802194703766787,
            0.21420424768936158,
            0.9357315794038629,
            -10.263338065753064
        ],
        [
            0.0,
            0.0,
            0.0,
            1.0
        ]
    ],
    "matrix_probe_in_world_coord": [
        [
            0.9990367119677869,
            -0.022097570068439258,
            -0.037912340176562885,
            0.0
        ],
        [
            0.021434283609736694,
            0.9996115505692187,
            -0.017813462738595312,
            0.0
        ],
        [
            0.03829124739062936,
            0.016983679391473685,
            0.9991222823096264,
            17.01267433166504
        ],
        [
            0.0,
            0.0,
            0.0,
            1.0
        ]
    ],
    "intrinsic_matrix_camera": [
        [
            1.3888888888888888,
            0.0,
            -0.5
        ],
        [
            0.0,
            -1.3888888888888888,
            -0.5
        ],
        [
            0.0,
            0.0,
            -1.0
        ]
    ],
    "extrinsic_matrix_camera": [
        [
            -0.6470562969939163,
            -0.7237697859389769,
            0.23974037098988718,
            2.03562593460083
        ],
        [
            0.7624422263493288,
            -0.6142364357859552,
            0.2034587241492622,
            1.7807878255844116
        ],
        [
            -6.234097914911381e-09,
            0.3144374308424719,
            0.949278200574092,
            26.92862892150879
        ],
        [
            0.0,
            0.0,
            0.0,
            1.0
        ]
    ]
}