{
    "matrix_probe_in_cam_coord": [
        [
            0.9490987002632206,
            -0.14149416858716302,
            0.28140905709392683,
            0.06019525636451045
        ],
        [
            0.12735521977685613,
            0.9895226640725591,
            0.06801136142097337,
            0.25654873603205264
        ],
        [
            -0.28808385090847105,
            -0.028710582414383106,
            0.9571746952898269,
            -13.588014876349746
        ],
        [
            0.0,
            0.0,
            0.0,
            1.0
        ]
    ],
    "matrix_probe_in_world_coord": [
        [
            0.955496665942545,
            -0.0974734191117566,
            0.27843321270880106,
            0.0
        ],
        [
            0.12223892161338293,
            0.989814371895864,
            -0.07297366121549474,
            0.0
        ],
        [
            -0.2684842032885321,
            0.10376146565589953,
            0.9576793778867027,
            6.351450443267822
        ],
        [
            0.0,
            0.0,
            0.0,
            1.0
        ]
    ],
    "intrinsic_matrix_camera": [
        [
            1.3888888888888888,
            0.0,
            -0.5
        ],
        [
            0.0,
            -1.3888888888888888,
            -0.5
        ],
        [
            0.0,
            0.0,
            -1.0
        ]
    ],
    "extrinsic_matrix_camera": [
        [
            0.9990061920004925,
            0.04417195239258064,
            -0.005955414889199277,
            -0.15238995850086212
        ],
        [
            -0.04457160917753483,
            0.9900484808959213,
            -0.13348174830666332,
            -2.0650646686553955
        ],
        [
            3.267633224478437e-11,
            0.1336145355023394,
            0.9910333777943576,
            19.783348083496094
        ],
        [
            0.0,
            0.0,
            0.0,
            1.0
        ]
    ]
}