{
    "matrix_probe_in_cam_coord": [
        [
            -0.7216158902580583,
            0.43737569650187474,
            -0.5366311648018317,
            0.1904608613846598
        ],
        [
            -0.5936561448746944,
            0.00783089640059321,
            0.8046807184927941,
            0.31921724109032645
        ],
        [
            0.3561500927693076,
            0.8992447815645433,
            0.25399987056955453,
            -9.472494467422127
        ],
        [
            0.0,
            0.0,
            0.0,
            1.0
        ]
    ],
    "matrix_probe_in_world_coord": [
        [
            0.3156212673891384,
            0.7081792870381967,
            -0.6315578461089257,
            0.0
        ],
        [
            -0.9419598358165553,
            0.15357075681469354,
            -0.298542610626709,
            0.0
        ],
        [
            -0.11443287674493925,
            0.6891285221650849,
            0.7155466418469476,
            8.790059089660645
        ],
        [
            0.0,
            0.0,
            0.0,
            1.0
        ]
    ],
    "intrinsic_matrix_camera": [
        [
            1.3888888888888888,
            0.0,
            -0.5
        ],
        [
            0.0,
            -1.3888888888888888,
            -0.5
        ],
        [
            0.0,
            0.0,
            -1.0
        ]
    ],
    "extrinsic_matrix_camera": [
        [
            0.42089670966231113,
            -0.6900272475855506,
            0.5888194607729513,
            5.717693328857422
        ],
        [
            0.9071085711178345,
            0.3201713590246181,
            -0.2732111657031781,
            -2.862964153289795
        ],
        [
            2.170398511039748e-08,
            0.649116860395598,
            0.7606887021312734,
            15.788469314575195
        ],
        [
            0.0,
            0.0,
            0.0,
            1.0
        ]
    ]
}