{
    "matrix_probe_in_cam_coord": [
        [
            -0.7503526982367084,
            0.29577429360887075,
            0.5911754354580918,
            -1.0064750861538445
        ],
        [
            -0.4018190738502844,
            -0.9142060017809024,
            -0.05261956098141172,
            -1.2833648321893971
        ],
        [
            0.5248926177219402,
            -0.2770287955212422,
            0.8048246929071314,
            -11.080131120916159
        ],
        [
            0.0,
            0.0,
            0.0,
            1.0
        ]
    ],
    "matrix_probe_in_world_coord": [
        [
            0.8434760104444863,
            -0.4816641121009918,
            0.23779802967774158,
            0.0
        ],
        [
            -0.278151985146726,
            -0.01291637628958101,
            0.9604502279569105,
            0.0
        ],
        [
            -0.45954291743382186,
            -0.8762607205264362,
            -0.14487048249696163,
            15.777018547058105
        ],
        [
            0.0,
            0.0,
            0.0,
            1.0
        ]
    ],
    "intrinsic_matrix_camera": [
        [
            1.3888888888888888,
            0.0,
            -0.5
        ],
        [
            0.0,
            -1.3888888888888888,
            -0.5
        ],
        [
            0.0,
            0.0,
            -1.0
        ]
    ],
    "extrinsic_matrix_camera": [
        [
            -0.6347880091025541,
            0.08890264486957235,
            0.7675548861383209,
            7.979804992675781
        ],
        [
            0.7726863422499559,
            0.07303653244688166,
            0.6305723443257879,
            7.858246326446533
        ],
        [
            1.845965161613877e-09,
            0.9933589404959974,
            -0.11505657450432674,
            15.777018547058105
        ],
        [
            0.0,
            0.0,
            0.0,
            1.0
        ]
    ]
}