{
    "matrix_probe_in_cam_coord": [
        [
            -0.19811274463604692,
            -0.9361784537072674,
            -0.29038120329498346,
            0.007209943830725429
        ],
        [
            -0.26462247344297113,
            -0.23416839437242642,
            0.935489235440988,
            -0.7601487315954536
        ],
        [
            -0.9437829660264574,
            0.262173732267956,
            -0.2013421146878955,
            -15.284341010397178
        ],
        [
            0.0,
            0.0,
            0.0,
            1.0
        ]
    ],
    "matrix_probe_in_world_coord": [
        [
            -0.20284087664605494,
            -0.9543863151213329,
            -0.2190943638494249,
            0.0
        ],
        [
            -0.056691212399508875,
            -0.21192466590768033,
            0.9756403243083961,
            0.0
        ],
        [
            -0.9775692738615173,
            0.2103204637904794,
            -0.011118332286091923,
            17.0074462890625
        ],
        [
            0.0,
            0.0,
            0.0,
            1.0
        ]
    ],
    "intrinsic_matrix_camera": [
        [
            1.3888888888888888,
            0.0,
            -0.5
        ],
        [
            0.0,
            -1.3888888888888888,
            -0.5
        ],
        [
            0.0,
            0.0,
            -1.0
        ]
    ],
    "extrinsic_matrix_camera": [
        [
            0.9972821525361426,
            0.07220294658947057,
            -0.014664335534758467,
            -0.1764400750398636
        ],
        [
            -0.07367705363868672,
            0.9773288486438119,
            -0.19849436610564838,
            -2.2904090881347656
        ],
        [
            5.007508149261009e-11,
            0.19903531373190828,
            0.9799923182799143,
            32.13727951049805
        ],
        [
            0.0,
            0.0,
            0.0,
            1.0
        ]
    ]
}