{
    "matrix_probe_in_cam_coord": [
        [
            0.8920233207255337,
            -0.4482983885771471,
            0.057645035180185454,
            0.6803416591295967
        ],
        [
            0.3571122118215611,
            0.7772018631170972,
            0.5181005038940087,
            0.5272673717231573
        ],
        [
            -0.27706544975818276,
            -0.44157198593937835,
            0.8533750159126113,
            -8.544648748904336
        ],
        [
            0.0,
            0.0,
            0.0,
            1.0
        ]
    ],
    "matrix_probe_in_world_coord": [
        [
            0.8940326952026012,
            -0.44435794684326496,
            0.05702240775353955,
            0.0
        ],
        [
            0.4478505794585991,
            0.8831560954857374,
            -0.13951763144844606,
            0.0
        ],
        [
            0.0116360812720552,
            0.15027084242668462,
            0.9885763883125092,
            16.43989372253418
        ],
        [
            0.0,
            0.0,
            0.0,
            1.0
        ]
    ],
    "intrinsic_matrix_camera": [
        [
            1.3888888888888888,
            0.0,
            -0.5
        ],
        [
            0.0,
            -1.3888888888888888,
            -0.5
        ],
        [
            0.0,
            0.0,
            -1.0
        ]
    ],
    "extrinsic_matrix_camera": [
        [
            0.9999900238341202,
            0.003457507237477433,
            -0.0028280516152516177,
            -0.7063226103782654
        ],
        [
            -0.004466792163928843,
            0.7740393186752255,
            -0.6331217741576711,
            -5.814889907836914
        ],
        [
            2.9093032460455822e-11,
            0.6331280903486242,
            0.77404704069682,
            22.72002601623535
        ],
        [
            0.0,
            0.0,
            0.0,
            1.0
        ]
    ]
}