{
    "matrix_probe_in_cam_coord": [
        [
            -0.0986914353856977,
            -0.4776537758466345,
            0.8729873257962936,
            0.48476646809302987
        ],
        [
            0.7987207927908941,
            0.4852384512214761,
            0.3557931149132445,
            -0.6930528417068142
        ],
        [
            -0.5935529426639183,
            0.7323868621675546,
            0.33362312326840743,
            -11.150899137188391
        ],
        [
            0.0,
            0.0,
            0.0,
            1.0
        ]
    ],
    "matrix_probe_in_world_coord": [
        [
            -0.7184364832691033,
            0.41902239148648557,
            0.5552200058903412,
            0.0
        ],
        [
            0.16762837509757622,
            -0.6703781211620099,
            0.7228373970191639,
            0.0
        ],
        [
            0.6750923991351632,
            0.6123833848989051,
            0.41138405721380294,
            11.472702026367188
        ],
        [
            0.0,
            0.0,
            0.0,
            1.0
        ]
    ],
    "intrinsic_matrix_camera": [
        [
            1.3888888888888888,
            0.0,
            -0.5
        ],
        [
            0.0,
            -1.3888888888888888,
            -0.5
        ],
        [
            0.0,
            0.0,
            -1.0
        ]
    ],
    "extrinsic_matrix_camera": [
        [
            0.35545592848028534,
            -0.1729609258567042,
            0.9185508157064639,
            9.950483322143555
        ],
        [
            0.9346930420775681,
            0.06577559646799867,
            -0.3493171739280231,
            -4.302722454071045
        ],
        [
            -5.969021147133274e-09,
            0.982729916628201,
            0.18504569966343257,
            14.217211723327637
        ],
        [
            0.0,
            0.0,
            0.0,
            1.0
        ]
    ]
}