{
    "matrix_probe_in_cam_coord": [
        [
            -0.9781446548184523,
            0.18541451698559866,
            -0.09409830572910702,
            1.000578056954567
        ],
        [
            -0.1384238946607763,
            -0.2429949799029423,
            0.960100132865792,
            -0.4008014110708791
        ],
        [
            0.1551510864835745,
            0.9521422670131634,
            0.2633500403075735,
            -12.260753324727851
        ],
        [
            0.0,
            0.0,
            0.0,
            1.0
        ]
    ],
    "matrix_probe_in_world_coord": [
        [
            -0.47830245636403584,
            -0.7644981787966564,
            0.43216813262054066,
            0.0
        ],
        [
            0.8781535710780763,
            -0.42114842730155505,
            0.22689272307469185,
            0.0
        ],
        [
            0.008547855810174554,
            0.4880333357446215,
            0.8727831330651539,
            4.1289873123168945
        ],
        [
            0.0,
            0.0,
            0.0,
            1.0
        ]
    ],
    "intrinsic_matrix_camera": [
        [
            1.3888888888888888,
            0.0,
            -0.5
        ],
        [
            0.0,
            -1.3888888888888888,
            -0.5
        ],
        [
            0.0,
            0.0,
            -1.0
        ]
    ],
    "extrinsic_matrix_camera": [
        [
            0.28543364145136085,
            0.6669023899775974,
            -0.6883086797142575,
            -8.457486152648926
        ],
        [
            -0.95839847471071,
            0.19861924977969386,
            -0.20499452990052133,
            -1.4748280048370361
        ],
        [
            1.1658705665018511e-08,
            0.7181863239154028,
            0.695850849062412,
            12.948493003845215
        ],
        [
            0.0,
            0.0,
            0.0,
            1.0
        ]
    ]
}