{
    "matrix_probe_in_cam_coord": [
        [
            0.5373670819230343,
            -0.7812194403735581,
            0.3176992370905975,
            0.42865488311134264
        ],
        [
            0.774407163240085,
            0.3079117574480038,
            -0.552705975313933,
            -1.6669060869112666
        ],
        [
            0.33396132229341646,
            0.5430345620747415,
            0.7704435732773207,
            -13.091038144718148
        ],
        [
            0.0,
            0.0,
            0.0,
            1.0
        ]
    ],
    "matrix_probe_in_world_coord": [
        [
            0.8145716236652111,
            -0.11494210702110641,
            -0.5685607988183586,
            0.0
        ],
        [
            -0.27167121224459884,
            0.7904277124172728,
            -0.5490161963734288,
            0.0
        ],
        [
            0.512511289980008,
            0.6016746159481433,
            0.612633523541344,
            3.5765793323516846
        ],
        [
            0.0,
            0.0,
            0.0,
            1.0
        ]
    ],
    "intrinsic_matrix_camera": [
        [
            1.3888888888888888,
            0.0,
            -0.5
        ],
        [
            0.0,
            -1.3888888888888888,
            -0.5
        ],
        [
            0.0,
            0.0,
            -1.0
        ]
    ],
    "extrinsic_matrix_camera": [
        [
            0.34688765292445567,
            0.9096650249969708,
            -0.22842613367524975,
            -1.6227041482925415
        ],
        [
            -0.9379066884549669,
            0.3364423855373947,
            -0.08448411072707585,
            -0.14312857389450073
        ],
        [
            -7.363607472459177e-09,
            0.24354889347145026,
            0.9698886206615852,
            16.679401397705078
        ],
        [
            0.0,
            0.0,
            0.0,
            1.0
        ]
    ]
}