{
    "matrix_probe_in_cam_coord": [
        [
            -0.9605900543194404,
            0.14276423791587076,
            -0.2385060165171418,
            -0.16368078960274685
        ],
        [
            -0.26603747479245354,
            -0.22349137400312244,
            0.9376970021026253,
            0.46596211657777253
        ],
        [
            0.08056556056175056,
            0.9641939525419647,
            0.25266422843939323,
            -11.678422434929388
        ],
        [
            0.0,
            0.0,
            0.0,
            1.0
        ]
    ],
    "matrix_probe_in_world_coord": [
        [
            -0.971121877031042,
            -0.07669739409360221,
            -0.2259199187565281,
            0.0
        ],
        [
            0.05936427648791311,
            -0.9948171687685551,
            0.08255109569462257,
            0.0
        ],
        [
            -0.2310804678651404,
            0.06675560248074167,
            0.9706418015461014,
            13.135302543640137
        ],
        [
            0.0,
            0.0,
            0.0,
            1.0
        ]
    ],
    "intrinsic_matrix_camera": [
        [
            1.3888888888888888,
            0.0,
            -0.5
        ],
        [
            0.0,
            -1.3888888888888888,
            -0.5
        ],
        [
            0.0,
            0.0,
            -1.0
        ]
    ],
    "extrinsic_matrix_camera": [
        [
            0.9757836314646353,
            0.06365158733621916,
            -0.20927202391927296,
            -2.3139092922210693
        ],
        [
            -0.2187379815342756,
            0.2839478486733898,
            -0.9335562728984605,
            -11.070576667785645
        ],
        [
            2.3417321200642888e-09,
            0.9567246702491442,
            0.2909946826604682,
            16.08786392211914
        ],
        [
            0.0,
            0.0,
            0.0,
            1.0
        ]
    ]
}