{
    "matrix_probe_in_cam_coord": [
        [
            0.8982261432081553,
            -0.4286593808742641,
            -0.09716445258372407,
            1.4910068723342391
        ],
        [
            0.43670883395735616,
            0.845351500847327,
            0.3076787843819879,
            -1.0944793798479973
        ],
        [
            -0.04975128140066903,
            -0.3187977026323496,
            0.9465161566478024,
            -12.816571826839251
        ],
        [
            0.0,
            0.0,
            0.0,
            1.0
        ]
    ],
    "matrix_probe_in_world_coord": [
        [
            0.7799577498024524,
            0.5851365221677957,
            -0.22199360114307762,
            0.0
        ],
        [
            -0.6016295743001194,
            0.7987303589002765,
            -0.008465760361147717,
            0.0
        ],
        [
            0.17235940313934728,
            0.1401608511547079,
            0.9750113701660282,
            15.133428573608398
        ],
        [
            0.0,
            0.0,
            0.0,
            1.0
        ]
    ],
    "intrinsic_matrix_camera": [
        [
            1.3888888888888888,
            0.0,
            -0.5
        ],
        [
            0.0,
            -1.3888888888888888,
            -0.5
        ],
        [
            0.0,
            0.0,
            -1.0
        ]
    ],
    "extrinsic_matrix_camera": [
        [
            0.47132406888315764,
            0.7669577553270818,
            -0.4354646066387817,
            -5.444491386413574
        ],
        [
            -0.8819601023240362,
            0.4098662229450202,
            -0.23271454015028514,
            -1.2190039157867432
        ],
        [
            1.220363968236957e-08,
            0.4937463729815414,
            0.8696059562627044,
            26.819190979003906
        ],
        [
            0.0,
            0.0,
            0.0,
            1.0
        ]
    ]
}