{
    "matrix_probe_in_cam_coord": [
        [
            -0.12793461873568676,
            -0.9916891590357682,
            0.013614153660263435,
            0.4095815848419181
        ],
        [
            0.13063744176439168,
            -0.0032425889314596666,
            0.991424906095402,
            -0.5903316302504118
        ],
        [
            -0.9831411862688946,
            0.12861608557234355,
            0.12996657414057666,
            -12.533669322026928
        ],
        [
            0.0,
            0.0,
            0.0,
            1.0
        ]
    ],
    "matrix_probe_in_world_coord": [
        [
            -0.5196868331523735,
            0.8461939670889749,
            -0.11781920688190049,
            0.0
        ],
        [
            -0.8379910272273839,
            -0.5317244693150349,
            -0.12263819559190552,
            0.0
        ],
        [
            -0.16642305649894498,
            0.03499798271140072,
            0.985433157282462,
            3.7389392852783203
        ],
        [
            0.0,
            0.0,
            0.0,
            1.0
        ]
    ],
    "intrinsic_matrix_camera": [
        [
            1.3888888888888888,
            0.0,
            -0.5
        ],
        [
            0.0,
            -1.3888888888888888,
            -0.5
        ],
        [
            0.0,
            0.0,
            -1.0
        ]
    ],
    "extrinsic_matrix_camera": [
        [
            -0.7742794555289211,
            -0.18744331371233797,
            0.6044471266292657,
            7.782417297363281
        ],
        [
            0.6328438391466235,
            -0.22933540168812747,
            0.7395363066048265,
            8.874518394470215
        ],
        [
            -1.1335835153005266e-08,
            0.955128408999064,
            0.2961920362246706,
            8.015154838562012
        ],
        [
            0.0,
            0.0,
            0.0,
            1.0
        ]
    ]
}