{
    "matrix_probe_in_cam_coord": [
        [
            -0.48377786555287566,
            0.27672403901866427,
            0.8302907822144605,
            -0.5776255068193346
        ],
        [
            -0.735560060718643,
            0.3855186147462916,
            -0.557069829338914,
            0.5303096267031733
        ],
        [
            -0.474247165386036,
            -0.8802267911812828,
            0.01704177837001441,
            -9.838650612659928
        ],
        [
            0.0,
            0.0,
            0.0,
            1.0
        ]
    ],
    "matrix_probe_in_world_coord": [
        [
            0.4864630257129992,
            0.0590084447399549,
            -0.8717062166025467,
            0.0
        ],
        [
            0.0754316716003075,
            -0.9968278511793274,
            -0.025383026470232228,
            0.0
        ],
        [
            -0.8704388476703793,
            -0.053406353204247484,
            -0.489370998224952,
            4.120713710784912
        ],
        [
            0.0,
            0.0,
            0.0,
            1.0
        ]
    ],
    "intrinsic_matrix_camera": [
        [
            1.3888888888888888,
            0.0,
            -0.5
        ],
        [
            0.0,
            -1.3888888888888888,
            -0.5
        ],
        [
            0.0,
            0.0,
            -1.0
        ]
    ],
    "extrinsic_matrix_camera": [
        [
            -0.9427806255293145,
            0.15052731446010303,
            -0.29749994912265704,
            -3.551398277282715
        ],
        [
            -0.333413695169461,
            -0.42564009904573025,
            0.8412287524554702,
            8.309688568115234
        ],
        [
            -2.856922728207517e-09,
            0.8922847268029248,
            0.4514731069667714,
            8.089412689208984
        ],
        [
            0.0,
            0.0,
            0.0,
            1.0
        ]
    ]
}