{
    "matrix_probe_in_cam_coord": [
        [
            -0.9601966882316059,
            -0.07837517208400999,
            -0.26810380883131535,
            -0.7371058971889618
        ],
        [
            0.27932352933478627,
            -0.27226427659956953,
            -0.9207879938659455,
            0.777779781648368
        ],
        [
            -0.0008281720929136588,
            -0.9590252843843665,
            0.2833192863934072,
            -10.365349535412488
        ],
        [
            0.0,
            0.0,
            0.0,
            1.0
        ]
    ],
    "matrix_probe_in_world_coord": [
        [
            0.02138445688893184,
            0.6537696518679059,
            -0.7563913982192569,
            0.0
        ],
        [
            0.9713717994169251,
            0.16545755133181334,
            0.17047177480394082,
            0.0
        ],
        [
            0.2365999414646812,
            -0.7383827198707981,
            -0.6315151832657012,
            14.536646842956543
        ],
        [
            0.0,
            0.0,
            0.0,
            1.0
        ]
    ],
    "intrinsic_matrix_camera": [
        [
            1.3888888888888888,
            0.0,
            -0.5
        ],
        [
            0.0,
            -1.3888888888888888,
            -0.5
        ],
        [
            0.0,
            0.0,
            -1.0
        ]
    ],
    "extrinsic_matrix_camera": [
        [
            0.13101882117699273,
            0.5244511787863231,
            -0.8412996074924957,
            -9.031697273254395
        ],
        [
            -0.9913798810231075,
            0.06931045525563735,
            -0.11118449664798336,
            -1.9371263980865479
        ],
        [
            1.8471895004375135e-08,
            0.8486147664646735,
            0.5290113213704478,
            19.35999870300293
        ],
        [
            0.0,
            0.0,
            0.0,
            1.0
        ]
    ]
}