{
    "matrix_probe_in_cam_coord": [
        [
            -0.9063285469059007,
            -0.39796496155161554,
            -0.14210015637098888,
            0.32854484218911323
        ],
        [
            0.16769917782224406,
            -0.6473913481632807,
            0.7434792721260445,
            1.140636756085259
        ],
        [
            -0.387873111753292,
            0.6500064089688277,
            0.6534876567145449,
            -12.52148934630623
        ],
        [
            0.0,
            0.0,
            0.0,
            1.0
        ]
    ],
    "matrix_probe_in_world_coord": [
        [
            0.9879978008063133,
            -0.06048765491213311,
            0.1421322947296597,
            0.0
        ],
        [
            0.05620520790981393,
            0.9978415975087266,
            0.03395763367855153,
            0.0
        ],
        [
            -0.1438795336582057,
            -0.02556149221901584,
            0.989265025111994,
            17.878461837768555
        ],
        [
            0.0,
            0.0,
            0.0,
            1.0
        ]
    ],
    "intrinsic_matrix_camera": [
        [
            1.3888888888888888,
            0.0,
            -0.5
        ],
        [
            0.0,
            -1.3888888888888888,
            -0.5
        ],
        [
            0.0,
            0.0,
            -1.0
        ]
    ],
    "extrinsic_matrix_camera": [
        [
            -0.8915756651960094,
            0.3105180183774169,
            -0.3296534445341889,
            -4.1890177726745605
        ],
        [
            -0.45287176245631977,
            -0.6113216531383199,
            0.6489938390878132,
            8.972454071044922
        ],
        [
            -7.822681919237243e-09,
            0.7279178502188237,
            0.6856643518025465,
            25.633710861206055
        ],
        [
            0.0,
            0.0,
            0.0,
            1.0
        ]
    ]
}