{
    "matrix_probe_in_cam_coord": [
        [
            0.9864495010159632,
            -0.15577737777409548,
            -0.05148582833346947,
            0.7953873305241324
        ],
        [
            0.1362315962740664,
            0.6028520290312999,
            0.7861363642965923,
            1.9085378295582682
        ],
        [
            -0.09142392532579495,
            -0.7824978208702382,
            0.6159048840619401,
            -12.691250233268473
        ],
        [
            0.0,
            0.0,
            0.0,
            1.0
        ]
    ],
    "matrix_probe_in_world_coord": [
        [
            0.9929641138736689,
            -0.1058953161248884,
            -0.05299481655680703,
            0.0
        ],
        [
            0.10448834537435693,
            0.9941131139699845,
            -0.02865837249094923,
            0.0
        ],
        [
            0.0557176295261094,
            0.022919394750098587,
            0.9981834736681832,
            18.444326400756836
        ],
        [
            0.0,
            0.0,
            0.0,
            1.0
        ]
    ],
    "intrinsic_matrix_camera": [
        [
            1.3888888888888888,
            0.0,
            -0.5
        ],
        [
            0.0,
            -1.3888888888888888,
            -0.5
        ],
        [
            0.0,
            0.0,
            -1.0
        ]
    ],
    "extrinsic_matrix_camera": [
        [
            0.9987335313497406,
            0.029772727670540733,
            -0.04055758923719434,
            -1.3659288883209229
        ],
        [
            -0.050312357902181054,
            0.5910083331691213,
            -0.8050949116514028,
            -11.305604934692383
        ],
        [
            1.6588968518242389e-09,
            0.8061158321306642,
            0.5917577757734048,
            24.415969848632812
        ],
        [
            0.0,
            0.0,
            0.0,
            1.0
        ]
    ]
}