{
    "matrix_probe_in_cam_coord": [
        [
            -0.332510294664903,
            0.4908524390037479,
            0.8052954656931396,
            1.514338612191149
        ],
        [
            -0.7641765845482305,
            0.3601810662549209,
            -0.5350735903963761,
            0.1670375877415039
        ],
        [
            -0.5526943563761619,
            -0.793305415735667,
            0.25533402788191023,
            -12.350638816224237
        ],
        [
            0.0,
            0.0,
            0.0,
            1.0
        ]
    ],
    "matrix_probe_in_world_coord": [
        [
            -0.30149851058536536,
            0.12307777519570666,
            -0.9454895606867806,
            0.0
        ],
        [
            0.6424809730307405,
            -0.7064734724039742,
            -0.29683906764936446,
            0.0
        ],
        [
            -0.7044975850975497,
            -0.696955589720282,
            0.13392557093167315,
            4.77478551864624
        ],
        [
            0.0,
            0.0,
            0.0,
            1.0
        ]
    ],
    "intrinsic_matrix_camera": [
        [
            1.3888888888888888,
            0.0,
            -0.5
        ],
        [
            0.0,
            -1.3888888888888888,
            -0.5
        ],
        [
            0.0,
            0.0,
            -1.0
        ]
    ],
    "extrinsic_matrix_camera": [
        [
            -0.6007340713435264,
            0.7806348802867444,
            -0.1724173982135546,
            -1.3501455783843994
        ],
        [
            -0.7994489198985958,
            -0.5865965384820772,
            0.1295605090828767,
            2.9087750911712646
        ],
        [
            3.5316441463719334e-09,
            0.21567031488024874,
            0.9764662386787649,
            16.798742294311523
        ],
        [
            0.0,
            0.0,
            0.0,
            1.0
        ]
    ]
}