{
    "matrix_probe_in_cam_coord": [
        [
            -0.7162620791037977,
            0.6947152445897348,
            0.06587384133728534,
            -0.9165638750886547
        ],
        [
            -0.492939591799979,
            -0.5705166962616371,
            0.6569027767659206,
            0.3924344307253005
        ],
        [
            0.49394249956242386,
            0.4380427241963182,
            0.7510921241130765,
            -12.500498062591962
        ],
        [
            0.0,
            0.0,
            0.0,
            1.0
        ]
    ],
    "matrix_probe_in_world_coord": [
        [
            0.9877599257154878,
            0.11962180383895588,
            -0.10010471116210494,
            0.0
        ],
        [
            -0.11987617309352998,
            0.992782709433732,
            0.0034921302764743195,
            0.0
        ],
        [
            0.09979996129750819,
            0.008550783340267234,
            0.9949707793846428,
            15.409648895263672
        ],
        [
            0.0,
            0.0,
            0.0,
            1.0
        ]
    ],
    "intrinsic_matrix_camera": [
        [
            1.3888888888888888,
            0.0,
            -0.5
        ],
        [
            0.0,
            -1.3888888888888888,
            -0.5
        ],
        [
            0.0,
            0.0,
            -1.0
        ]
    ],
    "extrinsic_matrix_camera": [
        [
            -0.6309861691963498,
            -0.6209112736353661,
            0.46510820736192454,
            5.479412078857422
        ],
        [
            0.7757940798194551,
            -0.505013409585097,
            0.3782922175465945,
            5.63809061050415
        ],
        [
            -2.0977345092157e-08,
            0.5995253509333385,
            0.8003557668863622,
            25.17922019958496
        ],
        [
            0.0,
            0.0,
            0.0,
            1.0
        ]
    ]
}