{
    "matrix_probe_in_cam_coord": [
        [
            0.6712352201133701,
            0.7319701093213783,
            -0.1168890000787297,
            -0.20628304738469685
        ],
        [
            -0.19374096875157312,
            0.3254585855884068,
            0.9254950816152377,
            0.6261081709347343
        ],
        [
            0.71547726470277,
            -0.5985787067101898,
            0.36027186341233897,
            -12.174477461662816
        ],
        [
            0.0,
            0.0,
            0.0,
            1.0
        ]
    ],
    "matrix_probe_in_world_coord": [
        [
            0.5729977147328955,
            0.8143346651095205,
            -0.09237246403471268,
            0.0
        ],
        [
            -0.7917416054935756,
            0.5791380271897116,
            0.1942791177488305,
            0.0
        ],
        [
            0.2117046268774831,
            -0.03818636751216201,
            0.9765874012575073,
            5.095706939697266
        ],
        [
            0.0,
            0.0,
            0.0,
            1.0
        ]
    ],
    "intrinsic_matrix_camera": [
        [
            1.3888888888888888,
            0.0,
            -0.5
        ],
        [
            0.0,
            -1.3888888888888888,
            -0.5
        ],
        [
            0.0,
            0.0,
            -1.0
        ]
    ],
    "extrinsic_matrix_camera": [
        [
            0.9914822059734227,
            0.06852881481655766,
            -0.1107557527982773,
            -1.1867738962173462
        ],
        [
            -0.1302422175720114,
            0.5216825967759653,
            -0.843139509798355,
            -10.618279457092285
        ],
        [
            -2.60381248374224e-09,
            0.8503828959715285,
            0.5261643566786679,
            10.969051361083984
        ],
        [
            0.0,
            0.0,
            0.0,
            1.0
        ]
    ]
}