{
    "matrix_probe_in_cam_coord": [
        [
            0.36147332984645875,
            0.48319278883832895,
            0.7974094059041137,
            1.3282612626889445
        ],
        [
            -0.737175664507403,
            -0.3755420106695135,
            0.5617296839943281,
            1.359029585597174
        ],
        [
            0.5708844642025057,
            -0.7908811080288473,
            0.2204495441031369,
            -13.520220875028745
        ],
        [
            0.0,
            0.0,
            0.0,
            1.0
        ]
    ],
    "matrix_probe_in_world_coord": [
        [
            0.36051650619952863,
            0.48410213713399325,
            0.7972910193774829,
            0.0
        ],
        [
            -0.7222023182702797,
            0.6858204783911223,
            -0.08985590077677717,
            0.0
        ],
        [
            -0.5902979419265487,
            -0.5434108871210374,
            0.5968692884674235,
            6.078516960144043
        ],
        [
            0.0,
            0.0,
            0.0,
            1.0
        ]
    ],
    "intrinsic_matrix_camera": [
        [
            1.3888888888888888,
            0.0,
            -0.5
        ],
        [
            0.0,
            -1.3888888888888888,
            -0.5
        ],
        [
            0.0,
            0.0,
            -1.0
        ]
    ],
    "extrinsic_matrix_camera": [
        [
            0.9999991217794082,
            0.000297347394196003,
            -0.0012915203984968401,
            -1.346125841140747
        ],
        [
            -0.0013253076671356692,
            0.22436084571798592,
            -0.9745052357315982,
            -13.478678703308105
        ],
        [
            1.6393628837441063e-11,
            0.9745060915629197,
            0.22436104275645252,
            7.787545204162598
        ],
        [
            0.0,
            0.0,
            0.0,
            1.0
        ]
    ]
}