{
    "matrix_probe_in_cam_coord": [
        [
            0.03529414843033921,
            -0.9767281305881721,
            -0.21155727830616358,
            0.8399969465503528
        ],
        [
            -0.17075108257516863,
            -0.2144700432219193,
            0.9616894864558911,
            0.43704958712105846
        ],
        [
            -0.9846818729345964,
            0.0021816228185627027,
            -0.17434692321888676,
            -13.093618109589588
        ],
        [
            0.0,
            0.0,
            0.0,
            1.0
        ]
    ],
    "matrix_probe_in_world_coord": [
        [
            0.44790918915053163,
            0.8309329058691322,
            0.33004221581245186,
            0.0
        ],
        [
            -0.8448023770922805,
            0.5141893691488487,
            -0.14804808784155657,
            0.0
        ],
        [
            -0.29272222657964597,
            -0.21250834947876454,
            0.9322842374877232,
            6.95596170425415
        ],
        [
            0.0,
            0.0,
            0.0,
            1.0
        ]
    ],
    "intrinsic_matrix_camera": [
        [
            1.3888888888888888,
            0.0,
            -0.5
        ],
        [
            0.0,
            -1.3888888888888888,
            -0.5
        ],
        [
            0.0,
            0.0,
            -1.0
        ]
    ],
    "extrinsic_matrix_camera": [
        [
            -0.8656098032919812,
            0.06270693385435432,
            -0.4967771219484682,
            -5.804906368255615
        ],
        [
            -0.5007191512662735,
            -0.10840358534214549,
            0.8587950827992386,
            11.712715148925781
        ],
        [
            -1.468362961772046e-08,
            0.9921272615605086,
            0.1252337688822227,
            8.162116050720215
        ],
        [
            0.0,
            0.0,
            0.0,
            1.0
        ]
    ]
}