{
    "matrix_probe_in_cam_coord": [
        [
            -0.7641185319079159,
            0.3287816050919307,
            -0.5550004732863436,
            -2.0104070791017508
        ],
        [
            -0.3284427368459392,
            -0.9387874131131124,
            -0.10394018276653048,
            -0.392574151140888
        ],
        [
            -0.555201078716568,
            0.10286325453515653,
            0.8253307900826159,
            -10.506540347536808
        ],
        [
            0.0,
            0.0,
            0.0,
            1.0
        ]
    ],
    "matrix_probe_in_world_coord": [
        [
            0.8606230992452055,
            -0.3570569736291893,
            0.36309530240467375,
            0.0
        ],
        [
            -0.3542806246650273,
            0.09237175516548937,
            0.9305657944684003,
            0.0
        ],
        [
            -0.365804756711193,
            -0.9295040486358364,
            -0.04700110144511058,
            11.20114803314209
        ],
        [
            0.0,
            0.0,
            0.0,
            1.0
        ]
    ],
    "intrinsic_matrix_camera": [
        [
            1.3888888888888888,
            0.0,
            -0.5
        ],
        [
            0.0,
            -1.3888888888888888,
            -0.5
        ],
        [
            0.0,
            0.0,
            -1.0
        ]
    ],
    "extrinsic_matrix_camera": [
        [
            -0.9765298887030008,
            0.014794994404803266,
            -0.21487318262237023,
            -4.2149882316589355
        ],
        [
            -0.21538193162311595,
            -0.06707972185338415,
            0.9742232467183114,
            9.776376724243164
        ],
        [
            -5.8398333251432726e-09,
            0.9976379198169214,
            0.06869192778897322,
            12.314509391784668
        ],
        [
            0.0,
            0.0,
            0.0,
            1.0
        ]
    ]
}