{
    "matrix_probe_in_cam_coord": [
        [
            -0.008318916594525778,
            -0.27039191040912103,
            0.9627143971147409,
            -0.6568476940247141
        ],
        [
            -0.31612935736477943,
            -0.9126595991221216,
            -0.25906502184274105,
            -0.7857633234216976
        ],
        [
            0.9486796219160741,
            -0.3064974239949728,
            -0.07788648178998019,
            -10.20526278279004
        ],
        [
            0.0,
            0.0,
            0.0,
            1.0
        ]
    ],
    "matrix_probe_in_world_coord": [
        [
            -0.2679431250851598,
            -0.20405216182619296,
            0.9415780355199754,
            0.0
        ],
        [
            -0.9383728494142328,
            0.27673654822972377,
            -0.20705863506773126,
            0.0
        ],
        [
            -0.21831829332837083,
            -0.9390312018926502,
            -0.2656266640799309,
            17.80497169494629
        ],
        [
            0.0,
            0.0,
            0.0,
            1.0
        ]
    ],
    "intrinsic_matrix_camera": [
        [
            1.3888888888888888,
            0.0,
            -0.5
        ],
        [
            0.0,
            -1.3888888888888888,
            -0.5
        ],
        [
            0.0,
            0.0,
            -1.0
        ]
    ],
    "extrinsic_matrix_camera": [
        [
            0.9638737811710507,
            0.02700491781715015,
            -0.264986921157839,
            -2.0499234199523926
        ],
        [
            -0.26635940751364845,
            0.09772258850064884,
            -0.9589071705466131,
            -9.88407039642334
        ],
        [
            -1.4805258622695286e-09,
            0.9948472395852652,
            0.10138525479367395,
            19.621349334716797
        ],
        [
            0.0,
            0.0,
            0.0,
            1.0
        ]
    ]
}