{
    "matrix_probe_in_cam_coord": [
        [
            -0.3650385579644549,
            -0.08730341083089384,
            0.9268899425803062,
            0.37799024709428974
        ],
        [
            0.6022250159610087,
            0.737102336101198,
            0.30660263577621016,
            1.5451882818412086
        ],
        [
            -0.7099801978576541,
            0.6701180944963722,
            -0.2164944758615268,
            -8.439767755309315
        ],
        [
            0.0,
            0.0,
            0.0,
            1.0
        ]
    ],
    "matrix_probe_in_world_coord": [
        [
            -0.26070513370776555,
            0.2647039025768119,
            -0.9284205282193094,
            0.0
        ],
        [
            -0.9277263228793367,
            0.19740064104439414,
            0.3167915035982609,
            0.0
        ],
        [
            0.2671267547349026,
            0.9439093340336602,
            0.19410941767191847,
            10.210697174072266
        ],
        [
            0.0,
            0.0,
            0.0,
            1.0
        ]
    ],
    "intrinsic_matrix_camera": [
        [
            1.3888888888888888,
            0.0,
            -0.5
        ],
        [
            0.0,
            -1.3888888888888888,
            -0.5
        ],
        [
            0.0,
            0.0,
            -1.0
        ]
    ],
    "extrinsic_matrix_camera": [
        [
            -0.7884857775841644,
            -0.24654546940458566,
            0.5634762728487934,
            5.434607982635498
        ],
        [
            0.6150529884062799,
            -0.31606641594702395,
            0.7223654491757668,
            6.352494716644287
        ],
        [
            -2.7181882810845515e-09,
            0.9161426484049714,
            0.4008524014815486,
            12.17818546295166
        ],
        [
            0.0,
            0.0,
            0.0,
            1.0
        ]
    ]
}