{
    "matrix_probe_in_cam_coord": [
        [
            -0.7025754341691817,
            0.2697910602841489,
            0.6584835177077261,
            0.3210799656592258
        ],
        [
            0.1710731806628423,
            -0.8341714625950861,
            0.5243013807438176,
            -1.0186189080853896
        ],
        [
            0.6907399844803287,
            0.4810101399999067,
            0.5399143627070736,
            -13.53455678177637
        ],
        [
            0.0,
            0.0,
            0.0,
            1.0
        ]
    ],
    "matrix_probe_in_world_coord": [
        [
            0.5472896225063327,
            -0.7616061390960766,
            -0.3470304856753128,
            0.0
        ],
        [
            0.4431958866096641,
            0.6154579182803113,
            -0.6517583577663882,
            0.0
        ],
        [
            0.7099658267755917,
            0.20289810180786141,
            0.6743744398282138,
            4.058922290802002
        ],
        [
            0.0,
            0.0,
            0.0,
            1.0
        ]
    ],
    "intrinsic_matrix_camera": [
        [
            1.3888888888888888,
            0.0,
            -0.5
        ],
        [
            0.0,
            -1.3888888888888888,
            -0.5
        ],
        [
            0.0,
            0.0,
            -1.0
        ]
    ],
    "extrinsic_matrix_camera": [
        [
            -0.8185006268936219,
            0.5469881206373312,
            -0.17567219374843568,
            -1.557668685913086
        ],
        [
            -0.5745056342410817,
            -0.7792963087668507,
            0.25028092090212006,
            2.778097629547119
        ],
        [
            -1.5854997613784805e-09,
            0.3057797557458656,
            0.9521022744306404,
            17.256677627563477
        ],
        [
            0.0,
            0.0,
            0.0,
            1.0
        ]
    ]
}