{
    "matrix_probe_in_cam_coord": [
        [
            0.4518910339324854,
            -0.6522075813688465,
            -0.608621199315657,
            1.1468252658296587
        ],
        [
            0.6136369999024813,
            0.7224626167778446,
            -0.3185865654876099,
            0.31629228652382047
        ],
        [
            0.6474906376173415,
            -0.22950607434991427,
            0.7266930824181418,
            -12.398553463727795
        ],
        [
            0.0,
            0.0,
            0.0,
            1.0
        ]
    ],
    "matrix_probe_in_world_coord": [
        [
            0.45819599775625436,
            0.49597313353826367,
            -0.737609028177114,
            0.0
        ],
        [
            -0.3176113283447988,
            0.8664162901035797,
            0.3852867196649818,
            0.0
        ],
        [
            0.8301683394030414,
            0.05773615029931869,
            0.5545151622827021,
            11.897300720214844
        ],
        [
            0.0,
            0.0,
            0.0,
            1.0
        ]
    ],
    "intrinsic_matrix_camera": [
        [
            1.3888888888888888,
            0.0,
            -0.5
        ],
        [
            0.0,
            -1.3888888888888888,
            -0.5
        ],
        [
            0.0,
            0.0,
            -1.0
        ]
    ],
    "extrinsic_matrix_camera": [
        [
            0.33250171667609296,
            0.8744803922976339,
            -0.35316660642595854,
            -5.036667823791504
        ],
        [
            -0.9431026499843224,
            0.3083081447605861,
            -0.1245129690708336,
            -0.5597222447395325
        ],
        [
            -8.820626360250562e-09,
            0.3744731383707811,
            0.9272377627333445,
            23.275264739990234
        ],
        [
            0.0,
            0.0,
            0.0,
            1.0
        ]
    ]
}