{
    "matrix_probe_in_cam_coord": [
        [
            -0.48829457075239646,
            0.6275550614286863,
            0.6064182195885698,
            0.29947883087089394
        ],
        [
            -0.5425793145947685,
            -0.7625737480528367,
            0.3522626380337831,
            -0.48629319278733063
        ],
        [
            0.6835028160495055,
            -0.157022048311333,
            0.7128590160729604,
            -13.998034045929627
        ],
        [
            0.0,
            0.0,
            0.0,
            1.0
        ]
    ],
    "matrix_probe_in_world_coord": [
        [
            -0.7733767032850817,
            -0.5283447804714517,
            0.35034307152343164,
            0.0
        ],
        [
            0.2985054362470284,
            -0.7910367537802361,
            -0.5339993995313081,
            0.0
        ],
        [
            0.5592700415245484,
            -0.30840338376451043,
            0.7694831859993629,
            6.797244071960449
        ],
        [
            0.0,
            0.0,
            0.0,
            1.0
        ]
    ],
    "intrinsic_matrix_camera": [
        [
            1.3888888888888888,
            0.0,
            -0.5
        ],
        [
            0.0,
            -1.3888888888888888,
            -0.5
        ],
        [
            0.0,
            0.0,
            -1.0
        ]
    ],
    "extrinsic_matrix_camera": [
        [
            0.25852462587463515,
            0.9459328356919516,
            -0.19589815766403498,
            -2.3596110343933105
        ],
        [
            -0.9660046675955453,
            0.2531529499886638,
            -0.052426768884389664,
            -0.32146719098091125
        ],
        [
            -5.646982484759546e-09,
            0.20279214548847863,
            0.9792218061951948,
            20.60304069519043
        ],
        [
            0.0,
            0.0,
            0.0,
            1.0
        ]
    ]
}