{
    "matrix_probe_in_cam_coord": [
        [
            0.08148375133566302,
            0.9046350645191693,
            0.41832499125759404,
            0.7863300191864661
        ],
        [
            -0.8436930625466914,
            -0.1608423600365644,
            0.5121637935548086,
            -0.800189632434865
        ],
        [
            0.5306057052829836,
            -0.39467092021108724,
            0.7501282892018414,
            -12.664681629047147
        ],
        [
            0.0,
            0.0,
            0.0,
            1.0
        ]
    ],
    "matrix_probe_in_world_coord": [
        [
            -0.309050295094913,
            -0.5807563360553973,
            -0.7531334498170014,
            0.0
        ],
        [
            0.37153178916432716,
            -0.8026986301260801,
            0.46651799411605577,
            0.0
        ],
        [
            -0.8754724694369899,
            -0.1356354943413586,
            0.46384368911592844,
            17.625728607177734
        ],
        [
            0.0,
            0.0,
            0.0,
            1.0
        ]
    ],
    "intrinsic_matrix_camera": [
        [
            1.3888888888888888,
            0.0,
            -0.5
        ],
        [
            0.0,
            -1.3888888888888888,
            -0.5
        ],
        [
            0.0,
            0.0,
            -1.0
        ]
    ],
    "extrinsic_matrix_camera": [
        [
            -0.8656096667436166,
            -0.03157387506437145,
            -0.4997229184792554,
            -5.6734418869018555
        ],
        [
            -0.5007193873218861,
            0.054582774662152174,
            0.8638870388367774,
            11.37826156616211
        ],
        [
            2.018904043475022e-09,
            0.9980099253632702,
            -0.06305702876285732,
            17.625728607177734
        ],
        [
            0.0,
            0.0,
            0.0,
            1.0
        ]
    ]
}