{
    "matrix_probe_in_cam_coord": [
        [
            0.6129946346693459,
            0.7900471017279792,
            -0.007947006846303334,
            2.016015581048758
        ],
        [
            -0.24527865149743777,
            0.19985296951530349,
            0.9486291022815574,
            1.8597840689889804
        ],
        [
            0.7510499057893512,
            -0.5795553188670904,
            0.3162904857669154,
            -8.481815042951855
        ],
        [
            0.0,
            0.0,
            0.0,
            1.0
        ]
    ],
    "matrix_probe_in_world_coord": [
        [
            0.683293715650215,
            0.7281322642453678,
            -0.054158138057328185,
            0.0
        ],
        [
            -0.6381916028472369,
            0.6316315497942538,
            0.44017390127060385,
            0.0
        ],
        [
            0.3547128080690032,
            -0.26620479159741367,
            0.8962777653843588,
            5.270777225494385
        ],
        [
            0.0,
            0.0,
            0.0,
            1.0
        ]
    ],
    "intrinsic_matrix_camera": [
        [
            1.3888888888888888,
            0.0,
            -0.5
        ],
        [
            0.0,
            -1.3888888888888888,
            -0.5
        ],
        [
            0.0,
            0.0,
            -1.0
        ]
    ],
    "extrinsic_matrix_camera": [
        [
            0.9945445617324722,
            -0.07345395182858384,
            0.07406505038902496,
            -1.240202784538269
        ],
        [
            0.10431258183155434,
            0.7003299894193977,
            -0.7061563503866984,
            -7.502245903015137
        ],
        [
            -1.4105398936153909e-09,
            0.7100298746395044,
            0.704171553756192,
            9.922927856445312
        ],
        [
            0.0,
            0.0,
            0.0,
            1.0
        ]
    ]
}