{
    "matrix_probe_in_cam_coord": [
        [
            0.8799876375852572,
            -0.3094891357279105,
            0.36033072664360516,
            0.04136157325220923
        ],
        [
            0.012998864552077804,
            0.7740031886748485,
            0.6330482552235048,
            -0.9046451933642832
        ],
        [
            -0.47481868878285977,
            -0.552390748282009,
            0.6851362448411029,
            -13.46489697297462
        ],
        [
            0.0,
            0.0,
            0.0,
            1.0
        ]
    ],
    "matrix_probe_in_world_coord": [
        [
            0.9041220293134428,
            -0.19992951237764717,
            0.3776129581867898,
            0.0
        ],
        [
            0.1615667264462341,
            0.9781239739726663,
            0.13103314254556614,
            0.0
        ],
        [
            -0.39554967957968284,
            -0.057460261227696555,
            0.9166453891031444,
            17.976181030273438
        ],
        [
            0.0,
            0.0,
            0.0,
            1.0
        ]
    ],
    "intrinsic_matrix_camera": [
        [
            1.3888888888888888,
            0.0,
            -0.5
        ],
        [
            0.0,
            -1.3888888888888888,
            -0.5
        ],
        [
            0.0,
            0.0,
            -1.0
        ]
    ],
    "extrinsic_matrix_camera": [
        [
            0.9935577722700735,
            0.09605370403702226,
            -0.060138499336923994,
            -0.7639592885971069
        ],
        [
            -0.11332675395390565,
            0.8421215610322789,
            -0.5272459798640753,
            -6.332804203033447
        ],
        [
            -2.3648245924857535e-09,
            0.5306646421096153,
            0.8475818766435924,
            29.868846893310547
        ],
        [
            0.0,
            0.0,
            0.0,
            1.0
        ]
    ]
}