{
    "matrix_probe_in_cam_coord": [
        [
            0.5377023972272935,
            0.27443999367934674,
            -0.7972194314524088,
            -0.9426354210496748
        ],
        [
            -0.6611528954005192,
            -0.4495186224804059,
            -0.6006745016619474,
            1.2071226982207097
        ],
        [
            -0.5232140870805486,
            0.8500680548712549,
            -0.06026044447122462,
            -9.999039430488226
        ],
        [
            0.0,
            0.0,
            0.0,
            1.0
        ]
    ],
    "matrix_probe_in_world_coord": [
        [
            -0.6436802674403922,
            0.49144252622131906,
            0.5866514780762709,
            0.0
        ],
        [
            0.13714215507023772,
            0.8282330226222899,
            -0.5433434360886642,
            0.0
        ],
        [
            -0.7529061977501288,
            -0.26928480027501295,
            -0.6005147406436334,
            9.59269905090332
        ],
        [
            0.0,
            0.0,
            0.0,
            1.0
        ]
    ],
    "intrinsic_matrix_camera": [
        [
            1.3888888888888888,
            0.0,
            -0.5
        ],
        [
            0.0,
            -1.3888888888888888,
            -0.5
        ],
        [
            0.0,
            0.0,
            -1.0
        ]
    ],
    "extrinsic_matrix_camera": [
        [
            -0.6789268968733432,
            -0.14772807912761088,
            0.7191902970279833,
            6.729557514190674
        ],
        [
            0.7342058762376745,
            -0.13660555262426063,
            0.6650418440145617,
            7.506767749786377
        ],
        [
            3.381175835065214e-08,
            0.9795485376587963,
            0.20120800771965364,
            10.422150611877441
        ],
        [
            0.0,
            0.0,
            0.0,
            1.0
        ]
    ]
}