{
    "matrix_probe_in_cam_coord": [
        [
            0.7268000287915366,
            -0.6854611545993987,
            -0.04364314016980676,
            1.0912902692724886
        ],
        [
            0.6803491351950794,
            0.7097461836536496,
            0.18271674534203908,
            -0.03202437776992628
        ],
        [
            -0.09426967904861666,
            -0.16249110844701548,
            0.9821964504556769,
            -14.556345196449696
        ],
        [
            0.0,
            0.0,
            0.0,
            1.0
        ]
    ],
    "matrix_probe_in_world_coord": [
        [
            0.9780179623272518,
            0.20540225869268325,
            -0.03592739190637478,
            0.0
        ],
        [
            -0.2044625366329457,
            0.9784692243093349,
            0.02816111136141072,
            0.0
        ],
        [
            0.04093820317101795,
            -0.02019626706677438,
            0.998957543801385,
            10.299511909484863
        ],
        [
            0.0,
            0.0,
            0.0,
            1.0
        ]
    ],
    "intrinsic_matrix_camera": [
        [
            1.3888888888888888,
            0.0,
            -0.5
        ],
        [
            0.0,
            -1.3888888888888888,
            -0.5
        ],
        [
            0.0,
            0.0,
            -1.0
        ]
    ],
    "extrinsic_matrix_camera": [
        [
            0.5715961979781811,
            0.8046126079778104,
            -0.16086123690943818,
            -2.9395618438720703
        ],
        [
            -0.8205350610771535,
            0.5605043944112519,
            -0.11205818751339679,
            -0.7177659273147583
        ],
        [
            -3.222511168954858e-10,
            0.196044318787416,
            0.9805950362260549,
            24.579669952392578
        ],
        [
            0.0,
            0.0,
            0.0,
            1.0
        ]
    ]
}