{
    "matrix_probe_in_cam_coord": [
        [
            0.8488392575729483,
            -0.029335570579805032,
            0.5278364700376085,
            0.19796127894458213
        ],
        [
            -0.07962946742138675,
            0.9799722605597923,
            0.1825199070006242,
            -1.4206491813670012
        ],
        [
            -0.5226194243626926,
            -0.19696139934537293,
            0.8295029502338855,
            -12.306706500873585
        ],
        [
            0.0,
            0.0,
            0.0,
            1.0
        ]
    ],
    "matrix_probe_in_world_coord": [
        [
            0.150908594617011,
            -0.9860505316178855,
            0.07022068902256823,
            0.0
        ],
        [
            0.8354362726725278,
            0.16518672052161726,
            0.5241751440752861,
            0.0
        ],
        [
            -0.5284627048087239,
            -0.020437623624059605,
            0.8487104766449209,
            7.560214042663574
        ],
        [
            0.0,
            0.0,
            0.0,
            1.0
        ]
    ],
    "intrinsic_matrix_camera": [
        [
            1.3888888888888888,
            0.0,
            -0.5
        ],
        [
            0.0,
            -1.3888888888888888,
            -0.5
        ],
        [
            0.0,
            0.0,
            -1.0
        ]
    ],
    "extrinsic_matrix_camera": [
        [
            0.19408853499889248,
            -0.965502265884508,
            0.17359439839425905,
            0.7263132929801941
        ],
        [
            0.9809840164763052,
            0.19102545701526613,
            -0.034345803093318895,
            -0.3455004096031189
        ],
        [
            1.421669031611323e-09,
            0.17695945678033076,
            0.9842181418039451,
            19.924095153808594
        ],
        [
            0.0,
            0.0,
            0.0,
            1.0
        ]
    ]
}