{
    "matrix_probe_in_cam_coord": [
        [
            -0.7677066105257555,
            0.6404273258542014,
            0.021895215328730618,
            -0.9823096914710637
        ],
        [
            -0.49413999081965965,
            -0.6134087963373005,
            0.6160806100249947,
            0.2428582355911839
        ],
        [
            0.40798557526927537,
            0.46214985543139536,
            0.7873787408210473,
            -13.049103211012126
        ],
        [
            0.0,
            0.0,
            0.0,
            1.0
        ]
    ],
    "matrix_probe_in_world_coord": [
        [
            -0.8749092243894965,
            0.48417346855004056,
            0.010483388306829669,
            0.0
        ],
        [
            -0.48384991514966025,
            -0.8729954166459011,
            -0.06138617209857172,
            0.0
        ],
        [
            -0.020569605923193665,
            -0.05877971476174204,
            0.9980590345489049,
            8.950262069702148
        ],
        [
            0.0,
            0.0,
            0.0,
            1.0
        ]
    ],
    "intrinsic_matrix_camera": [
        [
            1.3888888888888888,
            0.0,
            -0.5
        ],
        [
            0.0,
            -1.3888888888888888,
            -0.5
        ],
        [
            0.0,
            0.0,
            -1.0
        ]
    ],
    "extrinsic_matrix_camera": [
        [
            0.9819810509311875,
            0.14178998380932578,
            -0.1249352476422562,
            -0.7001183032989502
        ],
        [
            -0.1889794052590936,
            0.7367738300093021,
            -0.6491926584622962,
            -8.835949897766113
        ],
        [
            4.376043573406517e-09,
            0.6611050778089482,
            0.7502933267031133,
            18.58036231994629
        ],
        [
            0.0,
            0.0,
            0.0,
            1.0
        ]
    ]
}