{
    "matrix_probe_in_cam_coord": [
        [
            -0.02991822050640371,
            -0.9989429992295737,
            -0.034896767356783334,
            -0.42437289385894084
        ],
        [
            0.4519227210435253,
            -0.04465880225372797,
            0.8909385195320034,
            0.6723838897078451
        ],
        [
            -0.8915552446631371,
            0.010884653025507023,
            0.45278115027258803,
            -10.933223795079533
        ],
        [
            0.0,
            0.0,
            0.0,
            1.0
        ]
    ],
    "matrix_probe_in_world_coord": [
        [
            0.9836359744009097,
            -0.15758513125937393,
            0.08733382088480178,
            0.0
        ],
        [
            0.1540228429234149,
            0.986987981182558,
            0.04617021614598926,
            0.0
        ],
        [
            -0.09347317113568902,
            -0.031963282171019285,
            0.9951085945115206,
            16.237836837768555
        ],
        [
            0.0,
            0.0,
            0.0,
            1.0
        ]
    ],
    "intrinsic_matrix_camera": [
        [
            1.3888888888888888,
            0.0,
            -0.5
        ],
        [
            0.0,
            -1.3888888888888888,
            -0.5
        ],
        [
            0.0,
            0.0,
            -1.0
        ]
    ],
    "extrinsic_matrix_camera": [
        [
            0.12494225764427147,
            0.5293740743667772,
            -0.8391379634142829,
            -9.47740364074707
        ],
        [
            -0.992164014795312,
            0.0666635452179514,
            -0.10567184811586433,
            -1.6212049722671509
        ],
        [
            -2.5214794645376655e-08,
            0.8457653700213152,
            0.5335550007943956,
            21.502634048461914
        ],
        [
            0.0,
            0.0,
            0.0,
            1.0
        ]
    ]
}