{
    "matrix_probe_in_cam_coord": [
        [
            0.25272356881530683,
            -0.9652994905502468,
            -0.06578519064872577,
            0.4979648277744835
        ],
        [
            0.19301733460589682,
            -0.016325666851553816,
            0.9810595196742588,
            -1.225742245853775
        ],
        [
            -0.9480902416473286,
            -0.2606345451878674,
            0.18219365397242424,
            -10.025195823873386
        ],
        [
            0.0,
            0.0,
            0.0,
            1.0
        ]
    ],
    "matrix_probe_in_world_coord": [
        [
            0.2297099801037343,
            0.9643095456825128,
            0.13168304805983103,
            0.0
        ],
        [
            -0.9638742965653029,
            0.24414718962091303,
            -0.10648234699213069,
            0.0
        ],
        [
            -0.1348319897557126,
            -0.10246584750928331,
            0.9855562310861414,
            13.239762306213379
        ],
        [
            0.0,
            0.0,
            0.0,
            1.0
        ]
    ],
    "intrinsic_matrix_camera": [
        [
            1.3888888888888888,
            0.0,
            -0.5
        ],
        [
            0.0,
            -1.3888888888888888,
            -0.5
        ],
        [
            0.0,
            0.0,
            -1.0
        ]
    ],
    "extrinsic_matrix_camera": [
        [
            -0.8814571816375818,
            0.15778391958623061,
            -0.4451263547123862,
            -3.83014178276062
        ],
        [
            -0.4722639483800676,
            -0.29449583349255015,
            0.8308062151404484,
            8.203189849853516
        ],
        [
            4.200936395312102e-09,
            0.9425372346891842,
            0.3341011242490302,
            17.74449920654297
        ],
        [
            0.0,
            0.0,
            0.0,
            1.0
        ]
    ]
}