{
    "matrix_probe_in_cam_coord": [
        [
            -0.044035545200420315,
            0.9862392143704336,
            0.1593520718311874,
            0.7615681315342124
        ],
        [
            -0.26096147047682794,
            -0.1653242991552553,
            0.9510872657308559,
            -0.7399731329296593
        ],
        [
            0.9643443273465518,
            0.0002968952910394999,
            0.2646505812721988,
            -11.909779751630122
        ],
        [
            0.0,
            0.0,
            0.0,
            1.0
        ]
    ],
    "matrix_probe_in_world_coord": [
        [
            0.6882626799416335,
            -0.7193440391165659,
            0.09401402441670799,
            0.0
        ],
        [
            0.6600948773186956,
            0.6747262192670751,
            0.3301806807964016,
            0.0
        ],
        [
            -0.3009472318151089,
            -0.1651928643163007,
            0.9392241911502277,
            5.269598960876465
        ],
        [
            0.0,
            0.0,
            0.0,
            1.0
        ]
    ],
    "intrinsic_matrix_camera": [
        [
            1.3888888888888888,
            0.0,
            -0.5
        ],
        [
            0.0,
            -1.3888888888888888,
            -0.5
        ],
        [
            0.0,
            0.0,
            -1.0
        ]
    ],
    "extrinsic_matrix_camera": [
        [
            -0.7247719927807181,
            0.02873054950940648,
            0.688389507477819,
            8.771790504455566
        ],
        [
            0.6889887941618982,
            0.030222671734489726,
            0.7241415825876615,
            8.122018814086914
        ],
        [
            1.5480385581664146e-08,
            0.9991301945382877,
            -0.041699572682258254,
            5.512295722961426
        ],
        [
            0.0,
            0.0,
            0.0,
            1.0
        ]
    ]
}