{
    "matrix_probe_in_cam_coord": [
        [
            0.26842565142490116,
            0.7600012954565634,
            0.5919000765006394,
            -0.4165651144258951
        ],
        [
            -0.9394589935653382,
            0.07067728742592895,
            0.33529318581103734,
            1.264986373689113
        ],
        [
            0.21298936373988164,
            -0.6460671419801953,
            0.732961649056226,
            -11.18080883496862
        ],
        [
            0.0,
            0.0,
            0.0,
            1.0
        ]
    ],
    "matrix_probe_in_world_coord": [
        [
            0.9372201806269135,
            0.053381220339559325,
            0.34462846420560633,
            0.0
        ],
        [
            -0.2263830672731885,
            0.8448240362112853,
            0.4847917642572486,
            0.0
        ],
        [
            -0.26527163413685695,
            -0.532374673660132,
            0.8038707402111543,
            9.5520601272583
        ],
        [
            0.0,
            0.0,
            0.0,
            1.0
        ]
    ],
    "intrinsic_matrix_camera": [
        [
            1.3888888888888888,
            0.0,
            -0.5
        ],
        [
            0.0,
            -1.3888888888888888,
            -0.5
        ],
        [
            0.0,
            0.0,
            -1.0
        ]
    ],
    "extrinsic_matrix_camera": [
        [
            0.4961293484520564,
            -0.7611555121031358,
            0.4177295249315649,
            5.840075492858887
        ],
        [
            0.868248621999792,
            0.4349348548651084,
            -0.23869646503232733,
            -2.8573241233825684
        ],
        [
            -2.2009151623601103e-10,
            0.48111740606475667,
            0.8766561706744097,
            18.74517822265625
        ],
        [
            0.0,
            0.0,
            0.0,
            1.0
        ]
    ]
}