{
    "matrix_probe_in_cam_coord": [
        [
            0.8491700598784486,
            -0.457194554196392,
            -0.26435458955576197,
            0.5457129651138145
        ],
        [
            0.511359542473716,
            0.5866967582536967,
            0.6279317894291354,
            0.36155856383445695
        ],
        [
            -0.1319910138119441,
            -0.6684011171951814,
            0.7319961193921245,
            -9.548047385714822
        ],
        [
            0.0,
            0.0,
            0.0,
            1.0
        ]
    ],
    "matrix_probe_in_world_coord": [
        [
            0.8747383678627849,
            -0.3887558634215739,
            -0.28931240285217363,
            0.0
        ],
        [
            0.2976328877460912,
            0.9021427487252636,
            -0.31233495650399007,
            0.0
        ],
        [
            0.38242313204181894,
            0.1871024841571412,
            0.9048454058575712,
            9.954906463623047
        ],
        [
            0.0,
            0.0,
            0.0,
            1.0
        ]
    ],
    "intrinsic_matrix_camera": [
        [
            1.3888888888888888,
            0.0,
            -0.5
        ],
        [
            0.0,
            -1.3888888888888888,
            -0.5
        ],
        [
            0.0,
            0.0,
            -1.0
        ]
    ],
    "extrinsic_matrix_camera": [
        [
            0.9970197573936541,
            0.03755555192595616,
            -0.06738830674705902,
            -1.2010918855667114
        ],
        [
            -0.07714663548528158,
            0.4853565953233414,
            -0.8709060638263092,
            -8.448837280273438
        ],
        [
            1.224698481938763e-09,
            0.8735093336053548,
            0.48680739939356815,
            14.287141799926758
        ],
        [
            0.0,
            0.0,
            0.0,
            1.0
        ]
    ]
}