{
    "matrix_probe_in_cam_coord": [
        [
            -0.3549202464491991,
            -0.7843885755714004,
            0.508690653711575,
            -0.07174275642938348
        ],
        [
            0.9289449362061829,
            -0.23458783305721378,
            0.2864085440038614,
            2.736599192987164
        ],
        [
            -0.10532295171201177,
            0.5741977978837873,
            0.8119137668176828,
            -9.683923576661183
        ],
        [
            0.0,
            0.0,
            0.0,
            1.0
        ]
    ],
    "matrix_probe_in_world_coord": [
        [
            0.497741979373701,
            0.42465383522319355,
            -0.7562552758159,
            0.0
        ],
        [
            -0.20190883607143426,
            0.9047163044755959,
            0.37512828516695407,
            0.0
        ],
        [
            0.8434961433731805,
            -0.03402247266519202,
            0.5360566457645286,
            13.62663745880127
        ],
        [
            0.0,
            0.0,
            0.0,
            1.0
        ]
    ],
    "intrinsic_matrix_camera": [
        [
            1.3888888888888888,
            0.0,
            -0.5
        ],
        [
            0.0,
            -1.3888888888888888,
            -0.5
        ],
        [
            0.0,
            0.0,
            -1.0
        ]
    ],
    "extrinsic_matrix_camera": [
        [
            -0.8944523135366966,
            0.14615829583032713,
            -0.42260242707398815,
            -4.556596755981445
        ],
        [
            -0.44716334689780945,
            -0.2923576822729709,
            0.8453235633809848,
            8.954033851623535
        ],
        [
            -1.4653299133161155e-08,
            0.9450739326507482,
            0.32685663802965453,
            14.20560359954834
        ],
        [
            0.0,
            0.0,
            0.0,
            1.0
        ]
    ]
}