{
    "matrix_probe_in_cam_coord": [
        [
            -0.25432520588881935,
            0.06955907276075711,
            -0.9646140290532133,
            -1.1918808817618702e-08
        ],
        [
            0.9669880848370258,
            0.0018940963950406689,
            -0.25481455253196783,
            -2.264276380837993
        ],
        [
            -0.015897592045035554,
            -0.9975760360972541,
            -0.06774451100760581,
            -13.85452625438847
        ],
        [
            0.0,
            0.0,
            0.0,
            1.0
        ]
    ],
    "matrix_probe_in_world_coord": [
        [
            0.984878479876866,
            0.12750884095127787,
            0.11728544391652085,
            0.0
        ],
        [
            -0.1016678904441925,
            -0.12277728909669292,
            0.9872129341407024,
            0.0
        ],
        [
            0.1402783658589638,
            -0.984208937554079,
            -0.10795715497645292,
            15.42482852935791
        ],
        [
            0.0,
            0.0,
            0.0,
            1.0
        ]
    ],
    "intrinsic_matrix_camera": [
        [
            1.3888888888888888,
            0.0,
            -0.5
        ],
        [
            0.0,
            -1.3888888888888888,
            -0.5
        ],
        [
            0.0,
            0.0,
            -1.0
        ]
    ],
    "extrinsic_matrix_camera": [
        [
            -0.3547452100303915,
            0.9227212311792123,
            -0.15080240545698287,
            0.0
        ],
        [
            -0.9349630131510517,
            -0.35010041275755543,
            0.05721769854246099,
            -0.0
        ],
        [
            8.490187035707099e-10,
            0.16129237588338824,
            0.9869066670571702,
            29.463163375854492
        ],
        [
            0.0,
            0.0,
            0.0,
            1.0
        ]
    ]
}