{
    "matrix_probe_in_cam_coord": [
        [
            0.6811401111045432,
            -0.6744348831146065,
            -0.28493111006465666,
            0.2800760884083777
        ],
        [
            -0.4734708592525366,
            -0.702598887513954,
            0.5312063146300304,
            -0.25557509912775345
        ],
        [
            -0.5584563496667891,
            -0.22691935065644192,
            -0.79789354792134,
            -10.51125341023073
        ],
        [
            0.0,
            0.0,
            0.0,
            1.0
        ]
    ],
    "matrix_probe_in_world_coord": [
        [
            0.7402944823049483,
            -0.6482450236414875,
            -0.17816416248195305,
            0.0
        ],
        [
            0.42847944997563664,
            0.25074360278465707,
            0.8680627895556555,
            0.0
        ],
        [
            -0.5180438595499656,
            -0.7189617757479305,
            0.46338377679409337,
            12.750165939331055
        ],
        [
            0.0,
            0.0,
            0.0,
            1.0
        ]
    ],
    "intrinsic_matrix_camera": [
        [
            1.3888888888888888,
            0.0,
            -0.5
        ],
        [
            0.0,
            -1.3888888888888888,
            -0.5
        ],
        [
            0.0,
            0.0,
            -1.0
        ]
    ],
    "extrinsic_matrix_camera": [
        [
            0.9922078352662677,
            0.010306439658946096,
            -0.1241667787203312,
            -1.5804080963134766
        ],
        [
            -0.12459378650730206,
            0.08207572558756362,
            -0.9888073440428363,
            -10.337732315063477
        ],
        [
            -4.7683585994441316e-09,
            0.9965728034473105,
            0.0827202963556619,
            13.874359130859375
        ],
        [
            0.0,
            0.0,
            0.0,
            1.0
        ]
    ]
}