{
    "matrix_probe_in_cam_coord": [
        [
            0.5541873635182901,
            -0.7805467849671065,
            -0.28917655955170396,
            -0.6473414803662507
        ],
        [
            -0.8240606629416692,
            -0.5634977403944381,
            -0.05826079610251988,
            1.724759042373071
        ],
        [
            -0.11747506079497666,
            0.27058642435990055,
            -0.9555012281746897,
            -7.44083928319856
        ],
        [
            0.0,
            0.0,
            0.0,
            1.0
        ]
    ],
    "matrix_probe_in_world_coord": [
        [
            0.4152796205901259,
            -0.9030975297048061,
            -0.10935121656203857,
            0.0
        ],
        [
            -0.5966477294505435,
            -0.3611376156878423,
            0.7166527119022235,
            0.0
        ],
        [
            -0.6866981313969276,
            -0.2323671112192452,
            -0.6888041825944371,
            9.048641204833984
        ],
        [
            0.0,
            0.0,
            0.0,
            1.0
        ]
    ],
    "intrinsic_matrix_camera": [
        [
            1.3888888888888888,
            0.0,
            -0.5
        ],
        [
            0.0,
            -1.3888888888888888,
            -0.5
        ],
        [
            0.0,
            0.0,
            -1.0
        ]
    ],
    "extrinsic_matrix_camera": [
        [
            0.9666743999687436,
            0.17304870682647652,
            -0.18866570835939803,
            -1.0765300989151
        ],
        [
            -0.2560089928988223,
            0.653421396360737,
            -0.7123902542377423,
            -6.593501091003418
        ],
        [
            -1.6500406617325503e-09,
            0.7369495395504827,
            0.675947761410844,
            12.807199478149414
        ],
        [
            0.0,
            0.0,
            0.0,
            1.0
        ]
    ]
}