{
    "matrix_probe_in_cam_coord": [
        [
            0.010822501144265586,
            0.8220328835661265,
            0.5693371688243632,
            0.24422326386222395
        ],
        [
            -0.9701006774917599,
            0.14668994398131463,
            -0.19335649941180436,
            -0.23050843250504327
        ],
        [
            -0.24246143816906368,
            -0.5502217722616198,
            0.7990422093545942,
            -12.240919046963743
        ],
        [
            0.0,
            0.0,
            0.0,
            1.0
        ]
    ],
    "matrix_probe_in_world_coord": [
        [
            0.7647595429630087,
            0.0895721815416299,
            0.6380592964144346,
            0.0
        ],
        [
            -0.36812245975539093,
            0.8734876144458797,
            0.3185988732454756,
            0.0
        ],
        [
            -0.5287992965867584,
            -0.4785354863576152,
            0.7009815206022411,
            6.07718563079834
        ],
        [
            0.0,
            0.0,
            0.0,
            1.0
        ]
    ],
    "intrinsic_matrix_camera": [
        [
            1.3888888888888888,
            0.0,
            -0.5
        ],
        [
            0.0,
            -1.3888888888888888,
            -0.5
        ],
        [
            0.0,
            0.0,
            -1.0
        ]
    ],
    "extrinsic_matrix_camera": [
        [
            0.44517876307143917,
            -0.8521273244259316,
            0.2751270467927257,
            3.062662363052368
        ],
        [
            0.8954417172045223,
            0.42364453399278595,
            -0.136782454678412,
            -1.7953770160675049
        ],
        [
            -2.393789214481599e-09,
            0.3072528792130978,
            0.9516279042857358,
            17.796810150146484
        ],
        [
            0.0,
            0.0,
            0.0,
            1.0
        ]
    ]
}