{
    "matrix_probe_in_cam_coord": [
        [
            0.7101343172247537,
            -0.7040624873184385,
            -0.00229465699107601,
            -0.40477879931154503
        ],
        [
            0.6746050252452211,
            0.6794826625640668,
            0.2884638126156232,
            -1.3236756206125908
        ],
        [
            -0.20153736976954803,
            -0.2063960397532388,
            0.9574880486776595,
            -11.236149375290069
        ],
        [
            0.0,
            0.0,
            0.0,
            1.0
        ]
    ],
    "matrix_probe_in_world_coord": [
        [
            0.9857474232093624,
            -0.1596672884964215,
            0.0529940998631241,
            0.0
        ],
        [
            0.15533402498601206,
            0.9847981196175754,
            0.07774319442454651,
            0.0
        ],
        [
            -0.06460153494884807,
            -0.06840336674381145,
            0.9955639713752023,
            16.926225662231445
        ],
        [
            0.0,
            0.0,
            0.0,
            1.0
        ]
    ],
    "intrinsic_matrix_camera": [
        [
            1.3888888888888888,
            0.0,
            -0.5
        ],
        [
            0.0,
            -1.3888888888888888,
            -0.5
        ],
        [
            0.0,
            0.0,
            -1.0
        ]
    ],
    "extrinsic_matrix_camera": [
        [
            0.8123072183372854,
            0.5717858911002799,
            -0.11496902963755343,
            -0.20614540576934814
        ],
        [
            -0.5832297857938514,
            0.7963684605215892,
            -0.16012586314937513,
            -0.9811436533927917
        ],
        [
            -2.0894753309692947e-10,
            0.19712475700716298,
            0.9803784117242011,
            28.20283317565918
        ],
        [
            0.0,
            0.0,
            0.0,
            1.0
        ]
    ]
}