{
    "matrix_probe_in_cam_coord": [
        [
            0.4009917510844151,
            -0.8621340967148523,
            -0.3097263547777626,
            -0.5890217712995163
        ],
        [
            -0.2571136868114284,
            -0.4304266081517238,
            0.8652314644355215,
            -1.1640578317068415
        ],
        [
            -0.8792600113825769,
            -0.2673157950377576,
            -0.39426399544828133,
            -12.332499114756812
        ],
        [
            0.0,
            0.0,
            0.0,
            1.0
        ]
    ],
    "matrix_probe_in_world_coord": [
        [
            0.39028157676710046,
            -0.5480785747657526,
            -0.7397906235678627,
            0.0
        ],
        [
            0.12869460704610164,
            -0.7631493734957114,
            0.6332777683215736,
            0.0
        ],
        [
            -0.9116567275863406,
            -0.3423637095485509,
            -0.22730838398686518,
            10.583822250366211
        ],
        [
            0.0,
            0.0,
            0.0,
            1.0
        ]
    ],
    "intrinsic_matrix_camera": [
        [
            1.3888888888888888,
            0.0,
            -0.5
        ],
        [
            0.0,
            -1.3888888888888888,
            -0.5
        ],
        [
            0.0,
            0.0,
            -1.0
        ]
    ],
    "extrinsic_matrix_camera": [
        [
            0.8581495730047038,
            -0.5045292577654024,
            0.09502388336905837,
            1.0900495052337646
        ],
        [
            0.5133997568677299,
            0.843322502335835,
            -0.1588327633146935,
            -0.6747251152992249
        ],
        [
            -2.9204726893060833e-09,
            0.18508750663596354,
            0.982722043554169,
            22.91869354248047
        ],
        [
            0.0,
            0.0,
            0.0,
            1.0
        ]
    ]
}