{
    "matrix_probe_in_cam_coord": [
        [
            0.3062117243089522,
            0.9086271235305227,
            0.283956211906672,
            1.2855197561083875
        ],
        [
            0.9362986009780396,
            -0.3413521892395538,
            0.08260516150900886,
            -1.5619081278604843
        ],
        [
            0.17198636487321814,
            0.24057313500474772,
            -0.9552723470360082,
            -10.300737925961917
        ],
        [
            0.0,
            0.0,
            0.0,
            1.0
        ]
    ],
    "matrix_probe_in_world_coord": [
        [
            -0.2840197665655731,
            0.9585882231168771,
            0.021009300361168683,
            0.0
        ],
        [
            0.8653957590284017,
            0.24685054508826948,
            0.43606764228188366,
            0.0
        ],
        [
            0.41282314912767915,
            0.14203318940040965,
            -0.8996686171324714,
            11.1370849609375
        ],
        [
            0.0,
            0.0,
            0.0,
            1.0
        ]
    ],
    "intrinsic_matrix_camera": [
        [
            1.3888888888888888,
            0.0,
            -0.5
        ],
        [
            0.0,
            -1.3888888888888888,
            -0.5
        ],
        [
            0.0,
            0.0,
            -1.0
        ]
    ],
    "extrinsic_matrix_camera": [
        [
            0.7899947987084194,
            -0.5914080219761296,
            0.1616934431445067,
            -0.27371713519096375
        ],
        [
            0.6131135441446748,
            0.7620273025093112,
            -0.2083414798275634,
            -1.7440239191055298
        ],
        [
            4.1675478619611296e-09,
            0.26372512541027415,
            0.9645978738455395,
            21.485069274902344
        ],
        [
            0.0,
            0.0,
            0.0,
            1.0
        ]
    ]
}