{
    "matrix_probe_in_cam_coord": [
        [
            0.01108869155793155,
            0.5173599852095593,
            -0.8556960246626706,
            0.2397441533254394
        ],
        [
            -0.7496297468182439,
            -0.5620378691715879,
            -0.34952635995340536,
            -0.9595031301487822
        ],
        [
            -0.6617645227758505,
            0.6453309843181452,
            0.3815961701514113,
            -11.385307413061277
        ],
        [
            0.0,
            0.0,
            0.0,
            1.0
        ]
    ],
    "matrix_probe_in_world_coord": [
        [
            -0.4418797698953769,
            0.8963459137280229,
            -0.036142383710606074,
            0.0
        ],
        [
            0.2609418580474168,
            0.08988302258186688,
            -0.9611609589295174,
            0.0
        ],
        [
            -0.858284111280158,
            -0.43414864412390325,
            -0.27361165751737615,
            17.626903533935547
        ],
        [
            0.0,
            0.0,
            0.0,
            1.0
        ]
    ],
    "intrinsic_matrix_camera": [
        [
            1.3888888888888888,
            0.0,
            -0.5
        ],
        [
            0.0,
            -1.3888888888888888,
            -0.5
        ],
        [
            0.0,
            0.0,
            -1.0
        ]
    ],
    "extrinsic_matrix_camera": [
        [
            0.48976053425791755,
            -0.15990141154317514,
            0.8570683506406588,
            9.487143516540527
        ],
        [
            0.8718569946289348,
            0.0898236498349774,
            -0.481453105553308,
            -5.604328155517578
        ],
        [
            2.3757231125077577e-08,
            0.9830377665770645,
            0.1834032428371318,
            20.658233642578125
        ],
        [
            0.0,
            0.0,
            0.0,
            1.0
        ]
    ]
}