{
    "matrix_probe_in_cam_coord": [
        [
            -0.09273969521646944,
            -0.8974186912846329,
            -0.43132243329571124,
            -1.4741619859354087
        ],
        [
            -0.9936568711906509,
            0.05574435701958991,
            0.09766570020267647,
            -1.3664781023146553
        ],
        [
            -0.06360323314708882,
            0.4376439868128541,
            -0.8968959636099318,
            -10.193583863060477
        ],
        [
            0.0,
            0.0,
            0.0,
            1.0
        ]
    ],
    "matrix_probe_in_world_coord": [
        [
            0.15292055791337217,
            0.8499380381901731,
            -0.5042029692543497,
            0.0
        ],
        [
            -0.008671008293693515,
            -0.509030115932991,
            -0.8607050334977812,
            0.0
        ],
        [
            -0.9882004435248113,
            0.13599144204943772,
            -0.07047134954490894,
            4.311440467834473
        ],
        [
            0.0,
            0.0,
            0.0,
            1.0
        ]
    ],
    "intrinsic_matrix_camera": [
        [
            1.3888888888888888,
            0.0,
            -0.5
        ],
        [
            0.0,
            -1.3888888888888888,
            -0.5
        ],
        [
            0.0,
            0.0,
            -1.0
        ]
    ],
    "extrinsic_matrix_camera": [
        [
            -0.5594580362651631,
            -0.1538146497080218,
            0.8144616376438645,
            7.267366886138916
        ],
        [
            0.8288586765295558,
            -0.10382090930964107,
            0.5497404052203114,
            6.683827877044678
        ],
        [
            1.9958697234732827e-08,
            0.9826302826217588,
            0.18557404903348362,
            7.5458478927612305
        ],
        [
            0.0,
            0.0,
            0.0,
            1.0
        ]
    ]
}