{
    "matrix_probe_in_cam_coord": [
        [
            -0.8813388529172194,
            0.45202888265476665,
            0.13751987341633154,
            1.7152580065371612
        ],
        [
            -0.28549706863895447,
            -0.7414028021219342,
            0.6073000154818937,
            -2.1311811044138445
        ],
        [
            0.37647476693282467,
            0.4959755782814589,
            0.7824800161098352,
            -11.132012140667166
        ],
        [
            0.0,
            0.0,
            0.0,
            1.0
        ]
    ],
    "matrix_probe_in_world_coord": [
        [
            0.21687935313693912,
            -0.9723559372482657,
            -0.08652905570356005,
            0.0
        ],
        [
            0.968358788697233,
            0.22550181352579074,
            -0.10691205941991452,
            0.0
        ],
        [
            0.12346903472422022,
            -0.060604153278685756,
            0.9904961050249733,
            13.785444259643555
        ],
        [
            0.0,
            0.0,
            0.0,
            1.0
        ]
    ],
    "intrinsic_matrix_camera": [
        [
            1.3888888888888888,
            0.0,
            -0.5
        ],
        [
            0.0,
            -1.3888888888888888,
            -0.5
        ],
        [
            0.0,
            0.0,
            -1.0
        ]
    ],
    "extrinsic_matrix_camera": [
        [
            -0.6425766329593884,
            0.6064399000984492,
            -0.46832245124823807,
            -2.818753242492676
        ],
        [
            -0.7662214241161461,
            -0.5085789673363431,
            0.39274949167188455,
            4.602485656738281
        ],
        [
            1.3856960610175142e-08,
            0.6112103414960204,
            0.7914682043192373,
            23.898677825927734
        ],
        [
            0.0,
            0.0,
            0.0,
            1.0
        ]
    ]
}