{
    "matrix_probe_in_cam_coord": [
        [
            -0.6254258059654095,
            0.7540683461322256,
            0.20055794821928183,
            1.9386127063934189
        ],
        [
            -0.6757758373925961,
            -0.3949620801719674,
            -0.6223600025889909,
            1.4286641643636528
        ],
        [
            -0.39008919342741855,
            -0.5247722216234798,
            0.7566006453760818,
            -9.251728574606329
        ],
        [
            0.0,
            0.0,
            0.0,
            1.0
        ]
    ],
    "matrix_probe_in_world_coord": [
        [
            -0.2321705765124976,
            -0.19493999159356193,
            0.9529403040481375,
            0.0
        ],
        [
            -0.5921797268779961,
            0.8055448164637723,
            0.020511453947717667,
            0.0
        ],
        [
            -0.771634624985528,
            -0.5595497728941095,
            -0.30246331542452254,
            8.130922317504883
        ],
        [
            0.0,
            0.0,
            0.0,
            1.0
        ]
    ],
    "intrinsic_matrix_camera": [
        [
            1.3888888888888888,
            0.0,
            -0.5
        ],
        [
            0.0,
            -1.3888888888888888,
            -0.5
        ],
        [
            0.0,
            0.0,
            -1.0
        ]
    ],
    "extrinsic_matrix_camera": [
        [
            0.18932714503614834,
            -0.35918275974539843,
            0.9138615744488552,
            8.600918769836426
        ],
        [
            0.9819140655640191,
            0.06925558590361384,
            -0.17620565163662055,
            -3.6327009201049805
        ],
        [
            1.3464323148683948e-08,
            0.9306940468934065,
            0.36579856625904544,
            10.185542106628418
        ],
        [
            0.0,
            0.0,
            0.0,
            1.0
        ]
    ]
}