{
    "matrix_probe_in_cam_coord": [
        [
            -0.5590661967975749,
            -0.8044690071060676,
            -0.20068533629558863,
            0.4129244363704742
        ],
        [
            0.7584710109517752,
            -0.593990143986765,
            0.2681369694622035,
            -0.38157835213009195
        ],
        [
            -0.33491299339393776,
            -0.0023076941652504716,
            0.9422462318330345,
            -13.653511833182296
        ],
        [
            0.0,
            0.0,
            0.0,
            1.0
        ]
    ],
    "matrix_probe_in_world_coord": [
        [
            0.9247849011162681,
            0.3519304631254835,
            0.14462999616835,
            0.0
        ],
        [
            -0.37159507242194495,
            0.9170843718437338,
            0.14447614706834375,
            0.0
        ],
        [
            -0.08179235183746522,
            -0.18735315328082133,
            0.9788814060633849,
            12.156292915344238
        ],
        [
            0.0,
            0.0,
            0.0,
            1.0
        ]
    ],
    "intrinsic_matrix_camera": [
        [
            1.3888888888888888,
            0.0,
            -0.5
        ],
        [
            0.0,
            -1.3888888888888888,
            -0.5
        ],
        [
            0.0,
            0.0,
            -1.0
        ]
    ],
    "extrinsic_matrix_camera": [
        [
            -0.8291582471833043,
            0.5311599612632698,
            -0.17425755845504062,
            -1.834168791770935
        ],
        [
            -0.5590139543230653,
            -0.7878437720895606,
            0.2584677729462265,
            3.4591991901397705
        ],
        [
            9.758503760364023e-11,
            0.31172309239210055,
            0.9501729914439294,
            25.248437881469727
        ],
        [
            0.0,
            0.0,
            0.0,
            1.0
        ]
    ]
}