{
    "matrix_probe_in_cam_coord": [
        [
            -0.9204389567963619,
            -0.3116291858709259,
            0.23596477984023262,
            -1.7081102558313974
        ],
        [
            0.39052419331971766,
            -0.7591076247554988,
            0.5208132760117089,
            0.5288410194653264
        ],
        [
            0.01682204635617447,
            0.5715267837568848,
            0.820410966653239,
            -11.524618588406987
        ],
        [
            0.0,
            0.0,
            0.0,
            1.0
        ]
    ],
    "matrix_probe_in_world_coord": [
        [
            0.9611477653009498,
            0.15602093140316642,
            -0.2277113133357218,
            0.0
        ],
        [
            -0.17593248729098823,
            0.9819238113356603,
            -0.06980966013136859,
            0.0
        ],
        [
            0.21270339248022607,
            0.10715921657113481,
            0.9712230274922768,
            4.153115749359131
        ],
        [
            0.0,
            0.0,
            0.0,
            1.0
        ]
    ],
    "intrinsic_matrix_camera": [
        [
            1.3888888888888888,
            0.0,
            -0.5
        ],
        [
            0.0,
            -1.3888888888888888,
            -0.5
        ],
        [
            0.0,
            0.0,
            -1.0
        ]
    ],
    "extrinsic_matrix_camera": [
        [
            -0.9870303721711465,
            0.1383197019722984,
            -0.08147824530500677,
            -2.6981115341186523
        ],
        [
            -0.1605336239287219,
            -0.8504495425822064,
            0.5009636025800955,
            5.948957920074463
        ],
        [
            -2.4219603683168214e-10,
            0.5075462890889962,
            0.8616244915460501,
            13.814598083496094
        ],
        [
            0.0,
            0.0,
            0.0,
            1.0
        ]
    ]
}