{
    "matrix_probe_in_cam_coord": [
        [
            -0.7289855735746701,
            -0.006580973637892019,
            -0.6844974246160364,
            -0.35389325281667977
        ],
        [
            -0.5637492412549394,
            0.5729779565562357,
            0.5948807059277686,
            -0.8226864184751648
        ],
        [
            0.38828704138110137,
            0.8195443563875098,
            -0.42140268320087043,
            -12.255982902510986
        ],
        [
            0.0,
            0.0,
            0.0,
            1.0
        ]
    ],
    "matrix_probe_in_world_coord": [
        [
            0.9467771612961887,
            0.3196596502432331,
            0.03782479153021764,
            0.0
        ],
        [
            -0.0704566956043608,
            0.3204581954333946,
            -0.9446387664203109,
            0.0
        ],
        [
            -0.3140841621165336,
            0.8916973998986125,
            0.32592466326071257,
            15.05192756652832
        ],
        [
            0.0,
            0.0,
            0.0,
            1.0
        ]
    ],
    "intrinsic_matrix_camera": [
        [
            1.3888888888888888,
            0.0,
            -0.5
        ],
        [
            0.0,
            -1.3888888888888888,
            -0.5
        ],
        [
            0.0,
            0.0,
            -1.0
        ]
    ],
    "extrinsic_matrix_camera": [
        [
            -0.7181815360953212,
            -0.3280857344413166,
            0.6136570964861947,
            6.996899604797363
        ],
        [
            0.6958557905282997,
            -0.3386119855454372,
            0.6333455944689375,
            7.729959964752197
        ],
        [
            -6.631275314322719e-09,
            0.881873955903608,
            0.47148523402002895,
            21.55594825744629
        ],
        [
            0.0,
            0.0,
            0.0,
            1.0
        ]
    ]
}