{
    "matrix_probe_in_cam_coord": [
        [
            0.5979291214599929,
            0.22810173087747432,
            -0.7684076822109353,
            -0.4531546099837165
        ],
        [
            0.24581667125996842,
            -0.9646424620545383,
            -0.09507410021676638,
            1.4616035395703282
        ],
        [
            -0.7629252452506404,
            -0.13203984539546923,
            -0.6328590280522123,
            -14.32068278485485
        ],
        [
            0.0,
            0.0,
            0.0,
            1.0
        ]
    ],
    "matrix_probe_in_world_coord": [
        [
            0.6682624365331983,
            -0.17576579728522893,
            -0.7228635420488445,
            0.0
        ],
        [
            0.03341803980436563,
            -0.9636144829250164,
            0.2651987234373267,
            0.0
        ],
        [
            -0.7431746433607296,
            -0.2013790277110347,
            -0.6380736138282254,
            16.693382263183594
        ],
        [
            0.0,
            0.0,
            0.0,
            1.0
        ]
    ],
    "intrinsic_matrix_camera": [
        [
            1.3888888888888888,
            0.0,
            -0.5
        ],
        [
            0.0,
            -1.3888888888888888,
            -0.5
        ],
        [
            0.0,
            0.0,
            -1.0
        ]
    ],
    "extrinsic_matrix_camera": [
        [
            0.9149349878917288,
            0.40254679995466724,
            -0.02915547594911656,
            -0.5912831425666809
        ],
        [
            -0.4036012486744341,
            0.9125446285755017,
            -0.06609336522252114,
            -2.463174343109131
        ],
        [
            3.0236756815401395e-10,
            0.07223831880835185,
            0.99738739980799,
            30.87106704711914
        ],
        [
            0.0,
            0.0,
            0.0,
            1.0
        ]
    ]
}