{
    "matrix_probe_in_cam_coord": [
        [
            0.7456589096732197,
            0.5488381448542085,
            0.3778484897123921,
            1.7862233344358396
        ],
        [
            -0.5756949990524627,
            0.8161697194307957,
            -0.049419198195039794,
            -1.0891562571862128
        ],
        [
            -0.3355116368934611,
            -0.18067562048391195,
            0.9245475983808639,
            -13.19220287367721
        ],
        [
            0.0,
            0.0,
            0.0,
            1.0
        ]
    ],
    "matrix_probe_in_world_coord": [
        [
            0.4813474318221095,
            -0.7363121865096041,
            0.4755512736558542,
            0.0
        ],
        [
            0.6871649960027185,
            0.6538055454308066,
            0.3167689647558751,
            0.0
        ],
        [
            -0.5441589089106628,
            0.174306261394624,
            0.8206755809037974,
            11.95141887664795
        ],
        [
            0.0,
            0.0,
            0.0,
            1.0
        ]
    ],
    "intrinsic_matrix_camera": [
        [
            1.3888888888888888,
            0.0,
            -0.5
        ],
        [
            0.0,
            -1.3888888888888888,
            -0.5
        ],
        [
            0.0,
            0.0,
            -1.0
        ]
    ],
    "extrinsic_matrix_camera": [
        [
            0.13449111724067064,
            -0.9015663826284567,
            0.41120578436787014,
            4.2025322914123535
        ],
        [
            0.990914799255393,
            0.1223643686025812,
            -0.055810589614657374,
            -2.37298583984375
        ],
        [
            1.5221344381670867e-08,
            0.4149759258206803,
            0.9098323917014984,
            24.406085968017578
        ],
        [
            0.0,
            0.0,
            0.0,
            1.0
        ]
    ]
}