{
    "matrix_probe_in_cam_coord": [
        [
            -0.1495902611657504,
            0.5903365332965271,
            -0.7931743384778663,
            0.9974608337888665
        ],
        [
            0.985246593547079,
            0.02154504572742768,
            -0.16977915333891813,
            -0.6355724481548926
        ],
        [
            -0.08313785941578845,
            -0.8068696229627444,
            -0.5848499874939891,
            -13.670930935681161
        ],
        [
            0.0,
            0.0,
            0.0,
            1.0
        ]
    ],
    "matrix_probe_in_world_coord": [
        [
            -0.06099872540423115,
            0.6644141149347517,
            -0.7448711562240345,
            0.0
        ],
        [
            0.7129487634042778,
            0.5512815873201404,
            0.43335051891292053,
            0.0
        ],
        [
            0.6985579548322175,
            -0.5046211404184898,
            -0.5073206957964289,
            18.21385383605957
        ],
        [
            0.0,
            0.0,
            0.0,
            1.0
        ]
    ],
    "intrinsic_matrix_camera": [
        [
            1.3888888888888888,
            0.0,
            -0.5
        ],
        [
            0.0,
            -1.3888888888888888,
            -0.5
        ],
        [
            0.0,
            0.0,
            -1.0
        ]
    ],
    "extrinsic_matrix_camera": [
        [
            0.9921654271371004,
            0.08067964032328284,
            -0.09538637654906956,
            -2.242388963699341
        ],
        [
            -0.12493104175446212,
            0.6407338433251522,
            -0.7575304461366055,
            -9.824299812316895
        ],
        [
            -4.281091807990903e-09,
            0.763512238051942,
            0.6457933588578586,
            27.52771759033203
        ],
        [
            0.0,
            0.0,
            0.0,
            1.0
        ]
    ]
}