{
    "matrix_probe_in_cam_coord": [
        [
            -0.4701096518096571,
            -0.8773530206064132,
            0.09616960282857502,
            -0.8516629661843722
        ],
        [
            0.6256304622763427,
            -0.4081070748037729,
            -0.6648572329207209,
            -0.6365878178914741
        ],
        [
            0.6225619968704263,
            -0.2523891691969184,
            0.7407538506985951,
            -16.237934785058567
        ],
        [
            0.0,
            0.0,
            0.0,
            1.0
        ]
    ],
    "matrix_probe_in_world_coord": [
        [
            0.22921396612404638,
            0.6804673822907004,
            0.6960065368745659,
            0.0
        ],
        [
            -0.4205658724912204,
            -0.5756211574292528,
            0.701273577154812,
            0.0
        ],
        [
            0.8778298836502338,
            -0.4534582943978965,
            0.15424094985563205,
            17.298866271972656
        ],
        [
            0.0,
            0.0,
            0.0,
            1.0
        ]
    ],
    "intrinsic_matrix_camera": [
        [
            1.3888888888888888,
            0.0,
            -0.5
        ],
        [
            0.0,
            -1.3888888888888888,
            -0.5
        ],
        [
            0.0,
            0.0,
            -1.0
        ]
    ],
    "extrinsic_matrix_camera": [
        [
            -0.6378311388640516,
            -0.5970452935008147,
            0.48652682948005327,
            6.976902008056641
        ],
        [
            0.7701762384645392,
            -0.4944505644982851,
            0.40292331897265565,
            6.883811950683594
        ],
        [
            -5.754378335570155e-09,
            0.6317084428562383,
            0.7752060650073287,
            30.28874969482422
        ],
        [
            0.0,
            0.0,
            0.0,
            1.0
        ]
    ]
}