{
    "matrix_probe_in_cam_coord": [
        [
            -0.9685858148854647,
            -0.18471261561205476,
            0.16650155806001712,
            1.0220030402954066
        ],
        [
            0.011087098888303084,
            0.6368014297106257,
            0.7709481275395539,
            2.0067297690330577
        ],
        [
            -0.24843227536071275,
            0.74857543958659,
            -0.6147489046812875,
            -11.558127889381089
        ],
        [
            0.0,
            0.0,
            0.0,
            1.0
        ]
    ],
    "matrix_probe_in_world_coord": [
        [
            -0.0492157554521373,
            -0.025116222225635396,
            0.9984723255035103,
            0.0
        ],
        [
            0.9815592252557243,
            0.18366346050368743,
            0.05300208100813195,
            0.0
        ],
        [
            -0.1847140945641603,
            0.9826682597178577,
            0.015613923671502513,
            3.5616202354431152
        ],
        [
            0.0,
            0.0,
            0.0,
            1.0
        ]
    ],
    "intrinsic_matrix_camera": [
        [
            1.3888888888888888,
            0.0,
            -0.5
        ],
        [
            0.0,
            -1.3888888888888888,
            -0.5
        ],
        [
            0.0,
            0.0,
            -1.0
        ]
    ],
    "extrinsic_matrix_camera": [
        [
            0.218556163577546,
            0.7532306635772203,
            -0.6203843734405994,
            -8.905377388000488
        ],
        [
            -0.9758243711663815,
            0.1687016535384046,
            -0.13894800729461373,
            -0.9472219944000244
        ],
        [
            -3.0108438153336404e-08,
            0.6357541345051783,
            0.7718916248150194,
            11.2074556350708
        ],
        [
            0.0,
            0.0,
            0.0,
            1.0
        ]
    ]
}