{
    "matrix_probe_in_cam_coord": [
        [
            -0.09529342773533317,
            0.9905257175086621,
            0.09888359613404432,
            1.00167520215042
        ],
        [
            -0.9855740330919619,
            -0.07992406653399607,
            -0.14918434530309732,
            -0.2443130397913027
        ],
        [
            -0.13986775155587236,
            -0.11167339227685062,
            0.9838526645448928,
            -10.562894897541565
        ],
        [
            0.0,
            0.0,
            0.0,
            1.0
        ]
    ],
    "matrix_probe_in_world_coord": [
        [
            -0.16987024146861834,
            -0.8081025101264925,
            -0.5640163421308423,
            0.0
        ],
        [
            0.4386592653684076,
            -0.5745114756808425,
            0.6910243217264278,
            0.0
        ],
        [
            -0.8824523499712844,
            -0.13002652590253524,
            0.4520740565348504,
            17.787158966064453
        ],
        [
            0.0,
            0.0,
            0.0,
            1.0
        ]
    ],
    "intrinsic_matrix_camera": [
        [
            1.3888888888888888,
            0.0,
            -0.5
        ],
        [
            0.0,
            -1.3888888888888888,
            -0.5
        ],
        [
            0.0,
            0.0,
            -1.0
        ]
    ],
    "extrinsic_matrix_camera": [
        [
            -0.8400307652720889,
            0.316148946513208,
            -0.44090606370856095,
            -3.7385671138763428
        ],
        [
            -0.5425387667221476,
            -0.4895038989407127,
            0.6826694804409026,
            7.63482141494751
        ],
        [
            -1.9383247145388804e-10,
            0.8126719981274297,
            0.5827213943726203,
            24.14093017578125
        ],
        [
            0.0,
            0.0,
            0.0,
            1.0
        ]
    ]
}