{
    "matrix_probe_in_cam_coord": [
        [
            -0.3384856274862027,
            -0.6792174730610219,
            0.6512227762247508,
            0.15077260078642948
        ],
        [
            0.38687272097689274,
            0.530422374295716,
            0.7543086918566104,
            1.7773325050011834
        ],
        [
            -0.857762774751392,
            0.5072629782815768,
            0.08323036174195991,
            -13.137943902261618
        ],
        [
            0.0,
            0.0,
            0.0,
            1.0
        ]
    ],
    "matrix_probe_in_world_coord": [
        [
            0.6891624780581406,
            0.4533785550238121,
            -0.5652459329188338,
            0.0
        ],
        [
            -0.6925615869412378,
            0.64154859774541,
            -0.32980880070782265,
            0.0
        ],
        [
            0.2131044981463249,
            0.6187594706955346,
            0.7561237929693687,
            11.302821159362793
        ],
        [
            0.0,
            0.0,
            0.0,
            1.0
        ]
    ],
    "intrinsic_matrix_camera": [
        [
            1.3888888888888888,
            0.0,
            -0.5
        ],
        [
            0.0,
            -1.3888888888888888,
            -0.5
        ],
        [
            0.0,
            0.0,
            -1.0
        ]
    ],
    "extrinsic_matrix_camera": [
        [
            -0.9093152559939393,
            0.08073037245474739,
            -0.4082013867933253,
            -5.369311809539795
        ],
        [
            -0.4161078768981379,
            -0.17641910016653906,
            0.8920372951170552,
            12.095829010009766
        ],
        [
            -1.8266486542998414e-08,
            0.9809989337709528,
            0.1940131231134978,
            12.108193397521973
        ],
        [
            0.0,
            0.0,
            0.0,
            1.0
        ]
    ]
}