{
    "matrix_probe_in_cam_coord": [
        [
            0.714489808386691,
            0.5364285213170453,
            0.44916450798027,
            -0.757003070660796
        ],
        [
            0.6091868648440405,
            -0.1612511936612961,
            -0.7764595393478629,
            1.259547932188036
        ],
        [
            -0.344086729492781,
            0.8283975459043896,
            -0.44199754357524007,
            -9.975848562683268
        ],
        [
            0.0,
            0.0,
            0.0,
            1.0
        ]
    ],
    "matrix_probe_in_world_coord": [
        [
            0.7944308682423034,
            0.3744253495581992,
            0.47821046955498636,
            0.0
        ],
        [
            0.3657538696700881,
            -0.9235197933030064,
            0.11547856164210128,
            0.0
        ],
        [
            0.4848749348080764,
            0.08316759576777925,
            -0.8706201517361466,
            4.904984474182129
        ],
        [
            0.0,
            0.0,
            0.0,
            1.0
        ]
    ],
    "intrinsic_matrix_camera": [
        [
            1.3888888888888888,
            0.0,
            -0.5
        ],
        [
            0.0,
            -1.3888888888888888,
            -0.5
        ],
        [
            0.0,
            0.0,
            -1.0
        ]
    ],
    "extrinsic_matrix_camera": [
        [
            0.9832603657027178,
            0.05226923450456019,
            -0.1745479314184652,
            -1.0627682209014893
        ],
        [
            -0.18220607354903934,
            0.2820666914316603,
            -0.9419338237618601,
            -9.889796257019043
        ],
        [
            -2.4105388962856814e-09,
            0.9579698892497113,
            0.2868687701561398,
            6.5601348876953125
        ],
        [
            0.0,
            0.0,
            0.0,
            1.0
        ]
    ]
}