{
    "matrix_probe_in_cam_coord": [
        [
            -0.8408158498172433,
            -0.5398932806426022,
            0.03929315733146087,
            0.8249762220605454
        ],
        [
            0.39243172269091026,
            -0.5579445885006707,
            0.7312285410107167,
            0.689358266163488
        ],
        [
            -0.3728619714075855,
            0.630248428542099,
            0.6809999035229473,
            -12.936215422741006
        ],
        [
            0.0,
            0.0,
            0.0,
            1.0
        ]
    ],
    "matrix_probe_in_world_coord": [
        [
            0.99660964521325,
            0.08132506566619384,
            -0.012467909299834134,
            0.0
        ],
        [
            -0.08193141354473797,
            0.9948228591832264,
            -0.060122560832612595,
            0.0
        ],
        [
            0.007513889969966181,
            0.06094023745358509,
            0.9981131343272763,
            12.704365730285645
        ],
        [
            0.0,
            0.0,
            0.0,
            1.0
        ]
    ],
    "intrinsic_matrix_camera": [
        [
            1.3888888888888888,
            0.0,
            -0.5
        ],
        [
            0.0,
            -1.3888888888888888,
            -0.5
        ],
        [
            0.0,
            0.0,
            -1.0
        ]
    ],
    "extrinsic_matrix_camera": [
        [
            -0.8823619457987497,
            0.3366094684967265,
            -0.32883348723114497,
            -3.7579777240753174
        ],
        [
            -0.47057135123830507,
            -0.6311718489973686,
            0.616591193925926,
            8.799670219421387
        ],
        [
            -6.080766385280026e-09,
            0.698796224053618,
            0.7153207932448249,
            21.47618865966797
        ],
        [
            0.0,
            0.0,
            0.0,
            1.0
        ]
    ]
}