{
    "matrix_probe_in_cam_coord": [
        [
            -0.6738347508007009,
            0.7098753440103235,
            0.20499688919489056,
            0.10555991368608256
        ],
        [
            0.6725362849685942,
            0.4743487845613391,
            0.5680564901361675,
            0.3353278671374911
        ],
        [
            0.3060092711242569,
            0.5206440497608754,
            -0.7970496216890113,
            -11.46889600880756
        ],
        [
            0.0,
            0.0,
            0.0,
            1.0
        ]
    ],
    "matrix_probe_in_world_coord": [
        [
            0.7025829358395171,
            -0.6473016262117829,
            0.2955974001419939,
            0.0
        ],
        [
            0.12466263954812017,
            -0.29701228317880346,
            -0.9467010773955048,
            0.0
        ],
        [
            0.7005972056524492,
            0.7019859744642306,
            -0.1279814325888103,
            7.273571014404297
        ],
        [
            0.0,
            0.0,
            0.0,
            1.0
        ]
    ],
    "intrinsic_matrix_camera": [
        [
            1.3888888888888888,
            0.0,
            -0.5
        ],
        [
            0.0,
            -1.3888888888888888,
            -0.5
        ],
        [
            0.0,
            0.0,
            -1.0
        ]
    ],
    "extrinsic_matrix_camera": [
        [
            -0.872331714590571,
            0.333381799531737,
            -0.3576226439425435,
            -4.121245861053467
        ],
        [
            -0.48891449121443975,
            -0.5948269582830008,
            0.6380779811122765,
            7.569121837615967
        ],
        [
            -3.924679274762738e-09,
            0.7314625523160936,
            0.6818816133019177,
            14.84872055053711
        ],
        [
            0.0,
            0.0,
            0.0,
            1.0
        ]
    ]
}