{
    "matrix_probe_in_cam_coord": [
        [
            -0.021132430926165964,
            0.9649081190575743,
            0.261736016130613,
            1.4759703560235937
        ],
        [
            -0.13347049193376218,
            -0.2621738899416228,
            0.9557460328015164,
            -0.10762935759512615
        ],
        [
            0.9908274562940362,
            -0.01473679780860076,
            0.1343271329413313,
            -14.203403856408602
        ],
        [
            0.0,
            0.0,
            0.0,
            1.0
        ]
    ],
    "matrix_probe_in_world_coord": [
        [
            0.8724586133415014,
            0.4449375113329447,
            -0.2021053661214121,
            0.0
        ],
        [
            -0.3571309789512194,
            0.8628073200048254,
            0.3578002129952332,
            0.0
        ],
        [
            0.33357672562630625,
            -0.2399877904288805,
            0.911664646986761,
            11.558777809143066
        ],
        [
            0.0,
            0.0,
            0.0,
            1.0
        ]
    ],
    "intrinsic_matrix_camera": [
        [
            1.3888888888888888,
            0.0,
            -0.5
        ],
        [
            0.0,
            -1.3888888888888888,
            -0.5
        ],
        [
            0.0,
            0.0,
            -1.0
        ]
    ],
    "extrinsic_matrix_camera": [
        [
            0.3579883924088146,
            -0.4262598803200789,
            0.8307507600538591,
            11.22523021697998
        ],
        [
            0.9337260363193007,
            0.16342703019536545,
            -0.3185079196832803,
            -5.884459018707275
        ],
        [
            1.817704749632675e-08,
            0.8897157524912297,
            0.45651492830899243,
            18.13860321044922
        ],
        [
            0.0,
            0.0,
            0.0,
            1.0
        ]
    ]
}