{
    "matrix_probe_in_cam_coord": [
        [
            0.5935846268457954,
            -0.7596245550173415,
            0.2657589625714319,
            1.205812806872111
        ],
        [
            0.6639099231575011,
            0.6488558022751998,
            0.3717657350897307,
            0.4426536842903929
        ],
        [
            -0.45484162595934274,
            -0.04423441271807414,
            0.8894731092203677,
            -14.234581460826064
        ],
        [
            0.0,
            0.0,
            0.0,
            1.0
        ]
    ],
    "matrix_probe_in_world_coord": [
        [
            0.9292540196137709,
            0.1230168886635111,
            0.3483587405752854,
            0.0
        ],
        [
            -0.09802758138686134,
            0.9912365631975919,
            -0.08854755257865053,
            0.0
        ],
        [
            -0.3561987651846816,
            0.04813440436710443,
            0.9331696088049226,
            4.537590503692627
        ],
        [
            0.0,
            0.0,
            0.0,
            1.0
        ]
    ],
    "intrinsic_matrix_camera": [
        [
            1.3888888888888888,
            0.0,
            -0.5
        ],
        [
            0.0,
            -1.3888888888888888,
            -0.5
        ],
        [
            0.0,
            0.0,
            -1.0
        ]
    ],
    "extrinsic_matrix_camera": [
        [
            0.5507237086647367,
            0.8262690300076428,
            -0.11824925693122716,
            -2.7130494117736816
        ],
        [
            -0.834687604265547,
            0.5451691654574198,
            -0.07802040963685213,
            -0.34543201327323914
        ],
        [
            5.257163674212043e-10,
            0.14166887832085628,
            0.9899141017862664,
            18.565893173217773
        ],
        [
            0.0,
            0.0,
            0.0,
            1.0
        ]
    ]
}