{
    "matrix_probe_in_cam_coord": [
        [
            -0.901212404339154,
            -0.0961160150974954,
            -0.4225848008471429,
            -1.1043340861339384
        ],
        [
            -0.25752526495493666,
            0.9030369884731551,
            0.3438094462914376,
            -1.3729322682689489
        ],
        [
            0.34856411200112253,
            0.4186716005309093,
            -0.8385804378434758,
            -13.134629526448517
        ],
        [
            0.0,
            0.0,
            0.0,
            1.0
        ]
    ],
    "matrix_probe_in_world_coord": [
        [
            -0.1078925613052101,
            0.16668151025840547,
            -0.9800900312486494,
            0.0
        ],
        [
            -0.9759291574246358,
            -0.205701428682846,
            0.07245137628973199,
            0.0
        ],
        [
            -0.1895296148453898,
            0.9643154029547661,
            0.18486299986948473,
            8.188117027282715
        ],
        [
            0.0,
            0.0,
            0.0,
            1.0
        ]
    ],
    "intrinsic_matrix_camera": [
        [
            1.3888888888888888,
            0.0,
            -0.5
        ],
        [
            0.0,
            -1.3888888888888888,
            -0.5
        ],
        [
            0.0,
            0.0,
            -1.0
        ]
    ],
    "extrinsic_matrix_camera": [
        [
            0.49538450269518836,
            -0.15865958146465714,
            0.8540616673864367,
            11.547024726867676
        ],
        [
            0.8686738136316996,
            0.0904798837258701,
            -0.48705153336326956,
            -5.3137125968933105
        ],
        [
            -7.92471167436803e-09,
            0.9831787873273165,
            0.1826457559035716,
            11.936939239501953
        ],
        [
            0.0,
            0.0,
            0.0,
            1.0
        ]
    ]
}