{
    "matrix_probe_in_cam_coord": [
        [
            -0.6616814471310238,
            -0.7475884739868509,
            0.05735099026699823,
            -0.41216036698208675
        ],
        [
            0.7415552319019002,
            -0.641199534540185,
            0.1973803306927233,
            0.7616835020760235
        ],
        [
            -0.11078583195297513,
            0.17313182973520885,
            0.9786479801087956,
            -12.71982744500622
        ],
        [
            0.0,
            0.0,
            0.0,
            1.0
        ]
    ],
    "matrix_probe_in_world_coord": [
        [
            0.7742623348672056,
            0.4836316864105526,
            -0.4081889620086118,
            0.0
        ],
        [
            -0.07486716502855005,
            0.710452857615313,
            0.6997511305505862,
            0.0
        ],
        [
            0.6284208338419175,
            -0.5112309937845325,
            0.5862850216298454,
            5.197461128234863
        ],
        [
            0.0,
            0.0,
            0.0,
            1.0
        ]
    ],
    "intrinsic_matrix_camera": [
        [
            1.3888888888888888,
            0.0,
            -0.5
        ],
        [
            0.0,
            -1.3888888888888888,
            -0.5
        ],
        [
            0.0,
            0.0,
            -1.0
        ]
    ],
    "extrinsic_matrix_camera": [
        [
            -0.8972825377965825,
            0.18348540076364714,
            -0.4015185613043667,
            -5.616828918457031
        ],
        [
            -0.44145673328801355,
            -0.37294306998958554,
            0.816106254835373,
            10.482844352722168
        ],
        [
            1.8323535454413708e-08,
            0.9095309638782767,
            0.41563616992106545,
            9.79150676727295
        ],
        [
            0.0,
            0.0,
            0.0,
            1.0
        ]
    ]
}