{
    "matrix_probe_in_cam_coord": [
        [
            -0.7983802911129633,
            0.09374646040620346,
            -0.5948113246431077,
            -0.5087473550590056
        ],
        [
            -0.5551099964174978,
            -0.49734927158264297,
            0.6667057776362675,
            0.2889162721251166
        ],
        [
            -0.23332767225459097,
            0.8624704651276602,
            0.44911345353121157,
            -11.818315471279652
        ],
        [
            0.0,
            0.0,
            0.0,
            1.0
        ]
    ],
    "matrix_probe_in_world_coord": [
        [
            0.6428679082286953,
            0.6440717593321544,
            0.4145991092615191,
            0.0
        ],
        [
            -0.48793910411423325,
            0.7615793904667797,
            -0.42651173804767384,
            0.0
        ],
        [
            -0.5904543024196378,
            0.07189159093406854,
            0.803862746933273,
            6.591533184051514
        ],
        [
            0.0,
            0.0,
            0.0,
            1.0
        ]
    ],
    "intrinsic_matrix_camera": [
        [
            1.3888888888888888,
            0.0,
            -0.5
        ],
        [
            0.0,
            -1.3888888888888888,
            -0.5
        ],
        [
            0.0,
            0.0,
            -1.0
        ]
    ],
    "extrinsic_matrix_camera": [
        [
            -0.6994818654095183,
            -0.40077540103704873,
            0.5916960350440191,
            6.752781391143799
        ],
        [
            0.7146503480466656,
            -0.3922689207502674,
            0.5791372668462978,
            7.321336269378662
        ],
        [
            -5.296895521987779e-09,
            0.8279517931238588,
            0.5607992762682444,
            12.980027198791504
        ],
        [
            0.0,
            0.0,
            0.0,
            1.0
        ]
    ]
}