{
    "matrix_probe_in_cam_coord": [
        [
            -0.31311982734688576,
            -0.9050386454174464,
            -0.28785590843894515,
            0.8866520430841849
        ],
        [
            -0.9427914847555875,
            0.33274388156126217,
            -0.020633117939366372,
            -0.6595394142853435
        ],
        [
            0.11445606141490035,
            0.2649274609860192,
            -0.957451435019495,
            -13.211305725328192
        ],
        [
            0.0,
            0.0,
            0.0,
            1.0
        ]
    ],
    "matrix_probe_in_world_coord": [
        [
            0.6925543203312388,
            0.7047115629108865,
            0.15411076046218003,
            0.0
        ],
        [
            0.7066994149713707,
            -0.619949440870939,
            -0.34093786478320726,
            0.0
        ],
        [
            -0.14472197576615084,
            0.34502797547953357,
            -0.9273679128947885,
            7.860170841217041
        ],
        [
            0.0,
            0.0,
            0.0,
            1.0
        ]
    ],
    "intrinsic_matrix_camera": [
        [
            1.3888888888888888,
            0.0,
            -0.5
        ],
        [
            0.0,
            -1.3888888888888888,
            -0.5
        ],
        [
            0.0,
            0.0,
            -1.0
        ]
    ],
    "extrinsic_matrix_camera": [
        [
            -0.899005380470395,
            -0.4216256406112549,
            0.11841091615399743,
            2.0833890438079834
        ],
        [
            0.43793758217956136,
            -0.8655199628698261,
            0.24307584822136147,
            2.252206563949585
        ],
        [
            1.5295342547987794e-09,
            0.2703830857375575,
            0.962752817158712,
            20.757720947265625
        ],
        [
            0.0,
            0.0,
            0.0,
            1.0
        ]
    ]
}