{
    "matrix_probe_in_cam_coord": [
        [
            0.7060706878229017,
            0.1553617027479809,
            0.6908885041137557,
            1.0502218249756508
        ],
        [
            0.24255815261292382,
            0.8635577968164942,
            -0.4420785836912348,
            -2.102156885869549
        ],
        [
            -0.6653042359690041,
            0.4797193688779833,
            0.5720485999677032,
            -13.70422608119112
        ],
        [
            0.0,
            0.0,
            0.0,
            1.0
        ]
    ],
    "matrix_probe_in_world_coord": [
        [
            -0.2946378902442352,
            -0.26707424315865863,
            -0.9175292160327406,
            0.0
        ],
        [
            -0.9514015992331353,
            0.17198287156080178,
            0.255454279405011,
            0.0
        ],
        [
            0.0895740509805082,
            0.9482052734144282,
            -0.30476753248994704,
            6.891520023345947
        ],
        [
            0.0,
            0.0,
            0.0,
            1.0
        ]
    ],
    "intrinsic_matrix_camera": [
        [
            1.3888888888888888,
            0.0,
            -0.5
        ],
        [
            0.0,
            -1.3888888888888888,
            -0.5
        ],
        [
            0.0,
            0.0,
            -1.0
        ]
    ],
    "extrinsic_matrix_camera": [
        [
            -0.88343867454622,
            0.10351914896314797,
            -0.45696815437617005,
            -5.116974830627441
        ],
        [
            -0.4685468048295895,
            -0.19518393068498266,
            0.8616072915698555,
            11.889431953430176
        ],
        [
            1.2994751516365433e-08,
            0.9752881722856611,
            0.22093659950242373,
            11.969493865966797
        ],
        [
            0.0,
            0.0,
            0.0,
            1.0
        ]
    ]
}