{
    "matrix_probe_in_cam_coord": [
        [
            -0.40619220360748126,
            -0.5598210450999357,
            0.7222245434708752,
            0.14186323757672767
        ],
        [
            0.9052872078067719,
            -0.3540882449191423,
            0.23468401349793688,
            1.1025579228375957
        ],
        [
            0.12435017133046844,
            0.749147456962444,
            0.6506267152652017,
            -13.85831902243395
        ],
        [
            0.0,
            0.0,
            0.0,
            1.0
        ]
    ],
    "matrix_probe_in_world_coord": [
        [
            -0.9273796279641081,
            0.23295006136561386,
            0.292747834401741,
            0.0
        ],
        [
            0.02056255104422253,
            -0.7495734431650748,
            0.6616017191605598,
            0.0
        ],
        [
            0.37355616328968017,
            0.6195755984635057,
            0.6903490933266173,
            3.7843589782714844
        ],
        [
            0.0,
            0.0,
            0.0,
            1.0
        ]
    ],
    "intrinsic_matrix_camera": [
        [
            1.3888888888888888,
            0.0,
            -0.5
        ],
        [
            0.0,
            -1.3888888888888888,
            -0.5
        ],
        [
            0.0,
            0.0,
            -1.0
        ]
    ],
    "extrinsic_matrix_camera": [
        [
            0.4577136989065199,
            -0.8533265556390373,
            0.24966369234337804,
            4.3358283042907715
        ],
        [
            0.889099639991667,
            0.43929750613826346,
            -0.12852832865711278,
            -2.3916680812835693
        ],
        [
            -1.4247004256071568e-09,
            0.2808050757054077,
            0.9597648198689513,
            16.775482177734375
        ],
        [
            0.0,
            0.0,
            0.0,
            1.0
        ]
    ]
}