{
    "matrix_probe_in_cam_coord": [
        [
            -0.04904396751705087,
            -0.9947736333593988,
            -0.08955505358787445,
            -0.40873211925419967
        ],
        [
            0.6015750303523592,
            -0.1009954349064,
            0.7924060859083716,
            -0.18136602301374793
        ],
        [
            -0.7973093327603435,
            -0.01501134574272941,
            0.6033841955108267,
            -12.335678744346453
        ],
        [
            0.0,
            0.0,
            0.0,
            1.0
        ]
    ],
    "matrix_probe_in_world_coord": [
        [
            -0.7235239334130905,
            0.674303497991968,
            0.14774271682301474,
            0.0
        ],
        [
            -0.680863256018182,
            -0.7323643872203653,
            0.00822380299242001,
            0.0
        ],
        [
            0.1137468433969448,
            -0.0946424689404,
            0.9889916373206076,
            7.9840216636657715
        ],
        [
            0.0,
            0.0,
            0.0,
            1.0
        ]
    ],
    "intrinsic_matrix_camera": [
        [
            1.3888888888888888,
            0.0,
            -0.5
        ],
        [
            0.0,
            -1.3888888888888888,
            -0.5
        ],
        [
            0.0,
            0.0,
            -1.0
        ]
    ],
    "extrinsic_matrix_camera": [
        [
            -0.6485259633186049,
            -0.38628327928304984,
            0.65589580197468,
            7.7557878494262695
        ],
        [
            0.7611925347122592,
            -0.329108282567159,
            0.5588145161357397,
            7.144791126251221
        ],
        [
            3.7127012021496726e-08,
            0.8616687104055875,
            0.5074712144624267,
            14.400300979614258
        ],
        [
            0.0,
            0.0,
            0.0,
            1.0
        ]
    ]
}