{
    "matrix_probe_in_cam_coord": [
        [
            0.7628358564989796,
            0.5940191687721489,
            0.2553873199098067,
            0.3892131138427728
        ],
        [
            -0.5410473929799593,
            0.37014476717064704,
            0.755155990432293,
            -2.0343411968143883
        ],
        [
            0.35404685366354854,
            -0.7142367103890931,
            0.6037522231375295,
            -13.03964344575436
        ],
        [
            0.0,
            0.0,
            0.0,
            1.0
        ]
    ],
    "matrix_probe_in_world_coord": [
        [
            0.7082162544576018,
            0.6675183260952582,
            0.22988914991584528,
            0.0
        ],
        [
            -0.6089545014792369,
            0.7423352834889827,
            -0.27948656857800164,
            0.0
        ],
        [
            -0.35721723369711544,
            0.057944898087030884,
            0.9322222035198819,
            14.967652320861816
        ],
        [
            0.0,
            0.0,
            0.0,
            1.0
        ]
    ],
    "intrinsic_matrix_camera": [
        [
            1.3888888888888888,
            0.0,
            -0.5
        ],
        [
            0.0,
            -1.3888888888888888,
            -0.5
        ],
        [
            0.0,
            0.0,
            -1.0
        ]
    ],
    "extrinsic_matrix_camera": [
        [
            0.9954822081362965,
            0.037502025948690426,
            -0.08722827141372574,
            -1.4485883712768555
        ],
        [
            -0.09494826635638397,
            0.3931888096312937,
            -0.914542173273952,
            -11.088468551635742
        ],
        [
            -4.109933261376949e-09,
            0.9186926352325188,
            0.39497321677492253,
            21.986896514892578
        ],
        [
            0.0,
            0.0,
            0.0,
            1.0
        ]
    ]
}