{
    "matrix_probe_in_cam_coord": [
        [
            -0.053639892463543164,
            0.03275355048435572,
            0.998023029226865,
            1.2850340923388484
        ],
        [
            0.9656532896453079,
            -0.25276515978972014,
            0.06019549977923756,
            0.9911151077589366
        ],
        [
            0.2542370667972991,
            0.9669731014496453,
            -0.018070277783131,
            -13.73059679031587
        ],
        [
            0.0,
            0.0,
            0.0,
            1.0
        ]
    ],
    "matrix_probe_in_world_coord": [
        [
            0.3922759990317925,
            -0.5509187492291714,
            -0.7366193537583537,
            0.0
        ],
        [
            -0.3951447414910355,
            0.6222260255356937,
            -0.675792428500081,
            0.0
        ],
        [
            0.8306504522695404,
            0.5561684141461287,
            0.02639168904387026,
            7.439068794250488
        ],
        [
            0.0,
            0.0,
            0.0,
            1.0
        ]
    ],
    "intrinsic_matrix_camera": [
        [
            1.3888888888888888,
            0.0,
            -0.5
        ],
        [
            0.0,
            -1.3888888888888888,
            -0.5
        ],
        [
            0.0,
            0.0,
            -1.0
        ]
    ],
    "extrinsic_matrix_camera": [
        [
            -0.7742492662947982,
            0.47371450444747104,
            -0.4196815958772243,
            -5.2370476722717285
        ],
        [
            -0.6328807736390535,
            -0.5795295432573024,
            0.513427146584611,
            8.437314987182617
        ],
        [
            2.741984565285644e-09,
            0.6631290046198173,
            0.7485051257218822,
            17.059253692626953
        ],
        [
            0.0,
            0.0,
            0.0,
            1.0
        ]
    ]
}