{
    "matrix_probe_in_cam_coord": [
        [
            -0.522073589307099,
            -0.7179086290041574,
            0.4604849267341697,
            -1.0921900735304484
        ],
        [
            0.27005417503370277,
            0.3729850334795061,
            0.8876671151660167,
            -0.5020101633913265
        ],
        [
            -0.8090178674756625,
            0.5877834339292515,
            -0.0008514126311800222,
            -10.405213772586979
        ],
        [
            0.0,
            0.0,
            0.0,
            1.0
        ]
    ],
    "matrix_probe_in_world_coord": [
        [
            -0.995833769121129,
            -0.05478150081667343,
            0.07289781509948595,
            0.0
        ],
        [
            0.08474746124788682,
            -0.8510976849339243,
            0.5181221849256721,
            0.0
        ],
        [
            0.033659650771271456,
            0.5221414730400058,
            0.8521944085955793,
            8.310027122497559
        ],
        [
            0.0,
            0.0,
            0.0,
            1.0
        ]
    ],
    "intrinsic_matrix_camera": [
        [
            1.3888888888888888,
            0.0,
            -0.5
        ],
        [
            0.0,
            -1.3888888888888888,
            -0.5
        ],
        [
            0.0,
            0.0,
            -1.0
        ]
    ],
    "extrinsic_matrix_camera": [
        [
            0.5927949673895409,
            -0.22465275367560747,
            0.7733855874682435,
            8.5819091796875
        ],
        [
            0.8053534172260233,
            0.16535973242057336,
            -0.5692644660051803,
            -4.960707187652588
        ],
        [
            -3.943938683889671e-09,
            0.9603058362624707,
            0.2789492800496835,
            11.694637298583984
        ],
        [
            0.0,
            0.0,
            0.0,
            1.0
        ]
    ]
}