{
    "matrix_probe_in_cam_coord": [
        [
            0.8820592816902719,
            0.46160112974172074,
            0.09431765797139799,
            0.24599980585041337
        ],
        [
            -0.31340353143213706,
            0.42539761395260395,
            0.8490083018023427,
            0.24647892990524767
        ],
        [
            0.35178068461743045,
            -0.7784351399214959,
            0.5198933379699083,
            -12.106452988832121
        ],
        [
            0.0,
            0.0,
            0.0,
            1.0
        ]
    ],
    "matrix_probe_in_world_coord": [
        [
            0.8236765599686923,
            -0.5668470342775436,
            0.015535903221093932,
            0.0
        ],
        [
            0.562901893153725,
            0.8206416933481292,
            0.09843104095085045,
            0.0
        ],
        [
            -0.06854475357089218,
            -0.07233015186952713,
            0.9950225956672729,
            15.158757209777832
        ],
        [
            0.0,
            0.0,
            0.0,
            1.0
        ]
    ],
    "intrinsic_matrix_camera": [
        [
            1.3888888888888888,
            0.0,
            -0.5
        ],
        [
            0.0,
            -1.3888888888888888,
            -0.5
        ],
        [
            0.0,
            0.0,
            -1.0
        ]
    ],
    "extrinsic_matrix_camera": [
        [
            0.4663396334241242,
            -0.4860884076991326,
            0.7390841671950328,
            8.952778816223145
        ],
        [
            0.8846057575540943,
            0.25625234801842406,
            -0.3896246756010088,
            -4.997746467590332
        ],
        [
            -1.506378320468789e-08,
            0.8354955380105666,
            0.5494972301699377,
            21.605287551879883
        ],
        [
            0.0,
            0.0,
            0.0,
            1.0
        ]
    ]
}