{
    "matrix_probe_in_cam_coord": [
        [
            -0.0712938205951401,
            0.058895053546480405,
            -0.9957151017297595,
            -1.2953300597045467
        ],
        [
            -0.9535763454081719,
            0.28880101748793774,
            0.08535880608306491,
            -1.7955571716903806
        ],
        [
            0.29259074596258555,
            0.9555759231822916,
            0.035571201994992266,
            -10.416529630653251
        ],
        [
            0.0,
            0.0,
            0.0,
            1.0
        ]
    ],
    "matrix_probe_in_world_coord": [
        [
            0.7909232294982359,
            0.3630545418787222,
            0.49257673987035927,
            0.0
        ],
        [
            0.40468933776171745,
            0.293449495800201,
            -0.8660911807174752,
            0.0
        ],
        [
            -0.45898473279844826,
            0.8843521883479674,
            0.0851717207886402,
            4.391028881072998
        ],
        [
            0.0,
            0.0,
            0.0,
            1.0
        ]
    ],
    "intrinsic_matrix_camera": [
        [
            1.3888888888888888,
            0.0,
            -0.5
        ],
        [
            0.0,
            -1.3888888888888888,
            -0.5
        ],
        [
            0.0,
            0.0,
            -1.0
        ]
    ],
    "extrinsic_matrix_camera": [
        [
            -0.525471920793864,
            -0.6073093991655426,
            0.5958645434512736,
            4.435722351074219
        ],
        [
            0.8508109428405388,
            -0.37508217590516724,
            0.3680137237400781,
            4.262025356292725
        ],
        [
            -2.3946818096418483e-08,
            0.7003489523112265,
            0.7138006339283867,
            13.083870887756348
        ],
        [
            0.0,
            0.0,
            0.0,
            1.0
        ]
    ]
}