{
    "matrix_probe_in_cam_coord": [
        [
            0.7453544960212111,
            -0.3665353025930896,
            -0.5568649272615024,
            -0.9384427774619178
        ],
        [
            0.11550332974504858,
            0.8936624003235785,
            -0.4336202198533946,
            1.255113852513639
        ],
        [
            0.6565863660469754,
            0.25888102711649597,
            0.7084313359248976,
            -9.677810968622659
        ],
        [
            0.0,
            0.0,
            0.0,
            1.0
        ]
    ],
    "matrix_probe_in_world_coord": [
        [
            0.5987754025576812,
            -0.09771293975458319,
            -0.7949340844978304,
            0.0
        ],
        [
            -0.5036049052302103,
            0.7258366701206309,
            -0.4685544021095791,
            0.0
        ],
        [
            0.6227761369223757,
            0.6808915550311309,
            0.3854044285777356,
            6.623507976531982
        ],
        [
            0.0,
            0.0,
            0.0,
            1.0
        ]
    ],
    "intrinsic_matrix_camera": [
        [
            1.3888888888888888,
            0.0,
            -0.5
        ],
        [
            0.0,
            -1.3888888888888888,
            -0.5
        ],
        [
            0.0,
            0.0,
            -1.0
        ]
    ],
    "extrinsic_matrix_camera": [
        [
            0.9247860914850584,
            0.3265376649699963,
            -0.19530447601560955,
            -1.432102918624878
        ],
        [
            -0.38048743079869185,
            0.7936595602888794,
            -0.47469339300887,
            -5.9471917152404785
        ],
        [
            -7.572802555213056e-09,
            0.5133007458771176,
            0.8582087999327406,
            14.284839630126953
        ],
        [
            0.0,
            0.0,
            0.0,
            1.0
        ]
    ]
}