{
    "matrix_probe_in_cam_coord": [
        [
            0.33474091470613887,
            -0.9305482214513927,
            -0.14842010502404085,
            0.23948094748035065
        ],
        [
            0.8917330758881403,
            0.36372827773699745,
            -0.26928397899160955,
            0.825931684904898
        ],
        [
            0.30456631689793523,
            -0.04221075133336869,
            0.9515553641712601,
            -13.912106273942637
        ],
        [
            0.0,
            0.0,
            0.0,
            1.0
        ]
    ],
    "matrix_probe_in_world_coord": [
        [
            0.9276909075908568,
            0.02941552232638204,
            -0.37218853692654014,
            0.0
        ],
        [
            -0.02211133093601333,
            0.9994703028195047,
            0.023878920120597644,
            0.0
        ],
        [
            0.3726938006158548,
            -0.013922673168393454,
            0.927849928681549,
            18.127580642700195
        ],
        [
            0.0,
            0.0,
            0.0,
            1.0
        ]
    ],
    "intrinsic_matrix_camera": [
        [
            1.3888888888888888,
            0.0,
            -0.5
        ],
        [
            0.0,
            -1.3888888888888888,
            -0.5
        ],
        [
            0.0,
            0.0,
            -1.0
        ]
    ],
    "extrinsic_matrix_camera": [
        [
            0.33840380272703424,
            0.9381763339326089,
            -0.0728562471491124,
            -1.8694946765899658
        ],
        [
            -0.941000991657226,
            0.33738799612216464,
            -0.026200644510922057,
            -0.417813777923584
        ],
        [
            -1.3833081766111724e-09,
            0.07742419855213392,
            0.99699824146212,
            31.933979034423828
        ],
        [
            0.0,
            0.0,
            0.0,
            1.0
        ]
    ]
}