{
    "matrix_probe_in_cam_coord": [
        [
            -0.9393036168914882,
            -0.27394814864987693,
            0.20654570231760458,
            -0.07349333345381825
        ],
        [
            0.31623741153014456,
            -0.45785238955308527,
            0.8308821149412489,
            0.7947484328016046
        ],
        [
            -0.133051173776414,
            0.8457680540383599,
            0.5166950589321363,
            -11.28919229576606
        ],
        [
            0.0,
            0.0,
            0.0,
            1.0
        ]
    ],
    "matrix_probe_in_world_coord": [
        [
            0.9554730433612932,
            -0.15701519328531469,
            -0.2498349304790729,
            0.0
        ],
        [
            0.17389439187856676,
            0.9836494784079926,
            0.04684489407467357,
            0.0
        ],
        [
            0.2383946389562722,
            -0.08820392681314816,
            0.967154622287279,
            15.502349853515625
        ],
        [
            0.0,
            0.0,
            0.0,
            1.0
        ]
    ],
    "intrinsic_matrix_camera": [
        [
            1.3888888888888888,
            0.0,
            -0.5
        ],
        [
            0.0,
            -1.3888888888888888,
            -0.5
        ],
        [
            0.0,
            0.0,
            -1.0
        ]
    ],
    "extrinsic_matrix_camera": [
        [
            -0.9060675951404367,
            0.16646272803857406,
            -0.38901371853751116,
            -4.590536594390869
        ],
        [
            -0.4231329732323233,
            -0.35645176714149557,
            0.8330069775609803,
            9.656167984008789
        ],
        [
            -1.345501221091648e-08,
            0.9193651602468202,
            0.3934052644847792,
            19.212913513183594
        ],
        [
            0.0,
            0.0,
            0.0,
            1.0
        ]
    ]
}