{
    "matrix_probe_in_cam_coord": [
        [
            0.8549508705532886,
            -0.31111462833361775,
            -0.41505023428135657,
            0.9622347627396405
        ],
        [
            0.1421726119074817,
            0.9100670801135641,
            -0.38931331613107834,
            1.8682345569563825
        ],
        [
            0.4988446224663335,
            0.27383498266366035,
            0.8222946217177967,
            -11.524695311523928
        ],
        [
            0.0,
            0.0,
            0.0,
            1.0
        ]
    ],
    "matrix_probe_in_world_coord": [
        [
            -0.2624978415200559,
            -0.1038100132950522,
            -0.9593322491905466,
            0.0
        ],
        [
            -0.9289706756863599,
            0.2960781612618036,
            0.22215131361001994,
            0.0
        ],
        [
            0.2609757975601179,
            0.9495057680517327,
            -0.17415633644616516,
            16.276578903198242
        ],
        [
            0.0,
            0.0,
            0.0,
            1.0
        ]
    ],
    "intrinsic_matrix_camera": [
        [
            1.3888888888888888,
            0.0,
            -0.5
        ],
        [
            0.0,
            -1.3888888888888888,
            -0.5
        ],
        [
            0.0,
            0.0,
            -1.0
        ]
    ],
    "extrinsic_matrix_camera": [
        [
            0.20604513035786426,
            0.24168673976889657,
            -0.948226198792088,
            -11.57780933380127
        ],
        [
            -0.9785424897549468,
            0.05089033577274261,
            -0.1996616374497795,
            -1.4545270204544067
        ],
        [
            -2.05671159115682e-08,
            0.9690189335326834,
            0.24698644994246224,
            17.312667846679688
        ],
        [
            0.0,
            0.0,
            0.0,
            1.0
        ]
    ]
}