{
    "matrix_probe_in_cam_coord": [
        [
            0.046943395339099615,
            -0.15315650121490074,
            0.9870863203234292,
            -1.1718913955186174
        ],
        [
            -0.41227580465320246,
            0.8971121964765183,
            0.15880292135421067,
            0.6214384446046046
        ],
        [
            -0.9098488767545914,
            -0.41440655529164516,
            -0.02102922727351718,
            -11.817189302210416
        ],
        [
            0.0,
            0.0,
            0.0,
            1.0
        ]
    ],
    "matrix_probe_in_world_coord": [
        [
            -0.2644474081175655,
            0.6489799519654107,
            0.7133670796209164,
            0.0
        ],
        [
            -0.25268906043618944,
            0.6672301021993955,
            -0.7006798337720731,
            0.0
        ],
        [
            -0.9307071543056803,
            -0.36555302305678916,
            -0.012457136840585508,
            16.59616470336914
        ],
        [
            0.0,
            0.0,
            0.0,
            1.0
        ]
    ],
    "intrinsic_matrix_camera": [
        [
            1.3888888888888888,
            0.0,
            -0.5
        ],
        [
            0.0,
            -1.3888888888888888,
            -0.5
        ],
        [
            0.0,
            0.0,
            -1.0
        ]
    ],
    "extrinsic_matrix_camera": [
        [
            0.5923453276355812,
            0.8045178743887611,
            -0.04333592755768663,
            -0.3179028034210205
        ],
        [
            -0.805684189262949,
            0.591487843720755,
            -0.03186091496294061,
            -1.6882541179656982
        ],
        [
            -1.235331146297689e-09,
            0.0537877357727651,
            0.9985523919556945,
            28.362821578979492
        ],
        [
            0.0,
            0.0,
            0.0,
            1.0
        ]
    ]
}