{
    "matrix_probe_in_cam_coord": [
        [
            -0.22950860457393632,
            0.49092120490371227,
            0.840429753758404,
            -0.9117023470916679
        ],
        [
            -0.8778229789356401,
            0.26857522656131905,
            -0.39660328456796,
            -0.9942594572940442
        ],
        [
            -0.42041957385341,
            -0.8287724164409813,
            0.3693015890400334,
            -14.456785997642228
        ],
        [
            0.0,
            0.0,
            0.0,
            1.0
        ]
    ],
    "matrix_probe_in_world_coord": [
        [
            0.006811193655206567,
            -0.29911087819224474,
            -0.9541940526895224,
            0.0
        ],
        [
            0.7166374767477963,
            -0.6640377543682076,
            0.2132711600150838,
            0.0
        ],
        [
            -0.6974125999446402,
            -0.6852638494191066,
            0.20983117527613737,
            5.236706256866455
        ],
        [
            0.0,
            0.0,
            0.0,
            1.0
        ]
    ],
    "intrinsic_matrix_camera": [
        [
            1.3888888888888888,
            0.0,
            -0.5
        ],
        [
            0.0,
            -1.3888888888888888,
            -0.5
        ],
        [
            0.0,
            0.0,
            -1.0
        ]
    ],
    "extrinsic_matrix_camera": [
        [
            -0.9503361730128228,
            0.2921237012299197,
            -0.10735409374157438,
            -2.12797212600708
        ],
        [
            -0.31122525325452327,
            -0.8920089775459836,
            0.32780913000407236,
            3.5684332847595215
        ],
        [
            9.59952125800199e-10,
            0.3449401790993644,
            0.9386246709110615,
            19.14916229248047
        ],
        [
            0.0,
            0.0,
            0.0,
            1.0
        ]
    ]
}