{
    "matrix_probe_in_cam_coord": [
        [
            -0.07235645199625906,
            0.9971631430984133,
            0.0207415018888931,
            -0.07795306690296903
        ],
        [
            0.8251265232114652,
            0.04816465716687036,
            0.5628910964768921,
            -0.42246996130837644
        ],
        [
            0.5602952476574051,
            0.05784316594111822,
            -0.826270781043621,
            -15.383938512213
        ],
        [
            0.0,
            0.0,
            0.0,
            1.0
        ]
    ],
    "matrix_probe_in_world_coord": [
        [
            0.25713709511862465,
            -0.8839992359675052,
            0.3904175522729769,
            0.0
        ],
        [
            -0.347337924661157,
            -0.4615474894199696,
            -0.816290561688792,
            0.0
        ],
        [
            0.90179647393746,
            0.07429176144762184,
            -0.4257274407117467,
            9.091227531433105
        ],
        [
            0.0,
            0.0,
            0.0,
            1.0
        ]
    ],
    "intrinsic_matrix_camera": [
        [
            1.3888888888888888,
            0.0,
            -0.5
        ],
        [
            0.0,
            -1.3888888888888888,
            -0.5
        ],
        [
            0.0,
            0.0,
            -1.0
        ]
    ],
    "extrinsic_matrix_camera": [
        [
            -0.8919991381154343,
            0.38935568123053643,
            -0.2296512379562259,
            -3.437983512878418
        ],
        [
            -0.4520370975941267,
            -0.7683107000620307,
            0.45316788342607633,
            6.61168098449707
        ],
        [
            -1.344109968188714e-08,
            0.5080362405022862,
            0.8613356943354332,
            22.55659294128418
        ],
        [
            0.0,
            0.0,
            0.0,
            1.0
        ]
    ]
}