{
    "matrix_probe_in_cam_coord": [
        [
            -0.0512534262899175,
            -0.02844497607138013,
            -0.9982805064859489,
            0.3764837979747278
        ],
        [
            0.06424867029090206,
            -0.9976175217467409,
            0.02512744853227157,
            -0.4093032641518164
        ],
        [
            -0.9966168745608289,
            -0.06285032728784797,
            0.0529588680054195,
            -10.582316577633716
        ],
        [
            0.0,
            0.0,
            0.0,
            1.0
        ]
    ],
    "matrix_probe_in_world_coord": [
        [
            -0.651345496739361,
            -0.04972059171605674,
            0.7571505178211004,
            0.0
        ],
        [
            -0.7517964086712966,
            -0.0927950201030749,
            -0.6528332437560231,
            0.0
        ],
        [
            0.10271905269372474,
            -0.9944430335637509,
            0.023061856174833063,
            13.20392894744873
        ],
        [
            0.0,
            0.0,
            0.0,
            1.0
        ]
    ],
    "intrinsic_matrix_camera": [
        [
            1.3888888888888888,
            0.0,
            -0.5
        ],
        [
            0.0,
            -1.3888888888888888,
            -0.5
        ],
        [
            0.0,
            0.0,
            -1.0
        ]
    ],
    "extrinsic_matrix_camera": [
        [
            -0.7210506129685278,
            0.026779312089815467,
            0.6923647030154748,
            7.609247207641602
        ],
        [
            0.6928823951708619,
            0.027867984666426843,
            0.7205118749145787,
            7.375232219696045
        ],
        [
            3.435545170274746e-09,
            0.9992528428153848,
            -0.03864914132774396,
            13.20392894744873
        ],
        [
            0.0,
            0.0,
            0.0,
            1.0
        ]
    ]
}