{
    "matrix_probe_in_cam_coord": [
        [
            -0.9219427701662218,
            -0.16724641937139065,
            0.3493567857444338,
            -0.4225040457728877
        ],
        [
            0.3755165604023013,
            -0.6069840813224532,
            0.7003981995156489,
            -1.2504634301291575
        ],
        [
            0.09491491664568905,
            0.776916314816845,
            0.622408385523167,
            -13.805595366589412
        ],
        [
            0.0,
            0.0,
            0.0,
            1.0
        ]
    ],
    "matrix_probe_in_world_coord": [
        [
            -0.5499636310212634,
            0.8229394338187512,
            0.14251558798945796,
            0.0
        ],
        [
            -0.7615427077511072,
            -0.5641759531182255,
            0.31899560842471425,
            0.0
        ],
        [
            0.34291793307585916,
            0.06690427631485997,
            0.9369797804572761,
            4.16590690612793
        ],
        [
            0.0,
            0.0,
            0.0,
            1.0
        ]
    ],
    "intrinsic_matrix_camera": [
        [
            1.3888888888888888,
            0.0,
            -0.5
        ],
        [
            0.0,
            -1.3888888888888888,
            -0.5
        ],
        [
            0.0,
            0.0,
            -1.0
        ]
    ],
    "extrinsic_matrix_camera": [
        [
            0.41919010754718683,
            -0.6062139260572289,
            0.6758582170757844,
            8.749686241149902
        ],
        [
            0.9078984820642539,
            0.27989787418760353,
            -0.3120537234046146,
            -3.5744946002960205
        ],
        [
            3.459415210312762e-08,
            0.7444204832482383,
            0.6677111232565007,
            14.314927101135254
        ],
        [
            0.0,
            0.0,
            0.0,
            1.0
        ]
    ]
}