{
    "matrix_probe_in_cam_coord": [
        [
            -0.8870367790747156,
            -0.4524507713313882,
            0.0919459193786559,
            1.8127906834745962
        ],
        [
            0.44347547461618425,
            -0.890357031970684,
            -0.10292647392340105,
            -0.14947420529248046
        ],
        [
            0.12843385839685875,
            -0.05052380767506065,
            0.9904302544224451,
            -11.366384209990649
        ],
        [
            0.0,
            0.0,
            0.0,
            1.0
        ]
    ],
    "matrix_probe_in_world_coord": [
        [
            0.7160014818690796,
            0.6947956090112171,
            0.06783022674305285,
            0.0
        ],
        [
            -0.6373744845223827,
            0.610990907344874,
            0.46951451268487376,
            0.0
        ],
        [
            0.28477296999734525,
            -0.3794063426467981,
            0.8803153882094028,
            3.731666088104248
        ],
        [
            0.0,
            0.0,
            0.0,
            1.0
        ]
    ],
    "intrinsic_matrix_camera": [
        [
            1.3888888888888888,
            0.0,
            -0.5
        ],
        [
            0.0,
            -1.3888888888888888,
            -0.5
        ],
        [
            0.0,
            0.0,
            -1.0
        ]
    ],
    "extrinsic_matrix_camera": [
        [
            -0.9432437449451057,
            -0.3080685853317968,
            0.12403622194180904,
            3.0736985206604004
        ],
        [
            0.33210124604092095,
            -0.8749854761029847,
            0.35229132686868814,
            3.271460771560669
        ],
        [
            2.016670892557715e-09,
            0.3734891743283847,
            0.9276345383067091,
            14.331343650817871
        ],
        [
            0.0,
            0.0,
            0.0,
            1.0
        ]
    ]
}