{
    "matrix_probe_in_cam_coord": [
        [
            0.548006469528406,
            -0.8358496564713783,
            -0.032315029501628706,
            1.5154088600207747
        ],
        [
            0.527643906197228,
            0.3154450283788356,
            0.7887245034383084,
            -0.10746153428954841
        ],
        [
            -0.6490614898512647,
            -0.4492769589548907,
            0.6138968940663426,
            -10.567307273404836
        ],
        [
            0.0,
            0.0,
            0.0,
            1.0
        ]
    ],
    "matrix_probe_in_world_coord": [
        [
            0.9599633557035611,
            0.2794973614512355,
            0.01875048394457408,
            0.0
        ],
        [
            -0.2800395548074537,
            0.9591751859141717,
            0.03950709391688003,
            0.0
        ],
        [
            -0.006942870415143408,
            -0.04317623962680673,
            0.9990433468484172,
            7.687350273132324
        ],
        [
            0.0,
            0.0,
            0.0,
            1.0
        ]
    ],
    "intrinsic_matrix_camera": [
        [
            1.3888888888888888,
            0.0,
            -0.5
        ],
        [
            0.0,
            -1.3888888888888888,
            -0.5
        ],
        [
            0.0,
            0.0,
            -1.0
        ]
    ],
    "extrinsic_matrix_camera": [
        [
            0.29184243344023925,
            0.6094738340628327,
            -0.7371361065884849,
            -8.166309356689453
        ],
        [
            -0.9564664103060178,
            0.18596609218451507,
            -0.22491913772274025,
            -0.9073677659034729
        ],
        [
            -8.071616146219896e-09,
            0.7706868742559271,
            0.6372140471220239,
            14.503806114196777
        ],
        [
            0.0,
            0.0,
            0.0,
            1.0
        ]
    ]
}