{
    "matrix_probe_in_cam_coord": [
        [
            0.5736512258868177,
            -0.770869598974192,
            -0.2769193608542384,
            -0.11718227463912592
        ],
        [
            0.05537019983366927,
            -0.3008095714957306,
            0.9520754921049775,
            -0.31911554744420023
        ],
        [
            -0.8172260470695554,
            -0.5614923535311266,
            -0.1298765757061126,
            -10.310200355456743
        ],
        [
            0.0,
            0.0,
            0.0,
            1.0
        ]
    ],
    "matrix_probe_in_world_coord": [
        [
            0.9058633460613571,
            0.36482385712730525,
            0.2152095526069369,
            0.0
        ],
        [
            -0.41840679038940404,
            0.8498059344336069,
            0.32057079024368695,
            0.0
        ],
        [
            -0.06593448277312627,
            -0.3804384668670877,
            0.9224528263869435,
            11.46505069732666
        ],
        [
            0.0,
            0.0,
            0.0,
            1.0
        ]
    ],
    "intrinsic_matrix_camera": [
        [
            1.3888888888888888,
            0.0,
            -0.5
        ],
        [
            0.0,
            -1.3888888888888888,
            -0.5
        ],
        [
            0.0,
            0.0,
            -1.0
        ]
    ],
    "extrinsic_matrix_camera": [
        [
            0.1788223067564487,
            0.14531106706347072,
            -0.9730916074014708,
            -9.96544361114502
        ],
        [
            -0.9838813864517931,
            0.026410566288612082,
            -0.17686124330110398,
            -1.93034029006958
        ],
        [
            4.415913091182033e-09,
            0.9890334553376798,
            0.14769165251567076,
            13.303397178649902
        ],
        [
            0.0,
            0.0,
            0.0,
            1.0
        ]
    ]
}