{
    "matrix_probe_in_cam_coord": [
        [
            0.7261845082740597,
            0.6775356671223445,
            0.11662538197082908,
            -0.12787344198098205
        ],
        [
            -0.24511116627234497,
            0.09666147587006949,
            0.9646642292794063,
            0.9668129408462134
        ],
        [
            0.6423212405886738,
            -0.7291104023806682,
            0.2362656238832205,
            -8.436263041903473
        ],
        [
            0.0,
            0.0,
            0.0,
            1.0
        ]
    ],
    "matrix_probe_in_world_coord": [
        [
            0.590096835559564,
            0.79973694467765,
            0.11048322940720968,
            0.0
        ],
        [
            -0.8009847476777878,
            0.5970762621781409,
            -0.043856255322703944,
            0.0
        ],
        [
            -0.101040381284609,
            -0.06261594414394113,
            0.9929099077402862,
            8.36124324798584
        ],
        [
            0.0,
            0.0,
            0.0,
            1.0
        ]
    ],
    "intrinsic_matrix_camera": [
        [
            1.3888888888888888,
            0.0,
            -0.5
        ],
        [
            0.0,
            -1.3888888888888888,
            -0.5
        ],
        [
            0.0,
            0.0,
            -1.0
        ]
    ],
    "extrinsic_matrix_camera": [
        [
            0.9832546335304443,
            0.03924364914714262,
            -0.17796140492401025,
            -1.4135383367538452
        ],
        [
            -0.18223700403845416,
            0.21173801763882916,
            -0.9601857561146525,
            -8.328393936157227
        ],
        [
            2.165783623846343e-09,
            0.9765382470174911,
            0.2153440319860412,
            9.23381233215332
        ],
        [
            0.0,
            0.0,
            0.0,
            1.0
        ]
    ]
}