{
    "matrix_probe_in_cam_coord": [
        [
            -0.21185281212470425,
            -0.838456399642342,
            -0.5021048216196055,
            0.46712011684007254
        ],
        [
            0.8555766666462634,
            -0.40742668039934443,
            0.31936196954120727,
            1.560375899504045
        ],
        [
            -0.47234198784918907,
            -0.36193143825533003,
            0.8036782195114565,
            -11.311785217260509
        ],
        [
            0.0,
            0.0,
            0.0,
            1.0
        ]
    ],
    "matrix_probe_in_world_coord": [
        [
            -0.8894499593489236,
            -0.4339748073443292,
            0.1433340029603959,
            0.0
        ],
        [
            0.24556205341312534,
            -0.7182919912619017,
            -0.650965354848122,
            0.0
        ],
        [
            0.38545823086000874,
            -0.5438037163163421,
            0.7454525272495947,
            13.588473320007324
        ],
        [
            0.0,
            0.0,
            0.0,
            1.0
        ]
    ],
    "intrinsic_matrix_camera": [
        [
            1.3888888888888888,
            0.0,
            -0.5
        ],
        [
            0.0,
            -1.3888888888888888,
            -0.5
        ],
        [
            0.0,
            0.0,
            -1.0
        ]
    ],
    "extrinsic_matrix_camera": [
        [
            0.48033273564522505,
            -0.5384042867475042,
            0.6923881043746244,
            8.447885513305664
        ],
        [
            0.8770863486952549,
            0.29485490684389776,
            -0.3791834923127616,
            -5.159031391143799
        ],
        [
            -1.229012272061027e-08,
            0.7894183985200673,
            0.6138555140079888,
            19.300485610961914
        ],
        [
            0.0,
            0.0,
            0.0,
            1.0
        ]
    ]
}