{
    "matrix_probe_in_cam_coord": [
        [
            -0.4667916543605457,
            0.8683314006343436,
            0.16764882967603534,
            -1.1733227406908597
        ],
        [
            -0.8587295169238244,
            -0.399726172492247,
            -0.32062845130847883,
            -0.12969835668255403
        ],
        [
            -0.21139812719870552,
            -0.29363168374189075,
            0.9322506455453826,
            -14.358811329760881
        ],
        [
            0.0,
            0.0,
            0.0,
            1.0
        ]
    ],
    "matrix_probe_in_world_coord": [
        [
            0.34258822114701476,
            -0.8263962759401238,
            -0.44688086314320863,
            0.0
        ],
        [
            0.46099548046619315,
            -0.26659478925519114,
            0.8464102937297752,
            0.0
        ],
        [
            -0.818606424187514,
            -0.49598025510525634,
            0.2896327136644909,
            3.958362102508545
        ],
        [
            0.0,
            0.0,
            0.0,
            1.0
        ]
    ],
    "intrinsic_matrix_camera": [
        [
            1.3888888888888888,
            0.0,
            -0.5
        ],
        [
            0.0,
            -1.3888888888888888,
            -0.5
        ],
        [
            0.0,
            0.0,
            -1.0
        ]
    ],
    "extrinsic_matrix_camera": [
        [
            -0.9524222119903198,
            0.1794243217630274,
            -0.246371351555622,
            -4.631827354431152
        ],
        [
            -0.30478177456578054,
            -0.5606887331795779,
            0.7698936383540352,
            10.624429702758789
        ],
        [
            2.895880117884121e-09,
            0.8083532997677177,
            0.5886976666801409,
            12.516202926635742
        ],
        [
            0.0,
            0.0,
            0.0,
            1.0
        ]
    ]
}