{
    "matrix_probe_in_cam_coord": [
        [
            0.9391569272094422,
            -0.18803001333937483,
            0.2874525702757113,
            0.6570742140556196
        ],
        [
            0.2700236170978944,
            0.9213916523476978,
            -0.27950790542191956,
            -1.6785457908071668
        ],
        [
            -0.21230052351298612,
            0.34012076835673155,
            0.9161038973001578,
            -15.162529636800608
        ],
        [
            0.0,
            0.0,
            0.0,
            1.0
        ]
    ],
    "matrix_probe_in_world_coord": [
        [
            -0.24433935468263016,
            -0.888454047823678,
            0.3885198639181754,
            0.0
        ],
        [
            0.952350432223741,
            -0.14443653734913062,
            0.26863868098590465,
            0.0
        ],
        [
            -0.18255665968824397,
            0.4356460622848723,
            0.8814111267842922,
            15.333931922912598
        ],
        [
            0.0,
            0.0,
            0.0,
            1.0
        ]
    ],
    "intrinsic_matrix_camera": [
        [
            1.3888888888888888,
            0.0,
            -0.5
        ],
        [
            0.0,
            -1.3888888888888888,
            -0.5
        ],
        [
            0.0,
            0.0,
            -1.0
        ]
    ],
    "extrinsic_matrix_camera": [
        [
            0.049264062410079926,
            -0.9931859128886069,
            0.10561626103247737,
            -0.0980684906244278
        ],
        [
            0.9987857889231583,
            0.04898785360862478,
            -0.005209418774129885,
            -0.6530359983444214
        ],
        [
            7.406653935559737e-09,
            0.1057446577300461,
            0.9943933162293256,
            30.588947296142578
        ],
        [
            0.0,
            0.0,
            0.0,
            1.0
        ]
    ]
}