{
    "matrix_probe_in_cam_coord": [
        [
            -0.9263413945302593,
            -0.1894634189190695,
            -0.3255690920084879,
            0.3646759953983427
        ],
        [
            -0.3149643827416664,
            -0.0844884157417088,
            0.9453354670219543,
            1.2825942828396486
        ],
        [
            -0.20661330640569878,
            0.9782460429242497,
            0.01859088806785631,
            -11.405386764945822
        ],
        [
            0.0,
            0.0,
            0.0,
            1.0
        ]
    ],
    "matrix_probe_in_world_coord": [
        [
            0.5867455195668756,
            0.7875899241867056,
            0.18823338329790548,
            0.0
        ],
        [
            -0.7367356689247422,
            0.615677639123674,
            -0.27957395947604174,
            0.0
        ],
        [
            -0.3360807185814289,
            0.02536052055218894,
            0.9414916858874071,
            5.127931118011475
        ],
        [
            0.0,
            0.0,
            0.0,
            1.0
        ]
    ],
    "intrinsic_matrix_camera": [
        [
            1.3888888888888888,
            0.0,
            -0.5
        ],
        [
            0.0,
            -1.3888888888888888,
            -0.5
        ],
        [
            0.0,
            0.0,
            -1.0
        ]
    ],
    "extrinsic_matrix_camera": [
        [
            -0.7540291142585702,
            -0.07340247203643865,
            0.6527267207257383,
            7.813722610473633
        ],
        [
            0.6568409966273696,
            -0.08426331267896553,
            0.7493060785059273,
            8.414667129516602
        ],
        [
            -2.711836151844492e-09,
            0.9937362684511957,
            0.11175074391114029,
            5.127931118011475
        ],
        [
            0.0,
            0.0,
            0.0,
            1.0
        ]
    ]
}