{
    "matrix_probe_in_cam_coord": [
        [
            0.024111063915389846,
            -0.9973854650365818,
            -0.06812408333790765,
            -0.5887273935216495
        ],
        [
            0.848572517562191,
            0.05644488841139738,
            -0.5260595565241546,
            -0.09044054279486602
        ],
        [
            0.5285294117029187,
            -0.04512436931400926,
            0.847714841358213,
            -12.10166641493761
        ],
        [
            0.0,
            0.0,
            0.0,
            1.0
        ]
    ],
    "matrix_probe_in_world_coord": [
        [
            0.18999223541456625,
            0.9632219388849204,
            -0.1900169648556438,
            0.0
        ],
        [
            -0.6118410692063893,
            0.26752624960958504,
            0.7443656438889509,
            0.0
        ],
        [
            0.767823844716064,
            -0.025163509703634738,
            0.6401666511658013,
            15.784067153930664
        ],
        [
            0.0,
            0.0,
            0.0,
            1.0
        ]
    ],
    "intrinsic_matrix_camera": [
        [
            1.3888888888888888,
            0.0,
            -0.5
        ],
        [
            0.0,
            -1.3888888888888888,
            -0.5
        ],
        [
            0.0,
            0.0,
            -1.0
        ]
    ],
    "extrinsic_matrix_camera": [
        [
            -0.9431779149672231,
            0.3155513846428018,
            -0.10412849930778718,
            -1.7868643999099731
        ],
        [
            -0.3322881591602103,
            -0.8956716876541139,
            0.2955618500699133,
            3.300158739089966
        ],
        [
            2.3292533674689236e-09,
            0.3133680768438958,
            0.9496317435801932,
            27.304534912109375
        ],
        [
            0.0,
            0.0,
            0.0,
            1.0
        ]
    ]
}