{
    "matrix_probe_in_cam_coord": [
        [
            -0.7863433725082721,
            -0.45997717774551405,
            0.4124137442733806,
            -0.985967970433881
        ],
        [
            0.2854517372366877,
            0.32150967653392426,
            0.9028559318095045,
            -0.35413492637755795
        ],
        [
            -0.5478881329440111,
            0.8276789980713077,
            -0.12151571886304399,
            -11.638869919710515
        ],
        [
            0.0,
            0.0,
            0.0,
            1.0
        ]
    ],
    "matrix_probe_in_world_coord": [
        [
            0.5845700844353484,
            -0.7640969252592471,
            0.2728254115595071,
            0.0
        ],
        [
            0.7888709555335717,
            0.4566871902508866,
            -0.4112413230407425,
            0.0
        ],
        [
            0.189632359840823,
            0.4556234180440195,
            0.869739540915029,
            10.403889656066895
        ],
        [
            0.0,
            0.0,
            0.0,
            1.0
        ]
    ],
    "intrinsic_matrix_camera": [
        [
            1.3888888888888888,
            0.0,
            -0.5
        ],
        [
            0.0,
            -1.3888888888888888,
            -0.5
        ],
        [
            0.0,
            0.0,
            -1.0
        ]
    ],
    "extrinsic_matrix_camera": [
        [
            0.004311285056618489,
            0.16752403203287108,
            -0.9858585656739053,
            -11.4107027053833
        ],
        [
            -0.9999907063673941,
            0.000722267614850102,
            -0.004250353906707038,
            -1.0351723432540894
        ],
        [
            1.7290790598817087e-08,
            0.9858677279538781,
            0.16752558902763956,
            12.702828407287598
        ],
        [
            0.0,
            0.0,
            0.0,
            1.0
        ]
    ]
}