{
    "matrix_probe_in_cam_coord": [
        [
            0.5739296151218648,
            0.8174276246595692,
            -0.049161726266299804,
            0.7739155068003805
        ],
        [
            -0.5233833249296114,
            0.41232369531023866,
            0.7456936807237501,
            1.0896841190834028
        ],
        [
            0.6298211587996174,
            -0.4022452594240533,
            0.6644727678386702,
            -11.776045448847134
        ],
        [
            0.0,
            0.0,
            0.0,
            1.0
        ]
    ],
    "matrix_probe_in_world_coord": [
        [
            0.9190984425647606,
            -0.2450045094110223,
            -0.3085949501260442,
            0.0
        ],
        [
            0.2759117379177534,
            0.9593000313263796,
            0.06013453896399143,
            0.0
        ],
        [
            0.28130191210554606,
            -0.14041453010807375,
            0.9492907847336833,
            12.188963890075684
        ],
        [
            0.0,
            0.0,
            0.0,
            1.0
        ]
    ],
    "intrinsic_matrix_camera": [
        [
            1.3888888888888888,
            0.0,
            -0.5
        ],
        [
            0.0,
            -1.3888888888888888,
            -0.5
        ],
        [
            0.0,
            0.0,
            -1.0
        ]
    ],
    "extrinsic_matrix_camera": [
        [
            0.3423954217068224,
            -0.8121792677074489,
            0.4723666079438717,
            6.182644367218018
        ],
        [
            0.9395559457500161,
            0.29597647674790384,
            -0.17214107591650044,
            -3.076798915863037
        ],
        [
            8.627650142199463e-09,
            0.5027551713489277,
            0.8644288505608256,
            21.8206729888916
        ],
        [
            0.0,
            0.0,
            0.0,
            1.0
        ]
    ]
}