{
    "matrix_probe_in_cam_coord": [
        [
            0.4570834584784667,
            0.32868686469608394,
            0.826462132805625,
            1.9449733619236391
        ],
        [
            -0.8193287371126688,
            0.5171702071879701,
            0.24745786982537363,
            -1.3224826177673084
        ],
        [
            -0.3460854410788228,
            -0.7902530745105714,
            0.5056925406804675,
            -8.848643970210045
        ],
        [
            0.0,
            0.0,
            0.0,
            1.0
        ]
    ],
    "matrix_probe_in_world_coord": [
        [
            -0.6547615803294351,
            0.5259194755564707,
            -0.5428590776204334,
            0.0
        ],
        [
            -0.09845875877240355,
            -0.7714515237343165,
            -0.628624227459457,
            0.0
        ],
        [
            -0.749395186630858,
            -0.35814976163388457,
            0.5568981976053553,
            8.962267875671387
        ],
        [
            0.0,
            0.0,
            0.0,
            1.0
        ]
    ],
    "intrinsic_matrix_camera": [
        [
            1.3888888888888888,
            0.0,
            -0.5
        ],
        [
            0.0,
            -1.3888888888888888,
            -0.5
        ],
        [
            0.0,
            0.0,
            -1.0
        ]
    ],
    "extrinsic_matrix_camera": [
        [
            -0.5750703352156169,
            0.6741201118956199,
            -0.4635258183670406,
            -2.091566324234009
        ],
        [
            -0.8181039723378672,
            -0.47385966613021563,
            0.3258264987074602,
            3.847641944885254
        ],
        [
            6.2330903557803895e-09,
            0.5665854671210666,
            0.8240029784213178,
            17.00287628173828
        ],
        [
            0.0,
            0.0,
            0.0,
            1.0
        ]
    ]
}