{
    "matrix_probe_in_cam_coord": [
        [
            0.6704336511210296,
            -0.1511668218469073,
            0.7264071251145817,
            -0.8155795326659832
        ],
        [
            -0.6978362968452353,
            -0.4610832469844776,
            0.5481119795767834,
            0.5690040905214246
        ],
        [
            0.2520778099116515,
            -0.8743859738827909,
            -0.41461541991005185,
            -12.566376927335817
        ],
        [
            0.0,
            0.0,
            0.0,
            1.0
        ]
    ],
    "matrix_probe_in_world_coord": [
        [
            0.5539971422821162,
            0.05920119591115695,
            0.8304109734016873,
            0.0
        ],
        [
            -0.5215218043796391,
            0.8021761525253996,
            0.29073773039657663,
            0.0
        ],
        [
            -0.6489238583222646,
            -0.5941453010183922,
            0.47527801061895336,
            17.021968841552734
        ],
        [
            0.0,
            0.0,
            0.0,
            1.0
        ]
    ],
    "intrinsic_matrix_camera": [
        [
            1.3888888888888888,
            0.0,
            -0.5
        ],
        [
            0.0,
            -1.3888888888888888,
            -0.5
        ],
        [
            0.0,
            0.0,
            -1.0
        ]
    ],
    "extrinsic_matrix_camera": [
        [
            0.9656855180277104,
            0.04126220862440721,
            -0.25641550345286884,
            -2.458098888397217
        ],
        [
            -0.2597142280883978,
            0.15342369257773453,
            -0.9534199967927359,
            -12.2801513671875
        ],
        [
            -1.4404255447433993e-09,
            0.987298638049931,
            0.1588754207067641,
            18.456680297851562
        ],
        [
            0.0,
            0.0,
            0.0,
            1.0
        ]
    ]
}