{
    "matrix_probe_in_cam_coord": [
        [
            -0.4490980421159005,
            -0.5622013019946577,
            0.6944354862787302,
            0.1642119096772641
        ],
        [
            0.5346944078859046,
            0.4535780929822847,
            0.7129998623717225,
            0.04088960159809485
        ],
        [
            -0.7158301745129264,
            0.6915176133708131,
            0.09690485877770987,
            -16.682099963945777
        ],
        [
            0.0,
            0.0,
            0.0,
            1.0
        ]
    ],
    "matrix_probe_in_world_coord": [
        [
            0.7655043560433417,
            0.4143686717530049,
            -0.4922414902751689,
            0.0
        ],
        [
            -0.6428270599173811,
            0.45939065805507195,
            -0.6129711203064168,
            0.0
        ],
        [
            -0.027864886804802154,
            0.7856582126862662,
            0.6180329448516293,
            8.362730026245117
        ],
        [
            0.0,
            0.0,
            0.0,
            1.0
        ]
    ],
    "intrinsic_matrix_camera": [
        [
            1.3888888888888888,
            0.0,
            -0.5
        ],
        [
            0.0,
            -1.3888888888888888,
            -0.5
        ],
        [
            0.0,
            0.0,
            -1.0
        ]
    ],
    "extrinsic_matrix_camera": [
        [
            -0.9185750729613982,
            0.2462913354941586,
            -0.30912847393028353,
            -5.016141891479492
        ],
        [
            -0.395246550059532,
            -0.5723948199773804,
            0.718431858097273,
            12.073261260986328
        ],
        [
            4.607120204636293e-09,
            0.782115559315608,
            0.6231334141870696,
            18.725923538208008
        ],
        [
            0.0,
            0.0,
            0.0,
            1.0
        ]
    ]
}