{
    "matrix_probe_in_cam_coord": [
        [
            0.8922336403917348,
            -0.18673593846731285,
            0.4111554696681579,
            -1.6745721530125006
        ],
        [
            0.2956030178832185,
            0.92982886481942,
            -0.21917376204044614,
            -1.3093912701429522
        ],
        [
            -0.34137660548380466,
            0.31709300123679873,
            0.8848242999573382,
            -13.441350764458917
        ],
        [
            0.0,
            0.0,
            0.0,
            1.0
        ]
    ],
    "matrix_probe_in_world_coord": [
        [
            0.9920070844801901,
            0.05981475358645399,
            0.11110418351486206,
            0.0
        ],
        [
            0.050988687636586566,
            0.6153960274135739,
            -0.7865671510918124,
            0.0
        ],
        [
            -0.1154213934858307,
            0.7859452428108356,
            0.6074273431685516,
            13.849039077758789
        ],
        [
            0.0,
            0.0,
            0.0,
            1.0
        ]
    ],
    "intrinsic_matrix_camera": [
        [
            1.3888888888888888,
            0.0,
            -0.5
        ],
        [
            0.0,
            -1.3888888888888888,
            -0.5
        ],
        [
            0.0,
            0.0,
            -1.0
        ]
    ],
    "extrinsic_matrix_camera": [
        [
            0.9196136208901448,
            0.3245066504812387,
            -0.22137348998189552,
            -1.0106931924819946
        ],
        [
            -0.39282411875204054,
            0.7596802811298525,
            -0.5182423006559297,
            -6.628970146179199
        ],
        [
            1.980596188804131e-09,
            0.5635435247218403,
            0.8260863730531358,
            25.690654754638672
        ],
        [
            0.0,
            0.0,
            0.0,
            1.0
        ]
    ]
}