{
    "matrix_probe_in_cam_coord": [
        [
            -0.9869352385732113,
            0.11494225645945363,
            0.11290311130543479,
            -0.37253876390038926
        ],
        [
            -0.13514539471370293,
            -0.2090719427390029,
            -0.9685167241958275,
            0.6468788611014233
        ],
        [
            -0.08771862487588161,
            -0.9711216197981323,
            0.2218743843045792,
            -12.973542756724285
        ],
        [
            0.0,
            0.0,
            0.0,
            1.0
        ]
    ],
    "matrix_probe_in_world_coord": [
        [
            -0.9647693226930542,
            0.08413603265407264,
            -0.24928153160556868,
            0.0
        ],
        [
            0.24055762174732293,
            -0.10161198180048428,
            -0.965301525832136,
            0.0
        ],
        [
            -0.10654663115114063,
            -0.9912598716602072,
            0.07779255894063333,
            16.745553970336914
        ],
        [
            0.0,
            0.0,
            0.0,
            1.0
        ]
    ],
    "intrinsic_matrix_camera": [
        [
            1.3888888888888888,
            0.0,
            -0.5
        ],
        [
            0.0,
            -1.3888888888888888,
            -0.5
        ],
        [
            0.0,
            0.0,
            -1.0
        ]
    ],
    "extrinsic_matrix_camera": [
        [
            0.9336909665937377,
            0.35422697951482957,
            -0.052387268348829244,
            -0.5609543323516846
        ],
        [
            -0.3580798498955948,
            0.9236446313583302,
            -0.136599473138379,
            -2.503063917160034
        ],
        [
            3.8879922010317024e-10,
            0.1463005192975574,
            0.9892401922957159,
            29.484865188598633
        ],
        [
            0.0,
            0.0,
            0.0,
            1.0
        ]
    ]
}