{
    "matrix_probe_in_cam_coord": [
        [
            0.38253182786981876,
            0.15093892823821115,
            -0.9115299449874781,
            0.783343986755996
        ],
        [
            0.024813696925976896,
            0.9845317064539578,
            0.17344047806588614,
            -0.8183965958337556
        ],
        [
            0.9236090520947923,
            -0.0889649308950303,
            0.3728693604459897,
            -13.792529084123856
        ],
        [
            0.0,
            0.0,
            0.0,
            1.0
        ]
    ],
    "matrix_probe_in_world_coord": [
        [
            -0.39042130826035926,
            0.89121951601014,
            -0.2308657106174957,
            0.0
        ],
        [
            -0.4679430040482753,
            0.023855294834066357,
            0.8834366247052787,
            0.0
        ],
        [
            0.7928433306893269,
            0.45294447694064166,
            0.4077263221701821,
            15.549827575683594
        ],
        [
            0.0,
            0.0,
            0.0,
            1.0
        ]
    ],
    "intrinsic_matrix_camera": [
        [
            1.3888888888888888,
            0.0,
            -0.5
        ],
        [
            0.0,
            -1.3888888888888888,
            -0.5
        ],
        [
            0.0,
            0.0,
            -1.0
        ]
    ],
    "extrinsic_matrix_camera": [
        [
            0.19561215038204763,
            0.8277046156873991,
            -0.5259666869609584,
            -6.730251789093018
        ],
        [
            -0.9806813379599468,
            0.1650985687796571,
            -0.1049122298113893,
            -0.5436780452728271
        ],
        [
            1.0386088074660405e-08,
            0.5363278211660144,
            0.8440097560119291,
            27.629785537719727
        ],
        [
            0.0,
            0.0,
            0.0,
            1.0
        ]
    ]
}