{
    "matrix_probe_in_cam_coord": [
        [
            0.2993583621250023,
            -0.9539846727723972,
            0.017257321379023378,
            0.40319639059642415
        ],
        [
            -0.01113426295662101,
            0.014592770339372563,
            0.9998315254292773,
            -0.43836622649112655
        ],
        [
            -0.9540757827417324,
            -0.2995000754076119,
            -0.006253448375573014,
            -11.548220875862283
        ],
        [
            0.0,
            0.0,
            0.0,
            1.0
        ]
    ],
    "matrix_probe_in_world_coord": [
        [
            0.11511134627578466,
            0.9932528275441105,
            -0.014078300117768637,
            0.0
        ],
        [
            -0.9933108055563196,
            0.11496494430822327,
            -0.010803015563377207,
            0.0
        ],
        [
            -0.009111614765333719,
            0.015227677296182997,
            0.9998425357627727,
            17.93624496459961
        ],
        [
            0.0,
            0.0,
            0.0,
            1.0
        ]
    ],
    "intrinsic_matrix_camera": [
        [
            1.3888888888888888,
            0.0,
            -0.5
        ],
        [
            0.0,
            -1.3888888888888888,
            -0.5
        ],
        [
            0.0,
            0.0,
            -1.0
        ]
    ],
    "extrinsic_matrix_camera": [
        [
            -0.9133313833314057,
            -0.0008632978796414045,
            -0.40721620662580615,
            -4.334749221801758
        ],
        [
            -0.4072171217200232,
            0.0019362452061180862,
            0.9133293309275472,
            10.712366104125977
        ],
        [
            -4.846871238585417e-09,
            0.9999977528331114,
            -0.002119983190307224,
            18.350128173828125
        ],
        [
            0.0,
            0.0,
            0.0,
            1.0
        ]
    ]
}