{
    "matrix_probe_in_cam_coord": [
        [
            0.9333283084478483,
            0.25128742890376526,
            -0.2564232764879441,
            -0.3990495391676998
        ],
        [
            -0.22015926820787626,
            0.9647611608381818,
            0.14410343216015517,
            -0.31060493385871335
        ],
        [
            0.28359859885417255,
            -0.0780418516765152,
            0.9557621587585746,
            -16.28535807975708
        ],
        [
            0.0,
            0.0,
            0.0,
            1.0
        ]
    ],
    "matrix_probe_in_world_coord": [
        [
            0.789566636549648,
            -0.5900150755744925,
            -0.16872088502168903,
            0.0
        ],
        [
            0.5604705692803504,
            0.805302602339067,
            -0.193288539847779,
            0.0
        ],
        [
            0.2499145202228873,
            0.05805109181361288,
            0.9665261524247607,
            12.963122367858887
        ],
        [
            0.0,
            0.0,
            0.0,
            1.0
        ]
    ],
    "intrinsic_matrix_camera": [
        [
            1.3888888888888888,
            0.0,
            -0.5
        ],
        [
            0.0,
            -1.3888888888888888,
            -0.5
        ],
        [
            0.0,
            0.0,
            -1.0
        ]
    ],
    "extrinsic_matrix_camera": [
        [
            0.6319254840913726,
            -0.767367300736124,
            0.10870882354638761,
            1.7841836214065552
        ],
        [
            0.7750291494878658,
            0.6256783410845432,
            -0.08863651020775537,
            -0.9398635029792786
        ],
        [
            3.20703900081463e-09,
            0.14026417667618896,
            0.9901141150096544,
            29.131052017211914
        ],
        [
            0.0,
            0.0,
            0.0,
            1.0
        ]
    ]
}