{
    "matrix_probe_in_cam_coord": [
        [
            0.9358348613855273,
            -0.3462055450646609,
            -0.06599115684705449,
            -0.36389883181601407
        ],
        [
            0.3523115706568158,
            0.9239825741216562,
            0.14877083014101466,
            -0.35152312645709305
        ],
        [
            0.009469392634115281,
            -0.16247437732147227,
            0.986667323527612,
            -13.64291645396845
        ],
        [
            0.0,
            0.0,
            0.0,
            1.0
        ]
    ],
    "matrix_probe_in_world_coord": [
        [
            0.9971456605774528,
            -0.01612797576777017,
            -0.07375920274237019,
            0.0
        ],
        [
            0.015364835119224308,
            0.9998225166205682,
            -0.010902160348908112,
            0.0
        ],
        [
            0.07392194148772678,
            0.009737743894171334,
            0.997216487484306,
            15.801733016967773
        ],
        [
            0.0,
            0.0,
            0.0,
            1.0
        ]
    ],
    "intrinsic_matrix_camera": [
        [
            1.3888888888888888,
            0.0,
            -0.5
        ],
        [
            0.0,
            -1.3888888888888888,
            -0.5
        ],
        [
            0.0,
            0.0,
            -1.0
        ]
    ],
    "extrinsic_matrix_camera": [
        [
            0.9436147208062361,
            0.3254307674638724,
            -0.06071304856160845,
            -0.3705263137817383
        ],
        [
            -0.33104570481697726,
            0.9276098683201636,
            -0.1730568505355377,
            -2.155390977859497
        ],
        [
            -7.0311137783825e-10,
            0.18339778565436296,
            0.9830387846962481,
            29.27771759033203
        ],
        [
            0.0,
            0.0,
            0.0,
            1.0
        ]
    ]
}