{
    "matrix_probe_in_cam_coord": [
        [
            0.6547956312029544,
            -0.6524367324351587,
            -0.38153504626293233,
            0.026219993387214934
        ],
        [
            0.7035721938415707,
            0.3417720755242748,
            0.623039337798817,
            -1.557705509559284
        ],
        [
            -0.27609572508549274,
            -0.6764008859849037,
            0.6828272051026916,
            -11.218421780545336
        ],
        [
            0.0,
            0.0,
            0.0,
            1.0
        ]
    ],
    "matrix_probe_in_world_coord": [
        [
            0.7030858484067799,
            -0.5907503949081644,
            -0.3958336275330414,
            0.0
        ],
        [
            0.5788650531127446,
            0.7987769994538207,
            -0.16392240673053288,
            0.0
        ],
        [
            0.4130200237941231,
            -0.11388272941670648,
            0.9035735630737008,
            17.086360931396484
        ],
        [
            0.0,
            0.0,
            0.0,
            1.0
        ]
    ],
    "intrinsic_matrix_camera": [
        [
            1.3888888888888888,
            0.0,
            -0.5
        ],
        [
            0.0,
            -1.3888888888888888,
            -0.5
        ],
        [
            0.0,
            0.0,
            -1.0
        ]
    ],
    "extrinsic_matrix_camera": [
        [
            0.9968292006292877,
            0.046149743061281966,
            -0.06482087617545117,
            -0.681437075138092
        ],
        [
            -0.07957100459825496,
            0.5781429206013563,
            -0.8120463155422591,
            -8.207215309143066
        ],
        [
            1.851878255714144e-09,
            0.8146293418321682,
            0.5799819268098694,
            24.86179542541504
        ],
        [
            0.0,
            0.0,
            0.0,
            1.0
        ]
    ]
}