{
    "matrix_probe_in_cam_coord": [
        [
            -0.6906182036272287,
            -0.6751247407057896,
            -0.25933199051725064,
            -0.783357915634187
        ],
        [
            -0.5630619399152139,
            0.2768850621548757,
            0.7786500588675289,
            -0.4330451836342286
        ],
        [
            -0.4538807647803718,
            0.6837698785720456,
            -0.5713589104231714,
            -8.559784633755951
        ],
        [
            0.0,
            0.0,
            0.0,
            1.0
        ]
    ],
    "matrix_probe_in_world_coord": [
        [
            0.8013656739620448,
            0.431754081224022,
            0.41400660615714585,
            0.0
        ],
        [
            -0.23760400244613467,
            0.8649278632253296,
            -0.44209063486805805,
            0.0
        ],
        [
            -0.5489602850998737,
            0.25590663290127125,
            0.7957099978133988,
            5.131526947021484
        ],
        [
            0.0,
            0.0,
            0.0,
            1.0
        ]
    ],
    "intrinsic_matrix_camera": [
        [
            1.3888888888888888,
            0.0,
            -0.5
        ],
        [
            0.0,
            -1.3888888888888888,
            -0.5
        ],
        [
            0.0,
            0.0,
            -1.0
        ]
    ],
    "extrinsic_matrix_camera": [
        [
            -0.9522907415972498,
            -0.009305987091389752,
            -0.30505039267703854,
            -3.361180067062378
        ],
        [
            -0.30519230571585587,
            0.029037476852772366,
            0.9518479298027941,
            7.921113014221191
        ],
        [
            9.168577774742408e-09,
            0.999535003660342,
            -0.030492236023622814,
            5.303363800048828
        ],
        [
            0.0,
            0.0,
            0.0,
            1.0
        ]
    ]
}