{
    "matrix_probe_in_cam_coord": [
        [
            0.7658601119974672,
            0.5962932244803509,
            0.2406089759133131,
            -2.57153516164032
        ],
        [
            -0.613766157036691,
            0.5663641464263679,
            0.5500206888101065,
            -1.1177576728475476
        ],
        [
            0.19170131279581598,
            -0.56891655282788,
            0.7997403094697698,
            -11.822544432211401
        ],
        [
            0.0,
            0.0,
            0.0,
            1.0
        ]
    ],
    "matrix_probe_in_world_coord": [
        [
            0.9923162323172772,
            -0.019622667242818016,
            0.12216155700514424,
            0.0
        ],
        [
            -0.009276954410849877,
            0.9727643586578542,
            0.2316105365518433,
            0.0
        ],
        [
            -0.12337922514144138,
            -0.23096418219120335,
            0.9651078247264635,
            8.767826080322266
        ],
        [
            0.0,
            0.0,
            0.0,
            1.0
        ]
    ],
    "intrinsic_matrix_camera": [
        [
            1.3888888888888888,
            0.0,
            -0.5
        ],
        [
            0.0,
            -1.3888888888888888,
            -0.5
        ],
        [
            0.0,
            0.0,
            -1.0
        ]
    ],
    "extrinsic_matrix_camera": [
        [
            0.777667724423273,
            -0.5529723119280061,
            0.2990895060534954,
            4.917709827423096
        ],
        [
            0.6286755207500353,
            0.6840233231729237,
            -0.3699718678023261,
            -1.992775321006775
        ],
        [
            1.2301147340185832e-09,
            0.475745431503515,
            0.879583017346023,
            19.698503494262695
        ],
        [
            0.0,
            0.0,
            0.0,
            1.0
        ]
    ]
}