{
    "matrix_probe_in_cam_coord": [
        [
            -0.030837569436284306,
            0.19044381268134444,
            -0.981213635516066,
            0.6884609339357125
        ],
        [
            0.02485950983821038,
            0.9815229757323235,
            0.18972256818883812,
            -0.3281709171214091
        ],
        [
            0.9992152165984394,
            -0.018541907155344275,
            -0.035002122752432065,
            -10.860067090304236
        ],
        [
            0.0,
            0.0,
            0.0,
            1.0
        ]
    ],
    "matrix_probe_in_world_coord": [
        [
            0.375151112312013,
            -0.8157580584053418,
            -0.4402277059406941,
            0.0
        ],
        [
            -0.13509595312425662,
            0.42172750176212814,
            -0.89660191707743,
            0.0
        ],
        [
            0.9170663696704333,
            0.3958341880184441,
            0.048005928959566166,
            16.70741844177246
        ],
        [
            0.0,
            0.0,
            0.0,
            1.0
        ]
    ],
    "intrinsic_matrix_camera": [
        [
            1.3888888888888888,
            0.0,
            -0.5
        ],
        [
            0.0,
            -1.3888888888888888,
            -0.5
        ],
        [
            0.0,
            0.0,
            -1.0
        ]
    ],
    "extrinsic_matrix_camera": [
        [
            0.265032604457701,
            -0.8748803351552469,
            0.4053913143285271,
            3.93300199508667
        ],
        [
            0.9642394508494079,
            0.2404711949509622,
            -0.11142659388354524,
            -1.7950258255004883
        ],
        [
            2.0227216037123207e-09,
            0.4204259786900652,
            0.9073268410239503,
            26.699020385742188
        ],
        [
            0.0,
            0.0,
            0.0,
            1.0
        ]
    ]
}