{
    "matrix_probe_in_cam_coord": [
        [
            -0.26503980465609067,
            0.527162447973768,
            0.807374544678098,
            1.7694457355923747
        ],
        [
            0.6484469792381949,
            0.7171452282218376,
            -0.2553805723924757,
            -0.07565480590090368
        ],
        [
            -0.7136318498110363,
            0.4558535675904633,
            -0.5319089281543655,
            -14.902661822542317
        ],
        [
            0.0,
            0.0,
            0.0,
            1.0
        ]
    ],
    "matrix_probe_in_world_coord": [
        [
            0.060075417506436045,
            -0.6588587653764689,
            -0.7498640353410893,
            0.0
        ],
        [
            -0.8328670305082396,
            -0.44715722320094586,
            0.3261639575912802,
            0.0
        ],
        [
            -0.5502031022302712,
            0.604942596471611,
            -0.5756049003182402,
            4.70155668258667
        ],
        [
            0.0,
            0.0,
            0.0,
            1.0
        ]
    ],
    "intrinsic_matrix_camera": [
        [
            1.3888888888888888,
            0.0,
            -0.5
        ],
        [
            0.0,
            -1.3888888888888888,
            -0.5
        ],
        [
            0.0,
            0.0,
            -1.0
        ]
    ],
    "extrinsic_matrix_camera": [
        [
            -0.9686691106493655,
            -0.24204099009140506,
            0.055644525241386286,
            2.52494740486145
        ],
        [
            0.2483548954093052,
            -0.9440427171070952,
            0.21703270307325975,
            2.7234930992126465
        ],
        [
            -1.5330530764152261e-09,
            0.22405246571422735,
            0.9745770839740561,
            19.242300033569336
        ],
        [
            0.0,
            0.0,
            0.0,
            1.0
        ]
    ]
}