{
    "matrix_probe_in_cam_coord": [
        [
            -0.59471345935134,
            -0.435410585877767,
            0.6758206292885283,
            -0.1665298977163246
        ],
        [
            -0.6654237359666721,
            0.738334687825247,
            -0.10987784292636725,
            -0.5404409778754217
        ],
        [
            -0.4511398373880526,
            -0.5150529200573227,
            -0.7288301150898656,
            -11.766880017937074
        ],
        [
            0.0,
            0.0,
            0.0,
            1.0
        ]
    ],
    "matrix_probe_in_world_coord": [
        [
            -0.3610704307278922,
            -0.6574195484546306,
            0.6613831577562922,
            0.0
        ],
        [
            -0.7928266931721895,
            0.5898129908115441,
            0.15344859225027957,
            0.0
        ],
        [
            -0.49097248257679943,
            -0.4689564725853044,
            -0.7341837972692693,
            10.373520851135254
        ],
        [
            0.0,
            0.0,
            0.0,
            1.0
        ]
    ],
    "intrinsic_matrix_camera": [
        [
            1.3888888888888888,
            0.0,
            -0.5
        ],
        [
            0.0,
            -1.3888888888888888,
            -0.5
        ],
        [
            0.0,
            0.0,
            -1.0
        ]
    ],
    "extrinsic_matrix_camera": [
        [
            0.9479572575634816,
            -0.3178021768385054,
            0.01946315055252236,
            0.21513046324253082
        ],
        [
            0.31839760965296654,
            0.9461844902743092,
            -0.05794715292076878,
            -0.11747760325670242
        ],
        [
            1.551435701154231e-10,
            0.06112844477862261,
            0.9981299079974244,
            22.151432037353516
        ],
        [
            0.0,
            0.0,
            0.0,
            1.0
        ]
    ]
}