{
    "matrix_probe_in_cam_coord": [
        [
            0.9172295754235044,
            0.29355791806604775,
            -0.26928359532126206,
            -0.9445173663145962
        ],
        [
            0.04825524596879413,
            -0.7528822399878772,
            -0.6563838541184018,
            0.7986103708994232
        ],
        [
            -0.3954255141046273,
            0.5890603377002764,
            -0.7047315668703419,
            -8.480185212078737
        ],
        [
            0.0,
            0.0,
            0.0,
            1.0
        ]
    ],
    "matrix_probe_in_world_coord": [
        [
            -0.7433934867695752,
            -0.5598557275576302,
            0.36596132056474184,
            0.0
        ],
        [
            -0.6556601404863805,
            0.7181143167822237,
            -0.23328439341237472,
            0.0
        ],
        [
            -0.13219645988434445,
            -0.41336834948181056,
            -0.9009165908344293,
            13.785505294799805
        ],
        [
            0.0,
            0.0,
            0.0,
            1.0
        ]
    ],
    "intrinsic_matrix_camera": [
        [
            1.3888888888888888,
            0.0,
            -0.5
        ],
        [
            0.0,
            -1.3888888888888888,
            -0.5
        ],
        [
            0.0,
            0.0,
            -1.0
        ]
    ],
    "extrinsic_matrix_camera": [
        [
            -0.9447599541916172,
            0.14542169662742097,
            -0.2937365471061711,
            -3.499417781829834
        ],
        [
            -0.32776306832200225,
            -0.41917044748378113,
            0.8466802861767796,
            7.20518159866333
        ],
        [
            3.823983124533391e-09,
            0.8961856203411486,
            0.44367931425045154,
            16.832284927368164
        ],
        [
            0.0,
            0.0,
            0.0,
            1.0
        ]
    ]
}