{
    "matrix_probe_in_cam_coord": [
        [
            0.49870806725770195,
            -0.5477907111764142,
            -0.6717258372289441,
            -0.320621678406076
        ],
        [
            0.7579931033214922,
            -0.10025371014454515,
            0.6445119462968137,
            -1.7074323826399205
        ],
        [
            -0.420400664805779,
            -0.8305868590045786,
            0.36522424711369744,
            -9.622293994844442
        ],
        [
            0.0,
            0.0,
            0.0,
            1.0
        ]
    ],
    "matrix_probe_in_world_coord": [
        [
            0.6203816479784562,
            -0.37209433638463646,
            -0.6904146693705253,
            0.0
        ],
        [
            0.5035245174984477,
            0.8638811021967188,
            -0.013133984366438594,
            0.0
        ],
        [
            0.6013232667455087,
            -0.3394926304028696,
            0.7232946030302247,
            16.650585174560547
        ],
        [
            0.0,
            0.0,
            0.0,
            1.0
        ]
    ],
    "intrinsic_matrix_camera": [
        [
            1.3888888888888888,
            0.0,
            -0.5
        ],
        [
            0.0,
            -1.3888888888888888,
            -0.5
        ],
        [
            0.0,
            0.0,
            -1.0
        ]
    ],
    "extrinsic_matrix_camera": [
        [
            0.9769885255964006,
            0.06256834603335538,
            -0.2039083689494419,
            -1.5419913530349731
        ],
        [
            -0.21329186776098946,
            0.28659581617148017,
            -0.9340071826811782,
            -8.56633472442627
        ],
        [
            8.196252581918189e-10,
            0.9560062971694556,
            0.29334614327164166,
            21.10556411743164
        ],
        [
            0.0,
            0.0,
            0.0,
            1.0
        ]
    ]
}