{
    "matrix_probe_in_cam_coord": [
        [
            0.34320048380057727,
            0.9286451693062429,
            0.14082463365203163,
            0.1377732824201985
        ],
        [
            -0.8820934427797805,
            0.2671593040045654,
            0.38799106238251185,
            0.9131661668276401
        ],
        [
            0.3226834147023422,
            -0.25737920624629984,
            0.9108410169003482,
            -12.588583956422674
        ],
        [
            0.0,
            0.0,
            0.0,
            1.0
        ]
    ],
    "matrix_probe_in_world_coord": [
        [
            0.9990131220956735,
            0.044389821299038644,
            0.0015250067851234354,
            0.0
        ],
        [
            -0.04410616802220246,
            0.9874107527077911,
            0.15190342780671795,
            0.0
        ],
        [
            0.005237157917468405,
            -0.15182077987572365,
            0.9883941637701402,
            15.876132011413574
        ],
        [
            0.0,
            0.0,
            0.0,
            1.0
        ]
    ],
    "intrinsic_matrix_camera": [
        [
            1.3888888888888888,
            0.0,
            -0.5
        ],
        [
            0.0,
            -1.3888888888888888,
            -0.5
        ],
        [
            0.0,
            0.0,
            -1.0
        ]
    ],
    "extrinsic_matrix_camera": [
        [
            0.3842989384639118,
            -0.8687720814857111,
            0.3123289873298599,
            4.67216682434082
        ],
        [
            0.9232087119906911,
            0.36163890339283933,
            -0.1300114520237128,
            -2.094089984893799
        ],
        [
            7.315854086600991e-09,
            0.33830810511102144,
            0.9410354010430163,
            27.413503646850586
        ],
        [
            0.0,
            0.0,
            0.0,
            1.0
        ]
    ]
}