{
    "matrix_probe_in_cam_coord": [
        [
            0.9903833243287932,
            -0.12361949769685021,
            0.062121579830416336,
            -0.9799315646663799
        ],
        [
            0.08393863545689108,
            0.8938295790975487,
            0.4404804070647566,
            -0.18712966739054515
        ],
        [
            -0.1099780722193452,
            -0.4310300492071023,
            0.8956103618825763,
            -14.144110004555332
        ],
        [
            0.0,
            0.0,
            0.0,
            1.0
        ]
    ],
    "matrix_probe_in_world_coord": [
        [
            0.174971934793154,
            0.9306879495430186,
            -0.32125498067757946,
            0.0
        ],
        [
            -0.9844067458999703,
            0.15936418474675415,
            -0.0744742589532368,
            0.0
        ],
        [
            -0.018115757267407034,
            0.32927647531430804,
            0.9440597555998319,
            11.383692741394043
        ],
        [
            0.0,
            0.0,
            0.0,
            1.0
        ]
    ],
    "intrinsic_matrix_camera": [
        [
            1.3888888888888888,
            0.0,
            -0.5
        ],
        [
            0.0,
            -1.3888888888888888,
            -0.5
        ],
        [
            0.0,
            0.0,
            -1.0
        ]
    ],
    "extrinsic_matrix_camera": [
        [
            0.0382812426815841,
            0.7050567990005459,
            -0.7081168382702516,
            -9.846232414245605
        ],
        [
            -0.9992670045882387,
            0.027010211290445445,
            -0.0271275142114908,
            -1.3578534126281738
        ],
        [
            -5.2914793833608016e-08,
            0.7086362668316868,
            0.7055739800551377,
            21.496015548706055
        ],
        [
            0.0,
            0.0,
            0.0,
            1.0
        ]
    ]
}