{
    "matrix_probe_in_cam_coord": [
        [
            0.5643622988923171,
            0.19027480367586194,
            0.8032998784234262,
            -1.405357432066428
        ],
        [
            0.3013457895601054,
            -0.9534103888779529,
            0.014118976378880908,
            0.31502834217555975
        ],
        [
            0.7685609349318866,
            0.23410281814985243,
            -0.5954073898020762,
            -12.056382656721937
        ],
        [
            0.0,
            0.0,
            0.0,
            1.0
        ]
    ],
    "matrix_probe_in_world_coord": [
        [
            0.5212561016951556,
            -0.2768371551554568,
            0.8072504357205409,
            0.0
        ],
        [
            -0.22029855873969373,
            -0.9575119133075689,
            -0.18611684741390935,
            0.0
        ],
        [
            0.8244759677897125,
            -0.08082156518845843,
            -0.5600957535437172,
            17.035690307617188
        ],
        [
            0.0,
            0.0,
            0.0,
            1.0
        ]
    ],
    "intrinsic_matrix_camera": [
        [
            1.3888888888888888,
            0.0,
            -0.5
        ],
        [
            0.0,
            -1.3888888888888888,
            -0.5
        ],
        [
            0.0,
            0.0,
            -1.0
        ]
    ],
    "extrinsic_matrix_camera": [
        [
            0.889966333388505,
            0.43241530111475907,
            -0.14483415618165693,
            -0.6316782832145691
        ],
        [
            -0.45602623327503905,
            0.8438879831271269,
            -0.28265375726957814,
            -4.314510345458984
        ],
        [
            -5.61288487401275e-09,
            0.3176005026687807,
            0.948224615112125,
            28.367795944213867
        ],
        [
            0.0,
            0.0,
            0.0,
            1.0
        ]
    ]
}