{
    "matrix_probe_in_cam_coord": [
        [
            0.1424835232238331,
            -0.9877307846349238,
            0.0639245077744168,
            0.4545725829220333
        ],
        [
            0.2817916441383335,
            0.10239068620546397,
            0.9539966544344843,
            -0.638108121650248
        ],
        [
            -0.9488371382400341,
            -0.11791541232108847,
            0.29292326748418174,
            -11.20333344957885
        ],
        [
            0.0,
            0.0,
            0.0,
            1.0
        ]
    ],
    "matrix_probe_in_world_coord": [
        [
            0.9886238980772866,
            -0.13638041474992826,
            0.06342846855401557,
            0.0
        ],
        [
            0.13952557268739096,
            0.9890491873289525,
            -0.04810737583981983,
            0.0
        ],
        [
            -0.056172971407303825,
            0.05640999482871497,
            0.9968262184386495,
            13.836875915527344
        ],
        [
            0.0,
            0.0,
            0.0,
            1.0
        ]
    ],
    "intrinsic_matrix_camera": [
        [
            1.3888888888888888,
            0.0,
            -0.5
        ],
        [
            0.0,
            -1.3888888888888888,
            -0.5
        ],
        [
            0.0,
            0.0,
            -1.0
        ]
    ],
    "extrinsic_matrix_camera": [
        [
            0.2796243838423151,
            0.32513241621884975,
            -0.9033820431492414,
            -10.04053020477295
        ],
        [
            -0.9601094749875168,
            0.09469228990367994,
            -0.2631029575508264,
            -2.4507668018341064
        ],
        [
            1.4020841010036413e-08,
            0.9409156615534091,
            0.33864098665623704,
            18.231189727783203
        ],
        [
            0.0,
            0.0,
            0.0,
            1.0
        ]
    ]
}