{
    "matrix_probe_in_cam_coord": [
        [
            0.937907813058656,
            0.33613334402953965,
            0.08569311077939004,
            -1.5188104345990772
        ],
        [
            -0.340823008753187,
            0.8469768114411466,
            0.40800730089719467,
            -1.9037713949510977
        ],
        [
            0.06456478070863994,
            -0.41187941914170456,
            0.908948146584577,
            -15.659969739412833
        ],
        [
            0.0,
            0.0,
            0.0,
            1.0
        ]
    ],
    "matrix_probe_in_world_coord": [
        [
            -0.09096541752766799,
            -0.9936704237121821,
            -0.06591192497317713,
            0.0
        ],
        [
            0.9934194431605182,
            -0.09516929820148631,
            0.0637229521482067,
            0.0
        ],
        [
            -0.06959240450410593,
            -0.05968160285623426,
            0.9957886339559453,
            4.30145788192749
        ],
        [
            0.0,
            0.0,
            0.0,
            1.0
        ]
    ],
    "intrinsic_matrix_camera": [
        [
            1.3888888888888888,
            0.0,
            -0.5
        ],
        [
            0.0,
            -1.3888888888888888,
            -0.5
        ],
        [
            0.0,
            0.0,
            -1.0
        ]
    ],
    "extrinsic_matrix_camera": [
        [
            -0.4249711360913772,
            -0.8375052464100914,
            0.3434887126599301,
            3.1391537189483643
        ],
        [
            0.9052069009288449,
            -0.3931869625984789,
            0.16125904301272004,
            3.151611328125
        ],
        [
            -1.0936604004634339e-08,
            0.37945879180505776,
            0.9252086388063211,
            19.51259994506836
        ],
        [
            0.0,
            0.0,
            0.0,
            1.0
        ]
    ]
}