{
    "matrix_probe_in_cam_coord": [
        [
            0.6611914882882183,
            -0.42182585628242675,
            -0.6203940383230714,
            -0.13310607321306425
        ],
        [
            0.38430803989969287,
            -0.5197674711475199,
            0.762986963457023,
            -0.8017765556232277
        ],
        [
            -0.6443082696067676,
            -0.7429029027460516,
            -0.18155475980492317,
            -10.277964695209246
        ],
        [
            0.0,
            0.0,
            0.0,
            1.0
        ]
    ],
    "matrix_probe_in_world_coord": [
        [
            -0.8959993189385477,
            -0.31288638234656874,
            0.3150989244725147,
            0.0
        ],
        [
            0.09734673941464822,
            -0.8307345016008535,
            -0.5480910509899957,
            0.0
        ],
        [
            0.43325377411742794,
            -0.46041535551288704,
            0.7747960167818022,
            12.871838569641113
        ],
        [
            0.0,
            0.0,
            0.0,
            1.0
        ]
    ],
    "intrinsic_matrix_camera": [
        [
            1.3888888888888888,
            0.0,
            -0.5
        ],
        [
            0.0,
            -1.3888888888888888,
            -0.5
        ],
        [
            0.0,
            0.0,
            -1.0
        ]
    ],
    "extrinsic_matrix_camera": [
        [
            -0.6559290512665158,
            0.05870479326789673,
            0.7525362628817178,
            7.694301128387451
        ],
        [
            0.7548225484871314,
            0.0510135790143156,
            0.6539423025401723,
            6.8625688552856445
        ],
        [
            -2.0427901093016646e-08,
            0.996971093865576,
            -0.07777299014745352,
            12.871838569641113
        ],
        [
            0.0,
            0.0,
            0.0,
            1.0
        ]
    ]
}