{
    "matrix_probe_in_cam_coord": [
        [
            -0.3931868373777387,
            -0.9178369895965588,
            -0.0545836187992146,
            0.027001380561624447
        ],
        [
            0.269070090473692,
            -0.17162527241591338,
            0.9477056780882146,
            -1.4846755542611412
        ],
        [
            -0.8792072550459139,
            0.35793857908374405,
            0.31444327990615295,
            -12.663143045715168
        ],
        [
            0.0,
            0.0,
            0.0,
            1.0
        ]
    ],
    "matrix_probe_in_world_coord": [
        [
            -0.33669257208891135,
            0.9367370377001113,
            0.09571747019731089,
            0.0
        ],
        [
            -0.9400676728822819,
            -0.3402226947212916,
            0.022831741025898376,
            0.0
        ],
        [
            0.05395259309657017,
            -0.08229362185128758,
            0.9951466613021183,
            7.355007171630859
        ],
        [
            0.0,
            0.0,
            0.0,
            1.0
        ]
    ],
    "intrinsic_matrix_camera": [
        [
            1.3888888888888888,
            0.0,
            -0.5
        ],
        [
            0.0,
            -1.3888888888888888,
            -0.5
        ],
        [
            0.0,
            0.0,
            -1.0
        ]
    ],
    "extrinsic_matrix_camera": [
        [
            -0.7326134210437284,
            -0.1606496601129098,
            0.6614145916232959,
            8.156856536865234
        ],
        [
            0.6806449700883743,
            -0.17291551051932735,
            0.7119147778458011,
            8.73997688293457
        ],
        [
            -2.5314811013736434e-08,
            0.9717468358206508,
            0.23602560681534626,
            11.786561965942383
        ],
        [
            0.0,
            0.0,
            0.0,
            1.0
        ]
    ]
}