{
    "matrix_probe_in_cam_coord": [
        [
            0.17176350896615702,
            0.668760765017863,
            0.7233645942125972,
            0.5203181438598531
        ],
        [
            -0.46920391784573773,
            0.7011797129199222,
            -0.536837679068586,
            0.4000159486293704
        ],
        [
            -0.8662245554507466,
            -0.24719637813337486,
            0.4342222589549025,
            -11.092877230422213
        ],
        [
            0.0,
            0.0,
            0.0,
            1.0
        ]
    ],
    "matrix_probe_in_world_coord": [
        [
            -0.1460597638142799,
            -0.1573226279558922,
            -0.9766863038496898,
            0.0
        ],
        [
            -0.0904838586656021,
            -0.9810112108169879,
            0.1715507958954738,
            0.0
        ],
        [
            -0.9851290355661537,
            0.11343101420880929,
            0.12905110731822803,
            17.549121856689453
        ],
        [
            0.0,
            0.0,
            0.0,
            1.0
        ]
    ],
    "intrinsic_matrix_camera": [
        [
            1.3888888888888888,
            0.0,
            -0.5
        ],
        [
            0.0,
            -1.3888888888888888,
            -0.5
        ],
        [
            0.0,
            0.0,
            -1.0
        ]
    ],
    "extrinsic_matrix_camera": [
        [
            -0.8367992304351441,
            0.48254238685210615,
            -0.25868879533953987,
            -2.627225875854492
        ],
        [
            -0.5475098610464929,
            -0.7375047092950748,
            0.39537293258951933,
            4.965716361999512
        ],
        [
            -6.216316916135578e-09,
            0.47248243211643215,
            0.8813400883548532,
            27.13671875
        ],
        [
            0.0,
            0.0,
            0.0,
            1.0
        ]
    ]
}