{
    "matrix_probe_in_cam_coord": [
        [
            0.45600681652777475,
            0.7657976990684962,
            0.45344422742119145,
            -0.18070838192525027
        ],
        [
            -0.4151584272520381,
            -0.2676310634357397,
            0.8694924347950759,
            0.085788247334051
        ],
        [
            0.7872110667170642,
            -0.5847456694885835,
            0.1958857790972318,
            -9.981945760163043
        ],
        [
            0.0,
            0.0,
            0.0,
            1.0
        ]
    ],
    "matrix_probe_in_world_coord": [
        [
            0.31973338569612403,
            0.8088535640533797,
            0.49348401594118413,
            0.0
        ],
        [
            -0.9445139366962474,
            0.23071427516375723,
            0.23380407742855838,
            0.0
        ],
        [
            0.07525945427553148,
            -0.5408574998590732,
            0.8377405203213831,
            15.714362144470215
        ],
        [
            0.0,
            0.0,
            0.0,
            1.0
        ]
    ],
    "intrinsic_matrix_camera": [
        [
            1.3888888888888888,
            0.0,
            -0.5
        ],
        [
            0.0,
            -1.3888888888888888,
            -0.5
        ],
        [
            0.0,
            0.0,
            -1.0
        ]
    ],
    "extrinsic_matrix_camera": [
        [
            0.9889862799375247,
            0.07986626949618586,
            -0.12460945827704653,
            -1.0719783306121826
        ],
        [
            -0.14800722311879372,
            0.5336674902129367,
            -0.8326421030637887,
            -8.383916854858398
        ],
        [
            -1.7416584368288328e-09,
            0.8419147159223361,
            0.5396106106382753,
            21.028499603271484
        ],
        [
            0.0,
            0.0,
            0.0,
            1.0
        ]
    ]
}