{
    "matrix_probe_in_cam_coord": [
        [
            -0.4589228488431311,
            0.673732605125237,
            -0.579201342885931,
            0.13177473306340812
        ],
        [
            -0.8209933810773797,
            -0.07236011768600555,
            0.5663337192818377,
            -1.7608858917361205
        ],
        [
            0.33964641472689877,
            0.7354239526692262,
            0.5863377207749256,
            -11.339269671259483
        ],
        [
            0.0,
            0.0,
            0.0,
            1.0
        ]
    ],
    "matrix_probe_in_world_coord": [
        [
            0.9519709888790994,
            -0.23454127069491532,
            0.1968289325108587,
            0.0
        ],
        [
            0.3061538481341055,
            0.7194970230528354,
            -0.6233729662816527,
            0.0
        ],
        [
            0.004588856636327141,
            0.6536929142639699,
            0.7567460051006871,
            15.325820922851562
        ],
        [
            0.0,
            0.0,
            0.0,
            1.0
        ]
    ],
    "intrinsic_matrix_camera": [
        [
            1.3888888888888888,
            0.0,
            -0.5
        ],
        [
            0.0,
            -1.3888888888888888,
            -0.5
        ],
        [
            0.0,
            0.0,
            -1.0
        ]
    ],
    "extrinsic_matrix_camera": [
        [
            -0.7089029215761715,
            -0.6531195854865709,
            0.26625449260926765,
            1.9624779224395752
        ],
        [
            0.7053060667403681,
            -0.6564503026663441,
            0.2676123172585614,
            1.7856526374816895
        ],
        [
            -3.459384696832935e-09,
            0.37750206248855833,
            0.9260087433803662,
            26.490821838378906
        ],
        [
            0.0,
            0.0,
            0.0,
            1.0
        ]
    ]
}