{
    "matrix_probe_in_cam_coord": [
        [
            -0.431015736606835,
            0.2096076868575883,
            -0.8776616958757394,
            0.6751008788993563
        ],
        [
            0.8223976543469108,
            0.49151354946050796,
            -0.28649001522118,
            0.3207614220840993
        ],
        [
            0.3713321059671067,
            -0.8452686249394001,
            -0.38423094457772333,
            -11.947260166609196
        ],
        [
            0.0,
            0.0,
            0.0,
            1.0
        ]
    ],
    "matrix_probe_in_world_coord": [
        [
            -0.3934230710451384,
            0.2558238672364464,
            -0.8830472445580706,
            0.0
        ],
        [
            0.6405080571183303,
            0.7653091243555334,
            -0.06365039626481861,
            0.0
        ],
        [
            0.6595208229737055,
            -0.5906404093273298,
            -0.4649475141709337,
            16.692991256713867
        ],
        [
            0.0,
            0.0,
            0.0,
            1.0
        ]
    ],
    "intrinsic_matrix_camera": [
        [
            1.3888888888888888,
            0.0,
            -0.5
        ],
        [
            0.0,
            -1.3888888888888888,
            -0.5
        ],
        [
            0.0,
            0.0,
            -1.0
        ]
    ],
    "extrinsic_matrix_camera": [
        [
            0.9982109260162725,
            0.0551749047630823,
            -0.02303642910956531,
            -0.9668132662773132
        ],
        [
            -0.0597908620253566,
            0.9211473309056554,
            -0.38459413357935096,
            -4.849949836730957
        ],
        [
            4.951925854396632e-10,
            0.38528343417511696,
            0.9227982852987039,
            27.594318389892578
        ],
        [
            0.0,
            0.0,
            0.0,
            1.0
        ]
    ]
}