{
    "matrix_probe_in_cam_coord": [
        [
            0.47616684666713144,
            0.3643631755445861,
            -0.8003153193848943,
            0.9435003778617082
        ],
        [
            0.2423684027723959,
            0.8204840881634504,
            0.5177484122700413,
            -1.2590357917741786
        ],
        [
            0.8452944406966356,
            -0.44050577451113637,
            0.30237720011552754,
            -11.783392415095873
        ],
        [
            0.0,
            0.0,
            0.0,
            1.0
        ]
    ],
    "matrix_probe_in_world_coord": [
        [
            -0.22547732919762778,
            -0.7949038493337415,
            0.5632830943072099,
            0.0
        ],
        [
            0.5374319484421515,
            -0.5837288775350936,
            -0.608627553044793,
            0.0
        ],
        [
            0.8126049931003237,
            0.16549461576142052,
            0.5588243528537412,
            11.309396743774414
        ],
        [
            0.0,
            0.0,
            0.0,
            1.0
        ]
    ],
    "intrinsic_matrix_camera": [
        [
            1.3888888888888888,
            0.0,
            -0.5
        ],
        [
            0.0,
            -1.3888888888888888,
            -0.5
        ],
        [
            0.0,
            0.0,
            -1.0
        ]
    ],
    "extrinsic_matrix_camera": [
        [
            -0.8478026091594049,
            -0.4152156124011127,
            0.3298889678677882,
            4.164341926574707
        ],
        [
            0.5303119232135984,
            -0.6637996821290169,
            0.5273890841711751,
            4.878335475921631
        ],
        [
            1.0450710846080985e-08,
            0.622065894599427,
            0.7829648924289101,
            21.31858253479004
        ],
        [
            0.0,
            0.0,
            0.0,
            1.0
        ]
    ]
}