{
    "matrix_probe_in_cam_coord": [
        [
            0.4637269313836599,
            -0.6663835328262716,
            0.5838581336998498,
            0.7127406922846209
        ],
        [
            -0.279788305195174,
            0.5151291465954779,
            0.8101607659000942,
            -0.7204294225661076
        ],
        [
            -0.8406401354833747,
            -0.5390500436005842,
            0.05243293915756935,
            -10.231924795253128
        ],
        [
            0.0,
            0.0,
            0.0,
            1.0
        ]
    ],
    "matrix_probe_in_world_coord": [
        [
            -0.691055756678914,
            0.08796122912369456,
            -0.717429274097442,
            0.0
        ],
        [
            -0.14551368452753413,
            -0.9891759749882381,
            0.018885394390635496,
            0.0
        ],
        [
            -0.708002619187355,
            0.11744663757263332,
            0.6963753144294589,
            11.458596229553223
        ],
        [
            0.0,
            0.0,
            0.0,
            1.0
        ]
    ],
    "intrinsic_matrix_camera": [
        [
            1.3888888888888888,
            0.0,
            -0.5
        ],
        [
            0.0,
            -1.3888888888888888,
            -0.5
        ],
        [
            0.0,
            0.0,
            -1.0
        ]
    ],
    "extrinsic_matrix_camera": [
        [
            -0.7979539971110851,
            -0.34257233833339207,
            0.49589677504822954,
            5.395913600921631
        ],
        [
            0.6027183575223526,
            -0.4535401430679342,
            0.6565302126570226,
            5.961242198944092
        ],
        [
            4.165865851380221e-09,
            0.8227669971715622,
            0.5683788071042852,
            17.86695098876953
        ],
        [
            0.0,
            0.0,
            0.0,
            1.0
        ]
    ]
}