{
    "matrix_probe_in_cam_coord": [
        [
            -0.9271226260759247,
            -0.17263765495634908,
            0.33262573007699353,
            -1.0234469143428577
        ],
        [
            0.26388926914753463,
            0.32947468604450714,
            0.9065367531902131,
            -0.3426684521701233
        ],
        [
            -0.2660941371899436,
            0.928247096061736,
            -0.25990621155734916,
            -12.894283428740755
        ],
        [
            0.0,
            0.0,
            0.0,
            1.0
        ]
    ],
    "matrix_probe_in_world_coord": [
        [
            0.27048658988988755,
            0.15578247312218774,
            -0.9500362233923896,
            0.0
        ],
        [
            -0.9525744633205531,
            -0.09960610573109321,
            -0.28754219782606916,
            0.0
        ],
        [
            -0.13942344321992528,
            0.9827565541725076,
            0.12145228985770147,
            15.833725929260254
        ],
        [
            0.0,
            0.0,
            0.0,
            1.0
        ]
    ],
    "intrinsic_matrix_camera": [
        [
            1.3888888888888888,
            0.0,
            -0.5
        ],
        [
            0.0,
            -1.3888888888888888,
            -0.5
        ],
        [
            0.0,
            0.0,
            -1.0
        ]
    ],
    "extrinsic_matrix_camera": [
        [
            -0.5936746507856329,
            -0.7385378634238079,
            0.3195500481989539,
            3.2597007751464844
        ],
        [
            0.8047051689995268,
            -0.5448594397705565,
            0.23574940483139809,
            3.6766865253448486
        ],
        [
            -1.5072787654296266e-09,
            0.39710202112594717,
            0.9177744738320454,
            27.803844451904297
        ],
        [
            0.0,
            0.0,
            0.0,
            1.0
        ]
    ]
}