{
    "matrix_probe_in_cam_coord": [
        [
            -0.04613732677957347,
            0.41131446766237423,
            0.9103250824673855,
            0.32147197475721817
        ],
        [
            -0.9070520209368846,
            -0.39901797646302156,
            0.1343178535179477,
            1.6937683045913055
        ],
        [
            0.4184829487469569,
            -0.81951513906149,
            0.3914932419047339,
            -12.314676050610618
        ],
        [
            0.0,
            0.0,
            0.0,
            1.0
        ]
    ],
    "matrix_probe_in_world_coord": [
        [
            -0.9692902877710241,
            0.06535091050602392,
            0.237077195294694,
            0.0
        ],
        [
            -0.24269410313643625,
            -0.40982382452960586,
            -0.8792860769685411,
            0.0
        ],
        [
            0.03969773715925979,
            -0.9098206918640399,
            0.41309853342813235,
            17.343608856201172
        ],
        [
            0.0,
            0.0,
            0.0,
            1.0
        ]
    ],
    "intrinsic_matrix_camera": [
        [
            1.3888888888888888,
            0.0,
            -0.5
        ],
        [
            0.0,
            -1.3888888888888888,
            -0.5
        ],
        [
            0.0,
            0.0,
            -1.0
        ]
    ],
    "extrinsic_matrix_camera": [
        [
            0.2874175550749741,
            0.884964226317111,
            -0.36637339856174234,
            -6.103090763092041
        ],
        [
            -0.9578053816066833,
            0.26555943140287763,
            -0.10994107220805203,
            -1.4957772493362427
        ],
        [
            -4.503876241303938e-09,
            0.3825134069963266,
            0.9239499409968391,
            28.073863983154297
        ],
        [
            0.0,
            0.0,
            0.0,
            1.0
        ]
    ]
}