{
    "matrix_probe_in_cam_coord": [
        [
            0.6993236598663234,
            0.7091421973235775,
            -0.08979845614630066,
            0.0633712046489786
        ],
        [
            -0.48629384462813563,
            0.5640663031680118,
            0.6673436163680289,
            0.21785412597404274
        ],
        [
            0.5238938016697253,
            -0.4230207437058621,
            0.7393163970632478,
            -12.028406591716863
        ],
        [
            0.0,
            0.0,
            0.0,
            1.0
        ]
    ],
    "matrix_probe_in_world_coord": [
        [
            -0.9655854811524024,
            -0.2250203214666229,
            0.1304244360338242,
            0.0
        ],
        [
            0.2218253256531062,
            -0.9743173854801138,
            -0.03871895207890501,
            0.0
        ],
        [
            0.13578734656283992,
            -0.008455014976500535,
            0.9907019275418668,
            14.43786907196045
        ],
        [
            0.0,
            0.0,
            0.0,
            1.0
        ]
    ],
    "intrinsic_matrix_camera": [
        [
            1.3888888888888888,
            0.0,
            -0.5
        ],
        [
            0.0,
            -1.3888888888888888,
            -0.5
        ],
        [
            0.0,
            0.0,
            -1.0
        ]
    ],
    "extrinsic_matrix_camera": [
        [
            -0.846540090800171,
            0.4296698098849274,
            -0.3142510606847471,
            -3.8198986053466797
        ],
        [
            -0.5323249709228736,
            -0.6832907416901447,
            0.4997438220253389,
            6.193713665008545
        ],
        [
            -7.33140120294727e-09,
            0.5903368672156452,
            0.8071569755667221,
            24.01807403564453
        ],
        [
            0.0,
            0.0,
            0.0,
            1.0
        ]
    ]
}