{
    "matrix_probe_in_cam_coord": [
        [
            0.9461538062018819,
            0.3054398254452996,
            0.10723566590288826,
            0.5917384547227998
        ],
        [
            -0.3233586871824737,
            0.876152014819048,
            0.35748679185691556,
            -0.9832205170788297
        ],
        [
            0.015235958562498625,
            -0.37291307292781695,
            0.927741184601726,
            -12.938027376549215
        ],
        [
            0.0,
            0.0,
            0.0,
            1.0
        ]
    ],
    "matrix_probe_in_world_coord": [
        [
            0.9255397901945625,
            0.36427168989739617,
            0.1033548871892371,
            0.0
        ],
        [
            -0.3591177684941911,
            0.9309985300171109,
            -0.0653923960237792,
            0.0
        ],
        [
            -0.12004384664928593,
            0.023406688045800667,
            0.9924926205450441,
            17.89879608154297
        ],
        [
            0.0,
            0.0,
            0.0,
            1.0
        ]
    ],
    "intrinsic_matrix_camera": [
        [
            1.3888888888888888,
            0.0,
            -0.5
        ],
        [
            0.0,
            -1.3888888888888888,
            -0.5
        ],
        [
            0.0,
            0.0,
            -1.0
        ]
    ],
    "extrinsic_matrix_camera": [
        [
            0.9980494068128578,
            0.05682405059670111,
            -0.02585360389357824,
            -0.8692082762718201
        ],
        [
            -0.06242901216984369,
            0.9084431701658673,
            -0.4133202451108421,
            -4.417407035827637
        ],
        [
            -6.395245720336258e-10,
            0.41412804040872747,
            0.9102186364534772,
            30.082408905029297
        ],
        [
            0.0,
            0.0,
            0.0,
            1.0
        ]
    ]
}