{
    "matrix_probe_in_cam_coord": [
        [
            0.7881734202611761,
            -0.12438522283973973,
            0.6027528315428377,
            -0.45579365806977384
        ],
        [
            0.5933627955104133,
            0.41360976380410985,
            -0.6905414949081458,
            -1.0621771532284079
        ],
        [
            -0.1634112985624547,
            0.9019175570000937,
            0.399801785735276,
            -12.015366279358435
        ],
        [
            0.0,
            0.0,
            0.0,
            1.0
        ]
    ],
    "matrix_probe_in_world_coord": [
        [
            0.032258738866627654,
            0.4505364725440608,
            0.8921750168404682,
            0.0
        ],
        [
            0.8955208580803445,
            -0.40943215164627766,
            0.17437805464376233,
            0.0
        ],
        [
            0.44384881041834306,
            0.7933361205099981,
            -0.41667257335270774,
            13.987699508666992
        ],
        [
            0.0,
            0.0,
            0.0,
            1.0
        ]
    ],
    "intrinsic_matrix_camera": [
        [
            1.3888888888888888,
            0.0,
            -0.5
        ],
        [
            0.0,
            -1.3888888888888888,
            -0.5
        ],
        [
            0.0,
            0.0,
            -1.0
        ]
    ],
    "extrinsic_matrix_camera": [
        [
            0.5071464186433695,
            -0.41059645038108816,
            0.7577684771694151,
            8.899893760681152
        ],
        [
            0.8618599132441437,
            0.24160834171933376,
            -0.44589561463915556,
            -4.7081379890441895
        ],
        [
            -2.856475632729295e-08,
            0.8792246380454108,
            0.47640742632112165,
            20.645801544189453
        ],
        [
            0.0,
            0.0,
            0.0,
            1.0
        ]
    ]
}