{
    "matrix_probe_in_cam_coord": [
        [
            0.639677284318608,
            -0.7625132804955329,
            0.09688379118671549,
            -1.1026241022128247
        ],
        [
            0.6657779972725462,
            0.6126423608590286,
            0.4259213495809204,
            0.10697848549829736
        ],
        [
            -0.38412580006363506,
            -0.20794911576877684,
            0.8995579664348795,
            -12.393606992075625
        ],
        [
            0.0,
            0.0,
            0.0,
            1.0
        ]
    ],
    "matrix_probe_in_world_coord": [
        [
            -0.31849937645010934,
            0.9114971980987973,
            -0.26025181086581006,
            0.0
        ],
        [
            -0.9031193997578812,
            -0.20837603221810413,
            0.37543944781815863,
            0.0
        ],
        [
            0.2879817650162172,
            0.35461568923988884,
            0.8895584387565904,
            13.474373817443848
        ],
        [
            0.0,
            0.0,
            0.0,
            1.0
        ]
    ],
    "intrinsic_matrix_camera": [
        [
            1.3888888888888888,
            0.0,
            -0.5
        ],
        [
            0.0,
            -1.3888888888888888,
            -0.5
        ],
        [
            0.0,
            0.0,
            -1.0
        ]
    ],
    "extrinsic_matrix_camera": [
        [
            -0.9239797169694646,
            0.23552511585928412,
            -0.3013127983151384,
            -4.778350830078125
        ],
        [
            -0.3824414760836333,
            -0.5690293332926971,
            0.7279726198308838,
            8.661391258239746
        ],
        [
            1.489023540020374e-08,
            0.7878664465833913,
            0.6158461352871026,
            21.02264404296875
        ],
        [
            0.0,
            0.0,
            0.0,
            1.0
        ]
    ]
}