{
    "matrix_probe_in_cam_coord": [
        [
            0.2608996258415942,
            0.9639286112388226,
            -0.05265944996780061,
            0.9451050577712401
        ],
        [
            -0.5199076078409799,
            0.18626295769428183,
            0.8336679134403867,
            0.7406381391747665
        ],
        [
            0.8134048589385156,
            -0.1901255980297584,
            0.5497497543692408,
            -13.063817449058362
        ],
        [
            0.0,
            0.0,
            0.0,
            1.0
        ]
    ],
    "matrix_probe_in_world_coord": [
        [
            0.9915251980461115,
            0.1287373390158502,
            -0.017449331870805402,
            0.0
        ],
        [
            -0.12945872461589364,
            0.9903347879330098,
            -0.04977395333411474,
            0.0
        ],
        [
            0.010872914073313741,
            0.05161109718653996,
            0.9986080684566673,
            13.429916381835938
        ],
        [
            0.0,
            0.0,
            0.0,
            1.0
        ]
    ],
    "intrinsic_matrix_camera": [
        [
            1.3888888888888888,
            0.0,
            -0.5
        ],
        [
            0.0,
            -1.3888888888888888,
            -0.5
        ],
        [
            0.0,
            0.0,
            -1.0
        ]
    ],
    "extrinsic_matrix_camera": [
        [
            0.38370102981349513,
            -0.5060694443910869,
            0.7724423843716499,
            10.103222846984863
        ],
        [
            0.9234573729848407,
            0.21027431471740463,
            -0.32095356805940417,
            -5.221380233764648
        ],
        [
            8.307328166228141e-10,
            0.8364678296406995,
            0.5480160307656862,
            19.96957778930664
        ],
        [
            0.0,
            0.0,
            0.0,
            1.0
        ]
    ]
}