{
    "matrix_probe_in_cam_coord": [
        [
            0.6779393220979408,
            0.6743024090168609,
            -0.29277045060497914,
            -0.7568665809099342
        ],
        [
            -0.5520572473119976,
            0.7299828720009732,
            0.40293647424316265,
            0.6111391337171863
        ],
        [
            0.4854184496325667,
            -0.1115404311416661,
            0.8671376251651446,
            -13.694127187102024
        ],
        [
            0.0,
            0.0,
            0.0,
            1.0
        ]
    ],
    "matrix_probe_in_world_coord": [
        [
            0.9668401282616749,
            -0.2550492620739703,
            0.0130399500946642,
            0.0
        ],
        [
            0.24409704722725944,
            0.907899000242761,
            -0.3407873778371608,
            0.0
        ],
        [
            0.07507861158733004,
            0.33266992541213875,
            0.9400499576131051,
            10.18993091583252
        ],
        [
            0.0,
            0.0,
            0.0,
            1.0
        ]
    ],
    "intrinsic_matrix_camera": [
        [
            1.3888888888888888,
            0.0,
            -0.5
        ],
        [
            0.0,
            -1.3888888888888888,
            -0.5
        ],
        [
            0.0,
            0.0,
            -1.0
        ]
    ],
    "extrinsic_matrix_camera": [
        [
            0.4796608972312738,
            -0.7146784211139535,
            0.5090777721147876,
            7.771183013916016
        ],
        [
            0.8774539439009255,
            0.3906795112224775,
            -0.27828779319919394,
            -3.385552406311035
        ],
        [
            2.5474853330751038e-08,
            0.5801760714688535,
            0.8144910841101741,
            20.989107131958008
        ],
        [
            0.0,
            0.0,
            0.0,
            1.0
        ]
    ]
}