{
    "matrix_probe_in_cam_coord": [
        [
            -0.630729834401984,
            -0.7723505259956694,
            0.0751966820375631,
            1.7545772926080976
        ],
        [
            0.6477129689337463,
            -0.4706115123159615,
            0.599160007302486,
            -0.8101619478459474
        ],
        [
            -0.4273731225408042,
            0.42661395836270555,
            0.7970901734809094,
            -10.94534806659675
        ],
        [
            0.0,
            0.0,
            0.0,
            1.0
        ]
    ],
    "matrix_probe_in_world_coord": [
        [
            0.9112859015891004,
            -0.26881409346905727,
            0.31192465230781136,
            0.0
        ],
        [
            0.33811859461446425,
            0.9208404737047836,
            -0.19423861089672417,
            0.0
        ],
        [
            -0.2350187684864331,
            0.28247443271835837,
            0.930039984796117,
            13.752480506896973
        ],
        [
            0.0,
            0.0,
            0.0,
            1.0
        ]
    ],
    "intrinsic_matrix_camera": [
        [
            1.3888888888888888,
            0.0,
            -0.5
        ],
        [
            0.0,
            -1.3888888888888888,
            -0.5
        ],
        [
            0.0,
            0.0,
            -1.0
        ]
    ],
    "extrinsic_matrix_camera": [
        [
            -0.3437008004170129,
            0.9036514808796333,
            -0.255506870547057,
            -1.4614579677581787
        ],
        [
            -0.9390792084764228,
            -0.33073433668582025,
            0.09351491188193396,
            2.403291940689087
        ],
        [
            -6.7426125977674744e-09,
            0.27208233981836527,
            0.9622739736472994,
            24.505334854125977
        ],
        [
            0.0,
            0.0,
            0.0,
            1.0
        ]
    ]
}